0,77,510,-735,307,-33,-357,-467,261,-383,96,651,-232,399,25,-279,0,0
0,78,505,-744,308,-33,-356,-466,264,-354,96,651,-232,399,32,-281,0,0
0,79,502,-745,308,-32,-358,-465,281,-356,96,651,-232,404,27,-286,0,0
0,80,506,-740,310,-33,-357,-464,273,-380,96,651,-232,403,11,-285,0,0
0,81,510,-740,311,-34,-357,-463,260,-379,96,651,-232,396,22,-283,0,0
0,82,505,-742,304,-32,-360,-465,276,-349,96,651,-232,394,28,-282,0,0
0,83,499,-739,302,-30,-360,-467,279,-342,96,651,-232,398,16,-284,0,0
0,84,503,-737,305,-31,-354,-463,253,-385,96,651,-232,398,20,-286,0,0
0,85,509,-739,300,-34,-355,-462,241,-415,96,651,-232,399,26,-283,0,0
0,86,508,-745,301,-34,-358,-468,245,-395,96,651,-232,401,18,-278,0,0
0,87,506,-748,310,-32,-356,-471,244,-368,96,651,-232,404,23,-279,0,0
0,88,499,-750,296,-36,-360,-474,241,-363,96,651,-232,394,32,-290,0,0
0,89,510,-734,308,-34,-356,-465,250,-356,96,651,-232,400,26,-278,0,0
0,90,511,-725,331,-30,-346,-455,259,-350,96,651,-232,414,30,-269,0,0
0,91,483,-755,291,-39,-365,-474,256,-364,96,651,-232,382,30,-306,0,0
0,92,502,-740,304,-27,-358,-462,268,-367,96,651,-232,395,28,-282,0,0
0,93,517,-721,332,-22,-350,-446,279,-365,96,651,-232,426,29,-258,-1,0
0,94,489,-757,289,-49,-372,-470,260,-390,96,651,-232,391,22,-307,-1,0
0,95,503,-749,297,-45,-359,-471,257,-405,96,650,-232,391,24,-297,-1,0
0,96,521,-724,328,-22,-339,-458,281,-379,96,649,-232,417,30,-260,-1,0
0,97,497,-751,296,-35,-360,-474,277,-367,96,650,-232,389,27,-289,-1,0
0,98,498,-755,289,-44,-363,-472,257,-384,96,654,-232,380,28,-299,-1,0
0,99,514,-729,320,-26,-348,-448,275,-375,96,656,-232,414,31,-271,-1,0
0,100,498,-747,304,-29,-360,-460,288,-363,96,653,-232,400,28,-289,-1,0
0,101,502,-748,302,-36,-360,-470,275,-385,96,651,-232,389,27,-293,-1,0
0,102,510,-725,320,-31,-353,-466,280,-397,96,652,-232,409,28,-273,-1,0
0,103,499,-739,303,-34,-367,-471,294,-382,96,652,-232,401,27,-288,-1,0
0,104,506,-745,306,-34,-360,-465,293,-376,96,649,-232,399,30,-286,-1,0
0,105,507,-738,310,-33,-354,-460,301,-368,96,648,-232,404,28,-278,-1,0
0,106,500,-744,298,-35,-365,-471,305,-355,96,652,-232,395,23,-287,-1,0
0,107,509,-733,310,-33,-359,-469,281,-369,96,653,-232,402,27,-282,-1,0
0,108,506,-726,319,-31,-351,-460,279,-379,96,653,-232,413,33,-279,-1,0
0,109,494,-751,298,-34,-366,-466,287,-387,96,653,-232,400,34,-295,-1,0
0,110,510,-742,311,-31,-362,-458,271,-401,96,653,-232,404,39,-283,-1,0
0,111,510,-731,315,-29,-356,-458,273,-397,96,653,-232,400,27,-276,-1,0
0,112,497,-747,293,-32,-366,-471,292,-379,96,653,-232,387,7,-297,-1,0
0,113,509,-740,311,-30,-356,-461,297,-375,96,653,-232,410,17,-283,-1,0
0,114,502,-737,313,-32,-349,-461,304,-375,96,653,-232,404,35,-275,-1,0
0,115,494,-744,302,-35,-358,-469,307,-377,96,653,-232,385,29,-290,-1,0
0,116,510,-731,315,-31,-355,-463,297,-384,96,653,-232,408,26,-285,0,0
0,117,508,-735,313,-30,-357,-462,309,-377,96,653,-232,410,34,-279,-1,0
0,118,498,-753,298,-33,-364,-471,329,-366,96,653,-232,387,32,-287,0,0
0,119,507,-744,307,-31,-358,-465,308,-381,96,653,-232,395,28,-284,0,0
0,120,505,-743,308,-32,-357,-461,272,-409,96,653,-232,401,30,-279,0,0
0,121,496,-754,297,-34,-362,-471,282,-406,96,653,-232,385,30,-290,0,0
0,122,506,-744,311,-33,-353,-463,319,-358,96,653,-232,398,31,-280,0,0
0,123,508,-746,310,-37,-352,-462,313,-344,96,653,-232,409,30,-276,0,0
0,124,504,-751,307,-36,-360,-468,294,-375,96,653,-232,400,31,-287,0,0
0,125,506,-741,317,-32,-364,-464,314,-381,96,653,-232,404,32,-282,0,0
0,126,503,-742,311,-33,-370,-465,326,-377,96,653,-232,409,28,-279,0,0
0,127,503,-748,307,-34,-364,-475,323,-383,96,653,-232,398,32,-289,0,-1
0,128,505,-740,314,-31,-350,-471,345,-358,96,653,-232,391,33,-285,0,-1
0,0,502,-741,307,-33,-354,-459,349,-344,96,653,-232,395,13,-278,0,-1
0,1,502,-743,301,-35,-363,-460,319,-375,96,653,-232,398,8,-286,0,-1
0,2,509,-734,311,-31,-356,-465,314,-392,96,653,-232,401,27,-283,0,-1
0,3,505,-740,306,-31,-355,-463,323,-386,96,653,-232,400,33,-282,-1,-1
0,4,500,-744,301,-33,-362,-462,320,-389,96,653,-232,400,25,-287,-1,-1
0,5,503,-734,309,-30,-359,-462,331,-369,96,653,-232,401,28,-282,-1,-1
0,6,504,-743,311,-30,-350,-466,338,-349,96,653,-232,403,32,-282,-1,-1
0,7,505,-755,308,-33,-353,-464,321,-363,96,653,-232,412,27,-282,-1,-1
0,8,507,-742,313,-32,-357,-457,318,-370,96,653,-232,411,29,-279,-1,0
0,9,505,-738,307,-30,-356,-465,328,-369,96,653,-232,392,31,-288,-1,0
0,10,503,-744,298,-32,-356,-474,337,-371,96,653,-232,389,27,-292,-1,0
0,11,505,-743,306,-31,-354,-462,350,-369,96,653,-232,405,27,-279,-1,0
0,12,503,-746,307,-32,-355,-460,355,-373,96,653,-232,403,25,-283,-1,0
0,13,502,-745,304,-35,-359,-467,334,-391,96,653,-232,394,15,-290,-1,0
0,14,503,-744,308,-33,-359,-465,316,-394,96,653,-232,401,17,-282,-1,0
0,15,502,-750,307,-32,-356,-462,317,-381,96,653,-232,407,33,-283,-1,0
0,16,503,-749,307,-32,-359,-468,325,-380,96,653,-232,402,32,-280,-1,0
0,17,504,-747,310,-31,-357,-470,323,-389,96,653,-232,396,26,-277,-1,0
0,18,505,-747,311,-31,-355,-459,322,-392,96,653,-232,400,30,-283,-1,0
0,19,502,-747,308,-32,-364,-452,330,-395,96,653,-232,406,31,-285,-1,0
0,20,503,-745,309,-32,-364,-462,327,-413,96,653,-232,398,28,-281,-1,0
0,21,506,-739,311,-34,-350,-469,320,-417,96,653,-232,393,29,-282,-1,0
0,22,504,-740,313,-33,-353,-463,330,-392,96,652,-232,400,29,-285,0,0
0,23,503,-751,315,-31,-357,-464,337,-382,96,650,-232,401,29,-285,0,-1
0,24,505,-744,314,-31,-348,-468,343,-383,96,649,-232,400,29,-281,0,0
0,25,506,-733,311,-32,-354,-464,355,-370,96,650,-232,403,29,-281,0,-1
0,26,505,-743,310,-32,-362,-464,348,-368,96,649,-232,401,29,-283,0,0
0,27,503,-749,312,-32,-357,-467,323,-396,96,649,-232,396,29,-281,0,-1
0,28,501,-741,312,-32,-358,-463,316,-421,96,649,-232,394,28,-278,0,-1
0,29,504,-742,310,-31,-360,-463,325,-419,96,650,-232,398,30,-279,0,-1
0,30,508,-747,308,-30,-356,-473,340,-399,96,650,-232,404,28,-282,0,-1
0,31,502,-744,308,-31,-358,-469,353,-382,96,650,-232,406,24,-283,0,-1
0,32,501,-742,311,-34,-356,-459,355,-380,96,649,-232,408,26,-282,0,-1
0,33,503,-741,310,-33,-352,-464,357,-376,96,649,-232,408,29,-282,0,-1
0,34,503,-744,303,-32,-353,-471,348,-385,96,650,-232,402,28,-285,0,-1
0,35,504,-748,305,-35,-354,-466,336,-401,96,649,-232,400,30,-285,0,-1
0,36,506,-747,310,-34,-356,-464,333,-398,96,649,-232,404,31,-284,0,-1
0,37,504,-745,308,-31,-360,-466,325,-387,96,651,-232,401,29,-284,0,-1
0,38,503,-742,308,-31,-356,-462,322,-375,96,653,-232,399,28,-281,0,-1
0,39,504,-743,311,-33,-355,-460,343,-353,96,654,-232,407,29,-280,0,-1
0,40,504,-753,307,-35,-362,-465,356,-347,96,653,-232,404,29,-284,0,-1
0,41,506,-750,314,-34,-356,-464,344,-368,96,650,-232,404,29,-278,0,-1
0,42,504,-739,316,-31,-351,-465,360,-356,96,649,-232,409,29,-277,0,-1
0,43,500,-742,300,-32,-359,-470,378,-338,96,651,-232,399,29,-289,0,-1
0,44,503,-744,302,-33,-358,-468,363,-369,96,652,-232,398,29,-284,0,-1
0,45,503,-744,310,-34,-354,-463,369,-384,96,651,-232,403,28,-278,-1,-1
0,46,502,-748,308,-33,-356,-456,391,-371,96,651,-232,395,29,-283,-1,-1
0,47,504,-739,308,-32,-357,-455,375,-376,96,651,-232,395,29,-283,-1,-1
0,48,503,-731,311,-33,-358,-462,347,-380,96,651,-232,402,27,-280,-1,-1
0,49,503,-743,310,-34,-357,-469,353,-372,96,651,-232,401,28,-281,-1,-1
0,50,507,-749,311,-32,-354,-468,352,-384,96,651,-232,398,29,-279,-1,-1
0,51,504,-741,314,-31,-355,-465,350,-376,96,651,-232,399,30,-280,-1,-1
0,52,500,-744,311,-33,-358,-467,375,-348,96,651,-232,398,34,-286,-1,-1
0,53,505,-750,311,-34,-353,-469,384,-359,96,651,-232,403,22,-285,-1,-2
0,54,505,-744,312,-32,-352,-467,364,-387,96,651,-232,399,9,-285,-1,-1
0,55,501,-737,314,-33,-357,-468,367,-401,96,651,-232,394,21,-284,-1,-2
0,56,503,-735,313,-33,-358,-468,388,-402,96,651,-232,405,32,-282,-1,-2
0,57,505,-743,307,-33,-355,-468,375,-395,96,651,-232,398,25,-286,-2,-2
0,58,506,-748,310,-33,-353,-466,348,-394,96,651,-232,388,25,-283,-2,-2
0,59,505,-745,308,-33,-356,-471,343,-400,96,651,-232,398,29,-283,-2,-2
0,60,503,-745,307,-33,-361,-468,350,-388,96,651,-232,404,25,-287,-2,-2
0,61,503,-747,311,-33,-357,-462,358,-367,96,651,-232,400,26,-285,-2,-2
0,62,504,-747,312,-33,-354,-463,369,-369,96,651,-232,401,29,-284,-2,-1
0,63,506,-745,310,-31,-357,-464,368,-383,96,651,-232,407,26,-280,-2,-1
0,64,504,-747,306,-32,-358,-465,354,-388,96,651,-232,401,26,-282,-2,-1
0,65,504,-745,308,-32,-353,-463,356,-381,96,651,-232,394,27,-290,-2,-1
0,66,507,-742,312,-31,-353,-463,361,-390,96,651,-232,401,26,-283,-2,-1
0,67,504,-747,307,-34,-358,-466,351,-419,96,651,-232,402,27,-280,-2,-1
0,68,504,-739,307,-31,-357,-464,358,-427,96,652,-232,399,27,-285,-2,-1
0,69,505,-734,308,-29,-358,-465,372,-403,96,650,-232,399,27,-283,-2,-1
0,70,503,-748,303,-33,-359,-465,361,-389,96,652,-232,400,27,-283,-2,-1
0,71,507,-750,308,-35,-357,-463,339,-407,96,656,-232,406,27,-283,-2,-1
0,72,510,-740,311,-32,-357,-463,334,-416,96,654,-232,407,27,-281,-2,-1
0,73,506,-741,304,-30,-356,-458,342,-397,96,651,-232,401,27,-283,-2,-1
0,74,506,-745,303,-32,-353,-457,350,-390,96,652,-232,400,27,-286,-2,-1
0,75,508,-742,307,-34,-356,-463,359,-401,96,651,-232,402,27,-286,-2,0
0,76,506,-744,310,-34,-358,-457,377,-387,96,649,-232,405,27,-290,-1,0
0,77,504,-746,309,-30,-356,-456,391,-364,96,651,-232,405,27,-287,-1,0
1,78,507,-743,302,-32,-355,-467,388,-368,96,652,-232,400,26,-286,-1,0
1,79,508,-743,304,-34,-355,-467,385,-389,96,651,-232,401,26,-292,-1,0
1,80,505,-747,313,-32,-357,-463,388,-405,96,651,-232,401,27,-289,-1,0
1,81,503,-742,308,-31,-362,-465,375,-413,96,651,-232,393,26,-283,-1,0
1,82,505,-734,307,-33,-359,-460,367,-410,96,651,-232,394,26,-284,-1,0
1,83,505,-740,313,-34,-356,-464,375,-409,96,651,-232,400,29,-287,-1,0
1,84,505,-751,308,-36,-357,-474,380,-417,96,651,-232,398,32,-288,-1,-1
1,85,508,-743,305,-35,-355,-467,384,-410,96,651,-232,400,30,-283,-1,-1
1,86,506,-736,310,-32,-354,-465,387,-397,96,651,-232,402,28,-280,-1,-1
1,87,504,-741,311,-30,-356,-471,379,-394,96,651,-232,399,29,-283,-1,-1
1,88,507,-746,310,-32,-356,-464,374,-389,96,651,-232,403,29,-284,-1,-2
1,89,506,-746,309,-33,-357,-462,385,-381,96,651,-232,402,29,-283,-1,-1
1,90,503,-744,312,-33,-354,-462,387,-380,96,651,-232,401,29,-283,-1,-1
1,91,501,-747,310,-33,-355,-463,389,-377,96,651,-232,404,29,-284,-1,-1
1,92,500,-748,308,-32,-356,-465,414,-361,96,651,-232,401,29,-282,-1,-1
1,93,501,-745,308,-30,-356,-468,420,-364,96,651,-232,399,29,-283,-1,-1
1,94,502,-747,305,-31,-358,-470,391,-395,96,651,-232,402,29,-291,-1,-1
1,95,504,-745,306,-32,-355,-468,371,-424,96,651,-232,406,29,-288,-1,0
1,96,506,-743,308,-33,-354,-463,388,-414,96,651,-232,400,29,-280,-1,0
1,97,503,-747,309,-33,-356,-461,403,-381,96,651,-232,393,28,-282,-1,0
1,98,504,-743,311,-33,-355,-462,395,-366,96,651,-232,400,29,-285,0,0
1,99,509,-733,309,-34,-354,-463,401,-343,96,651,-232,404,29,-284,0,0
1,100,506,-737,310,-33,-355,-464,420,-316,96,651,-232,395,27,-282,0,0
1,101,498,-745,312,-31,-355,-470,415,-335,96,651,-232,389,27,-283,0,0
1,102,499,-740,309,-30,-356,-468,403,-371,96,651,-232,395,28,-286,0,0
1,103,504,-740,306,-31,-357,-467,408,-362,96,651,-232,405,27,-284,0,-1
1,104,503,-749,310,-33,-352,-471,415,-344,96,651,-232,403,25,-281,0,-1
1,105,504,-751,309,-34,-356,-469,410,-362,96,651,-232,392,25,-284,0,-1
1,106,508,-743,306,-33,-360,-465,400,-386,96,651,-232,399,27,-283,0,-1
1,107,507,-741,309,-30,-359,-470,401,-378,96,651,-232,409,28,-281,0,-1
1,108,504,-746,311,-33,-363,-471,409,-366,96,651,-232,405,28,-286,0,-1
1,109,506,-746,307,-36,-360,-461,395,-378,96,651,-232,400,26,-285,0,-2
1,110,508,-743,308,-34,-351,-461,382,-387,96,651,-233,399,27,-284,0,-2
1,111,507,-745,311,-32,-352,-464,390,-379,96,651,-232,402,27,-285,0,-2
1,112,506,-747,311,-34,-357,-463,387,-389,96,651,-227,404,27,-283,0,-2
1,113,503,-746,312,-35,-355,-465,384,-402,96,651,-226,399,27,-284,0,-2
1,114,501,-746,313,-33,-354,-465,411,-387,96,651,-230,395,27,-286,0,-3
1,115,501,-746,305,-33,-356,-465,421,-376,96,651,-231,399,27,-283,0,-3
1,116,506,-744,306,-33,-356,-468,396,-393,96,651,-229,397,28,-284,0,-3
1,117,508,-745,311,-32,-358,-468,394,-404,96,651,-229,396,25,-288,0,-3
1,118,504,-748,307,-33,-359,-467,415,-385,96,651,-229,403,27,-286,1,-3
1,119,502,-749,309,-33,-355,-468,407,-379,96,651,-230,400,31,-282,0,-3
1,120,505,-745,312,-33,-357,-461,387,-392,96,651,-233,398,17,-280,1,-3
1,121,503,-744,306,-33,-363,-451,400,-377,96,651,-232,401,9,-284,1,-3
1,122,503,-746,309,-32,-358,-448,420,-351,96,651,-229,398,25,-284,1,-3
1,123,504,-748,309,-31,-351,-460,414,-365,96,652,-230,399,31,-282,1,-3
1,124,502,-746,302,-32,-353,-469,406,-391,96,651,-232,406,23,-283,1,-3
1,125,503,-747,303,-34,-359,-462,418,-389,96,651,-233,402,26,-284,1,-3
1,126,505,-747,309,-34,-363,-461,429,-381,96,654,-232,396,31,-285,1,-3
1,127,505,-741,309,-33,-358,-467,425,-383,96,656,-232,408,30,-282,1,-3
1,128,504,-745,311,-33,-355,-467,431,-384,96,654,-232,410,30,-283,1,-3
1,0,503,-748,312,-32,-360,-465,452,-379,96,651,-232,399,26,-285,1,-3
1,1,506,-743,306,-31,-364,-462,455,-379,96,640,-232,397,25,-285,1,-3
1,2,509,-745,304,-33,-359,-456,440,-386,96,632,-232,398,29,-281,1,-3
1,3,505,-751,310,-33,-356,-455,439,-387,96,635,-232,393,29,-280,1,-3
1,4,501,-749,313,-31,-356,-464,446,-374,96,637,-232,393,28,-281,1,-3
1,5,504,-742,311,-32,-353,-467,456,-361,96,632,-232,398,29,-279,1,-3
1,6,507,-744,310,-33,-355,-464,458,-370,96,634,-232,396,29,-283,1,-3
1,7,505,-747,311,-30,-358,-467,457,-382,96,637,-232,394,28,-283,0,-3
1,8,502,-739,310,-30,-358,-469,471,-374,96,636,-232,403,29,-281,0,-3
1,9,504,-737,313,-32,-358,-461,479,-374,96,636,-232,403,28,-285,0,-3
1,10,509,-746,310,-32,-355,-456,482,-383,96,636,-232,394,29,-286,0,-3
1,11,506,-751,303,-31,-352,-459,500,-365,96,636,-232,391,28,-283,0,-3
1,12,501,-746,301,-33,-355,-458,502,-347,96,636,-232,398,29,-283,0,-3
1,13,507,-745,309,-33,-359,-460,472,-355,96,636,-232,403,28,-285,0,-3
1,14,510,-748,312,-32,-358,-462,469,-359,96,636,-232,400,29,-284,-1,-2
1,15,504,-745,308,-31,-354,-455,499,-342,96,636,-232,398,28,-285,-1,-2
1,16,506,-744,310,-31,-353,-455,501,-333,96,636,-232,407,28,-283,-1,-2
1,17,509,-746,309,-32,-358,-466,478,-349,96,636,-232,405,29,-285,-1,-1
1,18,503,-741,305,-33,-359,-465,478,-362,96,636,-232,391,28,-287,-1,-1
1,19,503,-737,307,-34,-356,-464,505,-349,96,636,-232,390,29,-282,-1,-1
1,20,505,-746,309,-33,-359,-467,512,-352,96,636,-232,398,28,-285,-1,0
1,21,506,-747,311,-31,-361,-454,501,-367,96,636,-232,406,29,-288,0,0
1,22,506,-743,314,-32,-360,-451,504,-354,96,636,-232,406,28,-284,0,0
1,23,504,-741,312,-31,-361,-464,508,-341,96,636,-232,395,29,-282,0,0
1,24,505,-739,309,-30,-356,-463,511,-342,96,636,-232,396,28,-282,0,0
1,25,508,-743,307,-34,-354,-462,514,-344,96,636,-232,405,29,-286,0,0
1,26,506,-741,308,-34,-356,-470,512,-340,96,635,-232,395,28,-286,0,0
1,27,502,-739,307,-30,-357,-463,518,-328,96,636,-232,386,29,-282,1,0
1,28,505,-745,303,-31,-358,-452,508,-343,96,636,-232,396,29,-284,1,0
1,29,509,-744,305,-34,-357,-456,476,-381,96,633,-232,402,28,-286,1,1
1,30,503,-737,310,-34,-356,-465,465,-392,96,640,-232,395,28,-284,1,1
1,31,502,-747,313,-31,-357,-465,482,-380,96,653,-232,396,30,-281,1,1
1,32,509,-756,313,-31,-358,-463,495,-372,96,655,-232,404,27,-281,1,1
1,33,507,-742,309,-33,-358,-465,505,-353,96,649,-232,399,21,-284,1,1
1,34,503,-726,310,-33,-357,-461,507,-349,96,649,-232,392,25,-289,1,1
1,35,502,-736,312,-31,-354,-461,494,-361,96,651,-232,389,31,-289,1,1
1,36,504,-748,310,-30,-355,-466,492,-352,96,651,-232,393,28,-284,1,0
1,37,507,-739,310,-29,-357,-466,505,-337,96,651,-232,402,26,-283,1,0
1,38,507,-737,311,-31,-356,-463,519,-321,96,651,-232,401,28,-285,1,-1
1,39,502,-748,311,-34,-355,-457,513,-315,96,651,-232,394,27,-285,1,-1
1,40,503,-750,311,-32,-358,-458,486,-349,96,651,-232,395,26,-283,1,-2
1,41,506,-742,310,-30,-357,-464,468,-391,96,651,-232,395,28,-283,1,-2
1,42,504,-742,312,-30,-355,-457,467,-400,96,651,-232,391,25,-279,1,-2
1,43,502,-744,311,-34,-358,-451,468,-391,96,651,-232,391,26,-281,1,-2
1,44,504,-742,311,-33,-360,-465,475,-380,96,651,-232,397,31,-287,1,-1
1,45,503,-742,311,-29,-355,-471,495,-353,96,651,-232,400,19,-285,1,-1
1,46,504,-741,307,-32,-356,-461,506,-327,96,651,-232,396,9,-280,1,-1
1,47,505,-739,308,-33,-361,-459,505,-318,96,651,-232,394,24,-280,1,-1
1,48,502,-740,312,-32,-361,-463,507,-322,96,651,-232,399,36,-284,1,0
1,49,504,-741,308,-33,-358,-464,509,-330,96,651,-232,398,29,-282,1,0
1,50,507,-741,304,-34,-356,-465,504,-339,96,651,-232,391,29,-279,1,0
1,51,507,-740,308,-32,-356,-462,501,-341,96,651,-232,391,34,-284,1,0
1,52,506,-736,311,-31,-359,-452,506,-326,96,651,-232,401,30,-287,1,0
1,53,507,-738,309,-33,-356,-456,502,-332,96,651,-232,402,29,-284,1,0
1,54,509,-747,308,-33,-353,-463,498,-354,96,652,-232,403,30,-283,0,1
1,55,508,-748,308,-31,-357,-457,519,-347,96,652,-232,405,31,-284,0,1
1,56,505,-742,313,-31,-358,-455,541,-327,96,650,-232,403,31,-285,0,1
1,57,504,-743,314,-32,-354,-454,533,-324,96,653,-232,404,30,-283,0,1
1,58,502,-745,307,-31,-357,-456,517,-327,96,652,-232,400,31,-282,0,1
1,59,503,-740,307,-29,-359,-460,508,-341,96,638,-232,394,31,-284,0,1
1,60,506,-736,313,-30,-355,-457,502,-358,96,630,-232,401,30,-285,0,1
1,61,506,-741,313,-31,-355,-456,501,-344,96,634,-232,404,31,-282,0,1
1,62,505,-741,310,-32,-357,-466,508,-322,96,636,-232,398,32,-281,-1,1
1,63,505,-737,313,-34,-355,-471,507,-324,96,632,-232,397,24,-285,-1,2
1,64,505,-740,310,-32,-354,-462,505,-317,96,633,-232,398,20,-284,-1,2
1,65,506,-748,309,-29,-355,-458,505,-312,96,641,-232,396,27,-281,-1,2
1,66,505,-748,310,-31,-358,-460,504,-330,96,652,-232,396,29,-283,-1,2
1,67,503,-735,309,-34,-361,-465,503,-340,96,655,-232,397,26,-284,-1,2
1,68,504,-734,306,-32,-359,-468,505,-331,96,652,-232,395,28,-283,-1,2
1,69,505,-740,307,-32,-357,-463,516,-319,96,652,-232,394,32,-283,-1,2
1,70,505,-736,307,-33,-358,-459,519,-321,96,651,-232,393,31,-286,-1,2
1,71,506,-733,305,-33,-356,-458,502,-348,96,650,-232,395,27,-285,-1,2
1,72,503,-741,309,-31,-356,-457,498,-365,96,652,-232,397,25,-284,0,1
1,73,500,-740,310,-31,-360,-457,518,-334,96,651,-232,400,28,-283,0,1
1,74,505,-741,308,-33,-358,-461,516,-324,96,651,-232,405,29,-281,0,1
1,75,507,-746,307,-32,-354,-461,494,-351,96,651,-232,398,28,-283,0,1
1,76,504,-741,311,-32,-356,-457,500,-345,96,651,-232,390,28,-284,0,1
1,77,501,-736,311,-32,-357,-461,509,-331,96,651,-232,400,29,-284,0,1
2,78,504,-740,307,-33,-357,-466,508,-335,96,651,-232,410,28,-284,0,0
2,79,508,-740,309,-33,-357,-463,517,-322,96,651,-232,396,29,-283,0,0
2,80,506,-737,309,-33,-357,-465,504,-330,96,651,-232,381,28,-283,0,0
2,81,504,-738,309,-32,-357,-465,475,-368,96,651,-232,391,28,-283,0,0
2,82,506,-737,308,-31,-360,-461,481,-370,96,651,-232,402,29,-282,0,0
2,83,509,-738,308,-32,-359,-466,502,-348,96,651,-232,394,28,-283,0,0
2,84,507,-742,310,-32,-356,-468,506,-340,96,651,-232,396,27,-281,0,0
2,85,502,-744,309,-33,-359,-458,510,-335,96,651,-232,409,29,-283,0,0
2,86,502,-743,309,-32,-359,-450,508,-335,96,651,-232,402,32,-285,0,0
2,87,508,-743,314,-31,-351,-454,491,-353,96,651,-232,391,29,-282,0,0
2,88,510,-749,311,-32,-352,-460,489,-363,96,651,-232,396,28,-280,0,0
2,89,505,-749,310,-34,-359,-461,500,-358,96,651,-232,396,29,-282,0,-1
2,90,499,-740,315,-31,-357,-464,505,-348,96,651,-232,392,29,-282,0,-1
2,91,502,-737,310,-29,-353,-466,502,-349,96,651,-232,394,29,-283,0,-1
2,92,510,-741,302,-35,-357,-463,501,-364,96,651,-232,396,29,-287,0,-1
2,93,510,-738,310,-36,-358,-458,508,-372,96,651,-232,403,29,-284,0,-1
2,94,505,-740,315,-31,-356,-461,498,-381,96,651,-232,408,28,-279,0,-1
2,95,504,-742,308,-30,-356,-463,481,-389,96,651,-232,396,27,-282,0,-1
2,96,506,-734,309,-32,-356,-460,492,-378,96,651,-232,389,26,-284,0,-1
2,97,506,-735,311,-31,-354,-461,509,-353,96,651,-232,399,27,-287,0,-1
2,98,503,-740,308,-30,-357,-461,509,-327,96,651,-232,405,27,-285,0,-1
2,99,502,-739,307,-32,-357,-463,513,-323,96,651,-232,398,27,-283,0,0
2,100,506,-744,311,-31,-353,-464,514,-348,96,651,-232,395,26,-288,0,0
2,101,509,-745,313,-29,-356,-460,503,-370,96,651,-232,397,28,-287,0,0
2,102,505,-738,313,-33,-360,-462,500,-371,96,651,-232,393,31,-282,0,0
2,103,501,-745,311,-33,-358,-469,508,-367,96,651,-232,398,31,-282,0,0
2,104,502,-750,309,-29,-353,-467,512,-360,96,651,-232,404,31,-283,0,0
2,105,506,-745,312,-32,-353,-463,508,-356,96,651,-232,403,31,-281,0,0
2,106,509,-741,314,-35,-355,-465,514,-355,96,651,-232,405,31,-281,0,0
2,107,505,-740,309,-31,-353,-461,535,-338,96,651,-232,403,31,-282,0,0
2,108,502,-749,306,-30,-353,-462,540,-327,96,651,-232,397,31,-281,0,1
2,109,507,-751,309,-33,-356,-465,520,-338,96,651,-232,398,31,-283,0,1
2,110,509,-737,307,-33,-356,-461,507,-340,96,651,-232,403,31,-282,0,0
2,111,502,-741,297,-33,-358,-464,506,-336,96,651,-232,395,31,-283,0,0
2,112,503,-750,307,-32,-360,-465,499,-362,96,651,-232,393,31,-285,0,0
2,113,506,-740,319,-30,-360,-459,497,-383,96,651,-232,395,31,-284,0,0
2,114,504,-737,313,-32,-361,-464,504,-371,96,651,-232,390,31,-284,0,0
2,115,503,-745,311,-32,-359,-463,501,-367,96,651,-232,394,31,-280,-1,1
2,116,502,-742,310,-30,-354,-453,508,-370,96,651,-232,403,31,-282,-1,1
2,117,503,-738,306,-31,-357,-455,525,-349,96,651,-232,406,31,-284,-1,2
2,118,507,-743,310,-32,-357,-466,516,-346,96,651,-232,396,31,-281,-1,2
2,119,506,-747,309,-31,-354,-465,497,-376,96,652,-232,387,30,-281,-1,1
2,120,505,-740,303,-33,-360,-461,506,-370,96,651,-232,394,32,-282,0,1
2,121,507,-730,309,-33,-361,-460,512,-348,96,651,-232,402,30,-281,0,0
2,122,506,-735,316,-32,-356,-460,498,-361,96,653,-232,397,27,-284,0,-1
2,123,503,-745,311,-33,-357,-464,505,-358,96,653,-232,399,32,-285,0,-1
2,124,507,-743,312,-33,-356,-466,508,-361,96,650,-232,406,22,-281,0,-2
2,125,508,-740,316,-33,-354,-462,479,-411,96,650,-232,397,11,-280,0,-2
2,126,501,-746,312,-33,-358,-462,480,-410,96,652,-232,391,23,-284,0,-2
2,127,501,-746,310,-33,-359,-465,520,-352,96,652,-232,397,34,-284,0,-2
2,128,505,-736,310,-33,-358,-463,521,-365,96,651,-232,398,25,-282,0,-2
2,0,505,-734,304,-33,-361,-464,498,-396,96,652,-232,393,24,-281,0,-1
2,1,505,-742,303,-31,-357,-465,507,-364,96,651,-232,396,30,-282,0,-1
2,2,505,-750,310,-32,-353,-466,513,-352,96,651,-232,399,28,-285,0,-1
2,3,504,-747,308,-33,-359,-467,507,-371,96,654,-232,394,28,-286,0,-1
2,4,505,-736,304,-30,-361,-459,513,-355,96,653,-232,396,27,-284,0,-1
2,5,506,-736,306,-31,-356,-460,506,-347,96,649,-232,401,24,-283,0,-1
2,6,502,-745,308,-33,-358,-467,496,-364,96,649,-232,400,26,-281,0,-2
2,7,502,-741,308,-33,-360,-461,508,-357,96,652,-232,400,29,-280,0,-2
2,8,505,-738,306,-33,-359,-461,505,-351,96,651,-232,403,29,-285,0,-1
2,9,507,-741,306,-33,-360,-469,497,-354,96,651,-232,397,28,-287,0,-1
2,10,505,-738,312,-33,-360,-459,517,-338,96,651,-232,390,29,-286,0,-1
2,11,502,-738,314,-35,-358,-452,525,-335,96,651,-232,394,29,-284,0,-1
2,12,504,-741,311,-34,-359,-466,509,-354,96,651,-232,396,29,-286,0,-1
2,13,507,-737,311,-32,-356,-466,503,-355,96,651,-232,396,29,-286,0,-1
2,14,503,-738,308,-33,-351,-460,512,-335,96,651,-232,394,29,-286,0,-1
2,15,503,-746,308,-33,-353,-464,511,-325,96,652,-232,396,29,-285,0,-1
2,16,507,-745,309,-33,-358,-461,503,-344,96,651,-232,405,29,-284,0,-1
2,17,507,-742,308,-33,-360,-453,501,-369,96,651,-232,401,29,-287,0,-1
2,18,508,-738,310,-33,-357,-456,497,-378,96,651,-232,399,29,-282,0,-1
2,19,508,-738,309,-33,-358,-467,494,-371,96,651,-232,403,29,-280,0,-1
2,20,505,-749,304,-33,-360,-468,515,-344,96,651,-232,397,29,-281,0,-1
2,21,508,-750,308,-32,-359,-460,534,-323,96,651,-232,396,29,-280,0,-1
2,22,509,-742,310,-33,-357,-460,510,-344,96,651,-232,399,29,-284,0,-1
2,23,502,-738,308,-33,-356,-468,490,-365,96,652,-232,398,28,-287,0,-1
2,24,504,-741,309,-32,-356,-468,505,-352,96,651,-232,398,29,-285,0,-1
2,25,510,-744,310,-31,-355,-462,501,-351,96,652,-232,395,29,-282,-1,-1
2,26,504,-745,308,-33,-357,-465,506,-353,96,653,-232,391,26,-283,0,-1
2,27,500,-744,308,-33,-360,-469,533,-325,96,653,-232,401,25,-287,-1,-1
2,28,506,-740,310,-30,-357,-460,515,-336,96,653,-232,406,28,-285,0,-1
2,29,507,-740,308,-31,-352,-455,471,-385,96,653,-232,396,27,-282,0,-1
2,30,503,-743,308,-33,-356,-465,468,-388,96,650,-232,400,23,-281,0,-1
2,31,505,-747,311,-32,-362,-474,486,-365,96,649,-232,409,27,-281,-1,-2
2,32,506,-746,308,-33,-360,-469,496,-362,96,651,-232,398,31,-282,-1,-1
2,33,504,-733,305,-33,-359,-469,519,-341,96,652,-232,387,29,-282,-1,-1
2,34,504,-730,309,-32,-360,-467,535,-315,96,651,-232,389,28,-281,-1,-1
2,35,507,-742,313,-31,-361,-461,516,-343,96,651,-232,395,29,-286,-1,-1
2,36,510,-748,311,-30,-357,-464,502,-370,96,651,-232,400,29,-286,-1,0
2,37,508,-744,310,-33,-354,-465,508,-357,96,651,-232,401,29,-282,-2,0
2,38,506,-737,312,-36,-354,-462,515,-344,96,651,-232,401,29,-282,-2,1
2,39,507,-734,309,-32,-359,-466,511,-352,96,651,-232,400,29,-285,-2,1
2,40,508,-739,303,-29,-362,-470,487,-372,96,651,-232,403,29,-281,-2,2
2,41,506,-740,307,-31,-358,-465,468,-387,96,651,-232,407,29,-278,-2,2
2,42,505,-739,307,-31,-354,-465,487,-373,96,651,-232,398,29,-283,-3,2
2,43,505,-742,304,-32,-357,-465,513,-346,96,651,-232,393,29,-283,-3,3
2,44,504,-742,307,-35,-357,-457,513,-342,96,651,-232,402,29,-278,-3,3
2,45,503,-735,307,-32,-353,-460,492,-365,96,651,-232,398,29,-282,-3,2
2,46,498,-735,307,-27,-354,-467,474,-383,96,651,-232,390,29,-289,-3,2
2,47,499,-740,313,-28,-358,-465,483,-371,96,651,-232,399,29,-286,-3,2
2,48,506,-743,312,-31,-357,-460,500,-354,96,651,-232,404,29,-281,-3,2
2,49,506,-746,307,-32,-355,-464,502,-354,96,651,-232,396,29,-281,-3,2
2,50,504,-745,310,-32,-352,-467,505,-352,96,651,-232,397,29,-283,-2,1
2,51,505,-739,311,-31,-354,-459,495,-361,96,651,-232,401,29,-285,-2,1
2,52,504,-735,311,-32,-358,-455,470,-388,96,651,-232,396,29,-283,-2,1
2,53,504,-744,312,-33,-359,-467,475,-390,96,651,-232,395,29,-280,-2,1
2,54,508,-752,306,-33,-357,-468,501,-363,96,651,-232,398,29,-283,-2,1
2,55,508,-745,305,-31,-353,-454,504,-348,96,651,-232,398,29,-283,-2,1
2,56,504,-734,312,-31,-352,-457,496,-362,96,651,-232,394,29,-281,-2,0
2,57,503,-735,311,-31,-355,-462,501,-373,96,651,-232,392,29,-286,-2,0
2,58,507,-745,305,-32,-356,-455,506,-360,96,651,-232,398,29,-288,-2,0
2,59,509,-746,307,-33,-355,-456,488,-359,96,651,-232,402,28,-282,-2,0
2,60,504,-743,310,-30,-356,-464,465,-385,96,651,-232,396,29,-281,-2,1
2,61,503,-749,309,-29,-358,-464,466,-400,96,651,-232,392,29,-286,-2,0
2,62,506,-751,310,-33,-357,-464,475,-392,96,651,-232,396,28,-285,-2,1
2,63,505,-742,307,-35,-354,-467,480,-377,96,651,-232,397,26,-283,-2,1
2,64,503,-740,307,-32,-355,-463,479,-369,96,651,-232,400,27,-283,-2,1
2,65,506,-746,310,-34,-358,-463,472,-383,96,651,-232,403,29,-284,-2,1
2,66,507,-738,307,-34,-357,-466,483,-393,96,651,-232,402,28,-286,-2,1
2,67,506,-733,305,-30,-357,-465,502,-377,96,651,-232,401,28,-286,-2,1
2,68,506,-740,308,-33,-358,-459,487,-376,96,651,-232,393,29,-285,-2,1
2,69,503,-740,311,-36,-354,-460,461,-408,96,651,-230,391,29,-282,-2,1
2,70,503,-737,309,-31,-354,-467,468,-413,96,651,-229,404,30,-280,-2,1
2,71,507,-746,310,-27,-360,-463,486,-386,96,651,-229,404,31,-278,-2,2
2,72,505,-751,310,-30,-359,-452,482,-387,96,651,-229,389,31,-280,-2,2
2,73,504,-743,310,-34,-355,-460,471,-414,96,651,-229,390,31,-281,-2,2
2,74,506,-745,308,-36,-355,-474,471,-425,96,651,-229,399,31,-284,-2,2
2,75,506,-748,307,-33,-356,-463,477,-424,96,651,-229,399,30,-284,-2,1
2,76,506,-746,309,-29,-357,-450,476,-420,96,651,-229,400,31,-283,-2,1
2,77,504,-745,305,-31,-360,-458,478,-400,96,651,-229,402,30,-282,-2,1
3,78,504,-743,304,-32,-354,-467,477,-390,96,651,-230,402,27,-281,-2,1
3,79,505,-747,309,-33,-352,-467,469,-399,96,651,-231,399,25,-282,-2,1
3,80,505,-749,312,-34,-359,-469,470,-400,96,651,-231,391,27,-285,-1,1
3,81,507,-738,313,-33,-359,-467,466,-397,96,651,-231,392,27,-284,-1,1
3,82,507,-730,309,-32,-353,-462,446,-416,96,651,-233,396,26,-283,-1,0
3,83,505,-740,304,-33,-354,-463,443,-440,96,651,-232,397,27,-284,-1,0
3,84,505,-749,311,-33,-356,-466,466,-437,96,651,-232,402,29,-285,-1,0
3,85,507,-751,315,-32,-355,-465,476,-429,96,651,-232,401,29,-286,-1,0
3,86,503,-740,306,-34,-357,-461,472,-433,96,651,-232,393,29,-287,-1,0
3,87,500,-730,306,-33,-356,-462,472,-432,96,651,-232,401,29,-285,-1,0
3,88,502,-738,314,-32,-354,-468,477,-408,96,651,-232,405,29,-285,-1,0
3,89,505,-742,312,-32,-356,-468,478,-380,96,651,-232,395,29,-285,-1,0
3,90,505,-741,310,-33,-360,-465,470,-374,96,651,-232,394,29,-279,-1,0
3,91,504,-742,312,-33,-362,-465,469,-382,96,651,-232,399,29,-282,-1,0
3,92,506,-735,309,-32,-357,-457,472,-385,96,651,-232,397,29,-287,-1,0
3,93,507,-736,304,-29,-354,-452,461,-386,96,651,-232,397,29,-284,-1,0
3,94,507,-748,305,-32,-358,-466,447,-412,96,651,-232,403,29,-281,-1,0
3,95,509,-750,311,-37,-357,-469,442,-432,96,651,-232,400,29,-282,-1,0
3,96,506,-740,311,-34,-352,-454,444,-417,96,651,-232,395,29,-283,-1,0
3,97,501,-737,309,-30,-353,-456,457,-407,96,651,-232,392,29,-283,-1,0
3,98,503,-743,307,-34,-357,-466,474,-413,96,650,-232,392,29,-285,-1,0
3,99,508,-739,309,-35,-356,-467,472,-417,96,649,-232,395,29,-285,-1,0
3,100,508,-730,312,-31,-355,-471,468,-418,96,650,-232,403,29,-282,-1,0
3,101,505,-737,309,-33,-357,-471,472,-414,96,649,-233,406,29,-280,-1,0
3,102,502,-750,310,-33,-355,-460,466,-408,96,649,-232,397,29,-284,-1,0
3,103,503,-746,312,-29,-353,-456,456,-416,96,650,-232,393,29,-286,-1,0
3,104,508,-741,307,-30,-360,-461,458,-418,96,650,-233,394,29,-283,-1,0
3,105,510,-741,308,-33,-362,-463,472,-387,96,650,-231,393,29,-280,-1,0
3,106,506,-738,310,-33,-358,-467,471,-377,96,650,-226,394,28,-284,-1,0
3,107,503,-741,306,-32,-359,-468,450,-411,96,650,-227,397,28,-285,-1,0
3,108,504,-744,307,-30,-358,-464,443,-425,96,650,-232,399,28,-281,-1,0
3,109,502,-744,310,-31,-354,-467,448,-414,96,650,-230,392,28,-282,-1,-1
3,110,502,-741,307,-33,-357,-467,453,-414,96,650,-228,392,28,-284,-1,-1
3,111,505,-739,303,-29,-360,-460,465,-417,96,650,-230,403,28,-281,-1,-1
3,112,504,-745,305,-28,-356,-463,476,-414,96,650,-232,401,29,-280,-1,0
3,113,502,-748,306,-34,-355,-474,473,-417,96,650,-232,389,28,-283,-1,0
3,114,505,-745,307,-34,-355,-467,476,-418,96,650,-232,388,28,-282,-1,0
3,115,507,-745,312,-31,-355,-450,476,-419,96,649,-232,398,29,-282,-1,0
3,116,507,-748,310,-34,-360,-456,471,-420,96,649,-232,400,28,-283,-1,0
3,117,508,-737,307,-35,-361,-468,473,-412,96,650,-232,394,26,-280,-1,0
3,118,508,-734,309,-31,-352,-465,471,-402,96,649,-232,393,29,-282,-1,0
3,119,504,-743,314,-31,-353,-462,468,-399,96,649,-232,395,32,-284,-1,0
3,120,504,-739,313,-33,-361,-464,471,-403,96,650,-232,399,30,-281,-1,0
3,121,508,-738,308,-33,-356,-464,471,-413,96,653,-233,402,27,-280,-1,0
3,122,508,-745,304,-31,-350,-465,468,-420,96,654,-231,399,30,-284,-1,0
3,123,504,-736,307,-30,-355,-468,473,-420,96,653,-229,399,30,-283,-1,0
3,124,504,-731,310,-32,-355,-464,481,-413,96,653,-230,403,25,-281,-1,0
3,125,510,-747,307,-34,-352,-462,464,-429,96,654,-232,400,27,-285,-1,0
3,126,511,-750,307,-32,-357,-464,435,-467,96,653,-232,392,30,-286,-1,0
3,127,507,-741,308,-29,-360,-465,432,-467,96,654,-232,396,24,-284,-1,0
3,128,506,-746,311,-30,-355,-464,447,-428,96,653,-232,400,23,-280,-1,0
3,0,507,-748,312,-32,-356,-464,445,-421,96,653,-232,392,31,-281,-1,0
3,1,507,-746,307,-32,-361,-467,445,-444,96,654,-232,393,30,-284,-1,0
3,2,509,-745,306,-32,-358,-466,461,-446,96,653,-232,401,27,-283,-1,0
3,3,507,-745,313,-32,-358,-465,450,-457,96,650,-232,397,31,-284,-1,0
3,4,502,-747,313,-32,-358,-467,430,-482,96,650,-232,394,32,-282,-1,0
3,5,503,-745,304,-30,-357,-466,438,-468,96,651,-232,397,30,-278,-1,0
3,6,505,-739,304,-30,-358,-464,450,-443,96,650,-232,399,32,-282,-1,0
3,7,505,-739,311,-30,-358,-465,459,-443,96,649,-232,400,29,-286,-1,0
3,8,507,-745,311,-32,-355,-461,460,-444,96,650,-232,402,25,-281,-1,0
3,9,508,-742,308,-34,-357,-459,456,-435,96,650,-232,401,25,-280,-1,0
3,10,506,-737,308,-31,-360,-464,466,-439,96,649,-232,397,27,-284,-1,0
3,11,507,-740,306,-31,-357,-466,469,-443,96,650,-232,398,26,-284,-1,0
3,12,509,-748,308,-35,-355,-462,446,-447,96,650,-232,398,27,-284,-1,0
3,13,504,-747,312,-34,-357,-463,447,-444,96,650,-232,400,29,-287,-1,0
3,14,502,-735,311,-31,-357,-463,480,-416,96,650,-232,402,29,-285,-1,0
3,15,504,-735,308,-34,-358,-464,482,-403,96,650,-232,397,28,-283,-1,-1
3,16,506,-741,308,-36,-359,-463,470,-421,96,650,-232,396,29,-285,-1,-1
3,17,508,-736,307,-33,-358,-456,475,-417,96,650,-232,403,28,-286,-1,-1
3,18,506,-736,307,-33,-353,-458,472,-410,96,650,-232,403,29,-284,-1,-1
3,19,505,-742,309,-32,-352,-467,460,-434,96,650,-232,398,31,-284,-1,-1
3,20,506,-742,308,-31,-357,-467,468,-433,96,650,-232,402,26,-284,-1,-1
3,21,504,-739,305,-33,-359,-462,483,-404,96,650,-232,407,26,-281,-1,0
3,22,502,-736,308,-31,-355,-453,477,-408,96,649,-232,407,36,-279,-1,-1
3,23,507,-735,308,-31,-355,-454,467,-423,96,649,-232,403,20,-281,-1,-1
3,24,507,-744,305,-33,-359,-468,472,-414,96,650,-232,402,2,-282,-1,-1
3,25,504,-752,310,-33,-357,-467,472,-417,96,650,-232,403,20,-282,-1,0
3,26,506,-747,309,-32,-354,-458,468,-439,96,649,-232,397,35,-285,0,0
3,27,509,-740,301,-32,-358,-463,471,-438,96,651,-232,397,25,-284,-1,0
3,28,505,-738,303,-33,-360,-465,478,-423,96,654,-232,403,26,-282,0,0
3,29,502,-742,311,-33,-357,-462,480,-427,96,651,-232,396,31,-284,0,-1
3,30,504,-748,309,-32,-355,-465,470,-443,96,649,-232,391,25,-283,0,-1
3,31,503,-746,304,-33,-357,-467,454,-446,96,651,-232,403,26,-282,0,-1
3,32,503,-739,308,-33,-359,-465,466,-439,96,652,-232,407,29,-282,0,0
3,33,505,-739,312,-30,-356,-464,474,-453,96,651,-232,396,28,-282,0,0
3,34,505,-740,308,-30,-350,-460,451,-469,96,651,-232,398,29,-282,0,0
3,35,504,-734,308,-31,-353,-459,450,-456,96,653,-232,405,28,-283,0,0
3,36,506,-734,310,-31,-358,-461,473,-442,96,651,-232,397,29,-283,0,0
3,37,506,-737,311,-33,-358,-461,475,-442,96,652,-232,395,29,-280,0,0
3,38,506,-742,309,-33,-357,-464,469,-441,96,654,-232,404,25,-280,0,0
3,39,509,-738,306,-33,-358,-466,463,-453,96,645,-232,399,25,-280,0,0
3,40,509,-735,306,-34,-356,-457,449,-477,96,634,-232,388,29,-280,0,0
3,41,505,-740,307,-32,-358,-455,460,-461,96,634,-232,394,25,-281,0,0
3,42,505,-743,306,-31,-361,-467,481,-431,96,636,-232,404,22,-281,0,0
3,43,506,-735,305,-34,-356,-466,457,-445,96,633,-232,403,27,-280,0,0
3,44,504,-738,305,-34,-355,-459,435,-449,96,634,-232,397,28,-282,0,0
3,45,502,-753,307,-31,-358,-463,458,-428,96,637,-232,396,28,-286,0,0
3,46,504,-748,310,-30,-355,-468,470,-440,96,635,-232,398,30,-286,0,0
3,47,504,-740,311,-32,-354,-461,467,-442,96,636,-232,404,30,-285,0,0
3,48,502,-747,311,-36,-357,-456,485,-409,96,636,-232,405,29,-283,0,0
3,49,504,-751,309,-36,-356,-461,489,-418,96,634,-232,397,31,-285,0,0
3,50,506,-740,309,-32,-355,-463,468,-451,96,643,-232,398,29,-287,0,0
3,51,505,-733,307,-31,-361,-460,465,-440,96,655,-232,405,11,-286,0,0
3,52,506,-745,305,-29,-361,-460,475,-420,96,654,-232,401,12,-287,0,0
3,53,508,-749,308,-27,-355,-462,473,-421,96,648,-232,397,30,-284,0,0
3,54,506,-744,307,-31,-356,-466,477,-428,96,650,-232,401,18,-281,0,0
3,55,505,-744,306,-34,-358,-470,481,-438,96,651,-232,397,3,-282,0,0
3,56,506,-743,311,-30,-356,-468,474,-438,96,651,-232,389,24,-281,0,0
3,57,504,-738,311,-28,-354,-461,473,-427,96,651,-232,394,36,-282,0,0
3,58,505,-735,302,-30,-354,-463,482,-416,96,651,-232,401,23,-287,0,0
3,59,507,-737,306,-30,-357,-465,486,-417,96,651,-232,400,26,-283,0,0
3,60,506,-746,310,-28,-359,-465,477,-434,96,651,-232,396,31,-279,0,0
3,61,508,-753,307,-29,-357,-466,470,-445,96,651,-232,401,25,-282,0,0
3,62,509,-744,312,-31,-355,-467,470,-446,96,651,-232,409,26,-284,0,-1
3,63,504,-736,313,-32,-353,-467,472,-452,96,651,-232,404,27,-282,0,-1
3,64,504,-740,310,-31,-355,-461,472,-453,96,651,-232,401,27,-282,0,-1
3,65,505,-744,312,-32,-358,-460,484,-447,96,651,-232,401,27,-282,0,-1
3,66,501,-748,311,-33,-358,-471,495,-444,96,651,-232,393,28,-285,0,-1
3,67,504,-743,308,-32,-358,-473,478,-441,96,651,-232,394,29,-285,0,-1
3,68,507,-730,305,-32,-365,-465,458,-445,96,651,-232,401,29,-282,-1,-1
3,69,505,-733,307,-32,-364,-462,467,-444,96,651,-232,398,29,-281,-1,-1
3,70,504,-743,313,-31,-354,-463,475,-440,96,651,-232,396,29,-281,-1,-1
3,71,502,-740,311,-34,-355,-464,468,-443,96,651,-232,393,29,-285,-1,-1
3,72,504,-736,308,-33,-359,-464,470,-440,96,651,-232,393,29,-285,-1,-1
3,73,509,-747,309,-31,-358,-462,463,-449,96,651,-232,394,29,-282,-1,0
3,74,507,-749,306,-34,-353,-460,455,-469,96,651,-232,396,28,-281,-1,0
3,75,504,-738,305,-33,-352,-461,474,-451,96,651,-232,400,27,-281,-1,0
3,76,507,-741,311,-31,-358,-464,490,-416,96,651,-232,399,27,-284,-1,0
3,77,506,-745,314,-35,-355,-462,485,-408,96,651,-232,393,28,-286,-1,0
4,78,500,-738,309,-34,-351,-464,475,-418,96,651,-232,392,28,-285,-1,0
4,79,504,-738,306,-29,-356,-466,469,-435,96,651,-232,403,25,-284,-1,0
4,80,510,-745,308,-32,-361,-460,468,-445,96,651,-232,402,27,-283,-1,0
4,81,505,-744,311,-35,-358,-463,478,-417,96,651,-232,392,31,-281,-1,0
4,82,501,-740,310,-32,-352,-474,477,-411,96,651,-232,396,15,-281,-1,0
4,83,506,-747,309,-33,-353,-469,470,-439,96,651,-232,405,5,-282,-1,0
4,84,506,-750,308,-35,-355,-462,477,-435,96,651,-232,403,24,-282,-1,0
4,85,502,-737,309,-32,-355,-464,472,-421,96,651,-232,400,35,-281,0,0
4,86,505,-733,307,-31,-353,-461,453,-440,96,651,-232,399,27,-282,0,0
4,87,507,-743,309,-34,-355,-455,458,-454,96,651,-232,391,28,-280,0,0
4,88,506,-745,310,-34,-359,-467,484,-431,96,651,-232,392,34,-278,0,0
4,89,505,-742,308,-33,-358,-477,495,-414,96,651,-232,398,31,-284,0,0
4,90,504,-740,309,-32,-354,-462,491,-430,96,651,-232,399,30,-285,0,0
4,91,502,-734,306,-34,-354,-457,483,-444,96,651,-232,399,29,-281,0,0
4,92,502,-737,307,-34,-358,-467,478,-431,96,651,-232,396,28,-283,0,0
4,93,502,-744,310,-31,-360,-463,478,-412,96,651,-232,396,29,-284,0,0
4,94,503,-743,308,-31,-357,-462,474,-413,96,651,-232,396,29,-281,0,0
4,95,505,-740,310,-35,-354,-465,472,-420,96,651,-232,396,29,-279,0,0
4,96,506,-738,312,-33,-354,-465,479,-426,96,651,-232,400,29,-282,-1,0
4,97,506,-737,307,-32,-356,-466,467,-452,96,651,-232,407,28,-284,0,0
4,98,505,-737,305,-33,-358,-469,444,-473,96,651,-232,404,29,-283,-1,0
4,99,503,-738,308,-33,-357,-458,453,-455,96,651,-232,396,29,-285,-1,0
4,100,506,-739,307,-31,-355,-454,471,-438,96,651,-232,399,28,-284,-1,0
4,101,508,-739,306,-31,-358,-471,479,-438,96,651,-232,398,26,-281,-1,0
4,102,505,-735,307,-31,-357,-474,496,-421,96,651,-232,389,28,-281,-1,0
4,103,506,-743,305,-31,-353,-463,500,-410,96,651,-232,395,28,-285,-1,0
4,104,504,-754,307,-32,-353,-460,475,-438,96,651,-232,403,26,-286,-1,0
4,105,501,-745,313,-33,-355,-469,467,-448,96,651,-232,399,26,-283,-1,0
4,106,502,-743,311,-33,-355,-470,492,-419,96,651,-232,397,27,-281,-1,0
4,107,507,-749,308,-31,-361,-464,494,-407,96,651,-232,403,26,-283,-1,0
4,108,510,-745,309,-31,-360,-463,476,-423,96,651,-232,395,27,-283,-1,0
4,109,507,-743,307,-33,-355,-463,468,-448,96,651,-232,386,27,-280,-1,0
4,110,504,-745,306,-31,-356,-462,473,-448,96,651,-232,393,27,-281,-1,0
4,111,504,-745,310,-32,-359,-468,486,-415,96,651,-232,395,27,-283,-1,-1
4,112,506,-748,312,-34,-356,-472,494,-403,96,651,-232,386,27,-282,-1,-1
4,113,504,-746,308,-32,-352,-469,502,-412,96,651,-232,392,27,-282,-1,-1
4,114,501,-734,308,-33,-355,-459,503,-404,96,651,-232,405,27,-284,-1,-1
4,115,502,-735,311,-33,-355,-455,494,-400,96,651,-232,401,27,-284,-1,-1
4,116,506,-748,310,-33,-352,-462,488,-414,96,651,-232,392,27,-281,-1,-1
4,117,507,-748,311,-33,-355,-473,502,-403,96,651,-232,395,27,-281,0,0
4,118,504,-740,311,-34,-358,-469,513,-384,96,651,-232,396,27,-284,-1,0
4,119,502,-740,308,-34,-355,-461,494,-413,96,651,-232,397,27,-284,0,0
4,120,502,-744,308,-33,-356,-465,484,-444,96,651,-232,404,27,-282,0,-1
4,121,505,-746,311,-32,-361,-467,493,-437,96,651,-232,406,27,-286,-1,0
4,122,506,-749,310,-30,-356,-464,500,-406,96,651,-232,402,26,-287,0,0
4,123,505,-749,308,-33,-350,-460,506,-383,96,651,-232,397,24,-284,0,0
4,124,506,-737,309,-34,-354,-460,503,-392,96,651,-232,400,30,-282,0,0
4,125,504,-732,309,-32,-358,-466,493,-414,96,651,-232,406,25,-280,-1,0
4,126,499,-741,306,-30,-355,-467,496,-414,96,651,-232,395,12,-285,0,0
4,127,503,-741,310,-33,-354,-457,505,-407,96,651,-232,391,19,-285,0,0
4,128,506,-737,309,-36,-358,-456,495,-410,96,651,-232,405,34,-282,0,-1
4,0,504,-741,307,-32,-359,-465,497,-396,96,651,-232,400,31,-286,-1,0
4,1,504,-748,313,-30,-353,-463,510,-375,96,651,-232,389,25,-289,0,0
4,2,504,-745,314,-34,-352,-453,485,-405,96,651,-232,390,28,-287,0,0
4,3,502,-733,307,-36,-355,-453,460,-449,96,651,-232,396,30,-285,0,0
4,4,504,-735,307,-29,-358,-461,488,-432,96,651,-232,400,30,-285,0,0
4,5,505,-750,313,-28,-357,-464,515,-397,96,651,-232,399,31,-284,0,0
4,6,506,-748,312,-32,-358,-463,498,-411,96,651,-232,393,28,-283,0,0
4,7,507,-741,306,-32,-362,-464,497,-410,96,651,-232,388,27,-283,0,0
4,8,507,-751,308,-32,-360,-466,515,-374,96,652,-232,391,28,-281,0,0
4,9,505,-753,314,-34,-356,-464,503,-388,96,651,-232,399,25,-283,0,0
4,10,504,-744,312,-32,-356,-460,491,-421,96,648,-232,399,23,-286,0,0
4,11,507,-742,310,-30,-356,-462,505,-410,96,647,-232,393,25,-284,0,0
4,12,509,-746,314,-31,-354,-465,508,-400,96,650,-232,392,30,-279,0,0
4,13,501,-748,312,-33,-354,-469,499,-419,96,651,-232,398,30,-286,0,0
4,14,498,-744,304,-33,-358,-471,500,-419,96,649,-232,398,28,-289,0,0
4,15,505,-742,307,-32,-362,-466,498,-407,96,649,-232,400,27,-283,0,0
4,16,507,-747,311,-33,-361,-461,492,-409,96,650,-232,404,27,-287,0,0
4,17,506,-750,306,-33,-356,-463,500,-401,96,649,-232,396,29,-289,0,0
4,18,506,-737,306,-32,-357,-468,509,-390,96,650,-232,396,30,-278,0,0
4,19,504,-736,312,-33,-358,-464,506,-397,96,651,-232,401,26,-275,-1,0
4,20,502,-748,312,-33,-354,-463,503,-415,96,652,-232,396,29,-283,-1,0
4,21,505,-738,310,-30,-353,-464,509,-417,96,652,-232,392,34,-282,-1,0
4,22,503,-727,309,-29,-358,-462,502,-415,96,651,-232,401,16,-277,-1,0
4,23,504,-740,309,-32,-358,-466,477,-434,96,652,-232,403,13,-283,0,0
4,24,509,-753,310,-34,-355,-469,467,-442,96,653,-232,393,33,-284,-1,0
4,25,507,-743,311,-32,-354,-461,482,-421,96,651,-232,391,21,-280,0,0
4,26,504,-729,310,-33,-356,-458,503,-402,96,649,-232,395,7,-281,-1,0
4,27,505,-736,305,-34,-360,-466,515,-397,96,651,-232,391,25,-286,0,0
4,28,506,-745,304,-32,-358,-465,506,-395,96,652,-232,387,42,-286,0,0
4,29,504,-738,310,-32,-354,-461,507,-396,96,651,-232,392,25,-283,0,0
4,30,502,-736,308,-35,-358,-466,518,-392,96,651,-232,396,12,-286,0,0
4,31,504,-741,305,-33,-360,-468,445,-407,96,651,-232,395,26,-286,0,0
4,32,509,-739,310,-31,-358,-465,327,-438,96,651,-232,393,30,-284,0,0
4,33,505,-737,312,-31,-358,-465,300,-436,96,651,-232,397,12,-287,0,0
4,34,500,-738,312,-34,-357,-465,329,-415,96,651,-232,402,11,-284,0,0
4,35,501,-739,308,-33,-358,-466,319,-412,96,651,-232,397,33,-281,0,0
4,36,502,-748,307,-30,-360,-470,307,-411,96,651,-232,396,31,-284,0,0
4,37,505,-753,310,-30,-359,-468,318,-408,96,651,-232,407,24,-285,0,0
4,38,506,-745,309,-32,-362,-469,322,-417,96,651,-232,406,33,-285,0,0
4,39,503,-737,308,-30,-361,-468,321,-420,96,651,-232,394,32,-283,0,0
4,40,502,-735,307,-30,-356,-457,310,-416,96,651,-232,397,29,-281,0,0
4,41,504,-733,309,-33,-357,-453,309,-416,96,651,-232,402,30,-284,0,0
4,42,506,-734,310,-34,-359,-463,315,-413,96,651,-232,401,28,-284,0,0
4,43,503,-739,306,-32,-357,-469,309,-416,96,651,-232,402,29,-283,0,-1
4,44,501,-735,306,-33,-360,-463,303,-419,96,651,-232,399,30,-285,0,0
4,45,504,-730,310,-33,-362,-463,304,-418,96,651,-232,392,27,-282,0,0
4,46,508,-739,310,-30,-357,-467,308,-421,96,651,-232,393,29,-283,0,0
4,47,506,-743,310,-30,-355,-461,317,-422,96,651,-232,401,33,-292,0,0
4,48,504,-739,309,-33,-358,-462,332,-401,96,651,-232,403,20,-291,0,0
4,49,507,-746,306,-33,-356,-464,332,-378,96,652,-232,403,13,-284,0,0
4,50,504,-750,309,-32,-355,-459,331,-381,96,655,-232,402,26,-283,0,0
4,51,499,-744,312,-33,-355,-462,338,-394,96,655,-232,402,33,-287,0,0
4,52,503,-738,308,-31,-355,-469,329,-409,96,652,-232,407,26,-283,0,0
4,53,505,-739,303,-30,-355,-466,308,-438,96,650,-232,402,27,-282,0,0
4,54,501,-748,307,-33,-358,-463,308,-448,96,654,-232,394,33,-284,-1,0
4,55,502,-751,313,-33,-357,-467,330,-424,96,652,-232,396,28,-280,-1,0
4,56,504,-743,312,-32,-355,-466,340,-408,96,637,-232,397,27,-280,-1,0
4,57,506,-741,307,-32,-357,-461,338,-397,96,630,-232,396,31,-281,-1,0
4,58,506,-747,308,-33,-359,-464,335,-381,96,635,-232,400,27,-281,-1,0
4,59,504,-739,312,-33,-359,-466,324,-390,96,635,-232,396,21,-285,-1,0
4,60,502,-734,312,-32,-358,-467,313,-415,96,632,-232,386,25,-287,-1,0
4,61,499,-742,312,-33,-360,-466,315,-421,96,635,-232,393,31,-285,-1,0
4,62,499,-742,312,-34,-360,-456,328,-417,96,637,-232,405,27,-283,-1,0
4,63,501,-736,307,-33,-356,-454,347,-416,96,636,-232,399,27,-285,-1,0
4,64,502,-742,305,-31,-356,-464,357,-419,96,636,-232,396,32,-285,-1,0
4,65,506,-748,310,-30,-358,-465,356,-417,96,636,-232,404,29,-284,-1,0
4,66,508,-743,308,-33,-355,-463,353,-412,96,636,-232,400,26,-281,-1,0
4,67,505,-741,306,-34,-354,-465,329,-435,96,636,-232,395,29,-280,-1,0
4,68,505,-743,310,-33,-360,-464,300,-455,96,636,-232,406,31,-285,-1,0
4,69,505,-739,314,-33,-362,-465,322,-421,96,636,-232,404,31,-285,0,0
4,70,503,-737,313,-35,-357,-465,356,-396,96,635,-232,389,30,-278,0,0
4,71,505,-742,310,-33,-357,-461,334,-423,96,636,-232,394,31,-281,0,0
4,72,505,-745,310,-32,-361,-462,319,-431,96,636,-232,403,31,-287,0,0
4,73,501,-743,312,-32,-360,-469,347,-416,96,633,-232,396,31,-284,0,0
4,74,502,-741,313,-31,-356,-467,360,-418,96,640,-232,392,31,-283,0,0
4,75,505,-742,311,-30,-355,-458,364,-420,96,653,-232,398,31,-287,0,0
4,76,504,-743,312,-33,-356,-460,383,-409,96,655,-232,401,31,-286,0,0
4,77,505,-737,314,-34,-355,-467,381,-405,96,649,-232,403,32,-284,0,0
5,78,503,-734,308,-32,-355,-467,358,-398,96,649,-232,404,29,-283,0,0
5,79,505,-740,306,-30,-359,-465,354,-378,96,651,-232,403,31,-281,0,0
5,80,513,-736,308,-30,-360,-465,354,-383,96,651,-232,406,35,-283,0,0
5,81,510,-730,308,-34,-357,-464,342,-413,96,651,-232,402,19,-285,0,0
5,82,501,-741,308,-34,-357,-464,341,-418,96,651,-232,396,11,-279,0,0
5,83,506,-751,310,-30,-358,-468,360,-393,96,651,-232,402,26,-280,0,0
5,84,510,-744,310,-33,-359,-466,377,-382,96,651,-232,404,33,-285,0,0
5,85,504,-736,312,-37,-358,-460,383,-388,96,651,-232,393,27,-285,-1,0
5,86,505,-733,312,-32,-356,-464,380,-394,96,651,-232,389,26,-284,0,0
5,87,511,-738,310,-27,-357,-463,359,-423,96,651,-232,397,28,-286,-1,0
5,88,509,-741,310,-30,-358,-454,349,-436,96,651,-232,403,26,-283,0,0
5,89,502,-741,307,-35,-355,-456,365,-410,96,652,-232,403,26,-280,0,0
5,90,498,-742,305,-35,-355,-466,365,-401,96,654,-232,396,24,-283,-1,0
5,91,503,-741,308,-33,-359,-463,346,-418,96,653,-232,394,27,-281,0,0
5,92,506,-744,311,-31,-358,-460,348,-416,96,651,-232,398,31,-283,-1,0
5,93,503,-748,312,-32,-353,-461,350,-420,96,651,-232,392,30,-286,0,0
5,94,502,-744,305,-33,-353,-459,326,-447,96,651,-232,387,31,-284,-1,0
5,95,502,-744,303,-32,-355,-466,321,-443,96,651,-232,397,32,-284,0,0
5,96,503,-749,308,-32,-356,-474,349,-412,96,651,-232,404,30,-285,-1,0
5,97,504,-744,307,-33,-357,-467,371,-409,96,651,-232,393,27,-285,0,0
5,98,503,-738,306,-32,-357,-457,379,-423,96,651,-232,390,28,-284,0,0
5,99,503,-742,312,-29,-360,-459,383,-415,96,651,-232,403,32,-286,0,0
5,100,508,-739,311,-29,-362,-464,375,-406,96,651,-232,404,32,-285,0,0
5,101,508,-737,308,-33,-357,-465,355,-430,96,651,-232,394,28,-284,-1,0
5,102,503,-740,309,-33,-357,-463,346,-447,96,651,-232,392,27,-282,0,0
5,103,504,-739,309,-33,-357,-465,351,-435,96,651,-232,392,28,-280,0,0
5,104,507,-742,308,-33,-356,-464,344,-446,96,651,-232,394,29,-281,0,-1
5,105,503,-741,310,-34,-357,-462,329,-475,96,651,-232,406,27,-283,-1,-1
5,106,502,-736,309,-35,-359,-466,340,-457,96,651,-232,406,26,-280,0,0
5,107,504,-741,309,-33,-356,-468,361,-427,96,651,-232,391,28,-281,-1,-1
5,108,505,-743,311,-32,-354,-460,353,-441,96,651,-232,391,28,-285,-1,0
5,109,503,-737,310,-34,-356,-459,352,-451,96,651,-232,402,24,-285,-1,-1
5,110,503,-738,309,-33,-358,-465,377,-423,96,651,-232,398,31,-284,-1,0
5,111,505,-742,309,-31,-357,-466,386,-404,96,651,-232,396,27,-283,-1,0
5,112,505,-738,307,-33,-355,-461,376,-419,96,651,-232,404,9,-283,-1,0
5,113,504,-740,309,-35,-356,-461,388,-415,96,651,-232,401,15,-283,0,0
5,114,504,-744,309,-30,-358,-462,402,-396,96,651,-232,397,26,-283,-1,0
5,115,507,-742,307,-31,-359,-461,371,-424,96,651,-232,397,18,-284,0,0
5,116,506,-737,310,-33,-359,-460,327,-480,96,651,-232,393,21,-284,0,0
5,117,504,-736,309,-34,-356,-463,329,-489,96,650,-232,388,34,-283,0,0
5,118,505,-748,303,-32,-356,-463,352,-474,96,649,-232,393,29,-285,0,0
5,119,505,-754,308,-31,-356,-459,353,-473,96,650,-232,399,25,-286,0,0
5,120,502,-742,313,-33,-355,-462,353,-463,96,649,-232,393,30,-285,0,0
5,121,502,-736,308,-34,-355,-460,383,-428,96,649,-232,391,26,-283,0,0
5,122,505,-742,306,-33,-357,-456,414,-401,96,650,-232,400,26,-283,0,0
5,123,505,-743,310,-32,-360,-463,414,-397,96,650,-232,400,28,-284,0,0
5,124,503,-741,308,-33,-360,-469,390,-415,96,650,-232,390,28,-285,0,0
5,125,504,-743,304,-33,-355,-465,367,-433,96,650,-232,390,29,-285,0,0
5,126,506,-737,310,-32,-352,-464,365,-434,96,650,-232,403,29,-286,0,0
5,127,503,-733,317,-30,-357,-468,371,-435,96,650,-232,406,28,-286,0,0
5,128,500,-739,312,-32,-358,-464,360,-448,96,650,-232,399,29,-284,0,0
5,0,502,-743,306,-34,-355,-455,351,-453,96,649,-232,398,29,-282,0,0
5,1,505,-743,310,-33,-357,-456,366,-444,96,649,-232,398,26,-282,0,0
5,2,503,-742,312,-32,-357,-467,369,-437,96,650,-232,394,24,-283,0,0
5,3,503,-738,306,-32,-355,-472,354,-427,96,649,-232,391,26,-281,0,0
5,4,506,-741,306,-31,-356,-468,360,-416,96,649,-232,393,27,-279,-1,0
5,5,508,-748,312,-32,-356,-458,384,-410,96,651,-232,397,26,-280,0,0
5,6,506,-745,310,-33,-356,-457,402,-398,96,651,-232,396,28,-283,-1,0
5,7,504,-741,306,-31,-359,-464,411,-377,96,649,-232,394,30,-281,-1,0
5,8,502,-742,309,-31,-357,-465,415,-367,96,650,-232,393,27,-279,-1,0
5,9,502,-743,314,-32,-357,-467,409,-393,96,652,-232,397,27,-283,-1,0
5,10,503,-744,310,-32,-358,-470,400,-437,96,651,-232,397,29,-286,-1,0
5,11,503,-742,305,-32,-356,-464,393,-450,96,651,-232,394,25,-284,-1,0
5,12,505,-745,307,-31,-354,-461,383,-439,96,651,-232,394,23,-283,-1,0
5,13,506,-750,310,-30,-356,-466,374,-444,96,651,-232,392,28,-284,-1,0
5,14,503,-746,307,-32,-357,-464,378,-446,96,651,-232,397,28,-284,-1,-1
5,15,501,-735,305,-32,-357,-459,382,-428,96,651,-232,404,24,-284,-1,0
5,16,505,-735,310,-31,-358,-465,386,-417,96,651,-232,400,24,-284,-1,0
5,17,507,-746,311,-32,-359,-466,396,-416,96,651,-232,392,26,-283,-1,0
5,18,505,-743,309,-33,-359,-458,393,-413,96,651,-232,395,27,-281,-1,0
5,19,504,-736,305,-32,-359,-458,385,-424,96,651,-232,402,29,-281,-1,0
5,20,503,-748,307,-32,-357,-468,390,-436,96,651,-232,400,29,-283,-1,0
5,21,503,-754,312,-33,-356,-470,399,-433,96,651,-232,400,30,-281,-1,0
5,22,505,-743,308,-31,-358,-461,410,-423,96,651,-232,403,32,-280,-1,0
5,23,506,-742,308,-30,-358,-458,411,-418,96,651,-232,406,31,-285,-1,0
5,24,505,-748,313,-31,-358,-463,388,-422,96,651,-232,399,30,-288,-1,0
5,25,506,-742,314,-32,-355,-467,384,-415,96,651,-232,392,31,-286,0,0
5,26,506,-741,309,-31,-354,-466,404,-397,96,652,-232,392,30,-283,-1,0
5,27,505,-744,306,-31,-359,-463,402,-399,96,651,-232,395,25,-282,0,0
5,28,504,-739,310,-31,-361,-463,398,-411,96,649,-232,397,25,-283,-1,0
5,29,502,-738,313,-32,-356,-466,413,-396,96,650,-232,395,28,-284,-1,0
5,30,502,-742,311,-31,-356,-462,429,-385,96,651,-232,398,33,-283,0,0
5,31,503,-743,310,-31,-357,-459,426,-396,96,651,-232,405,20,-283,0,0
5,32,502,-742,312,-32,-356,-463,422,-402,96,651,-232,402,6,-283,0,0
5,33,504,-741,309,-32,-358,-461,433,-394,96,651,-232,395,19,-280,0,0
5,34,506,-742,307,-30,-360,-459,447,-383,96,651,-232,394,32,-281,0,0
5,35,504,-738,313,-30,-360,-464,433,-394,96,651,-232,399,26,-285,0,0
5,36,504,-736,310,-32,-358,-462,400,-416,96,651,-232,397,27,-284,0,0
5,37,505,-738,303,-33,-359,-461,394,-421,96,651,-232,393,35,-284,0,0
5,38,505,-736,307,-32,-360,-467,407,-415,96,651,-232,401,29,-283,0,0
5,39,504,-733,311,-32,-357,-467,413,-416,96,651,-232,408,29,-280,0,0
5,40,504,-743,310,-32,-351,-460,414,-417,96,651,-232,397,33,-284,0,0
5,41,503,-753,309,-34,-351,-459,429,-399,96,651,-232,389,31,-284,0,0
5,42,502,-745,306,-33,-356,-461,444,-387,96,651,-232,396,31,-278,0,0
5,43,505,-733,305,-30,-358,-459,424,-401,96,651,-232,401,31,-282,0,0
5,44,506,-737,307,-31,-358,-457,402,-421,96,651,-232,395,29,-288,0,0
5,45,504,-747,308,-35,-358,-461,408,-431,96,651,-232,391,32,-281,0,0
5,46,504,-742,308,-34,-359,-460,416,-443,96,651,-232,397,31,-278,0,0
5,47,507,-735,307,-33,-357,-454,416,-438,96,651,-232,403,21,-283,0,0
5,48,509,-745,307,-33,-356,-458,421,-409,96,651,-232,403,21,-280,-1,0
5,49,506,-750,309,-31,-358,-464,435,-396,96,651,-232,407,28,-280,0,0
5,50,506,-742,309,-31,-357,-466,438,-400,96,651,-232,405,24,-284,-1,0
5,51,513,-737,308,-34,-354,-467,429,-404,96,651,-232,399,22,-286,0,0
5,52,510,-743,310,-35,-357,-462,430,-415,96,651,-232,402,33,-287,-1,0
5,53,503,-743,309,-32,-360,-461,435,-421,96,651,-232,399,38,-286,0,0
5,54,505,-736,306,-32,-356,-470,440,-395,96,651,-232,388,35,-279,-1,0
5,55,507,-739,307,-33,-355,-467,447,-367,96,651,-232,392,32,-280,0,0
5,56,503,-747,308,-32,-358,-455,437,-391,96,651,-232,405,28,-286,-1,0
5,57,505,-740,306,-30,-358,-458,409,-425,96,651,-232,401,29,-280,0,0
5,58,506,-738,308,-32,-356,-464,403,-419,96,651,-232,398,30,-277,0,0
5,59,507,-751,306,-33,-354,-460,414,-407,96,651,-232,402,28,-285,-1,0
5,60,508,-749,303,-32,-358,-460,407,-424,96,651,-232,398,30,-288,0,0
5,61,507,-739,307,-31,-362,-464,405,-428,96,651,-232,392,30,-284,-1,0
5,62,506,-738,310,-30,-358,-462,426,-405,96,651,-232,392,28,-284,0,0
5,63,504,-744,307,-30,-356,-457,448,-381,96,651,-232,396,29,-285,-1,0
5,64,502,-747,309,-32,-360,-455,454,-372,96,651,-232,397,29,-284,-1,0
5,65,503,-744,309,-34,-360,-457,451,-377,96,651,-232,398,28,-284,-1,0
5,66,504,-746,306,-32,-358,-460,449,-381,96,651,-232,401,29,-283,-1,0
5,67,505,-750,312,-30,-358,-458,443,-398,96,651,-232,402,29,-284,-1,0
5,68,507,-745,316,-31,-358,-457,442,-399,96,651,-232,395,28,-282,-1,0
5,69,507,-738,309,-32,-357,-460,438,-380,96,651,-232,391,28,-276,-1,-1
5,70,505,-743,308,-31,-359,-461,408,-407,96,651,-232,402,25,-276,-1,0
5,71,505,-740,314,-31,-358,-464,394,-441,96,651,-232,410,26,-282,-1,0
5,72,505,-738,310,-32,-358,-467,416,-416,96,651,-232,405,27,-286,-1,0
5,73,503,-745,305,-32,-360,-462,432,-394,96,651,-232,399,29,-283,-1,0
5,74,503,-742,310,-33,-359,-456,426,-413,96,651,-232,401,33,-281,-1,0
5,75,502,-740,314,-32,-359,-461,449,-398,96,651,-232,401,22,-283,-1,0
5,76,502,-741,312,-30,-358,-462,472,-366,96,651,-232,396,11,-284,-1,0
5,77,505,-738,310,-31,-356,-456,449,-381,96,651,-232,392,24,-281,-1,0
6,78,507,-739,310,-34,-359,-457,416,-411,96,651,-232,395,37,-279,-1,0
6,79,504,-739,310,-32,-359,-464,411,-429,96,651,-232,401,27,-281,-1,0
6,80,504,-735,309,-30,-356,-462,416,-443,96,651,-232,400,22,-282,0,0
6,81,507,-742,306,-32,-357,-460,409,-452,96,651,-232,398,29,-285,0,0
6,82,509,-752,307,-32,-361,-460,403,-451,96,651,-232,403,28,-284,0,0
6,83,507,-744,308,-32,-360,-462,407,-447,96,651,-233,407,28,-279,0,0
6,84,504,-733,308,-34,-360,-467,409,-436,96,651,-229,401,30,-281,0,0
6,85,503,-737,307,-33,-360,-468,415,-419,96,651,-227,399,29,-287,0,0
6,86,505,-743,307,-30,-357,-465,435,-407,96,651,-230,404,27,-285,0,0
6,87,509,-739,312,-29,-356,-463,451,-391,96,651,-231,402,27,-281,0,0
6,88,508,-738,313,-32,-359,-460,444,-389,96,651,-229,396,29,-284,0,0
6,89,503,-745,307,-33,-360,-454,436,-409,96,651,-228,400,29,-286,0,0
6,90,503,-743,306,-32,-358,-457,438,-416,96,651,-229,406,28,-284,0,0
6,91,506,-740,310,-33,-357,-463,422,-421,96,651,-229,398,29,-285,0,0
6,92,507,-750,311,-35,-355,-460,405,-452,96,653,-229,397,29,-286,0,0
6,93,506,-752,311,-33,-355,-457,424,-457,96,654,-229,406,28,-286,0,0
6,94,506,-737,314,-31,-355,-463,439,-432,96,652,-228,406,29,-285,0,0
6,95,507,-730,310,-33,-356,-467,429,-421,96,652,-230,394,29,-282,0,0
6,96,506,-740,304,-33,-360,-462,430,-406,96,651,-231,393,26,-281,0,0
6,97,500,-747,303,-30,-358,-456,447,-381,96,652,-230,402,26,-285,0,0
6,98,497,-743,307,-31,-355,-458,456,-369,96,654,-231,402,26,-285,0,0
6,99,500,-743,309,-32,-358,-463,449,-382,96,652,-232,397,25,-283,0,0
6,100,501,-742,310,-31,-359,-467,436,-408,96,651,-233,400,28,-281,0,0
6,101,503,-740,312,-30,-356,-462,430,-419,96,652,-232,404,32,-281,0,0
6,102,506,-738,314,-33,-357,-456,440,-412,96,650,-232,400,32,-282,0,0
6,103,503,-738,312,-36,-360,-461,439,-419,96,648,-232,398,27,-281,0,0
6,104,503,-739,308,-33,-359,-466,434,-425,96,651,-232,400,34,-281,0,0
6,105,510,-740,306,-30,-357,-457,444,-394,96,652,-232,401,33,-284,0,0
6,106,510,-740,309,-31,-358,-454,439,-379,96,651,-232,399,11,-283,0,0
6,107,503,-745,312,-34,-361,-464,416,-407,96,651,-232,398,11,-285,0,0
6,108,504,-747,308,-33,-361,-468,408,-422,96,651,-232,396,27,-285,0,0
6,109,506,-744,307,-31,-357,-465,425,-411,96,651,-232,393,31,-283,0,0
6,110,505,-749,310,-31,-357,-460,439,-410,96,651,-232,393,27,-284,0,0
6,111,505,-749,309,-33,-360,-455,439,-417,96,651,-232,397,18,-285,-1,0
6,112,504,-736,307,-35,-357,-452,443,-410,96,651,-232,399,14,-284,0,0
6,113,504,-732,309,-34,-354,-456,438,-418,96,651,-232,399,27,-281,-1,0
6,114,504,-743,309,-30,-356,-466,427,-440,96,651,-232,400,38,-284,0,0
6,115,505,-744,310,-31,-358,-468,434,-439,96,651,-232,403,30,-284,-1,-1
6,116,507,-736,311,-34,-357,-460,431,-431,96,651,-232,400,24,-281,-1,0
6,117,507,-741,308,-34,-358,-460,421,-432,96,651,-232,395,29,-282,-1,0
6,118,504,-750,309,-31,-360,-467,442,-406,96,651,-232,399,27,-285,-1,0
6,119,504,-745,316,-32,-358,-463,450,-392,96,651,-232,402,12,-285,0,0
6,120,503,-734,314,-34,-355,-458,422,-433,96,651,-232,398,13,-284,-1,0
6,121,502,-737,311,-34,-359,-460,426,-439,96,651,-232,405,29,-285,0,0
6,122,504,-748,313,-33,-363,-457,456,-392,96,651,-232,408,29,-287,-1,0
6,123,505,-749,312,-32,-358,-452,439,-391,96,651,-232,396,23,-287,0,0
6,124,505,-744,307,-32,-356,-460,408,-438,96,651,-232,392,31,-285,-1,0
6,125,506,-737,307,-32,-359,-464,409,-444,96,651,-232,401,34,-282,0,0
6,126,504,-737,309,-30,-356,-460,416,-423,96,651,-232,399,28,-281,-1,0
6,127,505,-741,308,-31,-354,-459,414,-427,96,651,-232,396,28,-281,0,0
6,128,507,-740,308,-34,-357,-463,414,-434,96,651,-232,402,26,-280,0,0
6,0,504,-738,310,-34,-354,-462,412,-432,96,651,-232,399,27,-282,-1,0
6,1,503,-741,311,-32,-353,-461,407,-434,96,651,-232,392,26,-286,0,0
6,2,505,-742,308,-32,-357,-461,428,-423,96,651,-232,394,28,-285,0,0
6,3,505,-742,304,-32,-357,-462,448,-395,96,651,-232,398,32,-283,0,0
6,4,506,-743,305,-30,-355,-462,430,-398,96,651,-232,399,31,-283,0,0
6,5,508,-745,306,-31,-356,-462,417,-415,96,651,-232,399,28,-285,0,0
6,6,505,-742,308,-32,-357,-463,439,-407,96,651,-232,398,26,-284,0,0
6,7,502,-739,309,-31,-355,-463,443,-410,96,651,-232,404,28,-279,0,0
6,8,503,-740,309,-31,-354,-460,426,-425,96,651,-232,403,30,-280,0,0
6,9,505,-740,307,-32,-354,-458,429,-422,96,651,-232,393,36,-285,0,0
6,10,505,-738,304,-33,-356,-458,440,-404,96,651,-232,391,25,-286,0,0
6,11,506,-738,309,-33,-360,-462,445,-393,96,651,-232,401,11,-284,0,0
6,12,505,-737,313,-30,-360,-457,444,-408,96,651,-232,404,21,-282,0,0
6,13,504,-741,306,-30,-356,-456,441,-419,96,651,-232,398,33,-285,0,0
6,14,505,-744,303,-30,-354,-463,458,-395,96,651,-232,396,25,-284,0,0
6,15,506,-744,313,-28,-359,-462,472,-377,96,651,-232,400,23,-280,0,0
6,16,506,-740,314,-29,-362,-455,462,-386,96,651,-232,400,35,-280,0,0
6,17,504,-734,307,-33,-357,-458,453,-395,96,651,-232,397,29,-282,0,0
6,18,504,-738,311,-33,-355,-463,452,-406,96,651,-232,400,13,-280,0,0
6,19,504,-743,317,-30,-357,-460,442,-418,96,651,-232,401,19,-282,0,0
6,20,505,-741,309,-32,-357,-458,444,-417,96,651,-232,396,33,-287,0,0
6,21,504,-739,302,-33,-355,-462,459,-414,96,651,-232,394,33,-284,0,0
6,22,507,-738,309,-32,-358,-466,461,-413,96,651,-232,398,31,-279,0,0
6,23,508,-738,316,-32,-358,-463,455,-413,96,651,-232,396,32,-282,0,0
6,24,504,-743,312,-33,-354,-459,446,-420,96,651,-232,391,26,-284,0,0
6,25,504,-745,305,-33,-354,-460,440,-419,96,651,-232,394,22,-282,0,0
6,26,507,-740,308,-33,-357,-461,443,-414,96,651,-232,397,28,-282,0,0
6,27,507,-745,312,-31,-358,-461,445,-408,96,651,-232,396,29,-285,0,0
6,28,505,-746,311,-30,-357,-459,452,-394,96,651,-232,399,17,-284,0,0
6,29,507,-738,310,-30,-355,-457,462,-393,96,651,-232,402,14,-285,0,0
6,30,509,-740,310,-31,-357,-461,451,-407,96,651,-232,401,27,-283,0,0
6,31,506,-743,306,-32,-359,-465,444,-401,96,651,-232,400,32,-280,0,0
6,32,505,-738,305,-33,-358,-459,467,-371,96,651,-232,402,24,-281,0,0
6,33,507,-736,311,-33,-356,-454,471,-363,96,651,-232,400,23,-283,0,0
6,34,506,-744,313,-33,-354,-458,436,-391,96,651,-232,397,30,-284,0,0
6,35,507,-744,308,-32,-354,-462,418,-420,96,651,-232,395,30,-285,0,0
6,36,506,-738,307,-32,-358,-463,443,-402,96,651,-232,398,30,-285,0,0
6,37,505,-745,313,-31,-359,-462,458,-375,96,651,-232,401,28,-284,0,0
6,38,506,-748,309,-34,-356,-458,444,-400,96,651,-232,398,30,-285,0,0
6,39,506,-746,300,-36,-356,-460,441,-408,96,651,-232,397,32,-281,-1,0
6,40,505,-748,304,-35,-359,-464,452,-381,96,651,-232,405,30,-280,0,0
6,41,505,-746,310,-32,-360,-460,448,-389,96,651,-232,408,31,-287,-1,0
6,42,504,-744,308,-31,-355,-456,439,-416,96,651,-232,402,32,-286,0,0
6,43,500,-747,308,-30,-355,-460,438,-419,96,651,-232,402,28,-279,-1,0
6,44,501,-744,310,-30,-362,-465,437,-421,96,651,-232,400,26,-282,-1,0
6,45,505,-732,309,-33,-361,-460,443,-416,96,651,-232,390,29,-286,-1,0
6,46,504,-732,306,-33,-356,-456,453,-398,96,651,-232,390,29,-282,-1,0
6,47,504,-746,306,-32,-358,-465,442,-402,96,651,-232,401,25,-281,-1,0
6,48,508,-752,309,-32,-359,-468,435,-413,96,651,-232,401,28,-284,0,0
6,49,507,-744,308,-34,-356,-463,444,-412,96,651,-232,392,32,-283,0,0
6,50,500,-733,305,-32,-358,-462,446,-411,96,651,-232,397,30,-281,0,0
6,51,499,-740,305,-30,-361,-461,441,-411,96,652,-232,403,28,-282,0,0
6,52,505,-747,307,-34,-359,-461,440,-415,96,652,-232,399,31,-283,0,0
6,53,505,-741,305,-36,-356,-462,443,-407,96,652,-232,397,28,-284,0,0
6,54,503,-740,303,-32,-356,-460,455,-379,96,652,-232,401,22,-283,0,-1
6,55,504,-739,306,-32,-358,-463,459,-379,96,651,-232,401,30,-281,0,-1
6,56,505,-736,309,-32,-356,-468,444,-411,96,652,-232,405,22,-282,0,-1
6,57,504,-739,303,-31,-357,-464,439,-427,96,652,-232,408,5,-285,0,-1
6,58,506,-743,298,-31,-359,-460,432,-434,96,650,-232,402,18,-284,0,-1
6,59,504,-740,307,-31,-358,-462,420,-439,96,649,-232,396,37,-283,0,-1
6,60,503,-737,312,-31,-356,-463,434,-411,96,650,-232,401,31,-287,0,-1
6,61,506,-742,307,-34,-358,-459,449,-394,96,650,-232,403,26,-286,0,-1
6,62,507,-743,307,-32,-360,-459,443,-409,96,650,-232,396,34,-283,0,-1
6,63,506,-740,311,-28,-358,-471,451,-410,96,650,-232,401,32,-285,0,-1
6,64,504,-739,308,-29,-356,-472,455,-418,96,650,-232,407,29,-286,0,-1
6,65,508,-744,305,-32,-356,-465,438,-442,96,650,-232,400,31,-284,0,-1
6,66,510,-746,308,-34,-358,-467,450,-432,96,650,-232,393,29,-284,0,-1
6,67,504,-739,308,-33,-361,-467,469,-403,96,650,-232,397,30,-283,0,-1
6,68,504,-734,310,-32,-360,-462,457,-405,96,650,-232,402,35,-284,0,0
6,69,511,-741,309,-32,-357,-459,442,-418,96,650,-232,400,23,-284,0,-1
6,70,509,-745,303,-32,-358,-456,442,-417,96,650,-232,399,13,-284,0,-1
6,71,505,-739,307,-30,-359,-454,445,-404,96,650,-232,401,26,-283,0,0
6,72,508,-739,314,-30,-356,-460,449,-399,96,650,-232,401,31,-282,0,0
6,73,510,-742,310,-31,-356,-461,444,-416,96,650,-232,397,25,-282,0,0
6,74,506,-739,309,-31,-357,-459,442,-419,96,650,-232,396,26,-281,0,0
6,75,504,-743,313,-28,-357,-459,456,-405,96,650,-232,399,30,-285,0,0
6,76,504,-749,312,-29,-358,-458,456,-408,96,650,-232,399,28,-286,0,0
6,77,504,-744,309,-31,-360,-457,447,-409,96,650,-232,399,24,-283,0,0
7,78,504,-738,307,-32,-359,-464,454,-389,96,650,-232,401,25,-284,0,0
7,79,505,-741,310,-33,-357,-470,466,-381,96,650,-232,400,25,-290,-1,0
7,80,505,-743,311,-34,-358,-463,476,-385,96,650,-232,396,23,-288,0,0
7,81,502,-739,309,-31,-361,-456,470,-380,96,650,-232,399,23,-280,-1,0
7,82,504,-739,312,-27,-360,-459,449,-394,96,650,-232,404,29,-282,-1,0
7,83,507,-743,315,-30,-357,-458,452,-410,96,650,-232,397,29,-286,-1,0
7,84,507,-742,309,-35,-356,-455,471,-409,96,650,-232,391,26,-280,0,0
7,85,505,-738,303,-33,-356,-462,454,-413,96,650,-232,398,29,-280,0,0
7,86,505,-738,306,-32,-356,-464,441,-407,96,650,-232,407,29,-287,0,0
7,87,506,-738,311,-33,-358,-459,465,-383,96,650,-232,403,25,-286,0,0
7,88,507,-746,308,-32,-359,-461,478,-380,96,650,-232,397,23,-279,0,0
7,89,508,-751,309,-30,-357,-464,474,-385,96,650,-232,402,26,-279,0,0
7,90,505,-745,314,-33,-358,-463,478,-376,96,650,-232,401,30,-282,0,0
7,91,504,-743,312,-36,-360,-463,470,-396,96,650,-232,396,28,-282,0,0
7,92,505,-748,306,-34,-358,-460,446,-445,96,650,-232,399,24,-283,0,0
7,93,505,-745,307,-34,-355,-457,442,-451,96,650,-232,403,29,-282,0,0
7,94,504,-740,313,-35,-356,-459,460,-422,96,651,-232,402,27,-285,0,0
7,95,506,-743,315,-35,-359,-464,466,-407,96,652,-232,401,16,-286,0,0
7,96,508,-740,313,-31,-359,-465,463,-392,96,652,-232,402,17,-283,0,0
7,97,507,-737,309,-30,-355,-460,470,-385,96,651,-232,402,28,-280,0,0
7,98,504,-741,306,-34,-354,-461,476,-397,96,651,-232,401,28,-281,0,0
7,99,505,-742,305,-34,-358,-469,477,-402,96,652,-232,400,24,-285,0,0
7,100,507,-743,308,-33,-358,-466,472,-401,96,650,-232,402,28,-285,0,0
7,101,509,-739,311,-32,-356,-459,463,-413,96,649,-232,403,31,-283,0,0
7,102,503,-737,308,-31,-354,-465,458,-422,96,649,-232,399,28,-283,0,0
7,103,507,-740,307,-30,-352,-465,475,-408,96,650,-232,398,27,-283,0,0
7,104,516,-740,310,-33,-355,-457,481,-398,96,650,-232,398,27,-285,0,0
7,105,511,-739,307,-33,-360,-458,464,-407,96,650,-232,396,31,-286,0,0
7,106,505,-739,307,-30,-358,-465,458,-411,96,650,-232,393,31,-281,0,0
7,107,511,-739,307,-30,-357,-468,471,-400,96,650,-232,394,28,-280,0,0
7,108,510,-737,304,-33,-360,-470,475,-400,96,650,-232,397,27,-284,0,-1
7,109,503,-736,305,-34,-356,-465,481,-406,96,650,-232,401,29,-281,0,0
7,110,505,-737,309,-32,-357,-460,501,-391,96,650,-232,402,29,-278,0,0
7,111,507,-740,310,-31,-361,-467,499,-380,96,650,-232,399,28,-285,0,-1
7,112,504,-744,311,-33,-355,-468,479,-395,96,650,-232,397,26,-284,0,0
7,113,505,-740,314,-33,-351,-461,475,-406,96,650,-232,398,26,-278,0,0
7,114,508,-732,311,-33,-360,-461,482,-414,96,650,-232,402,30,-282,0,0
7,115,508,-734,307,-35,-361,-464,493,-407,96,653,-232,404,27,-285,0,0
7,116,503,-738,306,-34,-355,-461,508,-396,96,655,-232,401,22,-283,0,0
7,117,503,-733,309,-28,-354,-461,501,-407,96,650,-232,401,27,-284,0,0
7,118,508,-735,311,-28,-358,-458,478,-416,96,649,-232,401,31,-285,0,0
7,119,507,-740,311,-32,-362,-454,484,-411,96,651,-232,401,31,-285,0,0
7,120,505,-736,311,-33,-363,-461,503,-407,96,652,-232,401,28,-284,0,0
7,121,504,-741,311,-30,-360,-464,510,-398,96,651,-232,398,25,-284,0,0
7,122,504,-749,311,-31,-359,-456,516,-387,96,651,-232,399,25,-283,0,0
7,123,505,-744,313,-31,-361,-455,518,-388,96,651,-232,401,29,-283,0,0
7,124,505,-738,312,-31,-358,-464,512,-386,96,651,-232,397,29,-283,0,0
7,125,508,-738,307,-32,-361,-468,506,-388,96,651,-232,393,25,-283,0,0
7,126,509,-740,309,-33,-367,-466,506,-394,96,651,-232,398,22,-283,0,0
7,127,506,-740,312,-33,-362,-462,514,-387,96,651,-232,406,25,-283,0,0
7,128,502,-740,311,-35,-355,-458,519,-392,96,651,-232,406,26,-284,0,0
7,0,504,-740,308,-35,-356,-459,503,-417,96,651,-232,402,25,-285,-1,0
7,1,504,-738,309,-29,-357,-460,493,-415,96,651,-232,401,27,-283,0,0
7,2,501,-737,310,-29,-355,-456,503,-395,96,651,-232,401,24,-283,-1,0
7,3,500,-738,311,-33,-356,-458,500,-408,96,651,-232,397,23,-284,0,0
7,4,502,-739,311,-32,-356,-463,509,-414,96,651,-232,397,30,-283,0,0
7,5,504,-740,310,-29,-354,-458,525,-388,96,651,-232,398,34,-281,0,0
7,6,505,-743,309,-31,-357,-457,509,-391,96,651,-232,395,27,-282,0,0
7,7,504,-740,309,-33,-360,-461,496,-417,96,651,-232,397,27,-285,-1,0
7,8,504,-738,308,-32,-361,-455,508,-411,96,651,-232,402,32,-284,0,0
7,9,506,-743,302,-33,-359,-452,502,-404,96,651,-232,402,25,-281,-1,0
7,10,504,-744,298,-32,-358,-466,497,-417,96,651,-232,400,26,-282,0,0
7,11,504,-740,305,-33,-359,-468,524,-397,96,651,-232,399,27,-282,0,0
7,12,506,-740,312,-33,-357,-456,525,-370,96,651,-232,399,10,-281,0,0
7,13,507,-743,311,-31,-353,-463,498,-391,96,651,-232,401,10,-284,0,0
7,14,505,-742,306,-31,-350,-475,493,-423,96,651,-232,399,26,-286,0,0
7,15,506,-742,303,-30,-355,-469,502,-418,96,651,-232,399,30,-282,-1,0
7,16,508,-743,309,-30,-360,-455,515,-385,96,651,-232,405,24,-282,-1,0
7,17,507,-741,311,-31,-358,-454,529,-378,96,651,-232,402,22,-290,-1,0
7,18,504,-741,307,-31,-355,-462,530,-396,96,651,-232,398,26,-286,-1,0
7,19,503,-741,308,-31,-359,-462,532,-391,96,651,-232,405,23,-277,-1,0
7,20,506,-742,308,-33,-362,-455,541,-381,96,651,-232,405,17,-280,0,0
7,21,512,-742,309,-32,-357,-456,523,-404,96,651,-232,396,21,-286,-1,0
7,22,510,-740,310,-31,-355,-463,500,-426,96,651,-232,397,33,-282,0,0
7,23,503,-741,309,-34,-359,-460,498,-423,96,651,-232,402,30,-276,-1,0
7,24,504,-744,310,-35,-358,-457,502,-424,96,651,-232,404,18,-276,-1,0
7,25,509,-741,311,-32,-357,-466,517,-413,96,651,-232,402,23,-281,0,0
7,26,505,-736,305,-33,-360,-467,537,-382,96,651,-232,399,31,-285,-1,0
7,27,502,-739,305,-34,-356,-461,534,-381,96,651,-232,399,20,-283,0,0
7,28,505,-740,315,-33,-351,-462,524,-401,96,651,-232,402,15,-286,0,0
7,29,507,-736,313,-33,-355,-464,533,-398,96,651,-232,400,26,-289,0,0
7,30,505,-738,305,-32,-358,-463,542,-383,96,651,-232,398,22,-284,0,0
7,31,505,-747,309,-31,-357,-461,536,-387,96,651,-232,401,16,-282,0,0
7,32,506,-749,311,-32,-360,-458,529,-400,96,651,-232,400,20,-285,0,0
7,33,505,-746,300,-32,-362,-457,533,-403,96,651,-232,397,15,-285,0,0
7,34,507,-742,299,-29,-358,-459,542,-395,96,651,-232,400,14,-282,0,0
7,35,510,-739,314,-28,-355,-458,541,-383,96,651,-232,402,32,-281,0,0
7,36,508,-743,317,-31,-357,-458,530,-393,96,651,-232,400,38,-283,0,0
7,37,504,-747,306,-33,-359,-463,525,-414,96,651,-232,403,18,-281,0,0
7,38,506,-746,303,-31,-359,-461,531,-414,96,651,-232,404,7,-281,0,0
7,39,509,-737,308,-28,-357,-457,537,-403,96,653,-232,404,20,-284,0,0
7,40,505,-738,313,-31,-356,-458,530,-405,96,654,-232,407,30,-282,0,0
7,41,507,-743,312,-34,-356,-461,539,-398,96,654,-232,403,24,-281,0,0
7,42,512,-737,310,-30,-356,-460,557,-380,96,653,-232,398,22,-286,0,0
7,43,508,-735,311,-30,-359,-457,547,-392,96,651,-232,400,27,-286,-1,0
7,44,503,-741,312,-33,-360,-457,528,-415,96,650,-232,402,24,-282,0,0
7,45,506,-742,310,-33,-356,-462,529,-406,96,651,-232,399,28,-283,-1,0
7,46,506,-737,309,-33,-354,-462,538,-389,96,652,-232,397,33,-283,-1,0
7,47,504,-741,312,-32,-357,-458,537,-401,96,651,-232,400,26,-281,-1,0
7,48,504,-741,310,-33,-358,-462,537,-402,96,651,-232,401,27,-282,-1,0
7,49,505,-733,308,-34,-357,-464,546,-377,96,651,-232,402,32,-283,-1,0
7,50,504,-737,307,-33,-358,-456,559,-371,96,651,-232,399,23,-282,-1,0
7,51,507,-745,308,-33,-359,-455,569,-380,96,651,-232,399,15,-281,-1,0
7,52,514,-741,311,-32,-360,-460,567,-381,96,651,-232,401,21,-281,-1,0
7,53,510,-736,308,-32,-360,-460,562,-383,96,651,-232,398,28,-282,-1,0
7,54,505,-740,304,-34,-358,-456,563,-388,96,651,-232,396,25,-282,-1,0
7,55,509,-742,309,-35,-357,-457,568,-382,96,651,-232,402,27,-282,-1,0
7,56,508,-741,310,-35,-358,-458,566,-380,96,651,-232,403,29,-283,-1,0
7,57,504,-739,305,-34,-359,-456,561,-394,96,651,-232,402,26,-283,-1,0
7,58,507,-739,306,-32,-359,-456,558,-405,96,651,-232,401,27,-283,0,0
7,59,508,-741,312,-34,-359,-459,562,-397,96,652,-232,398,35,-284,-1,0
7,60,503,-741,308,-35,-357,-462,584,-374,96,651,-232,399,24,-283,0,0
7,61,505,-737,304,-32,-353,-462,600,-370,96,651,-232,406,9,-282,-1,0
7,62,509,-738,305,-32,-355,-459,593,-389,96,653,-232,406,21,-283,0,0
7,63,504,-742,304,-33,-358,-458,593,-389,96,653,-232,398,26,-282,0,0
7,64,498,-741,304,-31,-357,-463,614,-377,96,650,-232,396,13,-281,0,0
7,65,502,-737,313,-31,-357,-462,621,-382,96,648,-232,399,22,-284,0,0
7,66,508,-738,320,-33,-356,-456,620,-388,96,652,-232,398,35,-286,0,0
7,67,508,-739,313,-33,-355,-457,643,-386,96,657,-232,398,26,-284,0,0
7,68,501,-737,306,-32,-355,-459,666,-385,96,655,-232,402,25,-281,0,0
7,69,498,-739,310,-31,-358,-456,662,-377,96,649,-232,406,33,-283,0,0
7,70,505,-742,310,-30,-358,-453,651,-382,96,649,-232,403,28,-287,0,0
7,71,507,-738,304,-31,-354,-456,652,-408,96,650,-232,399,22,-287,0,0
7,72,503,-733,307,-31,-352,-457,660,-411,96,649,-232,400,28,-282,0,0
7,73,506,-736,310,-32,-356,-458,663,-386,96,649,-232,400,22,-279,-1,0
7,74,509,-741,305,-32,-358,-460,665,-375,96,649,-232,398,13,-282,-1,0
7,75,504,-740,306,-31,-355,-458,664,-380,96,649,-232,396,16,-285,-1,0
7,76,504,-738,309,-32,-353,-456,660,-387,96,649,-232,400,13,-281,0,0
7,77,510,-737,308,-31,-354,-455,667,-384,96,649,-232,403,11,-279,0,0
8,78,507,-737,305,-31,-357,-458,683,-367,96,649,-232,401,25,-281,-1,0
8,79,497,-740,304,-33,-358,-459,693,-371,96,649,-232,395,30,-283,0,0
8,80,501,-741,307,-32,-356,-456,678,-405,96,649,-230,398,22,-282,-1,0
8,81,514,-739,311,-29,-356,-457,667,-412,96,649,-228,403,29,-282,-1,0
8,82,510,-736,313,-30,-358,-461,672,-394,96,649,-229,398,34,-284,-1,0
8,83,501,-736,309,-35,-357,-462,669,-404,96,649,-229,394,23,-284,0,0
8,84,504,-735,303,-36,-357,-459,669,-419,96,649,-230,397,28,-282,0,0
8,85,503,-735,307,-32,-357,-460,686,-408,96,649,-230,400,35,-279,0,0
8,86,501,-737,311,-30,-357,-456,691,-409,96,649,-230,398,22,-280,0,0
8,87,505,-736,305,-32,-358,-454,681,-414,96,649,-230,396,13,-282,0,0
8,88,506,-733,304,-33,-359,-456,693,-381,96,649,-230,399,22,-281,0,0
8,89,501,-736,308,-32,-360,-455,694,-372,96,649,-230,402,30,-281,0,0
8,90,508,-738,308,-29,-357,-454,663,-409,96,649,-230,402,27,-285,0,0
8,91,515,-735,307,-30,-356,-453,651,-431,96,649,-230,401,20,-285,0,0
8,92,508,-734,307,-32,-358,-452,654,-429,96,649,-230,401,15,-279,0,0
8,93,502,-743,307,-32,-359,-454,675,-428,96,649,-230,402,20,-278,0,0
8,94,505,-743,307,-31,-358,-455,732,-421,96,649,-230,401,37,-283,0,0
8,95,506,-731,308,-31,-358,-454,783,-412,96,649,-230,399,41,-283,0,0
8,96,503,-729,308,-33,-358,-454,803,-404,96,649,-230,397,15,-282,0,0
8,97,504,-737,306,-34,-358,-451,815,-393,96,649,-230,400,2,-282,0,0
8,98,507,-738,305,-31,-358,-450,821,-404,96,649,-230,404,24,-283,0,0
8,99,507,-737,306,-28,-358,-454,812,-424,96,649,-230,403,35,-284,0,0
8,100,510,-735,308,-29,-360,-453,811,-423,96,649,-230,402,21,-284,-1,0
8,101,509,-732,311,-33,-358,-451,814,-421,96,649,-230,402,23,-283,0,0
8,102,505,-734,311,-32,-352,-457,824,-414,96,649,-230,403,33,-282,-1,0
8,103,505,-739,307,-28,-354,-459,845,-391,96,649,-230,403,26,-283,0,0
8,104,505,-738,310,-29,-358,-457,837,-394,96,649,-230,398,26,-285,0,0
8,105,505,-736,314,-36,-355,-456,823,-410,96,649,-230,396,29,-284,-1,0
8,106,505,-734,313,-36,-353,-455,836,-400,96,649,-230,401,24,-278,0,0
8,107,505,-733,308,-32,-359,-457,845,-390,96,649,-230,401,29,-279,-1,0
8,108,505,-732,308,-31,-358,-460,837,-394,96,649,-230,401,33,-281,0,0
8,109,507,-735,314,-33,-353,-452,832,-387,96,649,-230,403,18,-280,-1,0
8,110,507,-736,314,-34,-357,-447,843,-373,96,649,-230,398,13,-284,0,0
8,111,505,-733,307,-31,-361,-453,841,-390,96,649,-230,397,25,-288,-1,0
8,112,507,-733,308,-30,-356,-448,827,-406,96,649,-230,403,23,-287,0,0
8,113,506,-737,314,-32,-356,-444,823,-400,96,649,-230,401,18,-285,0,0
8,114,505,-734,311,-38,-355,-451,830,-392,96,649,-230,393,17,-283,0,0
8,115,506,-728,307,-37,-350,-455,853,-370,96,649,-230,397,12,-282,0,0
8,116,506,-731,311,-30,-355,-450,865,-350,96,649,-230,404,17,-284,-1,0
8,117,504,-738,311,-29,-357,-454,830,-382,96,650,-230,404,28,-283,0,0
8,118,504,-735,307,-35,-349,-458,799,-424,96,649,-230,401,29,-280,-1,0
8,119,507,-731,304,-35,-348,-453,824,-410,96,649,-230,399,21,-280,0,0
8,120,508,-736,305,-31,-359,-452,838,-400,96,653,-230,399,18,-281,-1,0
8,121,510,-739,310,-30,-361,-453,807,-423,96,653,-230,403,23,-283,-1,0
8,122,512,-736,312,-32,-354,-455,802,-422,96,652,-230,401,34,-283,-1,0
8,123,509,-732,310,-33,-355,-455,821,-409,96,654,-230,396,32,-284,-1,0
8,124,504,-732,309,-31,-358,-451,825,-413,96,653,-230,396,25,-286,-1,0
8,125,504,-737,308,-29,-358,-453,828,-414,96,649,-230,402,34,-286,-1,0
8,126,509,-742,308,-31,-358,-458,843,-403,96,650,-230,404,31,-284,-1,0
8,127,507,-740,308,-32,-356,-453,840,-402,96,652,-230,401,14,-283,-1,0
8,128,508,-734,310,-30,-353,-451,828,-413,96,651,-230,399,19,-281,-1,0
8,0,513,-732,307,-31,-356,-456,834,-413,96,651,-230,398,23,-276,0,0
8,1,509,-733,302,-31,-356,-453,845,-397,96,651,-230,399,12,-279,-1,0
8,2,504,-735,308,-31,-353,-449,848,-385,96,653,-230,403,21,-286,0,0
8,3,505,-737,312,-31,-355,-448,848,-384,96,654,-230,402,28,-287,0,0
8,4,505,-736,306,-31,-357,-447,844,-398,96,651,-230,401,8,-282,0,0
8,5,503,-737,305,-32,-355,-450,846,-416,96,651,-230,403,12,-282,0,0
8,6,504,-737,310,-32,-356,-452,857,-417,96,651,-230,398,37,-287,0,0
8,7,503,-732,307,-29,-356,-447,868,-414,96,651,-230,391,33,-284,0,0
8,8,504,-727,306,-29,-354,-447,862,-430,96,653,-230,396,23,-280,0,0
8,9,506,-730,309,-35,-356,-450,846,-447,96,655,-230,399,27,-284,0,0
8,10,506,-733,310,-35,-354,-451,845,-448,96,656,-230,400,28,-286,0,0
8,11,506,-733,310,-31,-351,-454,856,-429,96,652,-230,404,24,-283,0,0
8,12,506,-732,311,-31,-355,-454,853,-413,96,648,-230,403,27,-284,0,0
8,13,503,-729,310,-31,-362,-451,846,-418,96,650,-230,401,27,-283,0,0
8,14,504,-730,310,-31,-361,-452,854,-422,96,652,-230,399,13,-280,0,0
8,15,509,-734,310,-31,-355,-455,869,-411,96,651,-230,399,11,-283,0,0
8,16,510,-732,311,-31,-355,-457,873,-416,96,651,-230,403,33,-285,0,0
8,17,504,-731,313,-31,-357,-456,867,-429,96,652,-230,405,38,-281,0,0
8,18,503,-734,312,-31,-356,-454,876,-405,96,652,-230,400,25,-282,0,0
8,19,504,-735,311,-30,-355,-453,891,-385,96,651,-230,397,27,-285,-1,0
8,20,504,-732,311,-31,-353,-453,877,-406,96,652,-230,399,32,-283,0,0
8,21,506,-731,309,-34,-353,-451,864,-422,96,651,-230,399,16,-284,0,0
8,22,508,-731,308,-32,-358,-447,872,-415,96,651,-230,401,10,-282,0,0
8,23,506,-733,310,-30,-359,-451,874,-422,96,653,-230,403,24,-277,-1,0
8,24,506,-735,309,-31,-358,-456,871,-426,96,652,-230,399,33,-280,0,0
8,25,512,-735,307,-29,-359,-455,875,-406,96,650,-230,396,31,-282,0,0
8,26,513,-735,309,-30,-359,-450,874,-400,96,649,-230,396,24,-280,0,0
8,27,506,-735,310,-33,-355,-453,871,-408,96,649,-230,396,14,-282,0,0
8,28,504,-737,308,-31,-349,-459,858,-421,96,650,-230,399,19,-284,-1,0
8,29,508,-735,311,-29,-351,-457,844,-435,96,651,-230,400,33,-283,-1,0
8,30,510,-730,315,-31,-359,-453,845,-426,96,651,-230,398,28,-281,-1,0
8,31,509,-729,308,-32,-361,-451,852,-403,96,651,-230,400,24,-281,-1,0
8,32,505,-736,301,-32,-357,-451,844,-405,96,652,-230,402,30,-288,-1,0
8,33,503,-738,307,-32,-358,-451,826,-430,96,651,-230,401,27,-289,-1,0
8,34,507,-730,314,-31,-359,-451,823,-441,96,651,-230,401,28,-280,-1,0
8,35,507,-728,310,-34,-356,-453,830,-446,96,653,-230,402,31,-277,-1,0
8,36,503,-734,308,-36,-355,-453,831,-443,96,654,-230,399,24,-283,0,0
8,37,506,-734,312,-31,-357,-451,832,-426,96,651,-230,396,26,-282,0,0
8,38,507,-728,313,-30,-359,-451,842,-413,96,649,-230,399,31,-279,0,0
8,39,505,-729,309,-34,-357,-454,845,-413,96,649,-230,400,20,-279,0,0
8,40,508,-734,307,-33,-355,-454,838,-419,96,650,-230,397,18,-279,0,0
8,41,510,-735,309,-30,-357,-452,839,-418,96,649,-230,395,29,-282,0,0
8,42,506,-734,311,-31,-359,-454,848,-413,96,649,-230,397,28,-284,0,0
8,43,505,-731,308,-32,-360,-455,840,-413,96,649,-230,399,25,-278,0,0
8,44,509,-727,304,-32,-356,-453,814,-431,96,649,-230,398,18,-278,0,0
8,45,508,-735,309,-35,-354,-454,813,-443,96,649,-230,400,8,-282,0,0
8,46,505,-736,312,-32,-357,-454,829,-426,96,649,-230,401,18,-285,0,0
8,47,508,-723,305,-31,-357,-454,827,-422,96,649,-230,397,36,-280,0,0
8,48,512,-722,305,-32,-356,-452,811,-445,96,649,-230,395,32,-278,0,0
8,49,509,-732,312,-30,-357,-453,805,-445,96,650,-230,401,24,-280,0,0
8,50,502,-733,313,-30,-358,-453,815,-420,96,649,-230,403,33,-282,0,0
8,51,503,-729,307,-32,-357,-452,814,-423,96,649,-230,401,35,-287,0,0
8,52,507,-730,305,-32,-358,-454,788,-449,96,653,-230,400,15,-287,0,0
8,53,504,-733,308,-31,-357,-455,780,-450,96,652,-230,396,16,-281,-1,0
8,54,502,-734,308,-33,-352,-456,799,-433,96,650,-230,395,27,-278,-1,0
8,55,505,-733,307,-33,-352,-458,789,-442,96,650,-230,400,15,-282,-1,0
8,56,505,-729,308,-32,-357,-457,767,-455,96,652,-230,401,9,-278,-1,0
8,57,504,-730,307,-31,-356,-452,776,-440,96,651,-230,401,28,-276,-1,0
8,58,508,-734,306,-32,-355,-454,781,-429,96,651,-230,400,32,-282,-1,0
8,59,511,-735,309,-35,-359,-457,774,-439,96,651,-230,400,21,-285,0,0
8,60,505,-733,311,-36,-356,-453,780,-446,96,651,-230,398,25,-283,-1,0
8,61,502,-732,308,-33,-353,-452,786,-437,96,651,-230,396,33,-284,0,0
8,62,503,-730,307,-28,-356,-454,779,-432,96,651,-230,396,19,-281,0,0
8,63,504,-729,307,-29,-357,-454,768,-439,96,651,-230,396,9,-280,0,0
8,64,504,-733,307,-30,-357,-451,755,-448,96,651,-230,398,18,-282,0,0
8,65,504,-733,307,-28,-357,-454,746,-453,96,649,-230,402,26,-282,0,0
8,66,502,-731,310,-30,-356,-457,757,-441,96,648,-230,401,20,-279,0,0
8,67,504,-735,310,-33,-359,-453,772,-425,96,648,-230,398,25,-279,0,0
8,68,506,-734,306,-31,-359,-450,759,-433,96,648,-230,402,33,-282,0,0
8,69,505,-727,305,-29,-356,-452,744,-452,96,648,-230,404,26,-284,0,0
8,70,505,-729,308,-32,-359,-457,754,-452,96,648,-230,396,23,-282,0,0
8,71,506,-734,307,-34,-359,-454,763,-441,96,648,-230,396,31,-280,0,0
8,72,504,-733,307,-31,-353,-453,751,-432,96,648,-230,401,21,-283,0,0
8,73,505,-730,309,-32,-353,-456,748,-423,96,648,-230,399,14,-287,0,0
8,74,511,-730,310,-35,-359,-457,751,-427,96,649,-230,397,23,-286,0,0
8,75,511,-729,308,-32,-356,-459,738,-446,96,648,-230,401,22,-282,0,0
8,76,507,-730,307,-28,-351,-459,728,-450,96,648,-230,400,17,-283,0,0
8,77,503,-733,311,-32,-356,-455,724,-449,96,652,-230,401,22,-285,0,0
9,78,503,-732,312,-33,-361,-453,723,-454,96,655,-230,403,20,-282,0,0
9,79,507,-731,309,-30,-357,-457,730,-454,96,653,-230,398,14,-282,0,0
9,80,509,-734,306,-31,-357,-460,740,-452,96,651,-230,397,18,-285,-1,0
9,81,505,-733,306,-33,-358,-456,746,-438,96,651,-230,402,21,-283,0,0
9,82,502,-733,306,-32,-355,-455,751,-421,96,649,-230,400,25,-279,0,0
9,83,505,-734,307,-29,-355,-458,754,-433,96,652,-230,397,33,-284,0,0
9,84,505,-733,308,-29,-358,-457,750,-445,96,654,-230,399,26,-284,0,0
9,85,505,-732,307,-33,-355,-455,750,-423,96,652,-230,403,27,-278,-1,0
9,86,506,-734,308,-34,-355,-454,750,-405,96,651,-230,404,33,-278,0,0
9,87,505,-731,309,-30,-360,-454,747,-414,96,652,-230,400,27,-284,0,0
9,88,505,-732,308,-30,-360,-457,753,-418,96,652,-230,395,28,-286,0,0
9,89,504,-734,310,-31,-358,-459,757,-413,96,652,-230,396,27,-285,0,0
9,90,503,-731,313,-32,-361,-456,746,-420,96,651,-230,400,25,-284,0,0
9,91,502,-735,310,-33,-361,-454,737,-439,96,650,-230,398,27,-285,0,0
9,92,504,-739,309,-31,-357,-457,747,-437,96,649,-230,397,29,-285,0,0
9,93,506,-733,311,-29,-357,-457,755,-418,96,650,-230,400,27,-282,0,0
9,94,504,-729,311,-32,-356,-455,757,-418,96,650,-230,401,24,-278,0,0
9,95,503,-731,310,-32,-351,-453,770,-409,96,648,-230,401,27,-277,0,0
9,96,506,-733,305,-32,-354,-453,774,-380,96,650,-230,404,30,-280,-1,0
9,97,510,-734,304,-33,-359,-456,755,-392,96,654,-230,405,29,-282,0,0
9,98,509,-732,309,-34,-356,-457,745,-422,96,652,-230,399,29,-282,-1,0
9,99,506,-730,308,-36,-356,-455,751,-418,96,648,-230,393,28,-283,-1,0
9,100,503,-731,309,-35,-359,-455,748,-414,96,650,-230,393,25,-288,-1,0
9,101,506,-732,315,-30,-358,-456,745,-408,96,652,-230,395,28,-286,-1,0
9,102,512,-733,314,-30,-357,-455,751,-385,96,651,-230,394,30,-282,-1,0
9,103,510,-733,307,-32,-356,-456,752,-394,96,651,-230,396,20,-283,-1,0
9,104,504,-731,305,-30,-353,-456,745,-419,96,651,-230,401,25,-282,-1,0
9,105,504,-732,307,-30,-354,-454,751,-394,96,652,-230,405,27,-279,-1,0
9,106,507,-734,307,-31,-359,-454,759,-367,96,654,-230,405,7,-282,-1,0
9,107,504,-729,306,-31,-359,-455,751,-397,96,656,-230,401,14,-286,0,0
9,108,501,-725,309,-31,-359,-455,747,-416,96,654,-230,398,26,-284,0,0
9,109,504,-728,309,-31,-359,-456,758,-389,96,650,-230,398,19,-282,0,0
9,110,512,-732,307,-31,-357,-457,749,-391,96,649,-230,400,16,-282,0,0
9,111,513,-731,308,-30,-356,-455,721,-420,96,651,-230,401,19,-283,0,0
9,112,507,-730,311,-29,-357,-455,710,-410,96,652,-230,401,23,-284,0,0
9,113,503,-732,309,-30,-357,-459,714,-393,96,651,-230,402,20,-284,0,0
9,114,504,-732,308,-32,-356,-457,717,-410,96,651,-230,402,13,-281,0,0
9,115,506,-730,310,-34,-356,-455,716,-417,96,652,-230,398,18,-278,0,0
9,116,504,-733,307,-33,-359,-458,715,-401,96,651,-230,395,26,-282,0,0
9,117,511,-734,305,-33,-357,-460,732,-385,96,651,-230,398,20,-287,0,0
9,118,511,-728,306,-34,-351,-453,748,-392,96,653,-230,401,22,-285,0,0
9,119,502,-731,307,-31,-354,-450,732,-414,96,653,-230,399,33,-280,0,0
9,120,505,-738,308,-29,-360,-455,717,-422,96,649,-230,400,27,-279,0,0
9,121,512,-735,309,-33,-356,-456,722,-412,96,649,-230,400,14,-282,0,0
9,122,512,-730,306,-35,-351,-456,721,-412,96,652,-230,399,8,-286,0,0
9,123,511,-730,308,-30,-352,-457,711,-426,96,651,-230,396,17,-286,0,0
9,124,509,-729,311,-29,-355,-457,710,-427,96,651,-230,397,35,-281,0,0
9,125,503,-731,312,-30,-358,-453,718,-395,96,652,-230,401,30,-276,0,0
9,126,505,-735,310,-33,-359,-450,720,-380,96,651,-230,400,16,-278,-1,0
9,127,508,-730,308,-35,-359,-453,709,-418,96,651,-230,394,18,-283,0,0
9,128,506,-729,307,-33,-357,-459,708,-436,96,654,-230,394,24,-285,0,0
9,0,509,-731,310,-33,-356,-458,721,-423,96,654,-230,401,29,-285,0,0
9,1,509,-729,311,-30,-356,-453,716,-432,96,650,-230,401,29,-286,0,0
9,2,508,-729,309,-32,-359,-457,710,-435,96,648,-230,397,21,-285,-1,0
9,3,509,-732,308,-34,-358,-460,716,-413,96,651,-230,399,15,-281,0,0
9,4,504,-731,307,-30,-356,-457,722,-411,96,652,-230,398,22,-278,-1,0
9,5,502,-734,308,-38,-355,-457,729,-418,96,651,-230,397,34,-278,0,0
9,6,509,-737,311,-45,-358,-454,732,-403,96,651,-230,400,31,-276,-1,0
9,7,512,-732,310,-33,-354,-455,723,-396,96,651,-230,401,26,-278,0,0
9,8,506,-731,306,-28,-351,-460,720,-413,96,651,-230,400,26,-281,-1,0
9,9,504,-732,308,-37,-356,-456,728,-425,96,651,-230,403,24,-279,-1,0
9,10,508,-725,316,-34,-359,-449,723,-419,96,651,-230,401,28,-278,-1,0
9,11,509,-722,314,-27,-352,-453,720,-429,96,652,-230,397,32,-283,-1,0
9,12,505,-731,308,-31,-352,-456,739,-448,96,654,-230,403,24,-285,-1,0
9,13,504,-734,309,-32,-358,-452,763,-446,96,655,-230,405,14,-282,-1,0
9,14,506,-729,313,-32,-355,-453,777,-441,96,655,-230,398,20,-282,-1,0
9,15,505,-726,311,-32,-347,-453,778,-439,96,654,-230,397,30,-284,0,0
9,16,502,-731,306,-35,-351,-453,789,-426,96,653,-230,399,26,-283,0,0
9,17,500,-733,306,-35,-358,-453,799,-424,96,653,-230,399,25,-276,0,0
9,18,503,-728,309,-30,-359,-450,793,-437,96,652,-230,400,30,-276,0,0
9,19,508,-725,308,-30,-358,-450,788,-436,96,651,-230,401,28,-284,0,0
9,20,509,-731,308,-32,-359,-450,799,-441,96,651,-230,400,23,-283,0,0
9,21,504,-735,309,-33,-356,-448,810,-451,96,652,-230,400,30,-276,0,0
9,22,500,-730,308,-31,-357,-449,824,-437,96,654,-230,401,29,-277,0,0
9,23,505,-725,307,-31,-358,-453,844,-412,96,652,-230,397,16,-282,0,0
9,24,510,-727,309,-34,-357,-452,844,-404,96,649,-230,395,16,-278,0,0
9,25,505,-726,309,-33,-357,-450,839,-418,96,650,-230,396,27,-278,0,0
9,26,501,-724,306,-30,-357,-453,858,-428,96,652,-230,397,28,-281,0,0
9,27,511,-727,307,-31,-354,-455,880,-413,96,651,-230,398,24,-278,0,0
9,28,514,-732,308,-31,-354,-449,864,-413,96,651,-230,398,25,-278,0,0
9,29,502,-733,309,-28,-357,-448,837,-442,96,651,-230,395,32,-284,0,0
9,30,501,-731,309,-34,-355,-451,847,-445,96,651,-230,396,22,-283,-1,0
9,31,507,-732,310,-41,-355,-451,860,-426,96,651,-230,400,11,-278,-1,0
9,32,506,-734,310,-36,-358,-453,840,-437,96,652,-230,399,24,-283,-1,0
9,33,505,-732,307,-31,-359,-452,823,-450,96,652,-230,397,25,-285,-1,0
9,34,504,-727,307,-34,-356,-449,832,-442,96,651,-230,399,10,-281,-1,0
9,35,504,-727,311,-35,-357,-451,838,-445,96,651,-230,401,12,-279,0,0
9,36,508,-729,312,-31,-360,-453,841,-447,96,651,-230,402,23,-284,0,0
9,37,505,-730,307,-31,-359,-449,839,-436,96,651,-230,400,25,-287,0,-1
9,38,502,-730,306,-33,-361,-447,825,-428,96,651,-230,398,19,-282,0,0
9,39,505,-731,308,-32,-360,-454,831,-414,96,651,-230,399,18,-283,0,-1
9,40,503,-729,309,-30,-353,-455,843,-407,96,651,-230,403,19,-287,0,0
9,41,498,-727,308,-30,-355,-450,823,-431,96,652,-230,399,14,-281,0,0
9,42,502,-730,308,-31,-359,-452,802,-452,96,652,-230,395,13,-276,0,0
9,43,507,-732,308,-32,-352,-455,810,-444,96,650,-230,401,28,-282,0,0
9,44,509,-727,309,-33,-353,-451,818,-441,96,651,-230,403,34,-280,0,0
9,45,509,-728,311,-34,-361,-450,818,-448,96,653,-230,398,22,-274,0,0
9,46,503,-734,309,-31,-357,-454,823,-443,96,652,-230,397,26,-280,0,0
9,47,499,-733,306,-30,-351,-452,826,-434,96,649,-230,400,34,-283,0,0
9,48,505,-728,309,-35,-355,-452,819,-433,96,649,-230,401,25,-279,0,0
9,49,509,-731,313,-36,-358,-452,814,-427,96,651,-230,398,15,-280,0,0
9,50,507,-731,310,-32,-358,-449,813,-421,96,654,-230,396,21,-284,0,0
9,51,505,-722,306,-31,-357,-453,810,-425,96,655,-230,400,35,-283,0,0
9,52,506,-722,309,-32,-354,-456,806,-426,96,654,-230,401,31,-280,0,0
9,53,508,-731,309,-29,-356,-455,806,-417,96,651,-230,398,25,-276,0,0
9,54,507,-734,308,-30,-358,-456,805,-421,96,650,-230,396,29,-278,-1,0
9,55,507,-732,309,-35,-357,-457,792,-439,96,653,-230,396,28,-286,0,0
9,56,503,-732,310,-36,-355,-453,792,-443,96,654,-230,398,26,-286,-1,0
9,57,501,-732,307,-33,-357,-450,797,-444,96,651,-230,400,26,-279,-1,0
9,58,502,-732,305,-32,-358,-458,794,-455,96,650,-230,397,27,-274,-1,0
9,59,504,-730,307,-31,-355,-459,812,-434,96,651,-230,399,28,-277,-1,0
9,60,509,-728,308,-31,-357,-453,834,-395,96,650,-230,405,26,-284,-1,0
9,61,512,-730,309,-33,-357,-452,817,-407,96,649,-230,399,23,-285,-1,0
9,62,506,-731,309,-34,-356,-455,793,-447,96,650,-230,395,27,-281,-1,0
9,63,503,-730,307,-33,-357,-455,804,-447,96,649,-230,399,28,-275,-1,0
9,64,508,-731,307,-34,-356,-450,803,-431,96,649,-230,401,14,-277,0,-1
9,65,510,-730,306,-32,-356,-447,782,-433,96,651,-230,400,12,-286,-1,0
9,66,503,-727,305,-31,-357,-452,778,-449,96,651,-230,400,26,-289,0,-1
9,67,499,-730,307,-35,-355,-454,776,-474,96,651,-230,398,36,-285,0,0
9,68,501,-732,308,-35,-354,-453,783,-467,96,651,-230,398,30,-285,0,0
9,69,504,-720,304,-32,-359,-453,807,-427,96,651,-230,400,14,-286,-1,-1
9,70,509,-715,305,-31,-355,-453,807,-423,96,651,-230,396,18,-281,0,0
9,71,510,-727,310,-33,-352,-452,782,-454,96,651,-230,397,26,-276,0,0
9,72,507,-735,308,-31,-357,-452,777,-456,96,651,-230,401,12,-278,0,0
9,73,511,-730,306,-29,-358,-452,787,-439,96,651,-230,400,9,-282,-1,0
9,74,514,-729,308,-41,-359,-452,783,-440,96,651,-230,397,34,-280,-1,0
9,75,505,-736,308,-46,-362,-448,778,-440,96,652,-230,398,35,-278,-1,0
9,76,501,-730,306,-34,-358,-447,779,-423,96,656,-230,400,19,-280,-1,0
9,77,507,-720,308,-28,-355,-453,781,-405,96,654,-230,403,28,-278,-1,0
