0,110,506,-628,308,-28,-353,-474,610,-175,94,651,-220,522,61,-185,-1,-1
0,111,509,-631,307,-32,-355,-484,593,-179,94,651,-218,529,58,-185,-1,-1
0,112,513,-630,302,-30,-354,-487,599,-180,94,651,-219,524,57,-185,-1,-1
0,113,515,-628,306,-28,-354,-483,600,-187,94,651,-219,517,58,-185,-1,-1
0,114,511,-630,308,-30,-352,-478,590,-195,94,651,-224,519,58,-183,-1,-1
0,115,505,-632,306,-34,-352,-477,593,-192,94,651,-225,525,58,-181,-1,-1
0,116,507,-633,307,-33,-358,-486,611,-183,94,651,-226,522,58,-182,-1,-1
0,117,508,-629,307,-30,-359,-490,623,-183,94,651,-230,518,58,-181,-1,-1
0,118,507,-625,305,-31,-353,-486,610,-190,94,651,-230,523,58,-178,-1,-1
0,119,508,-628,304,-33,-352,-483,597,-192,94,651,-229,527,58,-181,0,-1
0,120,506,-631,303,-31,-354,-485,605,-184,94,651,-228,522,58,-182,-1,-1
0,121,504,-629,304,-30,-355,-479,607,-187,94,651,-222,520,58,-179,0,-1
0,122,510,-629,310,-31,-356,-476,599,-200,94,651,-218,520,58,-179,0,-1
0,123,514,-629,308,-30,-356,-481,598,-199,94,651,-222,523,58,-182,0,-1
0,124,511,-629,303,-29,-355,-479,597,-194,94,651,-221,529,58,-182,0,-1
0,125,506,-631,305,-30,-358,-477,596,-198,94,651,-221,527,58,-184,0,-1
0,126,507,-630,307,-32,-358,-480,597,-207,94,651,-225,522,58,-183,0,-1
0,127,507,-627,307,-32,-353,-482,597,-204,94,651,-229,525,58,-182,0,-1
0,128,507,-632,307,-28,-353,-478,597,-194,94,651,-230,524,58,-184,0,-1
0,0,510,-635,309,-28,-355,-477,597,-189,94,651,-226,522,58,-186,0,-1
0,1,509,-630,309,-30,-354,-482,607,-195,94,651,-226,523,59,-181,0,-1
0,2,505,-628,303,-29,-356,-483,621,-205,94,651,-228,522,57,-180,0,-1
0,3,506,-631,301,-28,-356,-481,627,-209,94,651,-226,523,56,-183,0,-1
0,4,506,-629,305,-30,-353,-477,620,-208,94,651,-226,527,62,-181,0,-1
0,5,501,-627,308,-31,-354,-483,600,-215,94,651,-231,522,54,-178,0,-1
0,6,508,-630,309,-29,-360,-488,597,-215,94,651,-231,517,43,-185,0,-2
0,7,517,-629,308,-29,-357,-485,617,-194,94,651,-229,522,53,-186,0,-2
0,8,511,-626,307,-29,-352,-486,626,-179,93,651,-231,525,65,-185,0,-2
0,9,506,-629,311,-31,-354,-488,623,-181,93,651,-225,521,60,-187,0,-2
0,10,509,-630,311,-30,-358,-483,627,-186,95,652,-219,521,57,-183,0,-2
0,11,509,-627,304,-29,-355,-478,617,-205,92,654,-228,525,64,-180,0,-2
0,12,509,-629,305,-31,-354,-481,607,-219,86,654,-233,526,63,-184,0,-2
0,13,508,-631,309,-32,-358,-484,626,-209,90,653,-228,525,62,-184,0,-2
0,14,506,-629,305,-32,-358,-487,631,-204,96,653,-229,521,63,-182,0,-2
0,15,505,-630,308,-30,-357,-482,602,-226,93,653,-231,519,58,-187,0,-2
0,16,507,-631,311,-29,-359,-474,585,-244,90,653,-228,520,61,-186,0,-2
0,17,511,-628,307,-28,-358,-480,594,-234,93,653,-229,523,65,-178,0,-2
0,18,514,-628,303,-28,-351,-483,602,-220,94,653,-229,525,48,-179,0,-2
0,19,510,-629,302,-30,-352,-480,598,-223,93,653,-229,521,39,-186,0,-2
0,20,508,-630,305,-30,-356,-479,598,-221,93,653,-229,520,59,-182,0,-2
0,21,508,-635,308,-30,-352,-479,604,-204,94,653,-229,523,68,-176,0,-2
0,22,509,-636,306,-30,-351,-479,602,-208,93,654,-229,525,55,-182,0,-2
0,23,511,-631,305,-29,-356,-479,597,-218,93,654,-229,523,56,-182,0,-2
0,24,514,-629,306,-29,-355,-482,600,-213,93,653,-229,519,64,-179,0,-1
0,25,511,-631,307,-32,-352,-482,602,-221,93,654,-229,521,57,-181,0,-1
0,26,508,-629,308,-32,-357,-477,595,-247,93,655,-229,523,57,-185,-1,-1
0,27,510,-628,307,-29,-360,-475,592,-253,93,644,-229,523,65,-190,-1,-1
0,28,509,-630,306,-32,-355,-482,595,-239,93,633,-229,523,56,-186,-1,-1
0,29,508,-631,308,-32,-353,-487,593,-238,93,635,-229,523,42,-179,-1,0
0,30,509,-628,308,-27,-354,-483,586,-248,93,639,-229,523,50,-181,-1,0
0,31,511,-626,302,-27,-357,-476,587,-247,93,633,-229,524,65,-186,-1,0
0,32,507,-629,300,-30,-359,-476,594,-235,93,633,-229,525,63,-183,-1,0
0,33,506,-630,307,-30,-355,-481,596,-234,93,637,-229,527,56,-180,-1,0
0,34,508,-628,309,-29,-352,-480,590,-251,93,636,-229,530,62,-184,-1,0
0,35,508,-630,304,-30,-355,-477,585,-259,93,636,-229,525,60,-185,-1,1
0,36,509,-631,309,-30,-355,-484,590,-248,93,636,-229,521,46,-181,-1,0
0,37,508,-628,316,-28,-355,-484,597,-247,93,636,-229,527,46,-177,-1,0
0,38,507,-630,312,-29,-357,-479,595,-262,93,636,-229,527,61,-176,-1,0
0,39,508,-634,306,-31,-354,-483,590,-264,93,636,-231,520,64,-181,-1,0
0,40,509,-631,306,-29,-354,-485,593,-253,93,636,-231,525,57,-187,-1,0
0,41,510,-629,306,-26,-355,-487,596,-246,93,636,-229,529,59,-187,-1,0
0,42,507,-630,302,-29,-354,-489,597,-239,93,636,-229,523,61,-184,-1,0
0,43,505,-633,303,-33,-353,-484,597,-231,93,636,-229,523,61,-184,-1,0
0,44,506,-632,307,-30,-354,-481,596,-229,93,636,-229,526,63,-186,-1,0
0,45,506,-628,308,-28,-353,-481,599,-229,93,636,-229,526,62,-187,-1,0
0,46,510,-627,308,-30,-358,-479,602,-229,93,636,-229,524,60,-186,-1,1
0,47,508,-630,310,-30,-360,-483,598,-238,93,636,-229,526,59,-185,-1,1
0,48,502,-628,309,-29,-354,-484,597,-253,93,636,-229,529,59,-184,-1,1
0,49,505,-627,305,-31,-352,-478,597,-263,93,636,-229,527,61,-182,-1,1
0,50,511,-630,305,-30,-355,-481,589,-266,93,635,-229,519,59,-182,-1,1
0,51,508,-633,306,-29,-354,-480,586,-256,93,635,-229,519,59,-184,-1,1
0,52,506,-634,308,-31,-353,-475,596,-228,93,637,-229,526,61,-183,-1,1
0,53,509,-630,309,-30,-355,-479,601,-211,93,635,-229,527,59,-184,-1,1
0,54,508,-628,305,-27,-357,-481,596,-214,93,634,-229,525,57,-186,-1,1
0,55,511,-633,302,-30,-356,-476,598,-228,93,645,-229,524,64,-186,-1,1
0,56,513,-631,308,-33,-355,-475,596,-242,93,657,-229,523,57,-185,-1,1
0,57,512,-629,311,-29,-357,-477,584,-250,93,654,-229,522,42,-182,-1,1
0,58,509,-631,306,-26,-356,-479,588,-247,93,651,-230,525,51,-180,0,1
0,59,508,-629,302,-28,-353,-484,592,-248,93,654,-229,523,65,-184,0,1
0,60,510,-627,303,-31,-355,-485,573,-265,93,654,-227,521,62,-184,0,1
0,61,509,-627,307,-31,-358,-482,560,-272,93,651,-232,525,57,-180,0,1
0,62,508,-627,310,-30,-355,-480,577,-255,93,649,-229,524,59,-182,0,1
0,63,513,-630,310,-29,-352,-481,592,-235,93,648,-214,521,59,-184,0,0
0,64,514,-631,306,-30,-353,-477,585,-234,93,648,-218,523,63,-183,0,0
0,65,510,-628,302,-32,-353,-477,580,-236,93,648,-230,524,64,-180,0,0
0,66,510,-630,304,-29,-355,-480,587,-224,93,648,-222,523,60,-180,0,0
0,67,511,-632,307,-28,-355,-479,598,-219,93,648,-213,524,62,-187,0,0
0,68,508,-632,306,-31,-354,-478,591,-243,93,648,-219,526,63,-186,0,0
0,69,508,-632,308,-33,-354,-480,569,-267,93,648,-225,526,59,-175,0,0
0,70,513,-630,310,-30,-354,-477,564,-267,93,648,-229,522,62,-176,0,0
0,71,513,-628,308,-29,-354,-476,569,-265,93,648,-230,519,60,-185,0,0
0,72,513,-630,307,-30,-355,-483,567,-266,93,648,-228,521,44,-182,0,0
0,73,514,-633,307,-31,-356,-483,570,-254,93,648,-231,526,43,-177,0,0
0,74,512,-632,305,-32,-356,-480,572,-247,93,648,-232,525,62,-182,0,-1
0,75,511,-630,302,-32,-355,-486,566,-242,93,648,-228,522,65,-186,0,-1
0,76,512,-629,306,-29,-354,-486,576,-224,93,648,-227,523,56,-181,0,-1
0,77,511,-630,308,-27,-357,-481,594,-205,93,648,-229,522,57,-181,0,-1
0,78,504,-632,302,-31,-360,-481,597,-205,93,648,-230,519,60,-184,0,-1
0,79,505,-631,303,-34,-354,-483,589,-222,93,648,-231,525,60,-181,0,-1
0,80,512,-630,310,-29,-353,-480,575,-245,93,648,-232,528,61,-180,0,-1
0,81,510,-627,308,-27,-358,-477,567,-256,93,648,-231,522,55,-184,0,-1
0,82,504,-629,300,-32,-358,-486,580,-250,93,648,-229,523,55,-185,-1,-1
0,83,508,-631,304,-31,-353,-494,592,-243,93,648,-227,527,59,-184,-1,-1
0,84,516,-629,310,-27,-352,-486,594,-239,93,648,-231,523,61,-183,-1,-1
0,85,511,-633,309,-29,-354,-476,590,-239,93,648,-231,522,61,-182,-1,-1
0,86,508,-639,310,-31,-353,-479,576,-246,93,648,-221,528,61,-185,-1,-1
0,87,511,-635,307,-29,-355,-484,574,-247,93,648,-222,528,61,-185,-1,-1
0,88,510,-629,303,-29,-358,-485,592,-248,93,648,-228,521,62,-184,-1,-1
0,89,508,-632,307,-29,-355,-481,592,-259,93,648,-225,519,60,-183,-1,-1
0,90,510,-634,309,-29,-352,-476,571,-264,93,648,-225,522,57,-182,-1,-1
0,91,510,-631,304,-32,-352,-480,564,-260,93,648,-228,524,58,-183,-1,-1
0,92,511,-628,305,-34,-358,-484,565,-266,93,648,-230,523,60,-184,0,-1
0,93,510,-628,309,-30,-361,-476,564,-281,93,648,-229,523,60,-185,0,-1
0,94,509,-630,308,-29,-356,-475,568,-275,93,648,-223,523,60,-181,0,-1
0,95,509,-627,306,-30,-357,-485,570,-250,93,648,-218,526,58,-178,0,0
0,96,505,-627,307,-30,-361,-490,568,-244,93,648,-228,526,56,-181,0,0
0,97,506,-631,308,-29,-358,-479,580,-247,93,648,-232,525,58,-184,0,0
0,98,510,-633,309,-30,-354,-472,599,-226,93,648,-228,526,60,-185,0,0
0,99,508,-632,307,-31,-356,-476,601,-207,93,648,-231,526,59,-184,0,0
0,100,505,-631,304,-29,-355,-485,595,-216,93,648,-232,525,60,-184,0,0
0,101,510,-631,304,-29,-353,-487,597,-233,93,648,-229,526,63,-183,0,0
0,102,512,-629,307,-31,-356,-483,589,-244,93,648,-234,527,61,-182,0,0
0,103,510,-631,307,-31,-359,-478,572,-258,93,648,-229,526,56,-180,0,0
0,104,510,-630,305,-29,-358,-477,571,-277,93,648,-220,525,57,-178,0,0
0,105,512,-626,303,-29,-356,-484,576,-278,93,648,-223,526,60,-176,0,0
0,106,509,-629,302,-29,-355,-486,573,-263,93,648,-225,526,63,-175,0,0
0,107,507,-634,306,-29,-355,-480,568,-257,93,648,-222,526,61,-181,0,0
0,108,508,-631,310,-30,-353,-480,571,-253,93,648,-228,528,55,-189,0,0
0,109,509,-629,304,-30,-354,-486,572,-240,93,648,-234,525,61,-186,0,0
0,110,509,-635,303,-31,-354,-483,567,-241,93,648,-229,522,55,-179,0,0
1,111,509,-635,310,-30,-354,-478,561,-260,93,648,-230,526,41,-181,0,0
1,112,510,-628,310,-25,-354,-480,560,-276,93,648,-234,524,51,-183,0,0
1,113,512,-627,306,-26,-354,-484,562,-291,93,648,-230,517,62,-182,-1,0
1,114,511,-630,307,-31,-353,-485,559,-296,93,648,-228,521,55,-187,-1,0
1,115,508,-633,307,-32,-356,-479,561,-287,93,648,-232,529,54,-186,-1,0
1,116,509,-632,303,-30,-359,-471,569,-271,93,648,-227,528,63,-179,-1,0
1,117,513,-631,304,-33,-355,-478,572,-250,93,648,-221,525,59,-181,-1,0
1,118,512,-630,309,-34,-354,-489,569,-245,93,648,-225,526,58,-185,-1,0
1,119,511,-627,310,-31,-359,-482,571,-249,93,648,-228,526,62,-179,-1,-1
1,120,514,-627,309,-29,-356,-478,571,-246,93,648,-228,523,57,-176,-1,-1
1,121,511,-631,304,-32,-351,-490,567,-244,93,648,-230,520,53,-180,-1,-1
1,122,506,-632,303,-32,-354,-485,565,-259,93,648,-223,520,56,-180,-1,0
1,123,508,-631,303,-29,-356,-477,562,-274,93,650,-217,525,62,-185,-1,0
1,124,511,-628,302,-31,-354,-488,562,-280,93,654,-217,531,57,-187,-1,0
1,125,507,-633,305,-32,-354,-489,567,-286,93,654,-216,527,55,-178,-1,0
1,126,508,-642,305,-30,-353,-476,571,-284,93,651,-221,519,62,-175,-1,0
1,127,512,-638,302,-33,-352,-478,569,-280,93,651,-232,519,63,-183,-1,0
1,128,511,-629,304,-31,-355,-482,570,-278,93,652,-230,524,61,-187,-1,0
1,0,509,-629,306,-24,-359,-477,573,-264,93,652,-228,526,63,-181,-1,0
1,1,511,-631,306,-26,-357,-479,570,-249,93,652,-228,526,61,-178,-1,0
1,2,508,-630,306,-33,-351,-484,564,-244,93,652,-228,525,60,-181,-1,0
1,3,503,-629,307,-31,-354,-481,565,-249,93,652,-230,523,67,-181,-1,0
1,4,507,-628,308,-28,-360,-479,568,-270,93,652,-231,522,55,-176,-1,0
1,5,508,-630,308,-30,-357,-487,564,-292,93,652,-228,521,46,-176,-1,0
1,6,509,-632,306,-31,-352,-487,558,-290,93,652,-229,526,59,-178,-1,0
1,7,516,-628,308,-30,-356,-478,556,-277,93,652,-229,529,56,-178,0,0
1,8,512,-630,308,-28,-358,-477,559,-276,93,652,-229,525,43,-178,0,0
1,9,505,-631,305,-30,-353,-483,566,-274,93,652,-229,524,56,-175,0,0
1,10,506,-631,306,-32,-354,-481,570,-272,93,652,-229,524,69,-178,0,0
1,11,508,-631,307,-32,-356,-478,565,-274,93,652,-229,523,59,-182,0,0
1,12,508,-631,309,-30,-353,-486,549,-280,93,651,-229,526,56,-180,0,0
1,13,507,-631,307,-29,-353,-492,538,-283,93,651,-229,528,61,-180,0,0
1,14,504,-633,305,-30,-355,-483,535,-275,93,650,-229,526,58,-182,0,0
1,15,506,-636,309,-30,-351,-474,542,-277,93,649,-229,523,57,-181,0,0
1,16,511,-634,311,-27,-352,-477,558,-285,93,651,-229,524,58,-182,0,0
1,17,509,-628,307,-25,-356,-484,566,-291,93,656,-229,525,62,-183,0,0
1,18,507,-628,306,-28,-354,-486,564,-306,93,655,-229,526,64,-179,0,0
1,19,512,-632,312,-32,-353,-482,565,-334,93,650,-229,525,60,-178,0,0
1,20,512,-632,308,-31,-354,-482,560,-363,93,649,-229,525,61,-183,0,0
1,21,510,-631,303,-30,-354,-483,547,-379,93,651,-229,526,65,-186,0,0
1,22,509,-629,305,-30,-355,-485,545,-373,93,652,-229,525,51,-180,0,0
1,23,509,-625,308,-30,-355,-489,541,-360,93,651,-229,524,41,-180,-1,0
1,24,515,-628,309,-31,-354,-488,528,-371,93,651,-229,527,57,-188,-1,0
1,25,515,-632,304,-31,-354,-480,527,-387,93,651,-229,526,64,-188,-1,-1
1,26,506,-628,302,-27,-354,-481,535,-381,93,651,-229,522,53,-184,-1,-1
1,27,505,-627,305,-27,-353,-483,538,-367,93,651,-229,522,56,-186,-1,-1
1,28,509,-630,305,-31,-353,-474,537,-371,93,651,-229,524,63,-185,-1,-1
1,29,510,-630,305,-32,-354,-476,535,-402,93,651,-229,524,58,-179,-1,-1
1,30,511,-628,309,-29,-353,-481,536,-418,93,651,-229,524,60,-180,-1,-1
1,31,506,-630,307,-30,-353,-477,543,-406,93,651,-229,525,63,-185,-1,-1
1,32,502,-631,306,-32,-356,-479,543,-404,93,651,-229,526,60,-183,-1,-1
1,33,511,-631,308,-29,-356,-483,536,-403,93,651,-229,524,59,-183,-1,-1
1,34,518,-629,306,-29,-354,-480,537,-385,93,651,-229,525,62,-184,-1,-1
1,35,514,-632,305,-29,-354,-477,539,-377,93,651,-230,525,60,-179,-1,-1
1,36,512,-633,308,-30,-353,-482,524,-393,93,651,-228,519,53,-176,-1,-1
1,37,512,-631,307,-32,-353,-482,507,-406,93,651,-227,521,56,-181,-1,-1
1,38,511,-633,305,-31,-355,-483,509,-405,93,651,-229,526,62,-180,-1,-1
1,39,512,-637,306,-29,-353,-482,523,-396,93,651,-232,523,60,-176,-1,-1
1,40,507,-631,307,-30,-355,-483,533,-384,93,651,-231,522,58,-180,-1,-1
1,41,507,-628,305,-30,-358,-489,534,-382,93,651,-228,527,58,-183,-1,-1
1,42,516,-632,308,-28,-356,-488,533,-380,93,651,-229,524,55,-179,0,-1
1,43,517,-630,309,-31,-353,-484,534,-375,93,651,-229,518,56,-182,0,-1
1,44,509,-630,310,-31,-356,-483,531,-386,93,651,-227,525,62,-182,0,-1
1,45,507,-633,311,-28,-357,-489,523,-395,93,651,-228,526,60,-179,0,-1
1,46,509,-630,308,-28,-355,-487,521,-388,93,651,-232,518,54,-184,0,-1
1,47,509,-629,306,-30,-354,-481,515,-381,93,651,-231,522,57,-183,0,-1
1,48,511,-630,302,-30,-353,-487,511,-375,93,651,-228,528,67,-180,0,-1
1,49,511,-633,299,-29,-354,-487,519,-365,93,651,-229,524,73,-186,0,-1
1,50,509,-633,302,-30,-355,-480,517,-377,93,652,-229,521,61,-183,0,-1
1,51,514,-629,304,-32,-354,-481,513,-387,93,652,-229,524,51,-174,0,-1
1,52,517,-628,304,-31,-353,-488,531,-370,93,652,-229,524,57,-178,0,-1
1,53,512,-633,307,-30,-353,-486,533,-367,93,652,-229,520,60,-184,0,-1
1,54,509,-632,311,-29,-354,-487,517,-389,93,652,-229,519,55,-178,0,-1
1,55,510,-627,306,-30,-355,-486,519,-396,93,652,-229,524,58,-179,0,-1
1,56,507,-629,302,-30,-355,-474,527,-379,93,652,-229,529,63,-187,0,-1
1,57,504,-630,304,-29,-356,-477,510,-376,93,652,-229,524,61,-182,0,-1
1,58,509,-627,305,-29,-357,-486,501,-396,93,652,-230,521,52,-175,0,-1
1,59,513,-628,304,-30,-354,-481,518,-397,93,652,-229,527,52,-187,0,-1
1,60,512,-630,305,-30,-352,-478,532,-373,93,652,-230,528,55,-192,0,-1
1,61,509,-629,305,-29,-354,-480,533,-363,93,652,-230,524,55,-182,0,-1
1,62,509,-631,306,-29,-355,-480,531,-358,94,652,-225,522,58,-180,0,-1
1,63,511,-633,308,-28,-355,-480,524,-346,93,652,-226,525,49,-186,0,-1
1,64,510,-630,306,-30,-354,-479,504,-372,93,652,-225,527,47,-182,0,-1
1,65,514,-629,304,-30,-354,-479,494,-415,94,652,-219,525,57,-180,0,-1
1,66,516,-633,308,-28,-354,-490,505,-418,91,652,-224,522,52,-183,0,-1
1,67,509,-632,310,-29,-354,-493,511,-411,87,651,-233,523,44,-181,0,0
1,68,506,-629,306,-30,-353,-483,506,-426,88,649,-232,524,57,-179,0,0
1,69,512,-632,302,-31,-354,-481,499,-429,90,648,-229,520,68,-180,0,0
1,70,509,-630,302,-30,-354,-483,500,-409,90,648,-233,520,59,-178,0,0
1,71,505,-628,306,-30,-352,-488,502,-391,91,648,-232,523,49,-176,0,0
1,72,509,-631,304,-32,-354,-495,502,-389,94,649,-229,522,45,-183,0,0
1,73,511,-634,304,-32,-357,-490,518,-383,94,648,-232,523,57,-185,0,0
1,74,511,-632,310,-30,-356,-484,539,-366,93,647,-229,525,67,-180,0,0
1,75,511,-626,309,-29,-353,-487,541,-367,94,653,-224,526,57,-180,0,0
1,76,508,-630,302,-28,-357,-483,536,-385,94,659,-224,524,58,-183,0,0
1,77,508,-643,302,-28,-361,-476,535,-383,93,647,-224,519,63,-184,0,0
1,78,511,-640,309,-28,-354,-479,540,-363,93,638,-226,515,57,-185,0,0
1,79,512,-628,310,-28,-351,-481,537,-354,93,650,-230,521,57,-183,0,0
1,80,512,-630,306,-30,-353,-480,535,-344,93,656,-222,524,64,-181,0,0
1,81,514,-633,307,-31,-356,-481,548,-322,93,651,-217,522,55,-184,0,0
1,82,511,-629,308,-30,-357,-481,556,-311,93,651,-227,522,44,-184,0,0
1,83,505,-632,304,-29,-354,-481,542,-323,93,653,-231,523,54,-179,0,0
1,84,507,-632,303,-29,-356,-483,530,-338,93,653,-226,524,61,-182,0,0
1,85,511,-627,305,-30,-361,-484,531,-333,93,653,-231,525,56,-187,0,0
1,86,509,-630,305,-30,-356,-480,542,-313,93,650,-233,524,53,-181,0,0
1,87,505,-634,305,-30,-352,-479,561,-298,93,649,-229,526,54,-174,0,0
1,88,504,-628,305,-30,-355,-482,563,-306,93,652,-229,527,57,-176,0,0
1,89,505,-626,308,-29,-355,-481,540,-323,93,651,-230,522,61,-179,0,0
1,90,507,-632,311,-30,-354,-478,535,-320,93,651,-229,522,61,-182,0,0
1,91,511,-635,309,-31,-357,-479,541,-306,93,651,-229,529,53,-183,0,0
1,92,508,-631,305,-30,-356,-481,534,-310,93,651,-229,525,55,-180,0,0
1,93,503,-627,307,-29,-353,-480,524,-323,93,651,-229,519,63,-181,0,0
1,94,506,-629,310,-29,-352,-483,513,-318,93,651,-229,524,54,-188,0,0
1,95,506,-630,306,-30,-354,-485,501,-318,93,651,-229,527,43,-186,0,0
1,96,503,-628,303,-29,-356,-484,510,-326,93,651,-229,523,53,-180,-1,0
1,97,506,-628,307,-30,-356,-481,534,-314,93,651,-229,524,61,-180,0,0
1,98,511,-628,309,-31,-354,-480,541,-295,93,651,-229,526,55,-179,-1,0
1,99,511,-629,304,-32,-354,-486,532,-303,93,651,-229,524,54,-178,-1,0
1,100,514,-630,302,-31,-355,-490,529,-310,93,651,-229,524,62,-181,-1,0
1,101,515,-630,307,-27,-356,-486,533,-297,93,651,-229,524,59,-176,-1,0
1,102,509,-630,309,-26,-356,-481,537,-280,93,651,-229,522,44,-174,-1,0
1,103,508,-629,308,-31,-355,-483,539,-268,93,651,-229,523,44,-184,-1,0
1,104,511,-628,308,-33,-356,-481,536,-268,93,651,-229,523,62,-185,-1,0
1,105,509,-632,305,-32,-356,-479,532,-289,93,652,-229,520,67,-178,-1,0
1,106,506,-632,306,-33,-353,-483,529,-309,93,651,-229,521,56,-181,-1,0
1,107,510,-629,309,-32,-352,-479,529,-310,93,649,-229,520,61,-185,-1,0
1,108,511,-630,309,-30,-355,-475,530,-317,93,649,-229,518,64,-184,-1,0
1,109,506,-632,307,-30,-354,-479,535,-327,93,650,-229,523,56,-185,-1,0
1,110,507,-630,305,-30,-350,-481,536,-316,93,650,-229,523,56,-185,-1,0
2,111,510,-627,306,-28,-351,-480,537,-291,93,650,-229,521,57,-182,-1,0
2,112,509,-630,310,-30,-357,-481,544,-267,93,650,-230,524,59,-185,-1,0
2,113,507,-631,308,-29,-361,-482,544,-257,93,650,-228,523,61,-185,-1,0
2,114,503,-629,305,-27,-358,-479,538,-270,93,652,-230,523,60,-180,-1,0
2,115,505,-629,307,-30,-354,-478,532,-293,93,652,-230,528,54,-183,-1,0
2,116,514,-628,308,-31,-354,-478,531,-300,93,651,-226,528,58,-182,0,0
2,117,512,-626,309,-28,-356,-482,532,-296,93,651,-225,522,64,-178,0,0
2,118,508,-628,309,-30,-355,-485,531,-298,93,651,-226,523,60,-183,0,0
2,119,517,-629,308,-32,-353,-482,526,-307,93,651,-229,524,56,-184,0,0
2,120,516,-627,309,-29,-353,-482,524,-307,93,651,-229,523,58,-179,0,0
2,121,504,-631,308,-29,-352,-484,529,-283,93,651,-221,525,60,-181,0,-1
2,122,502,-632,306,-31,-355,-485,544,-249,93,651,-219,525,61,-186,0,-1
2,123,511,-627,307,-29,-359,-482,563,-242,93,651,-228,523,64,-185,0,-1
2,124,517,-627,308,-28,-356,-480,558,-266,93,651,-235,523,64,-185,0,-1
2,125,517,-628,307,-30,-355,-481,537,-288,93,651,-227,521,62,-187,0,-1
2,126,510,-630,306,-31,-359,-477,530,-290,93,651,-219,521,63,-185,0,-1
2,127,504,-634,304,-30,-354,-478,531,-287,93,651,-222,525,61,-183,0,0
2,128,509,-632,301,-29,-349,-486,528,-289,93,651,-229,522,56,-184,0,0
2,0,516,-625,306,-30,-354,-488,526,-286,93,651,-230,524,54,-184,0,0
2,1,512,-627,310,-32,-355,-485,528,-277,93,651,-228,528,61,-183,0,0
2,2,508,-631,307,-29,-352,-485,532,-273,93,651,-231,525,70,-182,0,0
2,3,510,-631,307,-28,-354,-483,540,-270,93,651,-230,523,55,-180,0,0
2,4,507,-635,310,-30,-354,-479,543,-268,93,651,-225,526,39,-181,0,0
2,5,507,-637,309,-31,-352,-482,540,-270,93,651,-227,524,55,-185,0,0
2,6,515,-633,306,-30,-355,-480,540,-277,93,651,-230,522,66,-182,0,0
2,7,515,-630,307,-29,-359,-478,532,-284,93,651,-229,525,55,-176,0,0
2,8,512,-629,310,-29,-356,-483,512,-293,93,651,-230,524,54,-181,0,0
2,9,511,-629,308,-30,-350,-480,503,-301,93,651,-230,525,62,-188,0,0
2,10,508,-631,305,-31,-352,-474,507,-305,93,651,-225,528,60,-187,0,0
2,11,510,-630,306,-31,-356,-483,506,-313,93,651,-224,524,58,-183,0,0
2,12,510,-629,306,-31,-357,-491,502,-321,93,651,-232,523,60,-185,0,-1
2,13,505,-632,306,-32,-355,-481,501,-317,93,651,-234,524,59,-189,0,-1
2,14,509,-632,308,-32,-352,-474,509,-307,93,651,-230,523,58,-187,0,-1
2,15,515,-629,307,-30,-352,-480,527,-299,93,651,-228,522,60,-181,0,-1
2,16,510,-629,306,-28,-355,-484,537,-291,93,651,-227,526,62,-179,0,-1
2,17,506,-631,306,-30,-358,-483,529,-287,93,651,-231,525,60,-182,0,-1
2,18,510,-628,307,-30,-355,-481,529,-294,93,651,-231,523,56,-181,0,-1
2,19,511,-626,304,-29,-351,-481,536,-287,93,651,-230,523,56,-178,0,-1
2,20,506,-633,304,-31,-353,-483,537,-275,93,651,-229,522,59,-182,0,-1
2,21,508,-633,309,-30,-358,-481,540,-280,93,651,-234,524,58,-184,0,-1
2,22,512,-627,313,-31,-356,-476,540,-280,93,651,-232,525,53,-182,0,-1
2,23,506,-625,311,-34,-353,-478,514,-277,93,651,-219,525,54,-184,0,-1
2,24,504,-629,305,-32,-355,-481,501,-286,93,651,-221,526,59,-182,0,0
2,25,511,-631,305,-27,-356,-482,527,-287,93,651,-228,522,62,-176,0,0
2,26,513,-634,313,-28,-355,-480,545,-280,93,651,-222,520,59,-178,0,0
2,27,507,-632,312,-32,-354,-476,537,-282,93,651,-222,526,54,-183,0,0
2,28,504,-628,303,-31,-354,-474,534,-280,93,651,-232,529,59,-181,0,0
2,29,505,-629,303,-31,-353,-481,544,-276,93,651,-232,525,52,-180,0,0
2,30,507,-631,312,-32,-353,-485,534,-284,93,652,-226,523,42,-183,0,0
2,31,509,-628,309,-31,-355,-480,511,-294,93,651,-232,525,54,-183,0,0
2,32,511,-625,305,-30,-354,-481,498,-301,93,649,-231,524,66,-182,0,0
2,33,509,-627,311,-28,-354,-482,492,-310,93,648,-220,524,61,-176,0,0
2,34,504,-630,310,-29,-355,-483,492,-308,93,648,-219,527,57,-176,0,-1
2,35,506,-629,303,-32,-353,-485,501,-297,93,648,-226,524,58,-183,0,0
2,36,511,-628,304,-30,-353,-483,511,-291,93,648,-224,521,54,-181,0,-1
2,37,513,-627,304,-27,-354,-484,507,-298,93,648,-223,522,60,-176,0,-1
2,38,516,-627,303,-32,-354,-483,508,-300,93,648,-230,524,66,-183,0,-1
2,39,513,-630,305,-33,-353,-483,509,-302,93,648,-231,525,52,-187,0,-1
2,40,508,-631,307,-28,-352,-486,494,-322,93,648,-227,521,44,-184,0,-1
2,41,510,-628,305,-28,-354,-486,490,-329,93,648,-232,521,57,-184,0,-1
2,42,510,-627,304,-31,-358,-483,494,-308,93,648,-230,528,65,-185,0,-1
2,43,507,-629,302,-31,-358,-487,494,-302,93,648,-220,529,58,-180,0,-1
2,44,508,-631,304,-30,-354,-487,495,-313,93,648,-219,525,58,-175,0,-1
2,45,509,-631,306,-30,-354,-476,500,-297,94,648,-229,526,63,-179,0,-1
2,46,511,-629,306,-31,-354,-476,509,-272,94,648,-233,525,61,-183,0,-1
2,47,512,-626,304,-32,-358,-484,527,-261,93,648,-228,522,60,-181,0,-1
2,48,511,-630,300,-31,-359,-488,540,-262,93,648,-227,525,56,-180,0,-1
2,49,510,-632,302,-31,-354,-483,526,-275,94,648,-228,523,52,-180,-1,-1
2,50,509,-628,310,-31,-355,-479,508,-289,93,648,-229,517,55,-181,0,-1
2,51,508,-628,312,-29,-359,-481,497,-302,90,648,-232,521,59,-186,-1,-1
2,52,510,-632,306,-29,-358,-484,480,-308,89,648,-229,525,59,-186,-1,-1
2,53,508,-628,304,-33,-354,-484,466,-299,94,648,-227,523,64,-181,-1,-1
2,54,501,-625,307,-30,-355,-482,478,-288,96,648,-231,524,63,-183,-1,-1
2,55,505,-630,308,-28,-357,-483,503,-291,91,648,-229,527,46,-185,-1,-1
2,56,514,-633,308,-31,-360,-485,517,-294,91,648,-223,525,48,-183,-1,-1
2,57,515,-629,308,-32,-359,-483,518,-291,94,648,-225,523,58,-186,-1,-1
2,58,513,-630,307,-29,-352,-480,519,-292,94,648,-230,522,52,-187,-1,-1
2,59,510,-629,307,-27,-352,-481,520,-290,93,648,-229,523,52,-178,-1,-1
2,60,507,-627,307,-30,-352,-484,512,-289,93,648,-225,522,60,-180,-1,-1
2,61,511,-627,307,-31,-352,-484,503,-285,94,648,-228,520,57,-185,-1,-1
2,62,512,-631,305,-30,-354,-483,512,-282,93,648,-232,523,56,-181,-1,-1
2,63,510,-631,302,-31,-356,-484,515,-283,93,648,-225,526,64,-179,-1,-1
2,64,514,-629,305,-31,-355,-484,502,-279,93,648,-222,523,61,-180,-1,-1
2,65,512,-633,306,-28,-358,-481,511,-273,93,648,-229,525,50,-179,-1,-1
2,66,508,-631,303,-29,-359,-483,533,-271,93,648,-231,527,56,-178,-1,-1
2,67,516,-631,304,-33,-353,-483,534,-275,93,648,-225,524,58,-178,-1,-1
2,68,514,-639,308,-32,-353,-477,528,-280,93,648,-229,522,44,-182,-1,-1
2,69,499,-639,309,-30,-356,-474,535,-277,93,648,-233,522,43,-185,-1,-1
2,70,507,-631,310,-29,-354,-484,533,-274,93,648,-230,517,60,-184,-1,-1
2,71,514,-630,308,-29,-353,-491,512,-287,93,648,-231,514,61,-180,-1,-1
2,72,504,-631,306,-32,-354,-487,498,-304,93,650,-232,520,55,-182,-1,0
2,73,504,-628,308,-33,-353,-477,505,-300,93,652,-230,525,60,-187,-1,0
2,74,510,-631,306,-31,-354,-476,510,-285,93,652,-230,523,60,-184,-1,0
2,75,506,-634,303,-30,-356,-483,510,-278,93,652,-232,520,59,-177,0,0
2,76,507,-630,303,-31,-356,-484,524,-269,94,650,-230,524,64,-184,0,0
2,77,511,-629,305,-30,-355,-481,535,-270,93,652,-224,526,62,-192,0,0
2,78,508,-631,308,-30,-354,-480,537,-283,93,655,-227,524,60,-183,0,0
2,79,510,-631,309,-29,-353,-479,532,-292,94,643,-233,521,57,-176,0,0
2,80,512,-631,308,-29,-353,-482,513,-305,93,638,-228,524,59,-180,0,0
2,81,510,-632,308,-30,-357,-487,503,-313,90,651,-223,530,60,-182,0,1
2,82,514,-630,308,-29,-356,-486,505,-309,90,653,-228,527,59,-178,0,1
2,83,511,-628,306,-28,-352,-479,495,-303,90,646,-227,521,59,-178,0,1
2,84,505,-629,302,-29,-355,-479,489,-301,90,652,-222,523,57,-183,0,1
2,85,506,-632,304,-33,-357,-482,489,-293,90,657,-232,527,54,-183,0,1
2,86,511,-630,309,-31,-352,-476,485,-286,90,653,-233,522,57,-180,0,1
2,87,513,-629,309,-28,-350,-474,492,-300,90,654,-217,522,60,-184,0,1
2,88,512,-631,304,-29,-356,-485,497,-319,94,655,-219,528,55,-187,0,1
2,89,508,-632,303,-30,-360,-490,493,-319,96,654,-230,526,62,-183,0,0
2,90,506,-630,307,-29,-356,-482,499,-305,96,654,-221,521,60,-183,0,0
2,91,512,-631,310,-31,-352,-478,504,-303,96,654,-211,523,39,-184,0,0
2,92,516,-630,306,-33,-353,-485,487,-307,96,654,-220,526,43,-179,0,0
2,93,515,-627,304,-28,-356,-481,473,-288,96,654,-229,526,53,-177,0,0
2,94,512,-629,307,-29,-355,-474,478,-255,96,655,-228,524,42,-181,0,0
2,95,513,-629,310,-35,-353,-480,492,-236,96,655,-230,525,49,-184,0,0
2,96,514,-627,308,-33,-353,-485,502,-241,96,653,-233,524,67,-185,0,0
2,97,506,-628,306,-28,-354,-477,500,-261,96,656,-232,519,60,-186,0,0
2,98,506,-629,308,-29,-354,-481,500,-274,96,654,-228,519,54,-185,0,0
2,99,510,-625,308,-31,-353,-490,504,-271,96,640,-229,522,63,-184,0,0
2,100,509,-626,307,-31,-355,-484,505,-280,96,632,-231,524,60,-181,0,0
2,101,509,-630,306,-31,-357,-481,493,-305,96,635,-228,527,59,-179,0,0
2,102,511,-630,305,-28,-355,-489,474,-311,96,635,-228,528,59,-180,0,0
2,103,511,-630,305,-29,-354,-486,464,-299,96,632,-232,524,59,-181,0,0
2,104,511,-631,309,-31,-358,-474,464,-285,96,636,-226,524,60,-180,-1,0
2,105,516,-629,311,-28,-358,-475,481,-260,96,636,-218,526,60,-181,0,0
2,106,515,-627,303,-28,-353,-487,496,-252,96,635,-224,523,59,-182,-1,0
2,107,507,-627,302,-32,-354,-488,491,-276,96,637,-226,519,57,-182,0,0
2,108,506,-628,310,-33,-357,-480,491,-278,96,634,-224,520,58,-180,-1,0
2,109,509,-630,309,-32,-354,-481,504,-261,96,638,-230,524,61,-179,0,0
2,110,511,-631,303,-30,-350,-488,510,-256,96,651,-232,525,60,-182,-1,0
3,111,510,-629,306,-29,-354,-487,519,-257,96,656,-226,521,60,-188,-1,0
3,112,509,-627,313,-33,-360,-484,533,-258,96,650,-229,521,64,-185,0,0
3,113,512,-628,308,-32,-358,-484,534,-256,96,649,-234,524,60,-179,-1,0
3,114,511,-628,300,-29,-351,-480,532,-247,96,651,-231,524,56,-181,0,0
3,115,505,-628,304,-29,-353,-478,535,-243,96,651,-229,525,63,-187,0,0
3,116,508,-628,308,-30,-356,-483,530,-244,96,651,-228,526,54,-180,0,0
3,117,510,-629,302,-29,-353,-487,519,-246,96,651,-230,525,48,-176,0,0
3,118,505,-629,302,-31,-353,-482,517,-257,96,651,-232,527,59,-181,0,0
3,119,506,-630,306,-32,-355,-479,517,-267,96,651,-231,527,52,-184,0,0
3,120,510,-632,304,-30,-352,-484,515,-271,96,651,-230,520,44,-178,0,0
3,121,508,-635,308,-31,-353,-483,521,-276,96,651,-229,524,55,-174,0,0
3,122,512,-632,312,-28,-358,-478,537,-274,96,652,-228,529,61,-182,0,0
3,123,516,-627,308,-24,-356,-479,538,-268,96,651,-228,524,55,-184,0,0
3,124,510,-627,305,-27,-353,-485,519,-283,96,650,-232,520,53,-177,0,0
3,125,511,-628,305,-32,-356,-490,502,-309,96,654,-226,525,58,-179,0,0
3,126,513,-628,307,-31,-357,-488,491,-302,96,648,-221,525,53,-185,0,0
3,127,511,-629,310,-30,-355,-484,479,-274,96,642,-228,520,48,-185,0,0
3,128,512,-630,308,-30,-354,-484,468,-271,96,648,-235,521,51,-185,0,0
3,0,512,-628,304,-28,-353,-483,480,-284,96,653,-231,523,59,-182,0,0
3,1,510,-629,303,-27,-353,-480,499,-284,96,648,-227,521,55,-179,0,0
3,2,513,-631,305,-29,-354,-478,499,-289,96,648,-229,521,53,-181,0,0
3,3,514,-630,307,-31,-353,-477,488,-314,96,651,-230,525,63,-180,0,0
3,4,508,-631,306,-29,-354,-478,478,-327,96,649,-231,528,63,-179,0,0
3,5,509,-629,303,-27,-355,-480,470,-316,96,651,-229,525,47,-184,0,0
3,6,508,-628,305,-28,-354,-480,471,-302,96,652,-228,522,41,-184,0,0
3,7,503,-629,306,-31,-354,-482,480,-299,96,651,-229,524,52,-182,0,0
3,8,506,-629,304,-29,-353,-480,480,-290,96,651,-229,523,60,-187,0,0
3,9,508,-629,305,-28,-354,-474,483,-275,96,652,-229,521,60,-184,0,0
3,10,507,-632,307,-31,-355,-484,498,-279,96,650,-229,524,50,-176,0,0
3,11,510,-632,304,-31,-353,-494,500,-293,96,649,-229,523,45,-180,0,0
3,12,513,-630,304,-28,-353,-483,493,-301,96,651,-229,522,56,-186,0,0
3,13,510,-631,303,-26,-359,-481,498,-300,96,652,-229,527,55,-180,0,0
3,14,507,-630,304,-28,-360,-494,504,-306,96,650,-229,527,42,-178,0,0
3,15,507,-630,305,-30,-354,-489,501,-312,96,653,-229,526,53,-186,0,0
3,16,506,-632,303,-30,-353,-473,500,-301,96,651,-229,527,66,-185,0,0
3,17,511,-631,302,-31,-356,-476,504,-280,96,639,-229,526,55,-177,0,0
3,18,513,-628,306,-31,-354,-486,506,-267,96,633,-229,523,56,-180,0,0
3,19,510,-628,306,-31,-354,-486,502,-272,96,636,-229,526,67,-185,0,0
3,20,511,-631,307,-31,-354,-480,499,-279,96,635,-229,527,52,-179,0,0
3,21,512,-630,310,-31,-352,-477,501,-276,96,632,-229,524,41,-178,0,0
3,22,512,-627,308,-30,-354,-481,505,-269,96,636,-229,524,54,-183,0,0
3,23,513,-629,304,-31,-355,-484,506,-271,96,637,-229,526,53,-182,0,0
3,24,511,-633,308,-31,-354,-479,503,-281,96,636,-229,524,46,-181,0,0
3,25,506,-631,309,-31,-355,-479,512,-282,96,636,-229,524,45,-186,0,0
3,26,508,-629,303,-31,-356,-489,532,-274,96,636,-229,526,49,-186,0,0
3,27,510,-631,302,-30,-355,-488,529,-273,96,636,-229,524,57,-182,0,0
3,28,508,-630,309,-31,-356,-480,505,-281,96,636,-232,523,54,-183,0,0
3,29,508,-628,311,-34,-354,-486,497,-276,96,636,-231,522,38,-185,0,0
3,30,511,-629,307,-32,-353,-488,505,-250,96,636,-228,523,46,-182,0,0
3,31,511,-632,306,-28,-358,-476,507,-234,96,636,-229,526,66,-180,0,0
3,32,507,-631,308,-30,-360,-475,509,-248,96,636,-229,529,61,-183,0,0
3,33,506,-631,311,-32,-355,-485,516,-277,96,636,-226,529,51,-182,0,0
3,34,509,-634,307,-30,-352,-480,502,-310,96,636,-229,525,52,-182,0,0
3,35,511,-633,300,-31,-352,-475,475,-342,96,636,-232,525,52,-183,0,0
3,36,511,-628,305,-32,-353,-485,471,-359,96,636,-229,526,59,-184,0,0
3,37,508,-625,310,-30,-353,-491,477,-362,96,636,-230,524,61,-182,0,0
3,38,508,-632,305,-31,-356,-480,469,-345,96,636,-231,522,53,-178,0,0
3,39,508,-642,301,-31,-360,-480,468,-302,96,636,-231,525,47,-180,0,0
3,40,505,-639,307,-30,-357,-488,472,-271,96,636,-231,524,53,-185,0,-1
3,41,503,-629,306,-31,-353,-481,471,-270,96,636,-231,520,62,-186,0,-1
3,42,509,-629,300,-31,-355,-474,489,-272,96,636,-231,522,60,-180,0,-1
3,43,512,-632,305,-29,-356,-480,508,-279,96,636,-231,525,58,-174,0,-1
3,44,510,-630,311,-29,-352,-479,514,-300,96,636,-231,526,58,-177,0,-1
3,45,511,-628,306,-29,-353,-475,526,-305,96,636,-231,527,56,-179,0,-1
3,46,512,-630,308,-30,-355,-483,541,-294,96,636,-231,524,62,-176,0,-1
3,47,512,-632,311,-30,-354,-488,542,-278,96,636,-231,521,64,-178,0,-1
3,48,510,-631,307,-29,-353,-484,538,-264,96,636,-230,525,56,-184,0,-1
3,49,507,-629,308,-30,-354,-481,540,-267,96,636,-231,529,59,-181,0,-1
3,50,514,-632,312,-32,-356,-480,536,-272,96,636,-233,526,68,-178,0,0
3,51,517,-632,308,-31,-358,-483,530,-265,96,636,-232,525,52,-182,0,0
3,52,510,-628,305,-30,-355,-485,529,-255,96,636,-229,524,44,-181,0,0
3,53,505,-628,309,-32,-352,-482,533,-246,96,636,-232,521,58,-174,0,0
3,54,508,-631,308,-32,-354,-477,534,-249,96,636,-232,521,54,-177,0,0
3,55,510,-627,304,-30,-355,-480,536,-259,96,636,-223,524,50,-182,0,-1
3,56,511,-629,303,-29,-353,-485,541,-261,96,636,-225,523,54,-177,0,0
3,57,508,-639,303,-30,-353,-482,538,-277,96,636,-234,523,51,-174,0,0
3,58,506,-636,307,-29,-354,-479,529,-308,96,635,-226,526,54,-178,0,-1
3,59,509,-625,304,-28,-358,-483,530,-307,96,635,-215,524,55,-182,0,-1
3,60,510,-629,299,-30,-358,-485,536,-272,96,637,-221,519,47,-185,0,-1
3,61,507,-632,305,-32,-353,-479,536,-257,96,634,-223,521,46,-183,0,-1
3,62,509,-626,308,-32,-351,-482,532,-261,96,635,-216,524,52,-179,0,-1
3,63,516,-629,306,-30,-353,-488,532,-249,96,648,-218,526,50,-176,0,-1
3,64,514,-634,308,-30,-354,-486,534,-243,96,655,-227,530,61,-178,0,-1
3,65,509,-628,309,-30,-354,-483,535,-263,96,650,-232,528,69,-177,0,-1
3,66,513,-628,307,-28,-356,-484,534,-274,96,648,-233,522,58,-175,0,-1
3,67,513,-633,308,-30,-355,-487,538,-261,96,651,-230,524,55,-180,-1,-1
3,68,506,-631,310,-30,-355,-487,530,-279,96,651,-229,527,58,-187,0,-1
3,69,504,-628,310,-26,-357,-485,502,-331,96,651,-233,521,57,-185,-1,-1
3,70,506,-631,309,-27,-354,-480,502,-330,96,651,-230,519,58,-178,0,-1
3,71,510,-632,305,-32,-352,-480,539,-277,96,651,-218,526,52,-177,0,-1
3,72,513,-631,307,-33,-358,-486,536,-262,96,651,-220,527,43,-182,-1,-1
3,73,509,-632,310,-32,-359,-486,498,-298,96,651,-233,523,52,-182,0,-1
3,74,510,-634,306,-33,-354,-485,496,-306,96,651,-232,520,55,-175,0,-1
3,75,509,-632,304,-31,-356,-485,520,-274,96,651,-227,520,45,-174,0,-1
3,76,503,-629,309,-30,-358,-483,509,-270,96,651,-230,523,52,-182,0,-1
3,77,504,-630,307,-30,-355,-484,484,-307,96,651,-231,523,58,-182,0,-1
3,78,507,-629,302,-31,-353,-488,498,-324,96,651,-230,521,45,-179,0,-1
3,79,506,-633,304,-31,-354,-485,513,-318,96,651,-231,524,50,-183,0,-1
3,80,507,-643,305,-31,-356,-483,476,-337,96,651,-231,522,71,-184,0,-1
3,81,506,-639,304,-33,-355,-485,430,-370,96,653,-231,519,62,-183,0,-1
3,82,503,-625,307,-32,-354,-485,437,-367,96,653,-231,523,42,-183,0,0
3,83,507,-626,309,-30,-358,-486,445,-351,96,651,-231,524,44,-181,0,0
3,84,515,-631,308,-30,-358,-486,420,-366,96,651,-231,522,58,-176,0,0
3,85,515,-625,308,-31,-352,-484,418,-389,96,653,-231,526,64,-177,0,0
3,86,509,-625,306,-30,-354,-483,443,-368,96,652,-231,526,60,-181,0,0
3,87,506,-629,307,-33,-360,-484,441,-333,96,650,-231,522,47,-179,0,0
3,88,507,-628,310,-30,-358,-486,429,-333,96,654,-231,524,42,-176,0,0
3,89,505,-627,308,-19,-355,-489,451,-328,96,651,-231,527,55,-182,0,0
3,90,506,-628,308,-21,-357,-488,445,-329,96,636,-231,525,56,-187,0,0
3,91,514,-628,311,-30,-359,-483,405,-359,96,631,-231,524,52,-182,0,0
3,92,512,-627,313,-34,-355,-488,412,-352,96,635,-231,527,55,-179,0,0
3,93,510,-626,313,-28,-351,-494,446,-317,96,632,-231,529,54,-181,0,0
3,94,514,-626,309,-19,-354,-486,446,-309,96,628,-231,526,49,-177,0,0
3,95,511,-625,307,-23,-356,-482,422,-315,96,630,-231,525,44,-174,0,0
3,96,508,-623,307,-34,-354,-493,419,-307,96,631,-231,526,41,-179,0,-1
3,97,510,-626,307,-32,-354,-490,437,-286,96,630,-231,526,54,-182,-1,-1
3,98,509,-630,308,-27,-352,-476,449,-267,96,630,-231,521,68,-179,0,-1
3,99,510,-626,308,-31,-353,-480,442,-271,96,630,-231,519,57,-177,-1,-1
3,100,511,-625,307,-31,-356,-486,439,-280,96,630,-231,525,56,-179,-1,-1
3,101,508,-631,308,-29,-354,-488,451,-271,96,630,-229,529,65,-180,-1,-1
3,102,508,-632,307,-32,-353,-485,453,-269,95,630,-232,526,56,-178,-1,-1
3,103,511,-629,305,-31,-354,-477,427,-283,96,630,-232,526,47,-183,-1,-1
3,104,511,-629,309,-30,-353,-474,413,-297,97,630,-222,529,54,-190,-1,-1
3,105,509,-631,306,-31,-353,-485,432,-299,92,630,-221,526,60,-182,-1,-1
3,106,510,-629,304,-30,-354,-490,448,-286,88,630,-230,524,58,-172,-1,-1
3,107,513,-629,309,-31,-355,-482,453,-267,91,630,-231,525,55,-180,-1,-1
3,108,511,-633,306,-31,-359,-484,467,-251,92,630,-228,525,46,-188,-1,-1
3,109,505,-635,302,-31,-360,-491,484,-237,91,630,-231,526,48,-178,-1,-1
3,110,505,-631,302,-30,-354,-488,490,-229,91,630,-231,527,57,-174,-1,-1
4,111,510,-630,302,-31,-352,-483,487,-233,93,630,-228,524,56,-181,-1,0
4,112,510,-632,303,-28,-355,-482,480,-248,92,630,-230,525,54,-180,-1,0
4,113,509,-633,305,-27,-355,-487,479,-251,92,630,-229,526,59,-181,-1,0
4,114,515,-631,305,-31,-353,-487,483,-242,92,630,-228,522,59,-181,0,0
4,115,514,-630,306,-32,-355,-483,487,-251,93,630,-231,526,53,-177,-1,0
4,116,509,-631,308,-33,-356,-482,500,-265,94,630,-226,527,53,-177,0,0
4,117,512,-631,305,-33,-355,-483,519,-250,94,630,-216,523,56,-180,-1,-1
4,118,516,-630,306,-30,-354,-484,534,-219,93,630,-221,526,51,-178,0,0
4,119,506,-628,307,-29,-356,-484,544,-203,91,630,-234,531,47,-179,0,0
4,120,500,-628,309,-32,-358,-484,539,-204,90,630,-233,527,50,-179,0,0
4,121,509,-629,310,-33,-352,-484,538,-200,90,630,-226,526,53,-179,0,0
4,122,515,-629,309,-33,-351,-483,553,-198,91,629,-227,527,56,-185,0,0
4,123,513,-630,311,-31,-358,-483,557,-208,93,629,-229,522,55,-181,0,0
4,124,505,-632,308,-29,-358,-483,543,-215,92,632,-230,520,49,-173,0,0
4,125,503,-633,304,-29,-352,-485,535,-210,91,629,-229,524,49,-175,0,0
4,126,508,-632,308,-30,-354,-486,539,-220,92,628,-228,529,64,-182,0,0
4,127,508,-631,314,-29,-355,-484,533,-243,92,644,-229,526,66,-182,0,0
4,128,505,-629,310,-31,-352,-483,531,-239,91,658,-229,519,46,-179,0,0
4,0,509,-629,303,-31,-353,-485,552,-218,92,653,-229,520,38,-180,0,0
4,1,511,-627,304,-30,-355,-488,572,-206,92,647,-230,523,53,-187,0,0
4,2,509,-629,306,-32,-354,-478,573,-201,91,651,-229,522,68,-188,0,0
4,3,513,-633,305,-31,-358,-472,566,-206,90,651,-228,522,58,-179,0,0
4,4,514,-630,307,-29,-358,-487,567,-214,90,650,-231,527,57,-177,0,0
4,5,507,-627,311,-30,-353,-493,567,-213,92,652,-228,525,67,-181,0,0
4,6,507,-631,309,-29,-353,-480,563,-214,93,651,-217,524,62,-177,0,0
4,7,511,-631,306,-28,-355,-480,560,-220,91,651,-220,529,57,-174,0,0
4,8,514,-628,306,-30,-355,-494,558,-229,92,651,-233,528,63,-177,0,0
4,9,512,-630,307,-32,-355,-486,561,-237,92,652,-234,524,54,-178,0,0
4,10,512,-633,306,-32,-354,-475,564,-234,90,650,-226,527,41,-173,0,0
4,11,514,-630,309,-29,-353,-482,565,-217,91,648,-227,527,54,-172,0,0
4,12,513,-629,311,-28,-355,-484,573,-210,94,650,-231,524,59,-180,0,0
4,13,510,-632,308,-30,-355,-480,590,-210,91,652,-225,522,48,-187,0,0
4,14,510,-632,308,-31,-352,-479,598,-198,89,650,-224,524,54,-181,0,0
4,15,508,-631,310,-31,-353,-481,597,-189,91,649,-224,526,70,-176,0,0
4,16,504,-632,311,-29,-355,-481,599,-190,93,650,-220,525,67,-179,0,0
4,17,507,-631,305,-30,-353,-479,590,-193,94,650,-223,521,48,-177,0,0
4,18,507,-628,301,-31,-353,-481,573,-200,93,649,-233,520,49,-178,0,0
4,19,505,-630,306,-27,-355,-482,567,-218,93,649,-232,521,55,-181,0,0
4,20,509,-632,304,-27,-355,-480,564,-233,94,650,-229,519,50,-181,0,0
4,21,511,-628,301,-31,-352,-477,576,-226,93,650,-233,524,51,-184,0,0
4,22,508,-634,307,-32,-354,-482,591,-209,93,650,-232,528,51,-183,0,0
4,23,510,-642,312,-29,-357,-488,581,-203,93,650,-231,522,47,-178,-1,0
4,24,516,-636,308,-29,-354,-486,570,-210,93,650,-231,520,51,-183,0,0
4,25,512,-630,305,-30,-353,-481,588,-209,93,650,-228,525,53,-187,-1,0
4,26,504,-631,307,-29,-355,-479,603,-195,93,650,-229,526,48,-185,0,0
4,27,505,-631,308,-29,-354,-482,600,-182,93,650,-229,522,54,-185,0,0
4,28,512,-633,310,-31,-352,-480,597,-190,93,650,-229,521,62,-184,0,0
4,29,514,-634,311,-30,-353,-481,591,-214,93,650,-229,522,55,-179,0,0
4,30,511,-630,305,-30,-354,-487,587,-224,93,650,-229,522,46,-180,0,0
4,31,506,-628,303,-29,-354,-490,593,-218,93,649,-229,521,42,-180,0,0
4,32,505,-635,307,-27,-356,-482,594,-216,93,649,-229,521,55,-178,0,0
4,33,509,-638,306,-29,-356,-474,593,-214,93,650,-229,523,68,-182,0,0
4,34,510,-631,304,-32,-353,-480,602,-207,93,650,-229,523,57,-181,0,0
4,35,508,-634,308,-30,-353,-482,594,-210,93,649,-229,523,57,-178,0,0
4,36,509,-637,304,-29,-355,-475,573,-214,93,651,-229,523,61,-184,0,0
4,37,514,-636,302,-33,-353,-479,577,-205,93,653,-229,526,58,-187,0,0
4,38,512,-641,310,-33,-353,-483,597,-203,93,651,-229,528,57,-180,0,0
4,39,505,-642,310,-29,-354,-478,594,-215,93,649,-229,527,56,-174,0,0
4,40,507,-630,306,-27,-354,-479,575,-224,93,651,-230,525,54,-178,0,-1
4,41,510,-625,306,-30,-353,-490,568,-230,93,652,-228,524,55,-182,0,0
4,42,503,-631,306,-31,-354,-485,573,-234,93,651,-229,524,59,-181,0,-1
4,43,504,-629,307,-29,-353,-473,588,-224,93,651,-231,524,59,-178,0,-1
4,44,515,-629,308,-29,-355,-475,592,-208,93,651,-226,523,58,-179,0,-1
4,45,513,-631,308,-32,-356,-480,572,-214,93,651,-224,526,53,-182,0,-1
4,46,508,-629,308,-31,-353,-476,563,-228,93,651,-230,528,47,-182,0,-1
4,47,514,-630,307,-28,-352,-476,571,-221,93,651,-233,525,54,-177,0,-1
4,48,514,-632,305,-29,-357,-485,575,-211,93,651,-228,525,63,-177,0,-1
4,49,504,-632,303,-32,-360,-489,567,-225,93,651,-227,529,61,-179,0,-1
4,50,503,-630,305,-33,-354,-482,560,-241,93,651,-230,531,58,-176,0,0
4,51,510,-630,307,-31,-353,-475,561,-241,93,651,-228,528,61,-176,0,-1
4,52,512,-631,306,-29,-355,-476,559,-239,93,651,-226,526,60,-182,0,0
4,53,510,-633,304,-30,-356,-484,563,-235,93,651,-229,526,59,-181,0,0
4,54,514,-630,304,-32,-357,-489,581,-223,93,651,-230,526,65,-180,0,0
4,55,517,-631,309,-32,-358,-484,585,-217,93,651,-228,523,56,-185,0,0
4,56,514,-640,312,-30,-357,-481,581,-215,93,651,-229,521,43,-185,0,0
4,57,512,-640,309,-25,-357,-479,589,-213,93,651,-233,526,50,-177,0,0
4,58,513,-628,303,-23,-357,-480,592,-210,93,651,-230,525,59,-180,0,0
4,59,511,-625,302,-28,-354,-486,588,-210,93,651,-227,520,60,-185,0,0
4,60,509,-630,306,-31,-354,-484,590,-213,93,651,-230,521,57,-181,0,0
4,61,509,-632,306,-30,-352,-477,580,-218,93,651,-232,524,47,-179,0,0
4,62,510,-631,305,-27,-352,-481,559,-231,93,651,-229,523,54,-183,0,0
4,63,513,-629,307,-30,-355,-484,567,-236,93,651,-228,523,60,-184,0,0
4,64,512,-629,309,-32,-355,-478,594,-219,93,651,-230,525,43,-179,0,0
4,65,511,-630,306,-21,-355,-478,603,-204,93,651,-231,524,43,-175,0,0
4,66,511,-631,306,-17,-355,-481,583,-211,93,651,-228,523,62,-182,0,0
4,67,510,-627,307,-28,-354,-480,573,-215,93,651,-228,528,61,-186,0,0
4,68,508,-627,307,-30,-354,-482,587,-198,93,651,-232,528,50,-178,0,0
4,69,509,-634,308,-27,-357,-478,585,-193,93,651,-225,520,61,-178,0,0
4,70,513,-634,308,-32,-355,-474,562,-210,93,651,-217,521,60,-187,0,0
4,71,513,-630,304,-34,-355,-484,560,-219,93,651,-224,528,39,-185,0,0
4,72,508,-629,303,-29,-358,-493,585,-209,93,651,-231,526,42,-179,0,0
4,73,508,-632,308,-31,-355,-485,588,-209,93,651,-231,519,54,-182,-1,0
4,74,512,-632,310,-32,-352,-474,574,-215,93,651,-226,521,44,-185,0,0
4,75,507,-628,306,-31,-355,-475,584,-203,93,651,-218,528,43,-180,0,0
4,76,503,-629,301,-29,-355,-485,597,-193,93,651,-219,527,61,-179,0,0
4,77,510,-631,302,-30,-353,-486,576,-207,93,652,-230,524,64,-184,0,0
4,78,515,-631,307,-32,-353,-480,557,-207,93,653,-232,525,51,-182,0,0
4,79,511,-628,305,-31,-354,-479,583,-190,93,651,-228,527,52,-176,0,0
4,80,508,-630,303,-30,-352,-481,599,-185,93,651,-230,526,56,-179,0,0
4,81,507,-629,312,-30,-356,-478,577,-191,93,652,-231,524,47,-181,0,0
4,82,509,-625,313,-31,-360,-475,562,-195,93,651,-230,521,43,-180,0,0
4,83,517,-628,306,-32,-354,-478,569,-203,93,651,-231,520,50,-181,0,0
4,84,516,-633,306,-32,-349,-484,576,-204,93,651,-231,521,59,-180,0,0
4,85,508,-630,306,-28,-355,-486,577,-202,93,651,-231,521,60,-174,0,0
4,86,508,-633,304,-27,-358,-480,577,-213,93,651,-231,526,50,-176,0,0
4,87,507,-638,308,-31,-352,-476,581,-212,93,652,-231,527,42,-179,0,0
4,88,505,-633,309,-31,-352,-480,590,-189,93,651,-231,523,52,-180,0,0
4,89,511,-631,305,-28,-355,-484,596,-181,93,651,-231,526,65,-183,0,0
4,90,513,-636,305,-29,-356,-485,592,-188,93,652,-230,530,57,-184,0,0
4,91,504,-632,305,-31,-353,-482,591,-191,93,651,-232,526,44,-182,0,0
4,92,505,-627,305,-30,-352,-478,592,-195,93,649,-232,524,40,-183,0,0
4,93,515,-631,306,-30,-354,-478,591,-201,93,648,-228,528,49,-182,0,0
4,94,515,-631,305,-29,-355,-483,592,-206,93,648,-229,530,65,-176,0,0
4,95,514,-627,306,-30,-353,-485,584,-210,93,648,-229,525,63,-178,0,0
4,96,514,-630,307,-32,-352,-481,571,-208,93,648,-230,520,53,-186,0,0
4,97,511,-632,304,-31,-353,-479,569,-205,93,648,-230,524,59,-185,0,0
4,98,513,-632,305,-32,-354,-481,570,-214,93,648,-222,526,66,-179,0,0
4,99,516,-631,308,-32,-357,-480,562,-230,93,648,-220,522,52,-180,0,0
4,100,509,-631,310,-32,-358,-481,555,-236,93,648,-229,522,40,-183,0,0
4,101,502,-631,308,-32,-355,-481,564,-235,93,648,-232,529,54,-185,0,0
4,102,509,-629,303,-31,-352,-479,564,-238,93,648,-228,531,68,-184,0,0
4,103,515,-628,303,-30,-352,-478,542,-245,93,648,-232,526,61,-179,0,0
4,104,512,-630,309,-34,-354,-479,529,-236,93,648,-230,525,47,-177,0,0
4,105,510,-631,310,-30,-355,-478,537,-220,93,649,-227,526,47,-179,0,0
4,106,512,-630,308,-16,-355,-481,540,-216,93,648,-232,524,53,-179,0,0
4,107,513,-631,303,-21,-353,-488,535,-218,93,647,-227,522,58,-178,0,0
4,108,507,-633,300,-30,-354,-488,533,-227,93,651,-215,524,60,-180,0,-1
4,109,505,-631,306,-32,-354,-484,537,-231,93,653,-220,525,50,-180,0,-1
4,110,508,-629,311,-30,-354,-481,538,-230,93,651,-227,526,39,-178,0,-1
5,111,513,-628,308,-20,-354,-480,536,-232,93,653,-224,524,48,-181,0,-1
5,112,514,-632,306,-17,-353,-484,547,-225,93,653,-228,523,62,-180,0,-1
5,113,512,-629,306,-30,-353,-488,563,-215,93,650,-232,527,62,-177,0,-1
5,114,508,-628,304,-37,-356,-483,561,-216,93,649,-229,529,51,-177,0,-1
5,115,506,-641,306,-28,-354,-475,557,-221,93,650,-229,523,41,-179,0,0
5,116,510,-643,309,-28,-354,-477,563,-212,93,649,-227,522,46,-183,0,0
5,117,510,-629,304,-31,-356,-482,563,-209,93,650,-218,528,55,-185,0,0
5,118,510,-627,302,-30,-356,-484,556,-222,93,652,-217,526,56,-182,0,0
5,119,513,-633,306,-32,-355,-484,546,-228,93,651,-220,524,51,-183,0,0
5,120,512,-631,309,-32,-354,-481,534,-223,93,651,-219,527,46,-186,0,0
5,121,510,-626,310,-30,-353,-477,546,-216,93,652,-221,527,46,-180,-1,0
5,122,509,-637,309,-29,-355,-479,565,-213,93,652,-221,525,53,-178,0,0
5,123,508,-642,310,-30,-357,-481,554,-217,93,650,-219,523,59,-182,-1,0
5,124,514,-634,308,-29,-354,-479,534,-228,93,650,-222,521,56,-181,0,0
5,125,517,-637,305,-30,-353,-481,533,-242,93,651,-229,526,47,-177,0,0
5,126,507,-640,303,-31,-355,-484,533,-244,93,650,-231,529,44,-178,-1,0
5,127,504,-633,305,-31,-354,-478,537,-225,93,649,-229,525,53,-180,0,0
5,128,510,-636,305,-31,-354,-473,561,-198,93,650,-230,524,62,-180,-1,0
5,0,515,-640,303,-30,-354,-480,561,-199,93,650,-231,527,54,-180,0,0
5,1,513,-631,303,-29,-358,-483,536,-222,93,649,-231,523,47,-181,0,0
5,2,511,-628,305,-30,-358,-482,531,-224,93,650,-232,522,50,-182,0,0
5,3,510,-632,307,-32,-353,-481,538,-217,93,650,-233,526,58,-181,-1,0
5,4,510,-635,308,-31,-353,-477,534,-224,93,650,-232,527,57,-175,0,0
5,5,515,-637,307,-29,-355,-478,530,-230,93,650,-231,524,57,-176,0,0
5,6,517,-628,307,-29,-355,-484,531,-227,93,650,-231,523,60,-183,0,-1
5,7,508,-624,307,-31,-353,-482,528,-235,93,650,-231,525,40,-184,0,-1
5,8,505,-634,303,-30,-354,-480,528,-240,93,650,-229,525,23,-179,0,0
5,9,511,-635,302,-29,-352,-482,532,-224,93,650,-229,522,34,-180,0,-1
5,10,507,-626,305,-31,-351,-477,535,-207,93,650,-230,523,52,-183,0,0
5,11,503,-633,308,-31,-352,-482,538,-205,93,650,-229,523,61,-182,0,-1
5,12,509,-644,307,-30,-356,-493,538,-209,93,649,-228,522,59,-178,0,-1
5,13,514,-636,307,-30,-356,-485,533,-214,93,649,-230,526,57,-181,0,-1
5,14,512,-625,308,-30,-352,-476,531,-219,93,650,-230,528,62,-186,0,-1
5,15,511,-630,305,-31,-353,-483,535,-216,93,650,-222,523,61,-184,0,-1
5,16,511,-636,303,-31,-357,-482,526,-224,93,649,-221,523,45,-177,0,-1
5,17,512,-631,302,-29,-356,-476,511,-243,93,651,-230,526,50,-180,0,0
5,18,517,-629,303,-31,-353,-480,519,-239,93,655,-230,526,65,-185,0,-1
5,19,513,-634,304,-33,-352,-481,531,-227,93,653,-228,528,48,-181,0,0
5,20,509,-635,305,-30,-354,-480,525,-231,93,649,-231,529,39,-182,0,-1
5,21,511,-631,307,-29,-357,-480,526,-235,93,650,-231,527,56,-184,0,0
5,22,513,-630,305,-32,-355,-477,536,-228,93,652,-228,526,57,-179,0,0
5,23,509,-633,305,-30,-354,-477,537,-223,93,651,-229,524,42,-174,0,0
5,24,508,-632,308,-28,-355,-480,534,-211,93,651,-229,522,39,-179,0,0
5,25,511,-630,307,-30,-355,-482,532,-209,93,651,-229,521,52,-183,0,0
5,26,513,-635,305,-31,-354,-478,532,-224,93,651,-229,521,53,-179,0,-1
5,27,510,-641,306,-32,-355,-475,528,-233,93,651,-229,521,43,-178,0,-1
5,28,504,-635,307,-33,-354,-476,508,-243,93,651,-229,523,44,-179,0,0
5,29,506,-626,309,-33,-353,-486,503,-248,93,651,-229,522,48,-177,0,-1
5,30,508,-631,307,-31,-354,-488,524,-233,93,651,-229,520,47,-175,-1,0
5,31,508,-635,305,-29,-354,-479,537,-217,93,650,-229,522,50,-179,0,-1
5,32,510,-629,308,-29,-354,-482,535,-212,93,649,-229,526,63,-182,-1,0
5,33,512,-632,311,-32,-354,-486,534,-213,93,649,-229,525,57,-179,0,-1
5,34,512,-636,303,-33,-356,-482,529,-218,93,649,-229,525,53,-176,-1,-1
5,35,512,-631,300,-28,-356,-485,528,-216,93,649,-229,526,58,-179,0,-1
5,36,515,-630,309,-26,-353,-489,528,-218,93,650,-228,524,57,-181,0,-1
5,37,513,-633,306,-31,-353,-486,514,-242,93,649,-230,524,58,-177,-1,-1
5,38,506,-634,300,-33,-354,-481,504,-256,93,650,-230,527,58,-175,0,-1
5,39,503,-633,308,-29,-354,-480,502,-246,93,653,-228,525,54,-179,0,-1
5,40,506,-631,313,-29,-355,-481,502,-248,93,654,-228,522,49,-182,-1,-1
5,41,506,-629,306,-31,-355,-483,516,-244,93,651,-231,526,54,-180,0,-1
5,42,506,-632,305,-31,-357,-484,534,-217,93,651,-232,529,62,-177,0,-1
5,43,509,-628,309,-30,-359,-481,533,-207,93,652,-229,524,65,-177,0,0
5,44,511,-630,307,-31,-354,-483,530,-229,93,652,-229,524,53,-183,0,0
5,45,510,-643,306,-30,-352,-487,535,-237,93,652,-230,524,42,-188,0,0
5,46,511,-639,307,-31,-357,-486,538,-217,93,651,-231,525,53,-181,0,0
5,47,512,-629,304,-30,-357,-484,533,-219,93,651,-231,529,57,-178,0,0
5,48,510,-635,304,-30,-354,-488,522,-243,93,651,-224,527,43,-184,0,0
5,49,508,-636,306,-33,-355,-486,512,-250,93,651,-219,524,50,-183,0,0
5,50,508,-628,304,-35,-353,-475,513,-249,93,651,-218,526,69,-180,0,0
5,51,508,-630,306,-30,-352,-475,527,-241,93,651,-220,526,62,-182,0,0
5,52,506,-632,306,-28,-355,-483,540,-222,93,651,-227,520,51,-179,0,0
5,53,507,-627,303,-30,-355,-486,538,-219,93,651,-231,521,61,-178,0,0
5,54,509,-629,302,-31,-352,-484,530,-232,93,651,-224,526,55,-180,0,0
5,55,510,-632,305,-31,-353,-484,530,-232,93,651,-214,523,41,-180,0,0
5,56,508,-633,305,-32,-355,-483,524,-232,93,651,-219,521,44,-186,0,0
5,57,507,-631,306,-31,-353,-486,511,-244,93,651,-229,525,45,-187,0,0
5,58,508,-631,306,-29,-353,-491,506,-245,93,651,-229,526,47,-182,0,0
5,59,507,-631,306,-29,-353,-483,498,-254,93,651,-228,525,57,-184,0,0
5,60,506,-631,309,-30,-356,-481,479,-281,93,651,-231,527,52,-185,0,0
5,61,510,-631,309,-29,-355,-490,476,-295,93,651,-229,528,43,-180,0,0
5,62,512,-630,306,-30,-355,-488,484,-296,93,651,-227,522,43,-182,-1,0
5,63,509,-629,305,-33,-359,-480,486,-291,93,651,-229,520,44,-184,0,0
5,64,507,-628,306,-31,-357,-479,493,-278,93,651,-229,526,53,-178,-1,0
5,65,510,-629,309,-26,-349,-485,499,-272,93,651,-228,531,58,-180,-1,0
5,66,512,-631,308,-29,-352,-492,493,-283,93,651,-230,523,50,-181,-1,0
5,67,513,-631,306,-33,-360,-489,483,-291,93,651,-229,520,44,-176,-1,0
5,68,511,-629,306,-31,-356,-473,477,-293,93,651,-227,528,46,-175,-1,0
5,69,506,-628,306,-30,-353,-472,475,-290,93,651,-229,528,54,-176,-1,0
5,70,506,-629,305,-31,-356,-491,474,-287,93,651,-230,523,56,-176,-1,-1
5,71,510,-629,307,-30,-356,-495,469,-292,93,651,-231,525,42,-178,-1,-1
5,72,514,-630,309,-29,-353,-484,476,-292,93,651,-230,527,47,-180,-1,-1
5,73,512,-631,305,-30,-353,-485,501,-278,93,651,-228,520,69,-180,-1,-1
5,74,504,-631,301,-29,-354,-490,513,-260,93,651,-229,519,65,-183,0,-1
5,75,505,-630,303,-30,-356,-487,506,-256,93,651,-229,526,51,-186,-1,-1
5,76,511,-631,305,-29,-360,-485,501,-267,93,651,-229,527,47,-184,-1,0
5,77,508,-630,304,-26,-356,-485,500,-270,93,651,-229,524,54,-179,-1,0
5,78,505,-630,302,-28,-351,-480,497,-262,93,651,-229,520,62,-179,-1,0
5,79,508,-631,306,-32,-355,-480,490,-266,93,651,-230,522,57,-180,0,0
5,80,508,-631,313,-29,-359,-481,478,-282,93,651,-231,525,54,-180,0,0
5,81,508,-630,310,-28,-356,-477,470,-285,93,651,-231,523,59,-180,0,0
5,82,515,-631,304,-32,-353,-479,476,-277,93,651,-231,524,58,-176,0,0
5,83,513,-633,307,-31,-353,-485,489,-273,94,651,-231,528,55,-180,0,0
5,84,510,-631,308,-29,-354,-487,496,-278,94,651,-231,524,56,-188,0,0
5,85,510,-629,303,-30,-353,-484,501,-279,93,651,-231,518,55,-182,0,0
5,86,510,-629,302,-31,-353,-479,501,-273,93,651,-231,520,58,-177,0,-1
5,87,515,-630,305,-29,-355,-479,485,-278,95,651,-231,525,61,-182,0,0
5,88,515,-631,305,-29,-354,-486,471,-283,90,651,-231,523,53,-180,0,-1
5,89,509,-629,304,-32,-353,-488,476,-275,85,651,-230,522,44,-173,0,-1
5,90,508,-629,306,-31,-354,-484,478,-277,89,651,-231,527,51,-177,0,-1
5,91,511,-638,305,-28,-354,-485,472,-284,95,651,-232,525,68,-180,0,-1
5,92,512,-641,304,-29,-354,-488,477,-280,93,651,-232,519,62,-178,0,-1
5,93,510,-634,305,-31,-355,-486,480,-279,90,651,-230,520,40,-180,0,-1
5,94,507,-626,305,-30,-354,-484,479,-285,92,651,-228,524,47,-181,0,-1
5,95,508,-629,305,-28,-355,-481,489,-281,92,651,-229,526,56,-183,0,-1
5,96,512,-638,310,-28,-355,-479,501,-272,91,651,-231,526,39,-185,0,0
5,97,507,-638,310,-30,-353,-481,500,-277,91,651,-229,522,41,-183,0,0
5,98,502,-630,306,-32,-356,-480,497,-278,91,651,-230,519,61,-176,0,-1
5,99,509,-627,309,-31,-358,-478,501,-259,91,651,-231,526,61,-174,0,-1
5,100,515,-631,311,-28,-355,-480,503,-244,91,651,-229,530,54,-177,0,-1
5,101,511,-636,306,-28,-357,-483,499,-245,91,651,-229,527,52,-181,0,0
5,102,504,-638,304,-30,-357,-483,500,-243,91,651,-228,526,45,-179,0,0
5,103,505,-633,307,-31,-354,-490,503,-248,91,651,-228,528,53,-175,0,0
5,104,510,-628,310,-29,-353,-491,501,-267,91,651,-229,527,64,-184,0,-1
5,105,513,-631,309,-28,-354,-482,498,-265,91,651,-230,525,62,-185,-1,0
5,106,509,-630,305,-30,-352,-485,504,-244,91,651,-228,524,50,-175,0,0
5,107,511,-628,304,-31,-354,-491,510,-241,91,651,-227,524,42,-178,0,0
5,108,512,-629,309,-29,-357,-483,493,-259,91,651,-228,522,46,-182,-1,0
5,109,508,-630,308,-30,-357,-478,479,-267,91,651,-229,519,49,-179,-1,0
5,110,512,-629,303,-34,-357,-484,496,-251,91,651,-231,524,50,-186,-1,0
6,111,515,-629,306,-31,-355,-484,499,-249,91,651,-229,529,63,-189,-1,0
6,112,514,-631,311,-28,-354,-478,482,-274,91,651,-230,524,66,-181,-1,0
6,113,513,-632,307,-32,-354,-482,487,-274,91,651,-231,519,52,-181,-1,0
6,114,512,-632,305,-33,-353,-489,493,-254,91,651,-231,520,60,-183,-1,0
6,115,510,-631,305,-29,-353,-488,483,-261,91,651,-231,521,64,-180,-1,0
6,116,508,-630,308,-28,-358,-485,491,-264,91,651,-231,523,48,-184,-1,0
6,117,511,-631,309,-31,-360,-488,507,-242,91,651,-231,525,53,-184,0,0
6,118,512,-630,308,-30,-355,-484,503,-234,91,651,-231,525,60,-179,0,0
6,119,511,-629,310,-29,-356,-475,498,-245,91,651,-231,527,43,-181,-1,0
6,120,511,-631,309,-29,-357,-480,504,-232,91,651,-231,525,44,-180,0,0
6,121,512,-633,306,-31,-353,-484,507,-220,91,651,-231,521,56,-175,0,0
6,122,510,-631,306,-30,-351,-480,501,-239,91,651,-231,522,51,-178,0,0
6,123,514,-628,309,-28,-353,-482,499,-250,91,651,-231,527,50,-180,0,0
6,124,514,-627,309,-27,-357,-480,507,-236,91,651,-232,527,56,-177,0,0
6,125,507,-629,306,-29,-358,-474,509,-237,91,651,-232,521,56,-178,0,0
6,126,508,-633,310,-31,-355,-480,502,-252,91,651,-233,523,52,-179,0,0
6,127,514,-631,311,-30,-352,-490,506,-235,91,651,-233,529,45,-178,0,0
6,128,515,-624,306,-30,-354,-483,513,-208,91,651,-230,528,46,-182,0,0
6,0,511,-631,304,-28,-355,-480,510,-213,91,651,-228,521,61,-186,0,0
6,1,509,-641,307,-28,-355,-488,505,-231,91,651,-229,519,64,-182,0,0
6,2,513,-636,306,-32,-358,-484,505,-234,91,653,-232,524,51,-180,0,0
6,3,514,-627,304,-33,-357,-479,505,-235,91,655,-225,526,46,-185,0,0
6,4,508,-628,307,-29,-352,-482,503,-243,91,656,-218,525,55,-181,0,0
6,5,505,-633,310,-28,-352,-483,501,-243,91,654,-224,523,53,-178,0,0
6,6,510,-630,309,-32,-355,-479,501,-240,91,650,-225,521,41,-182,0,0
6,7,513,-629,308,-33,-353,-480,501,-244,91,649,-224,522,49,-178,0,0
6,8,511,-638,304,-30,-352,-481,502,-250,91,651,-228,529,65,-177,0,0
6,9,512,-641,304,-29,-355,-483,504,-245,91,651,-223,528,63,-180,0,0
6,10,514,-633,308,-29,-357,-481,507,-242,91,651,-218,523,50,-177,0,0
6,11,509,-630,311,-30,-355,-480,502,-258,91,651,-228,524,48,-176,0,0
6,12,507,-636,308,-31,-353,-483,495,-265,91,652,-234,525,50,-180,0,0
6,13,515,-633,306,-30,-356,-479,501,-254,91,654,-228,522,50,-181,0,0
6,14,516,-631,307,-29,-358,-476,502,-256,91,654,-230,525,49,-179,0,0
6,15,508,-633,304,-31,-355,-480,488,-265,91,651,-232,529,47,-178,0,0
6,16,510,-628,303,-32,-353,-479,487,-264,91,651,-227,526,47,-179,0,0
6,17,514,-630,306,-30,-355,-477,500,-260,91,652,-225,526,54,-181,0,0
6,18,508,-633,306,-28,-356,-486,501,-260,91,650,-230,529,52,-179,0,0
6,19,509,-630,306,-31,-355,-484,498,-258,91,648,-231,528,42,-183,0,0
6,20,517,-629,307,-33,-353,-479,502,-259,91,649,-227,526,51,-184,0,0
6,21,515,-631,305,-29,-353,-484,503,-262,91,652,-230,522,72,-178,0,0
6,22,509,-629,305,-27,-355,-484,498,-262,91,651,-234,518,64,-181,0,0
6,23,511,-629,306,-31,-354,-482,499,-261,91,651,-232,523,51,-186,0,0
6,24,514,-631,305,-32,-354,-489,503,-261,91,651,-228,528,58,-183,0,0
6,25,513,-630,304,-29,-355,-485,502,-265,91,651,-224,527,56,-180,0,0
6,26,509,-631,303,-30,-355,-477,497,-262,91,651,-220,525,46,-180,0,0
6,27,509,-634,306,-28,-354,-481,497,-259,91,651,-219,527,51,-180,0,0
6,28,517,-633,307,-30,-354,-484,501,-271,91,651,-223,526,57,-177,0,-1
6,29,515,-627,301,-29,-356,-481,504,-280,91,651,-231,521,52,-178,0,0
6,30,505,-627,304,-20,-355,-481,507,-261,91,651,-231,521,54,-182,0,0
6,31,507,-641,309,-21,-355,-485,512,-236,91,651,-226,527,51,-183,0,0
6,32,510,-642,306,-33,-354,-492,508,-248,91,651,-226,528,43,-179,0,0
6,33,508,-630,306,-35,-354,-488,492,-273,91,651,-228,525,43,-181,0,0
6,34,508,-629,307,-30,-355,-475,492,-260,91,651,-226,525,45,-184,0,0
6,35,515,-635,305,-30,-354,-476,507,-238,91,651,-225,526,47,-182,0,0
6,36,515,-637,306,-29,-352,-488,495,-253,91,651,-229,526,63,-183,0,0
6,37,504,-634,309,-29,-354,-489,471,-266,91,651,-229,526,64,-184,0,0
6,38,500,-633,306,-28,-357,-481,473,-261,91,651,-222,527,55,-179,-1,0
6,39,509,-638,304,-27,-356,-475,486,-267,91,651,-218,525,64,-180,-1,0
6,40,513,-636,307,-33,-355,-478,495,-270,91,651,-219,524,62,-182,-1,0
6,41,507,-626,306,-34,-353,-490,505,-260,91,651,-221,524,48,-180,-1,0
6,42,509,-627,301,-29,-352,-493,497,-263,91,651,-222,521,47,-182,-1,0
6,43,515,-634,303,-27,-355,-481,477,-276,91,651,-221,522,57,-185,-1,0
6,44,512,-638,311,-30,-355,-473,484,-284,91,651,-217,525,57,-182,-1,0
6,45,509,-639,308,-31,-354,-481,504,-273,91,651,-220,526,57,-175,-1,0
6,46,512,-632,306,-31,-356,-487,494,-250,91,651,-222,524,57,-176,-1,0
6,47,511,-628,310,-33,-357,-478,476,-243,91,651,-219,521,48,-180,-1,0
6,48,507,-633,311,-32,-357,-476,490,-246,91,651,-223,523,48,-181,-1,0
6,49,510,-632,308,-31,-356,-486,498,-254,91,651,-230,528,62,-181,-1,0
6,50,510,-628,307,-30,-357,-489,480,-277,91,651,-233,530,64,-177,-1,0
6,51,507,-632,303,-31,-357,-479,469,-302,91,651,-233,523,48,-172,-1,0
6,52,509,-635,301,-30,-356,-477,478,-306,91,651,-228,517,37,-180,-1,0
6,53,504,-634,303,-27,-355,-480,481,-299,91,651,-224,524,48,-189,-1,0
6,54,501,-633,305,-28,-357,-485,472,-302,91,651,-227,529,61,-182,0,0
6,55,509,-633,305,-30,-358,-487,465,-305,91,651,-231,524,57,-182,-1,0
6,56,513,-632,303,-30,-353,-482,466,-299,91,651,-230,522,57,-189,0,0
6,57,507,-632,305,-32,-352,-480,472,-282,91,651,-223,525,64,-183,0,0
6,58,508,-632,308,-33,-355,-486,479,-256,91,651,-223,524,61,-173,0,0
6,59,509,-632,309,-30,-355,-488,481,-244,91,651,-230,522,61,-174,0,0
6,60,510,-630,308,-29,-353,-483,476,-253,91,651,-228,523,63,-182,0,0
6,61,509,-632,308,-31,-353,-481,469,-267,91,651,-222,523,56,-186,0,-1
6,62,508,-637,309,-30,-353,-483,470,-269,91,651,-229,527,57,-183,0,-1
6,63,512,-637,307,-29,-355,-481,473,-275,91,651,-230,527,65,-177,0,-1
6,64,512,-633,306,-29,-357,-484,470,-296,91,651,-218,524,46,-178,0,-1
6,65,509,-629,305,-30,-356,-487,468,-310,91,651,-217,527,36,-181,0,-1
6,66,513,-631,309,-32,-352,-486,472,-288,91,651,-224,529,57,-183,0,-1
6,67,516,-641,306,-31,-357,-481,475,-255,91,651,-231,525,57,-185,0,0
6,68,508,-643,301,-28,-361,-478,474,-238,91,651,-234,522,45,-181,0,-1
6,69,503,-630,302,-30,-356,-482,474,-224,91,651,-231,525,49,-174,0,0
6,70,510,-625,305,-30,-352,-487,475,-220,91,651,-231,526,51,-175,0,-1
6,71,512,-634,306,-26,-355,-488,471,-240,91,651,-233,524,50,-179,0,-1
6,72,509,-635,305,-26,-359,-487,469,-253,91,651,-230,523,61,-180,0,0
6,73,512,-630,306,-32,-359,-487,469,-255,91,651,-230,525,59,-180,0,-1
6,74,514,-634,308,-33,-355,-483,470,-268,91,651,-232,526,53,-182,0,-1
6,75,509,-639,309,-29,-354,-481,474,-277,91,651,-230,525,65,-181,0,-1
6,76,509,-635,309,-30,-355,-483,469,-283,91,651,-231,526,62,-179,0,-1
6,77,511,-629,306,-31,-355,-482,452,-300,91,651,-232,526,45,-181,0,-1
6,78,507,-631,306,-29,-355,-482,436,-311,91,651,-226,524,51,-180,0,-1
6,79,508,-632,306,-31,-357,-484,435,-296,91,651,-218,523,63,-173,0,-1
6,80,513,-628,305,-34,-355,-486,452,-269,91,651,-217,523,46,-172,0,-1
6,81,510,-629,306,-31,-355,-485,471,-248,91,651,-218,522,38,-180,0,-1
6,82,508,-635,308,-28,-359,-483,473,-245,91,651,-219,522,57,-185,0,-1
6,83,515,-634,305,-30,-358,-486,468,-267,91,651,-219,521,67,-179,0,-1
6,84,515,-631,307,-28,-354,-484,471,-285,91,651,-221,523,51,-173,0,-1
6,85,509,-637,308,-28,-356,-478,475,-277,91,651,-227,525,42,-177,0,-1
6,86,512,-640,306,-31,-357,-478,475,-278,91,651,-233,523,47,-182,0,-1
6,87,512,-630,309,-30,-353,-482,475,-296,91,651,-233,521,44,-180,0,-1
6,88,511,-627,308,-29,-353,-484,471,-293,91,651,-229,522,49,-179,0,-1
6,89,510,-632,303,-30,-357,-484,466,-279,91,651,-228,524,55,-183,0,-1
6,90,510,-630,303,-30,-356,-480,466,-276,91,651,-228,526,43,-183,0,-1
6,91,512,-630,305,-29,-352,-478,474,-270,91,651,-227,527,41,-177,0,-1
6,92,514,-632,308,-31,-356,-486,478,-265,91,651,-229,525,59,-177,0,-1
6,93,512,-630,313,-30,-361,-491,471,-266,91,651,-231,519,48,-180,0,-1
6,94,512,-630,311,-28,-356,-485,472,-263,91,651,-229,522,20,-178,0,-1
6,95,514,-630,307,-30,-350,-484,473,-264,91,651,-228,530,37,-178,0,-1
6,96,513,-630,308,-32,-354,-484,459,-276,91,651,-228,526,66,-184,0,-1
6,97,514,-631,307,-30,-356,-482,455,-274,91,651,-227,523,59,-185,0,0
6,98,514,-635,306,-29,-352,-486,471,-272,91,651,-228,527,43,-182,0,-1
6,99,510,-635,307,-31,-351,-486,476,-276,91,651,-232,526,50,-177,0,0
6,100,510,-632,308,-30,-354,-480,472,-272,91,651,-230,523,59,-175,0,0
6,101,505,-628,304,-29,-354,-485,475,-278,91,651,-228,524,61,-181,0,0
6,102,502,-628,303,-31,-354,-486,468,-296,91,651,-229,524,54,-181,0,0
6,103,507,-630,310,-31,-355,-479,456,-296,91,651,-231,526,39,-177,0,0
6,104,506,-629,309,-29,-353,-479,466,-281,91,651,-232,529,44,-184,0,0
6,105,504,-629,303,-30,-354,-480,479,-270,91,651,-232,523,62,-185,0,0
6,106,507,-629,306,-32,-358,-479,477,-256,91,651,-227,522,59,-175,0,0
6,107,511,-629,312,-31,-356,-482,474,-254,91,651,-226,527,49,-178,0,0
6,108,510,-630,306,-29,-354,-485,468,-280,91,651,-230,524,60,-188,0,0
6,109,509,-631,302,-29,-356,-483,455,-289,91,651,-232,524,65,-182,0,0
6,110,508,-630,308,-28,-357,-486,458,-280,91,651,-229,525,51,-174,0,0
7,111,511,-628,310,-28,-354,-489,471,-286,91,651,-228,521,44,-177,0,0
7,112,522,-629,307,-28,-354,-487,473,-290,91,651,-230,524,52,-176,0,0
7,113,517,-630,303,-29,-353,-485,473,-279,91,651,-231,529,62,-178,0,0
7,114,507,-630,306,-29,-353,-484,475,-275,91,651,-231,524,62,-182,0,0
7,115,509,-630,309,-29,-354,-487,473,-282,91,651,-229,523,49,-177,0,0
7,116,514,-630,304,-29,-354,-486,472,-276,91,651,-228,526,39,-172,0,0
7,117,514,-629,303,-33,-354,-482,474,-274,91,651,-229,525,52,-177,0,0
7,118,513,-632,309,-34,-355,-485,471,-282,91,651,-229,525,54,-182,0,0
7,119,508,-631,312,-29,-353,-491,468,-285,91,651,-229,525,40,-182,0,0
7,120,506,-631,308,-29,-353,-484,469,-277,91,651,-229,522,48,-181,0,0
7,121,511,-636,307,-31,-355,-474,476,-273,91,651,-229,525,67,-178,-1,0
7,122,507,-638,309,-28,-353,-479,478,-275,91,651,-229,527,61,-178,0,0
7,123,505,-632,306,-25,-356,-488,475,-274,91,651,-229,521,44,-181,-1,0
7,124,512,-627,304,-28,-361,-490,488,-265,91,651,-229,522,49,-181,0,0
7,125,510,-634,309,-32,-356,-483,503,-252,91,652,-229,526,56,-179,0,0
7,126,506,-642,308,-30,-352,-476,500,-243,91,652,-229,523,51,-181,-1,0
7,127,512,-637,302,-30,-354,-483,500,-245,91,651,-229,520,53,-184,-1,0
7,128,516,-630,304,-30,-355,-486,497,-257,91,651,-229,522,53,-180,-1,0
7,0,509,-628,304,-29,-356,-479,481,-264,91,651,-229,523,47,-175,0,0
7,1,502,-630,302,-30,-356,-480,475,-252,91,651,-229,526,44,-174,-1,0
7,2,507,-636,305,-30,-353,-486,476,-250,91,651,-229,526,46,-179,0,0
7,3,516,-639,312,-29,-353,-483,472,-271,91,652,-229,526,52,-182,-1,0
7,4,513,-630,307,-30,-356,-481,486,-267,91,651,-229,527,52,-177,0,0
7,5,507,-629,299,-31,-354,-484,506,-240,91,652,-229,524,42,-173,0,0
7,6,511,-635,304,-25,-354,-483,505,-239,91,654,-229,521,47,-177,0,0
7,7,513,-632,308,-26,-356,-482,500,-252,91,653,-229,526,56,-183,0,0
7,8,508,-630,302,-32,-356,-486,507,-240,91,651,-229,528,50,-185,0,0
7,9,507,-633,305,-35,-356,-484,510,-227,91,651,-229,527,45,-180,0,0
7,10,508,-636,314,-32,-355,-477,505,-237,91,652,-229,526,51,-175,0,0
7,11,513,-636,312,-24,-354,-478,494,-249,91,651,-229,523,48,-177,0,0
7,12,516,-634,308,-25,-358,-482,480,-256,91,651,-229,519,45,-181,0,0
7,13,513,-628,307,-30,-359,-481,471,-269,91,651,-229,521,52,-181,0,0
7,14,513,-631,304,-27,-355,-481,469,-282,91,650,-229,524,47,-177,0,0
7,15,512,-644,305,-27,-355,-484,469,-281,91,650,-229,521,42,-177,0,0
7,16,503,-642,307,-32,-355,-485,474,-273,91,650,-229,519,55,-184,0,0
7,17,504,-631,307,-31,-355,-481,486,-264,91,650,-229,525,54,-184,0,0
7,18,508,-627,304,-29,-359,-482,497,-258,91,650,-229,529,41,-178,0,0
7,19,505,-631,306,-32,-358,-481,501,-254,91,650,-229,525,45,-178,0,-1
7,20,507,-635,311,-31,-353,-480,506,-244,91,650,-229,524,58,-184,0,-1
7,21,509,-636,309,-27,-353,-482,497,-250,91,650,-228,526,54,-184,0,-1
7,22,508,-632,305,-28,-358,-482,474,-274,91,650,-230,524,48,-179,0,-1
7,23,507,-630,304,-30,-360,-479,467,-281,91,650,-232,524,48,-179,0,-1
7,24,506,-632,310,-30,-356,-482,476,-271,91,650,-233,524,48,-180,0,-1
7,25,505,-629,311,-28,-351,-483,476,-269,91,650,-232,521,45,-182,0,0
7,26,509,-628,305,-31,-353,-480,479,-272,91,650,-232,521,45,-182,0,-1
7,27,512,-630,307,-34,-357,-480,488,-273,91,652,-230,525,58,-182,0,0
7,28,508,-628,313,-31,-355,-476,481,-270,91,652,-228,524,66,-180,0,-1
7,29,508,-630,311,-29,-353,-474,481,-265,91,652,-229,523,55,-180,0,0
7,30,509,-634,304,-32,-358,-489,499,-259,91,651,-229,524,45,-178,0,0
7,31,508,-635,307,-29,-360,-494,507,-252,91,651,-228,524,49,-177,0,0
7,32,506,-631,309,-29,-354,-481,500,-244,91,651,-229,523,57,-180,0,0
7,33,507,-631,304,-33,-351,-478,499,-241,91,652,-231,517,50,-179,0,0
7,34,511,-633,302,-27,-356,-481,500,-244,91,653,-233,517,46,-177,0,0
7,35,512,-632,309,-24,-355,-480,497,-254,91,653,-232,528,56,-178,0,0
7,36,507,-631,310,-31,-351,-487,502,-265,91,651,-232,532,53,-180,0,0
7,37,503,-631,303,-34,-353,-487,503,-275,91,651,-233,524,48,-180,0,-1
7,38,507,-631,304,-30,-355,-477,491,-278,91,650,-232,520,61,-183,0,0
7,39,511,-630,309,-31,-354,-477,489,-263,91,649,-233,524,64,-181,0,-1
7,40,509,-631,312,-31,-356,-485,500,-245,91,649,-233,522,46,-180,0,-1
7,41,509,-630,310,-28,-356,-485,504,-243,91,649,-228,516,45,-186,0,0
7,42,514,-632,308,-30,-354,-481,500,-246,91,649,-226,518,57,-189,0,0
7,43,511,-640,309,-30,-353,-482,496,-243,91,650,-229,522,47,-183,0,0
7,44,504,-640,307,-30,-354,-485,493,-239,92,649,-229,523,32,-175,0,-1
7,45,507,-632,305,-31,-356,-483,496,-232,92,649,-226,522,46,-176,0,0
7,46,511,-631,307,-33,-356,-476,502,-224,90,651,-226,523,65,-181,0,0
7,47,509,-633,309,-30,-354,-478,492,-231,90,651,-227,526,53,-182,0,0
7,48,510,-631,310,-27,-358,-486,475,-250,93,649,-226,529,37,-179,0,-1
7,49,507,-632,310,-28,-360,-488,480,-255,94,650,-227,527,44,-179,0,0
7,50,502,-631,308,-31,-354,-482,499,-248,93,652,-227,524,47,-180,0,0
7,51,507,-627,308,-32,-352,-478,506,-236,94,651,-226,524,40,-179,0,0
7,52,514,-631,311,-31,-353,-480,502,-231,93,651,-226,525,49,-182,0,0
7,53,512,-633,307,-30,-353,-483,504,-239,91,651,-228,527,58,-183,0,0
7,54,507,-629,302,-31,-356,-484,499,-249,92,651,-225,525,51,-183,0,0
7,55,505,-626,303,-31,-359,-482,481,-245,92,651,-226,522,41,-183,0,0
7,56,508,-629,307,-31,-356,-476,479,-243,92,651,-231,522,45,-185,0,0
7,57,511,-633,308,-31,-354,-478,496,-244,93,651,-228,523,56,-181,0,0
7,58,511,-631,307,-31,-356,-481,506,-224,94,651,-224,526,54,-180,0,0
7,59,513,-630,308,-29,-356,-479,507,-215,93,651,-230,527,48,-184,0,0
7,60,514,-632,307,-29,-355,-481,509,-225,93,651,-233,525,51,-181,0,0
7,61,513,-630,304,-29,-352,-480,510,-224,94,651,-229,525,52,-177,0,0
7,62,512,-629,303,-31,-354,-476,510,-212,93,651,-229,527,45,-178,0,0
7,63,506,-632,306,-32,-358,-481,508,-215,93,651,-231,524,41,-177,0,0
7,64,507,-630,306,-31,-356,-487,506,-229,93,651,-230,521,42,-173,0,0
7,65,512,-629,307,-32,-353,-483,503,-240,93,651,-231,523,50,-175,0,0
7,66,510,-632,309,-32,-357,-480,495,-245,93,651,-231,524,51,-184,0,0
7,67,508,-629,308,-29,-360,-479,482,-248,93,651,-231,521,42,-182,0,0
7,68,511,-630,308,-31,-357,-480,484,-252,93,651,-231,523,43,-174,0,0
7,69,512,-639,308,-32,-353,-484,499,-246,93,651,-231,526,53,-176,0,0
7,70,512,-637,303,-27,-353,-483,505,-241,93,651,-231,524,52,-182,-1,0
7,71,516,-627,302,-26,-357,-481,503,-252,93,651,-231,523,52,-185,0,0
7,72,512,-628,306,-31,-358,-482,501,-264,93,651,-231,522,58,-184,0,0
7,73,506,-632,309,-33,-354,-480,501,-263,93,651,-231,524,50,-182,-1,0
7,74,508,-631,308,-31,-351,-482,503,-254,93,651,-231,528,36,-178,-1,0
7,75,514,-629,310,-28,-354,-485,495,-261,93,651,-231,527,41,-177,0,0
7,76,515,-627,307,-26,-358,-481,482,-277,93,651,-231,522,51,-182,0,0
7,77,507,-628,303,-29,-360,-477,486,-280,93,651,-231,520,45,-185,-1,0
7,78,506,-631,306,-31,-354,-478,492,-275,93,651,-231,523,44,-180,0,0
7,79,512,-630,309,-29,-351,-478,484,-274,93,651,-231,526,51,-181,-1,0
7,80,509,-628,305,-30,-357,-477,487,-278,93,651,-231,528,46,-187,0,0
7,81,505,-630,303,-33,-357,-482,500,-270,93,650,-231,521,50,-182,-1,0
7,82,512,-632,306,-31,-353,-491,499,-259,93,652,-231,517,58,-177,0,0
7,83,517,-629,306,-27,-354,-488,485,-267,93,654,-231,526,56,-181,0,-1
7,84,511,-629,305,-28,-354,-477,479,-282,93,652,-231,529,48,-182,-1,0
7,85,511,-632,307,-29,-354,-475,493,-282,93,650,-231,524,35,-175,0,-1
7,86,511,-633,305,-29,-359,-483,501,-275,93,650,-231,523,30,-176,0,0
7,87,505,-631,303,-30,-357,-487,484,-274,93,650,-231,525,43,-182,0,0
7,88,508,-628,306,-31,-352,-485,476,-279,93,649,-231,528,50,-176,0,0
7,89,514,-628,309,-31,-354,-481,495,-276,93,649,-231,526,45,-173,0,0
7,90,510,-629,304,-30,-355,-481,505,-259,93,650,-231,525,48,-183,-1,0
7,91,505,-633,304,-30,-355,-480,501,-252,93,649,-231,525,53,-187,0,0
7,92,510,-634,307,-31,-357,-475,508,-256,93,650,-231,522,50,-181,-1,0
7,93,513,-629,307,-29,-354,-476,508,-266,93,650,-231,523,53,-179,0,0
7,94,508,-627,307,-27,-350,-485,486,-291,93,650,-231,525,62,-178,0,0
7,95,513,-631,305,-30,-353,-489,471,-302,93,650,-229,520,59,-178,0,0
7,96,519,-631,304,-33,-356,-482,478,-293,93,650,-233,519,54,-183,0,0
7,97,513,-626,308,-31,-352,-478,478,-306,93,650,-230,528,60,-182,0,0
7,98,508,-629,312,-28,-351,-482,469,-311,93,650,-218,528,59,-177,0,0
7,99,511,-634,304,-29,-356,-484,485,-288,93,650,-220,520,48,-176,0,0
7,100,513,-632,298,-31,-357,-482,503,-279,93,650,-231,521,49,-175,0,0
7,101,516,-629,306,-28,-356,-482,499,-281,93,650,-231,530,48,-174,0,-1
7,102,513,-631,309,-27,-358,-481,499,-273,93,650,-228,528,41,-179,0,-1
7,103,503,-633,303,-31,-356,-478,504,-272,93,650,-231,521,47,-184,0,-1
7,104,509,-629,305,-32,-353,-484,487,-284,93,650,-230,522,54,-182,0,-1
7,105,513,-626,311,-29,-357,-487,469,-286,93,650,-228,524,53,-178,0,-1
7,106,505,-630,310,-28,-356,-482,472,-285,93,650,-229,527,54,-179,0,-1
7,107,508,-632,304,-31,-354,-480,476,-304,93,650,-229,531,56,-184,0,-1
7,108,517,-631,303,-34,-360,-480,471,-324,93,650,-229,526,58,-183,0,0
7,109,512,-635,310,-31,-360,-484,468,-318,93,650,-229,525,51,-173,0,0
7,110,509,-633,311,-25,-351,-488,472,-305,93,649,-228,531,38,-172,-1,-1
8,111,513,-626,304,-25,-352,-487,471,-307,93,649,-229,525,48,-184,0,-1
8,112,509,-636,303,-30,-356,-480,465,-306,93,650,-230,519,56,-186,-1,-1
8,113,509,-641,306,-31,-352,-480,469,-299,94,650,-227,527,41,-180,0,-1
8,114,514,-630,304,-29,-354,-483,475,-305,93,649,-225,529,39,-182,-1,-1
8,115,512,-626,301,-29,-359,-481,464,-316,94,650,-231,524,47,-187,-1,-1
8,116,509,-632,304,-30,-358,-479,446,-326,94,653,-234,523,32,-187,-1,-1
8,117,510,-633,307,-29,-353,-484,450,-326,92,653,-231,522,30,-183,-1,-1
8,118,511,-629,302,-29,-354,-492,466,-317,90,650,-228,525,51,-180,-1,-1
8,119,511,-631,304,-32,-354,-484,472,-308,90,649,-231,528,61,-179,-1,-1
8,120,511,-632,308,-32,-352,-476,472,-306,90,650,-232,526,63,-183,-1,0
8,121,511,-630,306,-29,-352,-482,466,-311,90,649,-227,525,62,-184,-1,0
8,122,512,-632,307,-29,-354,-485,453,-323,90,649,-227,525,46,-177,-1,0
8,123,510,-631,308,-31,-355,-480,450,-335,90,649,-229,523,40,-174,-1,0
8,124,510,-630,307,-30,-354,-479,452,-343,90,650,-231,526,52,-179,0,0
8,125,513,-638,310,-30,-353,-483,445,-340,90,650,-227,526,56,-186,-1,0
8,126,509,-641,310,-32,-355,-484,448,-323,90,650,-223,523,48,-182,0,0
8,127,505,-630,308,-31,-357,-488,466,-305,90,650,-226,524,42,-178,-1,0
8,128,508,-625,310,-29,-354,-488,466,-300,92,650,-227,526,48,-178,0,0
8,0,508,-629,310,-31,-351,-482,453,-308,92,650,-224,523,60,-179,0,0
8,1,505,-630,308,-30,-355,-481,444,-321,92,650,-228,519,52,-178,0,0
8,2,510,-631,308,-28,-358,-487,447,-323,93,650,-232,521,38,-179,0,0
8,3,514,-633,306,-31,-356,-485,463,-309,94,650,-229,525,51,-183,0,0
8,4,508,-630,304,-33,-355,-474,474,-293,93,650,-230,526,65,-184,0,0
8,5,510,-631,308,-30,-354,-476,472,-293,93,650,-232,525,57,-180,0,0
8,6,514,-633,306,-30,-356,-484,469,-296,94,650,-229,524,48,-176,0,0
8,7,510,-631,304,-30,-359,-484,471,-289,93,650,-230,520,49,-179,0,0
8,8,508,-631,311,-30,-356,-479,473,-272,93,650,-234,524,48,-186,0,0
8,9,508,-631,315,-29,-353,-476,477,-260,93,650,-227,530,43,-181,0,0
8,10,506,-632,309,-29,-356,-478,481,-262,93,650,-217,526,41,-176,0,0
8,11,508,-631,304,-30,-357,-482,480,-268,93,650,-222,520,48,-183,0,0
8,12,512,-630,304,-30,-355,-484,482,-275,93,650,-227,521,54,-188,0,0
8,13,511,-629,307,-26,-355,-484,497,-279,94,650,-225,523,55,-181,0,0
8,14,508,-630,307,-26,-354,-485,509,-276,94,650,-227,523,62,-177,0,0
8,15,508,-631,304,-32,-352,-482,506,-264,94,650,-226,522,61,-177,0,0
8,16,508,-631,307,-32,-353,-482,506,-242,94,650,-226,524,46,-178,0,0
8,17,511,-630,307,-28,-355,-484,511,-234,94,650,-231,529,43,-180,0,0
8,18,512,-627,304,-29,-356,-483,506,-246,94,650,-225,525,53,-176,0,0
8,19,510,-628,304,-30,-357,-482,498,-251,94,650,-215,522,64,-172,0,0
8,20,512,-630,305,-31,-357,-479,499,-242,94,650,-219,526,60,-175,0,0
8,21,512,-631,306,-32,-354,-483,500,-253,94,650,-222,524,48,-179,0,0
8,22,511,-631,309,-32,-353,-491,497,-285,94,650,-217,522,38,-181,0,0
8,23,511,-628,309,-30,-353,-488,497,-295,94,650,-217,526,50,-179,0,0
8,24,510,-627,308,-28,-353,-481,501,-290,94,650,-224,524,68,-179,0,0
8,25,510,-631,305,-29,-353,-484,503,-294,94,650,-231,517,62,-183,0,0
8,26,512,-631,302,-33,-356,-485,501,-291,94,650,-231,522,52,-180,0,0
8,27,509,-628,307,-34,-363,-479,502,-272,94,650,-228,528,56,-175,0,0
8,28,512,-629,312,-30,-359,-480,502,-260,94,650,-228,525,59,-176,0,0
8,29,518,-629,306,-27,-351,-490,490,-265,94,650,-228,525,50,-180,-1,0
8,30,513,-626,300,-30,-355,-493,475,-266,94,650,-229,528,42,-181,0,0
8,31,508,-625,306,-31,-359,-483,469,-263,94,650,-233,526,51,-180,-1,0
8,32,511,-629,307,-29,-354,-478,485,-271,94,650,-229,525,68,-179,0,0
8,33,509,-632,303,-29,-354,-482,501,-286,94,650,-219,526,66,-181,0,0
8,34,507,-630,306,-31,-356,-485,499,-302,94,650,-219,521,43,-180,0,0
8,35,508,-627,309,-29,-355,-487,498,-301,94,650,-229,519,40,-178,0,0
8,36,507,-630,308,-24,-354,-485,506,-289,94,650,-231,526,55,-179,0,0
8,37,510,-632,308,-26,-353,-478,510,-275,94,650,-228,528,53,-180,0,0
8,38,511,-632,307,-32,-353,-479,509,-259,94,650,-231,526,47,-181,0,0
8,39,506,-632,305,-32,-356,-482,497,-255,94,650,-236,526,51,-184,0,0
8,40,509,-632,306,-28,-357,-479,484,-257,94,650,-228,523,48,-186,0,0
8,41,518,-631,307,-28,-355,-479,491,-245,94,650,-221,523,49,-185,0,0
8,42,516,-629,304,-30,-352,-483,506,-240,94,650,-228,527,64,-184,0,0
8,43,508,-628,304,-29,-355,-486,502,-263,94,650,-231,526,63,-183,0,-1
8,44,508,-629,307,-29,-358,-486,486,-291,94,650,-219,523,57,-182,0,-1
8,45,511,-631,306,-30,-356,-482,482,-294,94,650,-216,519,60,-181,0,-1
8,46,510,-629,303,-29,-355,-479,497,-291,94,650,-222,523,56,-182,0,-1
8,47,507,-628,304,-28,-356,-487,508,-274,94,650,-219,527,58,-181,0,-1
8,48,509,-630,303,-31,-355,-491,505,-249,94,650,-218,522,66,-182,0,-1
8,49,509,-631,304,-33,-353,-482,504,-250,94,650,-222,523,56,-185,0,-1
8,50,510,-631,306,-32,-354,-478,505,-259,94,650,-220,524,42,-182,0,-1
8,51,512,-631,308,-32,-353,-484,501,-249,94,650,-220,519,51,-177,0,-1
8,52,511,-629,306,-30,-353,-485,502,-251,94,650,-223,523,53,-179,0,-1
8,53,510,-628,305,-29,-355,-484,504,-269,94,650,-217,531,40,-184,0,0
8,54,509,-630,305,-31,-354,-484,503,-271,94,650,-215,526,46,-182,0,0
8,55,509,-631,303,-33,-353,-481,500,-273,94,650,-225,519,59,-178,0,0
8,56,513,-628,302,-33,-355,-479,501,-284,94,650,-228,522,61,-179,0,0
8,57,516,-628,305,-32,-356,-477,507,-283,94,650,-224,525,48,-181,0,0
8,58,508,-630,304,-31,-355,-476,510,-274,94,650,-228,520,39,-182,0,0
8,59,506,-631,303,-33,-354,-480,505,-267,94,650,-233,520,50,-178,-1,0
8,60,513,-631,307,-32,-354,-482,499,-271,94,650,-228,525,66,-174,0,0
8,61,508,-630,306,-31,-355,-481,502,-270,94,650,-227,525,62,-180,-1,0
8,62,504,-629,303,-30,-356,-481,508,-244,94,650,-230,523,50,-185,0,0
8,63,511,-628,308,-29,-356,-481,508,-233,94,650,-230,528,50,-178,0,0
8,64,513,-627,307,-29,-354,-478,500,-257,94,650,-231,529,58,-175,0,0
8,65,509,-628,303,-30,-354,-482,494,-271,94,650,-228,523,57,-180,0,0
8,66,508,-631,305,-30,-354,-488,498,-256,94,650,-229,522,52,-184,0,0
8,67,510,-630,308,-30,-354,-486,510,-239,94,650,-229,526,50,-184,0,0
8,68,507,-629,309,-32,-356,-478,512,-237,94,650,-229,523,54,-180,0,0
8,69,510,-629,308,-30,-357,-479,507,-243,94,650,-229,521,54,-175,0,0
8,70,510,-629,305,-29,-354,-485,505,-250,93,650,-229,524,44,-177,0,0
8,71,511,-630,305,-30,-355,-485,499,-267,94,650,-229,525,39,-181,0,0
8,72,514,-631,309,-28,-357,-481,485,-283,94,650,-229,524,41,-179,-1,0
8,73,512,-630,306,-29,-354,-479,476,-286,93,650,-229,523,48,-181,0,0
8,74,512,-630,303,-32,-353,-481,484,-281,91,650,-229,520,53,-184,0,0
8,75,515,-630,303,-33,-360,-483,495,-267,91,650,-229,521,52,-182,-1,0
8,76,516,-629,301,-30,-361,-479,493,-259,92,650,-229,525,49,-180,0,0
8,77,514,-631,303,-27,-355,-479,488,-266,92,649,-229,526,55,-180,-1,0
8,78,514,-633,308,-30,-353,-488,497,-267,92,649,-229,523,68,-183,0,0
8,79,511,-631,308,-30,-355,-485,508,-241,92,650,-229,522,61,-186,-1,0
8,80,510,-629,304,-28,-355,-481,510,-221,92,649,-230,525,50,-181,-1,0
8,81,508,-631,302,-29,-357,-489,506,-231,92,649,-228,527,56,-173,0,0
8,82,508,-631,307,-32,-356,-488,501,-247,92,651,-229,526,58,-172,0,0
8,83,515,-631,311,-30,-353,-479,501,-246,92,653,-231,523,42,-177,-1,0
8,84,512,-631,308,-28,-355,-479,500,-241,92,653,-223,526,43,-181,-1,0
8,85,505,-631,304,-30,-358,-479,496,-254,92,654,-220,529,56,-179,0,0
8,86,507,-630,307,-30,-356,-475,500,-266,92,654,-227,522,49,-179,-1,0
8,87,510,-632,311,-27,-354,-478,498,-258,92,654,-231,522,44,-184,0,0
8,88,507,-633,310,-30,-353,-484,497,-248,92,652,-229,527,48,-183,0,0
8,89,508,-630,307,-33,-353,-485,518,-241,92,653,-228,526,53,-178,0,0
8,90,513,-627,307,-29,-357,-485,537,-223,92,652,-227,526,53,-180,0,0
8,91,515,-628,308,-28,-358,-478,523,-207,92,644,-229,528,51,-183,0,0
8,92,513,-632,307,-31,-355,-474,504,-217,93,633,-232,526,51,-178,0,0
8,93,509,-631,309,-30,-353,-487,506,-225,94,630,-229,525,49,-178,0,0
8,94,512,-627,312,-30,-353,-496,509,-221,94,640,-228,526,47,-181,0,0
8,95,512,-626,307,-30,-355,-485,504,-229,94,653,-229,523,53,-174,0,0
8,96,506,-629,303,-28,-354,-478,499,-244,94,654,-229,521,56,-175,0,0
8,97,516,-630,306,-30,-353,-484,498,-247,94,646,-229,523,29,-186,0,0
8,98,521,-630,304,-32,-356,-483,504,-244,94,644,-229,521,22,-184,0,0
8,99,508,-632,298,-28,-358,-482,507,-236,93,647,-229,519,49,-175,0,0
8,100,508,-632,300,-30,-356,-486,507,-224,92,645,-229,525,59,-178,0,0
8,101,520,-631,308,-31,-354,-481,508,-224,92,645,-229,526,55,-182,0,0
8,102,508,-630,311,-29,-356,-476,504,-238,92,645,-229,520,60,-183,0,0
8,103,500,-630,308,-31,-356,-481,497,-251,92,645,-229,522,55,-182,0,0
8,104,509,-630,306,-31,-353,-478,497,-242,92,645,-229,527,43,-177,0,0
8,105,510,-628,308,-29,-353,-478,504,-220,93,645,-229,525,51,-175,0,0
8,106,504,-628,307,-28,-355,-487,503,-215,94,645,-229,524,54,-183,0,0
8,107,508,-631,299,-30,-354,-482,499,-223,94,645,-229,529,48,-188,0,0
8,108,513,-632,300,-32,-352,-476,497,-232,94,645,-229,526,51,-184,0,0
8,109,511,-631,308,-32,-353,-486,498,-238,94,645,-229,524,57,-183,0,0
8,110,513,-631,308,-29,-354,-488,501,-227,94,645,-229,525,58,-184,0,0
9,111,512,-632,306,-29,-354,-482,504,-217,94,645,-229,525,48,-184,0,0
9,112,510,-628,308,-31,-357,-483,504,-227,94,645,-229,526,42,-183,0,0
9,113,512,-627,309,-29,-356,-484,504,-239,94,645,-229,526,52,-180,0,0
9,114,514,-638,308,-28,-353,-483,492,-238,94,645,-229,521,58,-175,0,0
9,115,510,-640,304,-30,-353,-485,480,-232,94,645,-229,521,52,-177,0,-1
9,116,505,-631,305,-30,-355,-485,491,-222,94,645,-230,526,57,-179,0,0
9,117,510,-630,306,-29,-353,-485,491,-218,94,645,-227,523,63,-178,0,0
9,118,515,-633,306,-30,-353,-486,474,-219,94,645,-231,521,55,-178,-1,0
9,119,515,-630,305,-29,-354,-484,482,-214,92,645,-230,525,47,-179,0,0
9,120,512,-628,305,-29,-354,-482,503,-212,90,645,-219,526,47,-183,0,0
9,121,511,-632,308,-32,-353,-484,505,-208,90,645,-220,523,50,-186,0,0
9,122,513,-630,310,-31,-355,-483,504,-199,91,645,-225,522,49,-181,0,0
9,123,515,-627,307,-28,-354,-480,509,-195,90,645,-222,524,41,-181,0,0
9,124,514,-626,301,-29,-355,-482,509,-213,90,645,-228,524,41,-186,0,0
9,125,507,-630,304,-31,-359,-485,496,-251,90,644,-232,521,54,-183,0,0
9,126,509,-633,309,-30,-358,-483,476,-268,90,646,-222,521,56,-178,0,0
9,127,511,-632,307,-30,-354,-478,479,-246,90,645,-215,522,46,-181,0,0
9,128,504,-629,306,-31,-354,-481,501,-224,90,644,-220,522,51,-179,0,0
9,0,505,-629,310,-30,-356,-488,509,-208,90,649,-219,523,62,-175,0,0
9,1,512,-630,307,-29,-355,-491,506,-186,90,655,-218,524,54,-180,0,0
9,2,509,-630,306,-32,-355,-486,503,-188,90,655,-226,523,44,-181,0,0
9,3,506,-629,311,-32,-356,-477,500,-212,90,653,-229,524,56,-178,0,0
9,4,516,-628,312,-28,-355,-476,503,-208,90,654,-221,527,60,-180,0,0
9,5,517,-630,308,-28,-357,-486,506,-200,90,654,-220,525,45,-184,0,0
9,6,510,-630,305,-32,-360,-488,499,-223,90,653,-225,522,38,-182,0,0
9,7,513,-630,306,-33,-354,-481,497,-240,90,651,-228,521,51,-178,0,0
9,8,515,-636,309,-30,-351,-484,503,-231,90,650,-230,520,67,-177,0,0
9,9,505,-637,310,-29,-356,-493,494,-231,90,650,-226,520,62,-178,0,0
9,10,504,-632,307,-30,-358,-483,478,-242,90,650,-222,524,42,-181,0,-1
9,11,510,-630,307,-30,-354,-472,486,-241,90,652,-227,525,46,-176,0,-1
9,12,509,-630,309,-28,-355,-480,503,-227,90,654,-229,523,60,-174,0,0
9,13,510,-629,305,-28,-355,-486,502,-217,90,652,-226,527,49,-181,0,-1
9,14,508,-631,304,-32,-357,-481,501,-214,90,651,-231,527,44,-184,0,0
9,15,504,-630,310,-33,-360,-481,505,-211,90,652,-231,523,56,-179,0,0
9,16,509,-629,312,-30,-357,-488,496,-219,90,651,-230,523,50,-180,0,0
9,17,513,-631,309,-25,-352,-488,490,-231,90,651,-230,527,43,-183,0,0
9,18,508,-629,309,-25,-358,-483,497,-227,90,651,-226,530,50,-180,0,0
9,19,508,-628,311,-29,-361,-484,491,-220,90,651,-229,525,53,-175,0,0
9,20,512,-630,308,-31,-354,-483,480,-231,90,651,-232,522,45,-174,0,0
9,21,512,-633,304,-30,-351,-479,490,-240,90,651,-229,528,41,-179,0,0
9,22,514,-633,305,-31,-355,-481,503,-227,90,651,-228,527,46,-184,0,0
9,23,516,-632,304,-30,-355,-478,505,-214,90,651,-229,522,59,-182,0,0
9,24,510,-631,300,-28,-355,-477,507,-216,90,651,-230,524,62,-180,-1,0
9,25,505,-631,303,-31,-355,-483,508,-217,90,651,-231,526,48,-179,0,0
9,26,506,-630,308,-33,-354,-481,508,-210,90,651,-231,524,50,-178,-1,0
9,27,508,-628,308,-29,-353,-474,507,-212,90,651,-231,527,60,-182,0,0
9,28,509,-630,307,-28,-354,-481,501,-221,90,651,-232,526,53,-185,-1,0
9,29,510,-630,308,-31,-354,-490,497,-218,90,651,-230,522,42,-181,0,0
9,30,510,-627,308,-29,-355,-482,495,-220,90,651,-231,525,54,-180,-1,0
9,31,509,-631,310,-28,-356,-475,507,-219,91,651,-233,527,68,-186,0,0
9,32,511,-634,307,-33,-357,-482,529,-194,90,651,-225,523,59,-187,0,0
9,33,512,-630,305,-33,-356,-484,536,-172,90,651,-219,522,54,-183,0,0
9,34,508,-629,309,-28,-354,-477,532,-180,94,651,-228,524,55,-178,0,0
9,35,506,-631,313,-29,-351,-475,535,-183,96,651,-234,523,52,-176,0,0
9,36,512,-629,308,-31,-358,-479,540,-160,94,651,-229,521,60,-181,0,0
9,37,507,-629,305,-30,-360,-481,539,-149,93,651,-229,525,68,-181,0,0
9,38,501,-632,308,-30,-354,-480,534,-169,94,651,-233,529,48,-174,0,0
9,39,507,-632,305,-29,-355,-477,526,-188,94,651,-228,521,36,-177,0,0
9,40,511,-629,303,-31,-357,-477,524,-185,94,651,-227,518,56,-185,0,0
9,41,506,-631,309,-32,-357,-485,530,-176,94,651,-228,527,59,-184,0,0
9,42,511,-629,312,-27,-360,-486,531,-172,94,651,-228,528,37,-175,0,0
9,43,518,-630,308,-26,-357,-480,530,-165,94,651,-230,520,47,-173,0,-1
9,44,510,-640,304,-30,-351,-478,532,-158,94,651,-232,520,68,-179,0,0
9,45,509,-643,305,-32,-355,-478,531,-158,94,651,-230,524,63,-183,0,-1
9,46,516,-631,304,-30,-357,-478,525,-160,94,651,-228,523,51,-183,0,0
9,47,512,-627,300,-29,-353,-477,526,-158,94,651,-229,523,48,-184,0,0
9,48,508,-633,301,-31,-356,-477,537,-155,94,651,-229,526,50,-185,0,0
9,49,514,-635,307,-34,-356,-483,531,-158,94,651,-229,525,60,-180,0,0
9,50,511,-633,310,-31,-354,-485,510,-167,94,651,-229,523,62,-178,0,0
9,51,503,-632,308,-32,-356,-481,501,-174,94,651,-229,525,47,-186,0,0
9,52,510,-631,306,-32,-356,-483,504,-178,94,651,-229,527,43,-185,0,0
9,53,516,-631,305,-18,-354,-481,507,-181,94,651,-230,524,55,-174,0,0
9,54,509,-632,304,-17,-355,-480,516,-176,94,651,-229,524,65,-175,0,0
9,55,506,-635,303,-32,-357,-483,530,-165,94,651,-227,527,60,-183,0,0
9,56,509,-633,306,-33,-356,-481,533,-158,94,651,-232,526,51,-184,0,0
9,57,508,-629,313,-27,-355,-480,529,-159,92,651,-228,521,59,-183,0,0
9,58,512,-629,313,-31,-355,-483,531,-155,90,651,-218,521,61,-181,0,0
9,59,514,-630,306,-32,-354,-486,537,-152,92,651,-226,524,41,-180,0,0
9,60,508,-631,306,-28,-354,-484,528,-165,94,651,-229,525,34,-182,0,0
9,61,507,-632,308,-31,-353,-483,509,-178,93,651,-223,524,55,-182,0,0
9,62,511,-631,304,-32,-353,-480,505,-177,93,651,-228,524,61,-182,0,0
9,63,512,-627,304,-29,-352,-478,508,-181,94,651,-232,525,56,-180,0,0
9,64,512,-627,311,-29,-353,-485,502,-187,93,651,-219,525,56,-179,0,0
9,65,509,-631,310,-32,-355,-490,503,-182,93,651,-214,524,41,-183,0,0
9,66,506,-632,305,-32,-354,-484,514,-179,94,651,-224,527,23,-177,0,0
9,67,509,-628,304,-30,-353,-481,518,-184,93,651,-229,528,36,-175,0,0
9,68,507,-630,306,-29,-353,-485,514,-181,91,651,-229,526,59,-187,-1,0
9,69,503,-632,309,-30,-354,-484,509,-183,90,651,-229,525,52,-189,0,0
9,70,510,-628,304,-30,-356,-479,502,-206,91,651,-230,526,39,-180,0,0
9,71,515,-628,301,-28,-354,-480,501,-219,90,651,-232,523,51,-180,0,0
9,72,508,-632,306,-27,-357,-483,506,-196,90,652,-229,522,67,-183,0,0
9,73,502,-632,309,-29,-360,-486,509,-182,90,651,-229,522,63,-182,0,0
9,74,507,-632,307,-32,-356,-482,506,-199,90,652,-229,524,49,-180,0,0
9,75,510,-629,308,-31,-353,-475,502,-202,90,654,-229,527,51,-181,0,0
9,76,508,-627,310,-29,-354,-481,512,-188,90,655,-229,527,52,-185,0,0
9,77,507,-634,308,-28,-353,-490,530,-186,90,652,-229,523,39,-185,0,0
9,78,513,-637,302,-31,-354,-485,531,-185,90,650,-229,522,41,-181,0,0
9,79,515,-631,307,-33,-356,-478,526,-176,90,650,-229,525,51,-176,0,0
9,80,506,-630,311,-30,-355,-478,537,-176,90,649,-229,524,53,-178,0,0
9,81,508,-630,307,-24,-353,-478,534,-186,90,650,-229,522,51,-182,0,0
9,82,513,-630,306,-24,-354,-480,515,-189,90,651,-229,521,45,-181,0,0
9,83,513,-633,310,-33,-354,-486,524,-187,90,651,-229,523,43,-180,0,0
9,84,513,-634,306,-36,-355,-484,531,-185,90,651,-229,528,47,-180,0,0
9,85,512,-635,301,-31,-354,-478,511,-183,90,651,-229,525,42,-181,0,0
9,86,513,-633,306,-28,-353,-479,507,-180,90,651,-229,520,41,-180,0,0
9,87,512,-632,312,-29,-353,-489,516,-182,90,651,-229,524,59,-180,0,0
9,88,514,-631,310,-31,-356,-494,511,-181,90,651,-229,526,64,-184,0,0
9,89,516,-631,308,-32,-355,-487,521,-170,90,651,-229,522,48,-185,0,0
9,90,515,-635,312,-30,-354,-481,543,-166,90,651,-229,523,43,-182,0,0
9,91,512,-636,309,-30,-354,-485,529,-176,90,651,-229,526,53,-181,0,0
9,92,508,-629,304,-32,-354,-481,500,-195,90,651,-229,526,59,-183,0,0
9,93,506,-625,306,-30,-354,-475,497,-201,90,651,-229,527,54,-183,0,0
9,94,511,-630,307,-26,-354,-479,506,-185,90,651,-229,529,52,-181,0,0
9,95,515,-630,302,-28,-354,-485,504,-174,90,651,-229,526,52,-185,0,0
9,96,510,-630,302,-30,-354,-488,515,-179,90,651,-229,521,53,-186,0,0
9,97,507,-631,308,-29,-353,-487,527,-185,90,651,-230,520,55,-179,0,0
9,98,510,-629,308,-30,-354,-481,515,-183,90,651,-228,519,55,-176,0,0
9,99,515,-625,305,-30,-354,-479,508,-183,90,651,-229,523,49,-181,0,0
9,100,518,-631,302,-29,-354,-484,518,-177,90,651,-232,526,44,-185,0,0
9,101,514,-639,303,-30,-353,-481,518,-170,90,651,-222,523,49,-183,0,0
9,102,512,-633,306,-31,-353,-477,513,-175,90,650,-213,522,56,-182,0,0
9,103,511,-627,305,-32,-353,-483,510,-189,90,649,-223,525,45,-183,0,0
9,104,505,-629,307,-32,-353,-483,501,-193,90,649,-233,526,29,-181,0,0
9,105,508,-631,308,-30,-354,-482,511,-182,90,650,-229,527,32,-178,0,0
9,106,509,-632,301,-29,-355,-487,533,-181,90,650,-229,525,49,-177,0,0
9,107,506,-629,301,-31,-354,-487,531,-187,90,649,-232,524,47,-177,0,0
9,108,508,-627,310,-32,-354,-480,529,-184,90,650,-229,528,41,-180,0,0
9,109,509,-630,309,-29,-356,-480,534,-182,90,653,-228,527,52,-184,0,-1
9,110,506,-631,303,-28,-357,-482,520,-199,90,653,-229,525,55,-185,0,-1
