0,71,508,-714,305,-30,-354,-410,-17,-400,743,651,-229,528,181,198,0,0
0,72,509,-713,313,-31,-354,-405,-21,-405,743,651,-222,525,176,202,0,0
0,73,513,-715,315,-32,-354,-405,-17,-437,743,651,-226,524,175,207,0,0
0,74,511,-716,312,-29,-357,-405,-6,-448,743,651,-231,527,179,203,0,0
0,75,508,-713,311,-27,-356,-404,-3,-441,743,651,-230,526,180,196,0,0
0,76,510,-710,310,-28,-353,-408,-8,-442,743,651,-228,524,177,198,0,0
0,77,506,-710,310,-29,-353,-405,-22,-450,743,652,-229,527,178,202,0,0
0,78,502,-715,314,-30,-356,-402,-35,-450,743,652,-231,527,183,200,0,0
0,79,507,-716,316,-30,-354,-409,-18,-441,743,651,-230,525,186,201,0,0
0,80,508,-709,311,-28,-353,-412,5,-439,743,651,-228,525,184,201,0,0
0,81,506,-706,308,-27,-355,-402,8,-449,743,651,-230,523,179,198,0,0
0,82,509,-716,311,-31,-354,-397,13,-452,743,651,-234,525,175,199,0,0
0,83,509,-719,313,-34,-353,-404,21,-433,743,651,-231,529,174,201,0,0
0,84,507,-713,310,-31,-353,-410,24,-414,743,651,-230,528,175,201,0,0
0,85,509,-715,308,-28,-351,-407,30,-400,743,651,-232,525,179,200,0,0
0,86,511,-721,310,-30,-355,-402,36,-387,743,651,-231,525,181,201,0,0
0,87,508,-717,311,-31,-359,-402,35,-402,743,651,-228,528,178,203,0,0
0,88,507,-710,311,-30,-356,-406,33,-438,743,651,-227,527,182,200,0,0
0,89,509,-711,311,-29,-353,-405,30,-448,743,651,-232,524,186,198,0,0
0,90,509,-711,311,-27,-353,-404,28,-445,743,651,-234,524,180,200,0,0
0,91,507,-709,310,-30,-355,-407,29,-452,743,651,-230,527,179,199,0,0
0,92,511,-712,313,-28,-355,-407,33,-445,743,651,-230,525,186,196,0,0
0,93,512,-716,313,-17,-354,-407,49,-425,743,651,-234,525,180,198,0,0
0,94,508,-714,311,-21,-353,-410,66,-411,743,651,-232,530,178,203,0,0
0,95,513,-712,310,-33,-354,-413,69,-393,743,651,-226,528,185,201,0,0
0,96,514,-716,313,-32,-354,-408,64,-377,743,651,-226,526,182,198,0,0
0,97,508,-716,313,-22,-353,-405,67,-380,743,651,-232,528,175,200,0,0
0,98,509,-715,312,-22,-353,-410,76,-384,743,651,-233,526,182,199,0,0
0,99,511,-717,313,-26,-354,-414,86,-383,743,651,-230,524,186,197,0,0
0,100,510,-717,312,-29,-353,-411,87,-397,743,651,-231,528,178,197,0,0
0,101,507,-717,312,-30,-352,-405,70,-416,743,651,-233,528,181,198,0,0
0,102,509,-715,313,-27,-352,-404,67,-409,743,651,-232,526,180,200,0,0
0,103,515,-709,309,-27,-353,-407,84,-385,743,651,-232,529,164,200,0,0
0,104,515,-708,306,-27,-353,-407,95,-377,743,651,-232,529,165,192,0,0
0,105,503,-717,309,-27,-355,-406,90,-396,743,652,-232,522,175,190,0,0
0,106,502,-720,309,-31,-355,-407,83,-417,743,653,-232,522,166,197,0,0
0,107,509,-715,305,-30,-353,-409,84,-409,743,652,-232,528,170,199,0,0
0,108,506,-712,305,-29,-353,-407,100,-375,743,651,-232,527,188,196,0,0
0,109,501,-712,308,-31,-353,-403,122,-357,743,651,-232,522,187,197,0,0
0,110,510,-714,312,-31,-353,-402,124,-373,743,651,-232,522,178,200,0,0
0,111,514,-716,309,-27,-353,-406,121,-374,743,651,-232,528,184,201,0,0
0,112,512,-718,305,-27,-353,-409,132,-351,743,651,-232,529,184,202,0,0
0,113,514,-713,310,-28,-352,-408,138,-357,743,651,-232,526,178,202,0,0
0,114,512,-707,310,-28,-353,-403,126,-383,743,651,-233,525,179,199,0,0
0,115,508,-710,309,-29,-357,-400,115,-388,743,652,-231,526,186,196,0,0
0,116,512,-715,311,-27,-358,-403,115,-385,743,654,-233,523,181,197,0,0
0,117,516,-712,312,-26,-355,-410,120,-384,743,653,-234,522,174,200,0,0
0,118,510,-711,315,-29,-356,-410,124,-382,743,652,-227,529,179,198,0,0
0,119,504,-716,317,-30,-357,-405,122,-388,743,651,-223,531,178,195,0,0
0,120,509,-714,311,-27,-356,-404,123,-386,743,652,-228,529,173,196,0,0
0,121,513,-708,307,-29,-354,-412,144,-362,743,653,-231,529,179,199,0,0
0,122,511,-709,311,-30,-353,-415,160,-350,743,653,-229,530,183,198,0,0
0,123,511,-716,308,-27,-353,-406,153,-360,743,651,-231,527,179,195,0,0
0,124,515,-716,305,-26,-353,-402,153,-361,743,652,-232,526,178,196,0,0
0,125,510,-714,309,-28,-353,-409,161,-349,743,651,-230,529,185,200,0,0
0,126,501,-721,309,-30,-354,-409,160,-352,743,649,-231,530,185,202,0,0
0,127,505,-720,311,-29,-355,-403,154,-369,743,650,-231,527,176,198,0,0
0,128,513,-713,313,-28,-354,-403,151,-369,743,652,-230,527,172,196,0,0
0,0,510,-714,309,-30,-353,-407,155,-353,743,652,-229,531,176,199,0,0
0,1,507,-716,308,-31,-353,-411,157,-353,743,651,-229,529,177,199,0,0
0,2,511,-714,312,-28,-355,-411,153,-364,743,651,-229,524,178,194,0,0
0,3,511,-717,313,-28,-358,-403,161,-357,743,651,-229,527,181,194,0,0
0,4,511,-715,310,-30,-358,-398,181,-345,743,651,-230,528,181,201,0,0
0,5,513,-703,310,-31,-355,-404,186,-347,743,651,-232,524,181,202,0,0
0,6,512,-704,312,-29,-354,-406,181,-349,743,651,-232,524,182,201,0,0
0,7,511,-717,313,-31,-356,-402,181,-345,743,651,-232,527,178,201,0,0
0,8,511,-717,313,-30,-356,-401,181,-350,743,651,-233,526,178,198,0,0
0,9,509,-711,313,-29,-354,-402,185,-357,743,651,-231,527,185,198,0,0
0,10,505,-714,312,-30,-354,-406,190,-354,743,651,-229,528,186,203,0,0
0,11,509,-716,310,-30,-356,-408,177,-363,743,651,-229,525,176,203,0,0
0,12,512,-712,311,-29,-353,-405,167,-375,743,651,-229,524,172,198,0,0
0,13,508,-715,311,-31,-352,-403,186,-357,743,651,-229,527,178,198,0,0
0,14,509,-716,310,-29,-356,-404,204,-332,743,651,-229,526,179,201,0,0
0,15,514,-708,306,-26,-357,-405,199,-332,743,651,-228,524,175,200,0,0
0,16,512,-706,303,-32,-356,-406,194,-342,743,651,-230,527,176,200,0,0
0,17,507,-714,308,-27,-356,-406,208,-336,743,651,-232,528,179,202,0,0
0,18,507,-715,310,-17,-355,-404,217,-315,743,651,-230,527,176,200,0,0
0,19,508,-711,309,-24,-353,-406,216,-298,743,651,-229,530,179,200,0,0
0,20,512,-716,312,-31,-354,-410,224,-306,743,651,-231,527,185,199,0,0
0,21,513,-720,314,-28,-355,-407,231,-320,743,651,-232,524,184,196,0,0
0,22,510,-716,311,-26,-354,-404,234,-320,743,651,-229,529,181,197,0,0
0,23,510,-712,311,-31,-354,-407,231,-335,743,651,-228,530,182,201,-1,0
0,24,511,-712,311,-29,-351,-410,214,-357,743,651,-230,526,181,199,0,0
0,25,509,-716,311,-19,-352,-407,205,-349,743,651,-231,526,179,197,0,0
0,26,508,-717,308,-18,-357,-404,212,-335,743,651,-230,526,182,200,0,0
0,27,508,-714,307,-28,-358,-402,212,-341,743,653,-229,528,185,200,0,0
0,28,507,-716,311,-27,-356,-402,222,-336,743,658,-231,530,181,197,-1,0
0,29,508,-718,310,-21,-355,-404,234,-332,743,656,-231,528,172,195,-1,0
0,30,513,-710,310,-29,-353,-404,214,-354,743,651,-229,526,162,196,-1,0
0,31,516,-713,316,-33,-353,-405,221,-339,743,649,-229,524,163,201,-1,0
0,32,513,-716,315,-29,-357,-406,268,-286,743,649,-230,523,178,201,-1,0
0,33,511,-706,304,-30,-356,-405,270,-286,743,649,-232,526,185,197,-1,0
0,34,512,-705,305,-29,-351,-404,242,-333,743,649,-232,527,180,198,-1,0
0,35,506,-717,315,-27,-351,-407,233,-358,743,649,-232,525,181,200,-1,0
0,36,503,-723,315,-29,-354,-402,222,-374,743,649,-232,524,183,198,-1,0
0,37,509,-715,311,-30,-353,-400,217,-380,743,649,-231,524,178,193,-1,0
0,38,511,-705,308,-27,-353,-408,236,-351,743,649,-230,527,174,190,-1,0
0,39,508,-708,309,-28,-354,-402,246,-332,743,649,-230,530,173,197,-1,0
0,40,513,-714,310,-30,-354,-391,241,-346,743,649,-230,529,178,202,-1,0
0,41,517,-708,308,-30,-354,-401,240,-358,743,649,-230,526,181,195,-1,0
0,42,511,-708,307,-30,-353,-416,246,-350,743,649,-230,529,169,190,-1,0
0,43,509,-717,308,-31,-353,-409,244,-352,743,649,-230,526,158,191,-1,0
0,44,511,-715,308,-29,-357,-395,237,-357,743,649,-231,523,166,193,-1,0
0,45,514,-714,308,-29,-358,-400,255,-335,743,649,-230,528,179,199,-1,0
0,46,512,-719,310,-32,-352,-413,281,-320,743,649,-229,530,184,199,-1,0
0,47,510,-715,311,-32,-350,-415,267,-337,743,649,-231,523,183,193,-1,0
0,48,513,-713,311,-31,-353,-409,244,-355,743,649,-233,522,179,193,-1,0
0,49,513,-718,311,-31,-355,-405,243,-371,743,649,-231,529,178,195,0,0
0,50,511,-715,308,-30,-354,-402,245,-382,743,649,-228,531,184,194,0,0
0,51,507,-709,307,-29,-355,-404,249,-358,743,649,-228,524,188,198,0,0
0,52,508,-713,309,-29,-353,-409,265,-327,743,649,-232,527,183,202,0,0
0,53,512,-709,312,-30,-351,-405,276,-326,743,649,-232,533,180,197,0,0
0,54,511,-707,313,-29,-356,-404,278,-325,743,649,-232,528,179,195,0,0
0,55,508,-711,312,-28,-359,-411,282,-318,743,649,-233,522,175,196,0,0
0,56,510,-707,309,-27,-350,-405,281,-324,743,649,-230,525,175,193,0,0
0,57,512,-706,306,-28,-346,-400,277,-329,743,649,-228,526,183,194,0,0
0,58,503,-716,310,-29,-354,-405,286,-325,743,649,-230,524,185,190,0,0
0,59,503,-719,315,-30,-358,-408,298,-319,743,649,-231,523,179,185,0,0
0,60,509,-714,313,-29,-355,-407,291,-322,743,649,-230,524,183,191,0,0
0,61,509,-712,313,-29,-353,-405,275,-349,743,649,-232,526,189,195,0,0
0,62,508,-709,313,-30,-352,-400,272,-376,743,649,-232,524,185,188,0,0
0,63,506,-716,311,-29,-354,-399,274,-372,743,649,-229,525,180,190,0,0
0,64,506,-722,310,-29,-355,-407,274,-358,743,649,-230,532,176,199,0,0
0,65,508,-714,312,-30,-354,-411,273,-364,743,650,-232,528,176,196,0,0
0,66,506,-712,308,-28,-353,-406,272,-370,743,649,-233,524,182,193,0,0
0,67,505,-716,308,-25,-354,-404,280,-357,743,649,-232,529,185,198,0,0
0,68,508,-716,311,-27,-354,-406,293,-348,743,652,-232,528,183,198,0,0
0,69,507,-718,308,-30,-355,-406,295,-350,743,654,-233,524,183,194,0,0
0,70,503,-717,305,-30,-352,-406,290,-351,743,653,-233,532,177,193,0,0
0,71,510,-713,310,-29,-352,-409,298,-342,743,653,-230,535,175,195,0,0
1,72,515,-717,315,-29,-355,-405,308,-333,743,653,-230,525,181,196,0,0
1,73,510,-713,313,-30,-353,-396,302,-343,743,650,-232,521,181,194,0,0
1,74,508,-707,306,-29,-353,-404,283,-370,743,650,-232,525,180,190,0,0
1,75,513,-713,305,-28,-355,-413,272,-365,743,650,-230,526,184,191,0,0
1,76,509,-712,313,-27,-354,-405,276,-338,743,649,-229,526,182,196,0,0
1,77,506,-705,318,-31,-354,-403,280,-344,743,649,-229,524,176,197,0,0
1,78,508,-714,314,-31,-355,-410,271,-365,743,651,-230,521,179,193,0,0
1,79,508,-720,307,-20,-354,-412,266,-358,743,653,-230,524,177,191,0,0
1,80,508,-711,307,-18,-352,-403,270,-350,743,654,-230,527,173,193,0,0
1,81,509,-711,312,-25,-352,-399,263,-360,743,653,-230,526,177,197,0,0
1,82,506,-721,312,-30,-353,-405,262,-355,743,653,-230,528,184,199,0,0
1,83,508,-718,309,-27,-354,-410,282,-336,743,654,-230,533,189,200,0,0
1,84,517,-707,308,-19,-354,-408,294,-321,743,653,-230,529,188,199,0,0
1,85,513,-706,307,-23,-356,-404,294,-314,743,653,-231,524,182,196,0,0
1,86,504,-715,307,-33,-358,-404,288,-335,743,654,-235,527,183,189,0,0
1,87,507,-720,310,-34,-354,-409,265,-379,743,653,-235,529,183,186,0,0
1,88,510,-718,311,-28,-352,-414,248,-394,743,653,-232,525,177,191,0,0
1,89,506,-717,309,-30,-354,-411,262,-371,743,655,-230,523,176,197,0,0
1,90,506,-716,310,-31,-355,-404,275,-354,743,654,-231,525,182,198,0,0
1,91,509,-715,312,-28,-354,-403,266,-356,743,650,-231,529,183,196,0,0
1,92,509,-715,312,-30,-356,-403,263,-361,743,649,-229,526,180,195,0,0
1,93,509,-715,311,-30,-355,-407,280,-351,743,651,-229,523,183,195,0,0
1,94,509,-716,314,-30,-352,-407,298,-324,743,652,-229,525,184,199,0,0
1,95,508,-719,316,-32,-354,-405,300,-316,743,651,-229,524,180,200,0,0
1,96,508,-716,312,-29,-358,-409,290,-333,743,651,-231,524,177,198,0,0
1,97,511,-714,307,-20,-356,-408,290,-333,743,651,-231,528,178,194,0,0
1,98,511,-720,306,-23,-353,-406,299,-317,743,651,-229,524,180,193,0,0
1,99,508,-714,307,-33,-353,-405,301,-320,743,651,-230,518,179,196,0,0
1,100,508,-708,307,-31,-354,-406,284,-352,743,651,-231,523,178,193,0,0
1,101,511,-711,311,-27,-353,-405,272,-379,743,651,-230,529,181,194,0,0
1,102,509,-715,314,-30,-354,-403,286,-364,743,651,-229,525,182,200,0,0
1,103,509,-716,314,-30,-359,-403,307,-332,743,651,-230,523,176,198,0,0
1,104,514,-712,309,-28,-359,-406,309,-323,743,651,-231,529,175,195,0,0
1,105,512,-712,306,-30,-353,-407,303,-325,743,651,-233,532,177,197,0,0
1,106,509,-714,310,-30,-351,-407,305,-321,743,651,-232,528,179,197,0,0
1,107,510,-709,310,-28,-353,-408,313,-317,743,651,-229,522,179,194,0,0
1,108,507,-707,307,-26,-353,-401,320,-319,743,651,-229,520,176,197,0,0
1,109,509,-716,305,-28,-355,-397,320,-319,743,651,-229,522,176,199,0,0
1,110,511,-719,307,-30,-360,-404,311,-321,743,651,-228,525,180,200,0,0
1,111,507,-713,310,-29,-357,-402,301,-334,743,651,-230,525,175,198,0,0
1,112,511,-714,312,-28,-353,-399,297,-356,743,651,-233,523,178,197,0,0
1,113,519,-715,309,-31,-353,-403,293,-374,743,651,-232,527,187,198,0,0
1,114,516,-716,306,-30,-355,-400,296,-365,744,651,-230,530,171,200,0,0
1,115,506,-717,305,-28,-355,-400,302,-341,743,651,-231,524,158,199,0,0
1,116,508,-714,309,-28,-355,-404,306,-327,743,651,-230,522,175,196,0,0
1,117,513,-715,314,-25,-354,-406,313,-329,747,651,-230,526,185,194,0,0
1,118,509,-715,314,-25,-353,-406,320,-335,747,651,-231,524,177,196,0,0
1,119,507,-712,310,-29,-353,-402,323,-331,743,652,-230,522,176,199,-1,0
1,120,513,-713,306,-25,-354,-405,323,-323,743,652,-229,523,182,196,0,0
1,121,514,-713,307,-25,-354,-409,325,-316,746,649,-231,525,185,196,-1,0
1,122,509,-715,312,-30,-353,-404,325,-303,745,653,-229,529,184,199,0,0
1,123,510,-716,313,-34,-353,-403,329,-283,745,657,-228,529,177,197,-1,0
1,124,514,-713,310,-27,-354,-411,338,-279,745,645,-230,527,176,197,-1,0
1,125,513,-716,309,-16,-353,-408,327,-310,745,640,-232,527,181,200,0,0
1,126,513,-720,311,-19,-353,-400,306,-347,745,650,-232,527,182,197,-1,0
1,127,507,-717,309,-32,-354,-402,299,-363,745,654,-234,524,179,194,-1,0
1,128,503,-713,307,-34,-354,-407,311,-360,745,650,-236,522,181,201,-1,0
1,0,510,-714,309,-26,-355,-409,319,-351,745,652,-235,528,179,202,0,0
1,1,515,-716,311,-27,-355,-409,321,-335,745,653,-230,529,165,196,-1,0
1,2,510,-716,307,-30,-354,-404,327,-310,745,653,-228,524,166,197,0,0
1,3,509,-717,307,-29,-353,-399,338,-298,745,653,-230,524,182,201,-1,0
1,4,512,-719,306,-26,-354,-401,349,-297,745,649,-231,526,184,199,0,0
1,5,509,-715,305,-25,-353,-404,344,-304,745,649,-230,523,177,199,0,0
1,6,509,-711,309,-28,-352,-401,334,-306,745,652,-232,522,179,201,0,0
1,7,512,-717,310,-32,-356,-399,340,-295,745,651,-234,526,179,197,0,0
1,8,510,-718,307,-31,-360,-404,343,-296,745,651,-231,526,178,198,0,0
1,9,505,-713,307,-26,-355,-410,323,-327,745,653,-229,520,183,199,0,0
1,10,507,-715,308,-26,-351,-408,311,-368,745,655,-233,523,181,199,0,0
1,11,510,-710,308,-28,-355,-406,324,-357,745,655,-234,529,176,201,0,0
1,12,510,-704,309,-26,-357,-407,335,-302,745,654,-229,529,176,203,0,0
1,13,510,-714,311,-27,-355,-411,339,-280,745,652,-230,530,180,200,0,0
1,14,509,-721,311,-29,-355,-409,349,-291,745,650,-233,532,183,197,0,0
1,15,509,-713,309,-28,-355,-404,357,-280,745,649,-231,531,176,201,0,0
1,16,509,-709,309,-29,-355,-404,358,-269,745,651,-230,529,172,203,0,0
1,17,506,-717,311,-32,-357,-408,356,-295,745,652,-233,528,178,199,0,0
1,18,507,-716,310,-30,-356,-409,351,-307,745,651,-233,528,181,199,0,0
1,19,512,-705,309,-28,-353,-409,351,-289,745,652,-230,525,176,202,0,0
1,20,512,-705,311,-26,-353,-409,355,-278,745,656,-230,521,177,196,0,0
1,21,509,-717,313,-27,-355,-406,343,-289,745,658,-232,525,178,190,0,0
1,22,509,-720,313,-31,-354,-405,333,-308,745,653,-232,529,178,195,0,0
1,23,509,-715,310,-32,-353,-408,335,-328,745,651,-232,524,184,201,0,0
1,24,508,-715,308,-29,-353,-414,334,-344,745,653,-232,523,182,200,0,0
1,25,507,-717,311,-28,-352,-411,327,-344,745,653,-233,528,177,198,0,0
1,26,513,-714,310,-30,-355,-398,327,-334,745,650,-232,527,180,200,0,0
1,27,515,-709,306,-32,-357,-403,338,-322,745,649,-233,522,179,199,0,0
1,28,512,-712,307,-30,-355,-411,351,-294,745,649,-232,524,177,195,0,0
1,29,510,-718,309,-28,-352,-405,352,-271,745,650,-232,528,183,198,0,0
1,30,514,-715,309,-30,-354,-403,351,-273,745,651,-233,524,184,200,0,0
1,31,511,-714,307,-28,-354,-408,363,-275,745,652,-231,527,177,197,0,0
1,32,502,-717,305,-25,-352,-407,370,-261,745,654,-229,532,177,198,0,0
1,33,504,-715,307,-27,-353,-402,358,-277,745,655,-230,525,182,198,0,0
1,34,512,-713,310,-31,-354,-401,350,-308,745,652,-232,521,179,197,0,0
1,35,510,-719,307,-29,-353,-406,355,-312,745,649,-232,529,178,199,0,0
1,36,512,-715,308,-26,-354,-408,352,-308,745,649,-233,531,182,200,0,0
1,37,518,-706,310,-29,-354,-405,334,-322,745,651,-230,523,184,192,0,0
1,38,514,-710,307,-31,-353,-407,326,-324,745,652,-226,519,180,194,0,0
1,39,510,-716,307,-29,-353,-408,342,-292,745,650,-228,520,177,203,0,0
1,40,514,-716,309,-30,-355,-406,361,-271,745,653,-233,522,177,197,-1,0
1,41,514,-713,308,-30,-359,-405,368,-273,745,656,-232,524,179,195,0,0
1,42,512,-710,306,-27,-355,-407,367,-276,745,654,-230,524,182,203,0,0
1,43,514,-709,307,-26,-351,-402,376,-266,745,651,-229,527,180,201,0,0
1,44,506,-716,310,-29,-354,-399,403,-246,745,651,-231,531,178,193,-1,0
1,45,502,-721,310,-32,-355,-403,408,-233,745,652,-231,525,180,195,0,0
1,46,510,-716,310,-31,-352,-409,387,-243,745,651,-230,518,176,202,0,0
1,47,510,-716,310,-30,-352,-407,373,-273,745,651,-231,521,174,201,0,0
1,48,509,-720,310,-30,-354,-403,367,-294,745,651,-231,528,184,198,0,0
1,49,509,-715,310,-30,-353,-403,365,-279,745,651,-230,528,186,199,0,0
1,50,507,-706,307,-30,-354,-406,377,-257,745,651,-229,528,176,199,0,0
1,51,508,-710,307,-28,-353,-407,383,-265,745,651,-230,526,175,202,0,0
1,52,512,-717,309,-29,-353,-403,376,-280,745,651,-231,524,182,203,0,0
1,53,511,-714,309,-32,-354,-399,382,-270,745,651,-231,529,180,201,0,0
1,54,508,-714,308,-28,-354,-403,391,-254,745,651,-230,533,177,201,0,0
1,55,508,-718,310,-24,-355,-409,386,-249,745,651,-227,527,178,199,0,0
1,56,508,-715,309,-28,-358,-404,386,-247,745,651,-227,528,176,196,0,0
1,57,509,-713,308,-29,-358,-401,392,-245,745,651,-230,532,181,199,0,0
1,58,510,-716,309,-25,-355,-403,391,-239,745,651,-231,526,184,199,0,0
1,59,508,-715,310,-27,-353,-402,384,-250,745,652,-230,524,174,192,0,0
1,60,506,-715,308,-30,-354,-400,377,-280,745,651,-230,525,175,194,0,0
1,61,506,-716,308,-28,-354,-405,371,-285,745,651,-231,522,188,201,0,0
1,62,514,-712,314,-29,-353,-408,372,-263,745,653,-232,524,188,195,0,0
1,63,517,-714,313,-32,-353,-406,377,-258,745,653,-233,528,178,189,0,0
1,64,513,-717,310,-30,-354,-408,379,-270,745,650,-231,526,170,195,0,0
1,65,509,-709,310,-24,-353,-410,381,-267,745,651,-230,524,165,200,0,0
1,66,509,-704,305,-24,-353,-405,385,-261,745,654,-231,522,169,197,0,0
1,67,512,-716,305,-31,-353,-406,383,-262,745,651,-230,527,180,189,0,0
1,68,510,-722,313,-34,-353,-403,381,-252,745,648,-229,531,180,189,0,0
1,69,507,-714,313,-28,-354,-397,393,-237,745,651,-230,526,173,192,0,0
1,70,509,-716,308,-26,-353,-408,400,-235,745,652,-231,519,172,193,0,0
1,71,509,-718,311,-30,-356,-416,391,-241,745,651,-231,524,177,196,0,0
2,72,509,-714,311,-29,-357,-402,380,-252,745,651,-231,527,182,198,0,0
2,73,512,-716,305,-25,-353,-398,372,-282,745,651,-229,525,178,197,0,0
2,74,511,-716,310,-27,-352,-406,360,-306,745,651,-229,525,175,195,0,0
2,75,506,-714,312,-31,-354,-403,360,-296,745,651,-229,526,180,196,0,0
2,76,511,-716,306,-33,-356,-401,375,-273,745,651,-229,526,186,197,0,0
2,77,515,-717,304,-26,-358,-405,382,-261,745,651,-229,527,184,193,0,0
2,78,509,-715,309,-18,-355,-403,383,-253,745,651,-229,526,177,192,0,0
2,79,507,-716,310,-24,-351,-402,387,-243,745,651,-230,524,180,194,0,0
2,80,510,-720,306,-23,-353,-405,389,-252,745,651,-231,522,181,194,0,0
2,81,513,-720,306,-19,-353,-399,374,-282,745,651,-231,527,176,194,0,0
2,82,509,-717,309,-25,-351,-395,363,-295,745,651,-230,530,173,191,0,0
2,83,502,-713,306,-25,-353,-399,387,-271,745,651,-230,526,179,186,0,0
2,84,505,-716,305,-18,-354,-400,412,-235,745,651,-231,525,182,191,0,0
2,85,513,-717,307,-26,-355,-405,400,-224,745,651,-229,528,177,196,0,0
2,86,512,-708,307,-34,-357,-414,387,-233,745,651,-229,524,175,189,0,0
2,87,510,-709,307,-27,-355,-409,391,-246,745,651,-233,521,180,188,0,0
2,88,514,-716,311,-31,-353,-399,386,-264,745,651,-235,524,182,195,0,0
2,89,514,-714,309,-30,-353,-402,378,-273,745,651,-231,526,181,195,0,-1
2,90,509,-714,306,-26,-354,-403,379,-262,745,651,-229,524,179,191,-1,0
2,91,505,-720,309,-29,-354,-400,377,-256,745,651,-233,521,177,194,0,0
2,92,509,-718,310,-27,-353,-407,384,-262,745,651,-233,520,180,193,-1,-1
2,93,514,-713,308,-27,-352,-410,392,-264,745,654,-231,524,184,185,-1,0
2,94,514,-714,307,-32,-353,-398,381,-267,745,656,-231,527,183,186,-1,-1
2,95,509,-714,310,-28,-355,-392,366,-281,745,653,-231,528,178,189,-1,0
2,96,506,-717,309,-20,-354,-399,371,-272,745,651,-230,527,177,187,-1,0
2,97,508,-717,308,-26,-353,-407,382,-246,745,651,-230,526,183,189,0,-1
2,98,513,-716,307,-34,-353,-408,380,-251,745,651,-232,524,185,191,0,-1
2,99,515,-719,307,-31,-354,-404,366,-274,745,651,-233,524,181,186,-1,-1
2,100,509,-718,311,-26,-354,-399,358,-284,745,651,-232,527,180,190,0,-1
2,101,506,-714,308,-26,-354,-401,364,-279,745,651,-230,525,181,199,-1,-1
2,102,509,-715,303,-28,-355,-411,364,-274,745,651,-230,522,179,194,0,-1
2,103,509,-719,310,-31,-357,-409,357,-280,745,651,-231,523,183,188,0,-1
2,104,508,-719,318,-33,-356,-397,358,-292,745,650,-231,527,184,194,0,-1
2,105,509,-715,313,-32,-355,-399,366,-287,745,652,-231,527,178,193,0,-1
2,106,509,-713,310,-29,-356,-406,371,-270,745,654,-233,524,177,184,0,-1
2,107,508,-716,310,-27,-353,-396,369,-275,745,653,-233,526,179,187,0,-1
2,108,508,-715,311,-30,-351,-388,370,-283,745,651,-230,526,177,196,0,-1
2,109,510,-710,309,-32,-356,-400,380,-259,745,651,-230,524,178,194,0,-1
2,110,510,-714,304,-29,-357,-415,392,-235,745,652,-232,529,184,189,0,-1
2,111,506,-720,303,-30,-354,-412,391,-248,745,651,-232,531,184,192,0,-1
2,112,503,-717,307,-33,-356,-396,380,-277,745,651,-232,525,181,196,0,-1
2,113,509,-714,306,-33,-360,-391,371,-292,745,651,-233,524,183,189,0,-1
2,114,511,-716,302,-33,-355,-405,359,-294,745,651,-230,528,179,185,0,-1
2,115,509,-716,306,-31,-350,-409,351,-291,745,651,-227,528,174,193,-1,-1
2,116,509,-718,311,-24,-353,-401,367,-278,745,651,-230,527,177,197,-1,-1
2,117,509,-717,310,-28,-354,-401,380,-269,745,651,-232,525,183,189,-1,-1
2,118,512,-712,308,-29,-353,-405,368,-274,745,651,-230,523,187,188,-1,-1
2,119,514,-712,307,-18,-353,-404,367,-278,745,651,-230,528,179,194,-1,-1
2,120,509,-715,311,-20,-355,-407,382,-271,745,651,-231,531,173,194,-1,-1
2,121,510,-714,310,-31,-355,-405,381,-276,745,651,-231,526,174,189,-1,-1
2,122,516,-713,305,-36,-353,-400,374,-277,745,652,-231,524,177,185,-1,0
2,123,511,-715,304,-24,-352,-401,384,-251,745,651,-230,525,179,190,-2,0
2,124,501,-715,309,-14,-354,-408,386,-240,745,649,-229,525,177,196,-2,0
2,125,503,-716,314,-22,-355,-410,373,-271,745,648,-230,528,174,193,-2,0
2,126,513,-716,312,-30,-355,-406,360,-297,745,648,-233,530,176,189,-1,0
2,127,516,-714,308,-28,-352,-402,354,-292,745,648,-233,524,180,188,-2,0
2,128,514,-717,312,-25,-353,-401,363,-276,745,648,-232,523,177,192,-1,0
2,0,515,-716,316,-21,-355,-405,376,-272,745,648,-232,525,178,195,-1,0
2,1,515,-711,312,-18,-354,-407,383,-276,745,648,-233,524,181,193,-1,0
2,2,512,-711,313,-28,-352,-402,382,-272,745,648,-231,523,176,189,-1,0
2,3,511,-718,316,-35,-354,-400,371,-267,745,648,-227,523,182,190,-1,0
2,4,513,-715,310,-28,-355,-402,364,-272,745,648,-228,525,188,190,-1,0
2,5,516,-704,306,-26,-353,-404,379,-269,745,648,-231,529,180,189,-1,0
2,6,515,-711,311,-27,-355,-406,393,-258,745,648,-229,528,179,190,-1,0
2,7,512,-717,312,-28,-355,-407,388,-257,745,648,-229,524,183,186,-1,0
2,8,511,-709,308,-32,-354,-407,378,-266,745,649,-231,524,178,183,-1,0
2,9,510,-709,311,-30,-357,-404,372,-281,745,648,-231,526,178,186,-1,0
2,10,505,-720,315,-28,-357,-402,362,-293,745,649,-231,526,185,190,-1,0
2,11,507,-720,313,-28,-352,-407,354,-297,745,653,-231,523,185,191,-1,0
2,12,510,-714,307,-28,-354,-410,358,-300,745,654,-231,524,183,189,0,0
2,13,504,-714,308,-30,-357,-406,373,-295,745,651,-231,527,183,187,0,0
2,14,509,-714,313,-32,-354,-406,380,-273,745,651,-231,524,183,190,0,0
2,15,518,-713,316,-27,-352,-408,381,-270,745,652,-231,521,186,193,0,0
2,16,512,-711,314,-29,-354,-404,381,-308,745,651,-232,522,184,191,0,0
2,17,504,-713,309,-30,-354,-403,378,-334,745,651,-231,524,178,185,0,-1
2,18,513,-718,307,-17,-354,-401,379,-319,745,652,-233,526,176,182,0,0
2,19,517,-719,308,-18,-353,-400,386,-313,745,652,-231,524,180,186,0,0
2,20,507,-714,309,-34,-355,-409,387,-326,745,651,-220,521,184,190,0,0
2,21,504,-717,307,-33,-357,-405,383,-330,745,651,-221,525,181,190,0,0
2,22,512,-718,310,-25,-354,-392,388,-333,745,651,-231,527,177,190,0,0
2,23,515,-711,314,-32,-351,-396,385,-350,745,651,-230,525,180,188,0,0
2,24,510,-715,312,-33,-352,-404,370,-357,745,651,-226,528,177,188,0,0
2,25,504,-712,309,-28,-354,-399,371,-330,745,651,-230,527,173,190,0,0
2,26,506,-702,310,-35,-353,-397,387,-298,745,651,-233,523,174,189,0,0
2,27,510,-710,315,-33,-353,-407,388,-300,745,651,-230,526,177,188,0,0
2,28,505,-715,313,-19,-353,-408,381,-324,745,651,-229,529,178,188,0,0
2,29,504,-707,308,-20,-353,-401,379,-329,745,651,-229,526,181,187,0,0
2,30,509,-712,310,-32,-354,-398,386,-314,745,651,-232,526,182,187,0,0
2,31,506,-721,312,-29,-355,-401,401,-308,745,651,-232,528,179,189,0,0
2,32,505,-715,311,-24,-355,-409,413,-301,745,651,-230,528,179,188,0,0
2,33,510,-716,309,-31,-354,-408,411,-296,745,651,-230,528,181,186,0,0
2,34,509,-718,310,-33,-353,-399,394,-308,745,651,-231,526,183,185,0,0
2,35,505,-715,311,-29,-353,-398,381,-324,745,651,-230,524,183,188,0,0
2,36,507,-718,311,-30,-353,-402,383,-326,745,651,-230,523,185,187,0,0
2,37,508,-717,312,-31,-353,-400,385,-325,745,651,-231,524,185,186,0,0
2,38,504,-713,314,-29,-351,-399,389,-320,745,651,-231,527,180,187,0,0
2,39,505,-716,314,-30,-351,-405,404,-304,745,651,-231,525,178,185,0,-1
2,40,506,-715,312,-31,-353,-403,415,-298,745,651,-231,525,181,186,0,0
2,41,503,-709,310,-29,-355,-402,407,-303,745,651,-231,531,182,190,0,0
2,42,504,-712,309,-27,-356,-407,399,-308,745,651,-230,532,180,190,0,-1
2,43,511,-716,307,-25,-354,-404,401,-313,745,652,-230,524,179,187,0,0
2,44,510,-714,308,-28,-353,-403,408,-311,745,651,-232,523,182,187,0,-1
2,45,510,-712,310,-29,-355,-409,415,-301,745,651,-229,528,185,189,0,-1
2,46,514,-718,310,-22,-354,-407,410,-293,745,653,-227,527,182,191,0,-1
2,47,512,-718,310,-21,-352,-403,397,-306,745,652,-230,528,175,190,0,0
2,48,511,-714,315,-30,-355,-403,388,-323,745,650,-229,529,178,185,0,-1
2,49,511,-715,314,-31,-356,-405,379,-317,745,650,-227,527,179,184,0,0
2,50,509,-715,309,-27,-353,-408,383,-292,745,651,-231,527,174,191,0,-1
2,51,511,-714,311,-30,-353,-411,400,-271,745,649,-233,525,177,195,0,0
2,52,513,-714,313,-32,-354,-408,403,-264,745,649,-231,526,184,192,0,0
2,53,506,-716,311,-29,-354,-403,396,-257,745,653,-230,528,185,188,0,0
2,54,505,-716,311,-29,-353,-405,405,-243,745,653,-230,528,183,189,0,-1
2,55,511,-714,313,-28,-353,-405,415,-240,745,649,-230,524,177,192,0,0
2,56,510,-712,313,-28,-355,-401,412,-251,745,649,-231,525,178,188,0,-1
2,57,508,-717,311,-30,-356,-403,412,-249,745,652,-231,529,186,186,0,0
2,58,507,-715,313,-27,-352,-407,415,-246,745,651,-231,529,174,189,0,-1
2,59,504,-704,311,-23,-352,-405,417,-262,745,651,-231,525,162,189,0,0
2,60,505,-707,308,-26,-355,-403,412,-283,745,651,-231,522,178,189,0,0
2,61,511,-716,309,-32,-354,-405,401,-291,745,651,-229,524,190,189,0,0
2,62,512,-718,312,-33,-354,-404,404,-284,745,651,-229,525,181,189,0,0
2,63,506,-711,311,-29,-360,-403,413,-267,745,651,-229,527,177,189,0,0
2,64,504,-706,310,-25,-356,-405,411,-253,745,651,-229,528,179,188,0,0
2,65,508,-713,309,-25,-352,-403,408,-248,745,651,-230,527,176,184,0,0
2,66,510,-714,305,-30,-355,-400,414,-246,745,651,-230,527,179,186,0,0
2,67,507,-706,306,-34,-356,-403,412,-244,745,651,-229,527,182,189,0,0
2,68,508,-709,310,-32,-352,-410,405,-257,745,651,-228,525,178,187,0,0
2,69,509,-718,310,-28,-353,-407,406,-279,745,651,-227,526,171,195,0,0
2,70,506,-715,310,-30,-355,-396,413,-268,745,651,-230,528,171,197,0,0
2,71,512,-711,309,-28,-354,-400,420,-246,745,652,-231,526,177,187,0,0
3,72,518,-709,309,-21,-356,-403,410,-254,745,655,-230,523,184,185,0,0
3,73,511,-709,313,-23,-356,-394,396,-265,745,655,-228,527,185,189,0,0
3,74,507,-717,313,-33,-354,-395,400,-259,745,652,-227,527,184,188,0,0
3,75,509,-719,311,-32,-354,-403,410,-258,745,651,-228,525,184,189,0,0
3,76,510,-716,312,-27,-355,-405,399,-267,745,654,-233,526,171,193,0,0
3,77,511,-715,311,-28,-354,-401,387,-275,745,654,-233,527,164,188,-1,0
3,78,509,-713,311,-28,-354,-397,402,-270,745,649,-228,528,180,189,-1,0
3,79,509,-713,310,-29,-354,-398,418,-255,745,648,-233,528,188,194,-1,0
3,80,513,-717,307,-30,-354,-398,404,-263,745,651,-234,528,177,187,0,0
3,81,508,-718,310,-29,-355,-395,397,-288,745,652,-227,530,177,183,-1,0
3,82,503,-714,311,-29,-354,-397,414,-290,745,651,-225,527,186,185,0,0
3,83,511,-716,308,-30,-352,-399,421,-265,745,651,-230,525,185,186,0,0
3,84,515,-715,313,-32,-353,-394,418,-246,745,651,-233,528,179,193,0,0
3,85,511,-712,320,-31,-355,-399,420,-253,745,651,-232,527,177,198,0,0
3,86,509,-715,315,-28,-353,-405,411,-272,745,651,-229,523,183,192,0,0
3,87,504,-719,310,-30,-351,-404,392,-290,745,651,-226,525,189,188,0,0
3,88,504,-717,310,-34,-353,-405,387,-294,745,651,-229,527,183,191,0,0
3,89,513,-714,313,-32,-354,-407,403,-275,745,651,-234,528,176,193,0,-1
3,90,513,-719,315,-29,-355,-402,418,-259,745,651,-232,528,178,191,0,-1
3,91,506,-719,312,-29,-354,-394,413,-270,745,651,-230,528,183,189,0,-1
3,92,507,-708,311,-27,-353,-394,406,-277,745,651,-231,525,184,195,0,-1
3,93,513,-706,312,-26,-357,-405,410,-275,745,651,-232,528,180,197,0,-1
3,94,507,-715,314,-28,-359,-406,413,-284,745,651,-230,529,177,192,0,-1
3,95,501,-720,311,-29,-355,-402,413,-275,745,651,-229,526,176,189,0,-1
3,96,507,-717,310,-29,-352,-405,419,-256,745,651,-231,529,177,191,0,-1
3,97,508,-712,315,-30,-352,-404,419,-258,745,651,-233,529,181,196,0,0
3,98,503,-709,317,-31,-352,-401,413,-266,745,651,-233,523,184,200,0,-1
3,99,507,-711,314,-29,-356,-402,411,-270,745,651,-231,525,183,190,0,0
3,100,509,-721,313,-26,-355,-403,409,-279,745,651,-233,530,180,183,0,0
3,101,506,-719,316,-29,-350,-401,405,-280,745,651,-233,527,177,189,0,0
3,102,510,-705,315,-32,-353,-403,406,-275,745,651,-225,521,177,191,0,0
3,103,512,-702,309,-34,-357,-398,413,-274,745,651,-225,525,181,187,0,0
3,104,509,-714,308,-28,-355,-390,415,-266,745,651,-230,528,183,191,0,0
3,105,508,-720,312,-17,-353,-393,410,-268,745,651,-231,525,180,191,0,0
3,106,509,-713,311,-19,-353,-406,406,-284,745,652,-231,525,181,189,0,0
3,107,508,-715,309,-32,-351,-405,412,-286,745,652,-224,527,181,195,-1,0
3,108,506,-720,312,-32,-354,-396,419,-275,745,652,-218,527,178,196,-1,0
3,109,508,-716,314,-27,-354,-401,419,-270,745,652,-227,528,176,191,-1,0
3,110,511,-713,311,-29,-346,-408,418,-270,745,652,-235,529,176,191,-1,0
3,111,511,-717,310,-30,-346,-407,421,-265,745,651,-229,527,178,190,-1,0
3,112,508,-716,311,-27,-354,-402,421,-271,745,652,-227,526,180,183,-1,0
3,113,510,-709,311,-28,-357,-403,404,-287,745,651,-233,524,178,186,-1,0
3,114,513,-710,311,-28,-356,-410,387,-296,745,652,-232,525,180,192,-1,0
3,115,514,-713,312,-30,-357,-410,399,-289,745,653,-228,530,175,186,-1,0
3,116,511,-715,315,-32,-355,-396,420,-269,745,653,-231,532,169,188,-1,0
3,117,511,-712,313,-30,-353,-387,419,-258,745,651,-230,526,178,194,-1,0
3,118,509,-711,308,-29,-355,-400,411,-265,745,649,-225,526,180,190,-1,0
3,119,509,-715,306,-28,-353,-410,409,-280,745,649,-227,530,174,188,-1,0
3,120,515,-712,311,-28,-353,-406,407,-279,745,650,-232,528,177,198,-1,0
3,121,513,-706,317,-33,-354,-399,418,-260,745,651,-230,524,179,201,-1,0
3,122,509,-708,315,-28,-353,-398,437,-245,745,651,-230,526,178,191,-1,0
3,123,511,-716,311,-18,-353,-403,440,-241,745,651,-232,523,185,189,-1,0
3,124,515,-714,310,-25,-354,-409,436,-240,745,651,-229,520,180,193,-1,0
3,125,511,-713,310,-32,-355,-403,436,-239,745,651,-229,526,164,192,-1,0
3,126,509,-715,311,-28,-353,-400,437,-244,745,651,-230,530,164,189,-1,0
3,127,513,-715,314,-26,-354,-407,441,-250,745,651,-229,521,177,189,-1,0
3,128,509,-718,314,-26,-355,-408,447,-242,745,651,-229,521,185,188,-1,0
3,0,504,-716,310,-26,-354,-403,435,-237,745,651,-229,531,181,186,-1,0
3,1,509,-710,313,-26,-352,-404,421,-250,745,651,-229,529,175,194,-1,0
3,2,513,-709,314,-25,-353,-399,423,-265,745,651,-229,525,182,193,-1,0
3,3,512,-712,313,-24,-354,-391,421,-267,745,651,-231,531,183,192,-1,0
3,4,512,-712,316,-26,-352,-401,422,-269,745,650,-233,532,169,197,-1,0
3,5,513,-709,316,-28,-352,-405,438,-262,745,652,-232,526,169,194,-1,0
3,6,511,-716,310,-30,-354,-396,448,-247,745,655,-228,529,180,190,-1,0
3,7,508,-720,309,-34,-354,-398,439,-257,745,654,-226,533,182,195,-1,0
3,8,509,-714,310,-31,-354,-408,435,-270,745,652,-231,528,179,197,0,0
3,9,514,-714,303,-26,-353,-406,436,-274,745,653,-233,523,180,192,-1,0
3,10,514,-719,304,-24,-352,-395,422,-291,745,654,-230,523,184,193,0,0
3,11,512,-715,315,-30,-353,-392,420,-288,745,652,-230,524,185,190,-1,0
3,12,517,-710,313,-36,-353,-400,435,-262,745,649,-233,525,179,188,0,0
3,13,516,-713,305,-29,-352,-411,433,-268,746,649,-233,528,175,192,0,0
3,14,503,-712,309,-26,-351,-405,417,-291,746,653,-232,527,176,188,0,0
3,15,504,-710,317,-34,-356,-397,423,-282,743,654,-232,524,175,184,0,0
3,16,510,-714,315,-30,-359,-400,439,-273,747,651,-232,523,175,188,0,0
3,17,507,-711,308,-17,-357,-402,441,-274,747,649,-233,525,175,188,0,0
3,18,507,-708,308,-21,-356,-402,439,-261,735,650,-232,527,175,192,0,0
3,19,506,-717,309,-32,-354,-405,441,-260,735,650,-227,528,178,200,0,0
3,20,506,-720,307,-33,-356,-401,447,-275,746,649,-226,525,179,192,0,0
3,21,509,-715,309,-25,-359,-391,449,-273,746,649,-230,523,178,187,0,0
3,22,509,-714,311,-20,-355,-399,440,-272,740,650,-231,527,184,199,0,0
3,23,505,-714,310,-24,-350,-413,436,-288,747,649,-230,528,182,200,0,0
3,24,511,-715,309,-31,-353,-407,441,-282,751,650,-231,527,165,195,0,0
3,25,517,-718,309,-30,-357,-396,445,-259,747,655,-231,529,168,199,0,0
3,26,510,-716,309,-27,-356,-402,447,-258,748,655,-230,529,186,196,0,0
3,27,506,-715,310,-31,-353,-411,449,-264,748,650,-229,524,183,186,0,0
3,28,510,-717,310,-31,-352,-405,447,-266,748,649,-230,526,170,188,0,0
3,29,507,-714,311,-28,-355,-399,442,-278,748,651,-232,532,177,194,0,0
3,30,502,-714,314,-31,-357,-402,442,-273,748,652,-232,526,181,192,0,0
3,31,507,-717,314,-32,-355,-404,449,-245,748,651,-232,521,172,188,0,0
3,32,508,-712,311,-26,-353,-405,454,-231,748,651,-232,524,176,186,0,0
3,33,505,-709,310,-24,-354,-399,448,-248,748,651,-233,526,182,191,0,0
3,34,504,-715,310,-29,-355,-393,436,-277,748,651,-231,526,181,192,0,0
3,35,505,-716,312,-31,-355,-397,426,-305,748,652,-229,524,180,188,0,0
3,36,506,-713,314,-30,-352,-404,420,-309,748,650,-231,523,174,188,0,0
3,37,509,-715,312,-32,-352,-407,425,-289,748,652,-231,526,164,189,0,0
3,38,509,-715,311,-32,-354,-399,438,-274,748,654,-229,522,169,188,0,0
3,39,508,-714,314,-27,-353,-392,443,-271,748,652,-231,520,175,192,0,0
3,40,510,-718,311,-26,-353,-397,439,-276,748,650,-233,526,172,195,0,0
3,41,512,-718,309,-29,-353,-407,439,-273,748,652,-232,529,177,193,0,0
3,42,514,-712,311,-27,-353,-406,443,-261,748,650,-232,525,185,198,0,0
3,43,510,-710,310,-28,-353,-396,445,-249,748,648,-232,524,177,197,0,0
3,44,508,-717,311,-31,-354,-401,455,-237,748,651,-232,524,173,191,0,0
3,45,512,-720,313,-28,-353,-414,459,-235,748,652,-232,524,184,193,0,0
3,46,512,-717,311,-27,-353,-412,450,-252,748,651,-232,529,181,195,0,0
3,47,508,-716,309,-29,-354,-403,444,-281,748,651,-232,529,159,187,0,0
3,48,508,-718,309,-33,-355,-397,430,-306,748,651,-232,525,162,184,0,0
3,49,510,-716,312,-29,-356,-394,412,-313,748,651,-232,524,176,190,0,0
3,50,512,-714,317,-17,-355,-398,419,-297,748,651,-233,525,168,191,0,0
3,51,511,-714,315,-19,-354,-399,441,-270,748,651,-232,523,166,193,0,0
3,52,508,-714,307,-32,-354,-396,448,-261,748,651,-230,523,175,201,0,0
3,53,508,-714,307,-32,-353,-399,443,-271,748,651,-231,527,168,198,0,0
3,54,510,-714,313,-27,-353,-398,439,-280,748,651,-231,526,167,191,0,0
3,55,511,-712,312,-30,-354,-397,435,-282,748,651,-229,524,182,193,0,0
3,56,513,-712,308,-31,-353,-404,437,-284,748,651,-230,527,180,191,0,-1
3,57,510,-712,310,-30,-351,-403,444,-279,748,651,-230,530,173,192,0,0
3,58,503,-715,308,-30,-353,-399,443,-266,748,651,-228,528,183,201,0,0
3,59,504,-715,305,-29,-354,-401,443,-256,748,652,-229,526,186,197,0,0
3,60,511,-704,308,-31,-352,-399,446,-257,748,650,-233,526,177,191,0,-1
3,61,513,-699,312,-32,-355,-402,447,-262,748,652,-233,525,174,194,0,-1
3,62,510,-714,310,-28,-358,-405,445,-266,748,657,-230,527,175,195,0,-1
3,63,507,-724,308,-28,-355,-402,442,-278,748,655,-229,526,168,192,0,-1
3,64,507,-716,307,-31,-356,-403,435,-290,748,650,-229,521,165,194,0,-1
3,65,511,-712,311,-29,-358,-405,436,-286,748,653,-229,523,178,189,0,-1
3,66,513,-716,314,-28,-357,-403,445,-271,748,657,-229,528,183,187,0,-1
3,67,509,-716,310,-29,-357,-404,449,-262,748,652,-231,528,175,192,0,-1
3,68,505,-716,310,-26,-357,-405,451,-257,748,648,-231,523,178,190,0,-1
3,69,509,-714,312,-27,-353,-397,450,-262,748,650,-230,522,188,191,0,-1
3,70,515,-716,311,-33,-354,-395,445,-264,748,652,-230,526,187,193,0,-1
3,71,513,-718,308,-32,-356,-399,449,-250,748,651,-231,523,182,187,0,-1
4,72,508,-717,309,-27,-353,-400,459,-243,748,651,-232,519,184,186,0,-1
4,73,512,-717,311,-30,-352,-401,456,-255,748,651,-235,524,182,193,0,-1
4,74,514,-719,311,-30,-354,-399,446,-276,748,651,-236,528,172,196,0,-1
4,75,505,-714,313,-29,-354,-397,439,-286,748,651,-234,526,173,189,0,-1
4,76,503,-708,313,-33,-353,-398,439,-285,748,651,-232,527,182,188,0,-1
4,77,510,-713,309,-33,-354,-406,444,-272,748,651,-230,530,173,194,0,-1
4,78,509,-714,305,-29,-355,-407,446,-251,748,651,-230,528,155,189,0,-1
4,79,505,-708,308,-30,-356,-398,444,-240,748,651,-231,527,165,185,0,-1
4,80,509,-712,310,-29,-355,-394,441,-245,748,651,-231,527,185,197,0,0
4,81,512,-719,306,-27,-355,-398,442,-245,748,651,-229,526,186,202,0,-1
4,82,509,-715,310,-28,-353,-403,456,-231,748,651,-230,523,179,192,0,0
4,83,504,-709,310,-29,-353,-406,467,-230,748,651,-232,524,182,193,0,-1
4,84,505,-711,306,-29,-354,-401,465,-238,748,651,-233,525,185,197,0,-1
4,85,510,-715,308,-30,-354,-394,467,-235,748,651,-232,527,180,188,0,-1
4,86,507,-716,312,-30,-353,-400,468,-236,748,652,-229,527,176,186,0,0
4,87,503,-715,311,-29,-353,-409,455,-248,748,650,-228,523,176,190,0,-1
4,88,512,-715,307,-31,-355,-402,440,-265,748,649,-230,522,180,190,0,0
4,89,513,-720,306,-32,-354,-398,438,-275,748,650,-231,527,178,187,0,-1
4,90,509,-716,310,-28,-351,-406,439,-260,748,652,-231,528,170,191,0,0
4,91,511,-705,311,-27,-353,-407,443,-234,748,651,-232,522,171,196,0,0
4,92,511,-706,307,-29,-355,-397,448,-232,748,651,-232,523,181,193,0,0
4,93,515,-718,310,-30,-352,-394,451,-241,748,651,-232,530,178,187,0,0
4,94,515,-719,313,-31,-352,-399,452,-239,748,651,-232,525,170,189,0,0
4,95,510,-711,310,-32,-355,-406,450,-236,748,651,-232,521,180,195,0,0
4,96,509,-712,311,-31,-354,-404,447,-234,748,651,-232,525,186,189,0,0
4,97,509,-715,314,-30,-352,-395,448,-230,748,651,-232,526,176,185,0,0
4,98,510,-716,313,-30,-354,-394,456,-228,748,652,-232,521,174,193,0,0
4,99,514,-718,310,-30,-355,-400,455,-236,748,653,-232,519,182,194,0,0
4,100,513,-717,309,-30,-352,-397,440,-264,748,653,-232,522,175,190,0,0
4,101,508,-714,313,-29,-351,-394,436,-291,748,652,-232,523,162,194,0,0
4,102,514,-713,316,-29,-358,-402,441,-276,748,653,-232,526,168,194,0,0
4,103,512,-714,311,-29,-359,-410,439,-242,748,653,-232,530,173,187,0,0
4,104,505,-715,309,-29,-353,-402,453,-217,748,653,-232,530,167,185,0,0
4,105,508,-716,309,-30,-352,-393,473,-202,748,653,-233,530,168,188,0,0
4,106,508,-716,307,-32,-353,-399,464,-201,748,653,-230,525,171,194,0,0
4,107,502,-716,306,-31,-356,-401,456,-215,748,653,-230,524,166,198,0,0
4,108,508,-715,312,-28,-358,-391,468,-228,748,653,-233,529,168,194,0,0
4,109,518,-713,315,-28,-357,-394,475,-228,748,653,-233,528,179,191,0,0
4,110,516,-713,313,-27,-352,-411,473,-228,748,653,-231,524,179,192,0,0
4,111,507,-717,311,-29,-353,-406,468,-240,748,653,-230,522,176,195,0,0
4,112,503,-720,310,-35,-355,-399,453,-251,748,652,-228,522,176,198,0,0
4,113,508,-716,310,-30,-354,-407,443,-257,748,653,-229,523,176,193,0,0
4,114,514,-714,309,-18,-354,-407,426,-281,748,653,-230,527,180,185,0,0
4,115,512,-717,309,-24,-352,-402,405,-301,748,652,-229,526,181,190,0,0
4,116,504,-714,311,-34,-354,-404,420,-276,748,651,-228,525,163,194,0,0
4,117,502,-709,308,-30,-355,-405,447,-241,748,651,-230,527,149,187,0,0
4,118,509,-713,305,-26,-351,-406,448,-242,748,651,-228,525,169,191,0,0
4,119,514,-717,307,-28,-351,-405,443,-250,748,651,-229,520,191,202,0,0
4,120,510,-716,310,-26,-356,-396,445,-246,748,651,-231,523,182,196,0,0
4,121,510,-718,308,-28,-355,-395,441,-249,748,651,-232,532,168,190,0,0
4,122,512,-720,307,-31,-353,-402,449,-241,748,651,-232,527,170,198,0,0
4,123,509,-716,310,-26,-353,-397,472,-216,748,651,-232,519,176,201,0,0
4,124,504,-715,309,-28,-353,-397,479,-203,748,652,-232,522,180,189,0,0
4,125,503,-718,308,-31,-354,-404,464,-211,748,651,-232,524,178,186,0,0
4,126,509,-715,309,-29,-353,-400,445,-231,748,651,-232,523,175,197,0,0
4,127,512,-711,308,-30,-353,-398,441,-245,749,654,-233,524,178,199,0,0
4,128,511,-714,308,-33,-353,-408,445,-240,747,657,-232,526,173,194,0,0
4,0,511,-715,312,-31,-354,-409,446,-223,749,653,-230,526,163,197,0,0
4,1,510,-714,313,-31,-355,-395,446,-213,751,649,-231,524,167,198,0,0
4,2,508,-718,310,-31,-355,-393,456,-208,740,649,-230,524,177,193,0,0
4,3,511,-718,310,-27,-354,-400,460,-213,731,651,-229,524,172,196,0,0
4,4,509,-711,310,-24,-353,-399,457,-217,734,651,-230,522,167,198,0,0
4,5,508,-714,309,-28,-354,-395,462,-199,735,651,-229,523,175,191,0,0
4,6,512,-719,309,-31,-354,-403,476,-180,733,651,-227,525,177,186,0,0
4,7,511,-716,309,-29,-352,-408,483,-183,735,651,-230,522,178,194,0,0
4,8,507,-714,311,-26,-353,-400,471,-205,734,651,-233,522,180,200,0,0
4,9,511,-717,312,-26,-356,-400,458,-221,731,651,-232,525,172,196,-1,0
4,10,509,-716,311,-30,-351,-407,458,-218,733,651,-230,524,171,194,0,0
4,11,502,-716,311,-33,-354,-404,451,-224,732,651,-229,524,181,196,-1,0
4,12,506,-715,310,-30,-359,-403,439,-236,732,651,-231,527,173,197,0,0
4,13,513,-712,305,-29,-350,-403,443,-224,733,651,-233,526,160,198,-1,0
4,14,510,-717,307,-30,-345,-396,446,-207,731,651,-232,524,168,200,0,0
4,15,507,-717,312,-30,-356,-395,448,-213,735,651,-232,528,183,196,-1,0
4,16,516,-713,307,-28,-359,-401,465,-217,744,651,-232,528,183,194,0,0
4,17,516,-715,306,-28,-352,-397,469,-210,747,651,-232,522,172,194,-1,0
4,18,506,-714,314,-28,-356,-394,455,-207,744,651,-233,519,168,189,0,0
4,19,507,-713,311,-27,-359,-398,459,-209,743,651,-229,522,181,191,0,0
4,20,512,-716,305,-27,-355,-396,472,-214,744,651,-226,528,179,197,0,0
4,21,507,-712,308,-29,-355,-397,470,-218,745,651,-229,526,163,192,0,0
4,22,507,-706,311,-29,-354,-407,460,-229,746,651,-233,525,166,188,0,0
4,23,513,-712,310,-25,-351,-408,448,-244,745,651,-232,531,179,196,0,0
4,24,512,-721,311,-29,-352,-398,442,-249,745,651,-232,528,185,198,0,0
4,25,508,-715,315,-31,-355,-396,440,-238,745,651,-232,520,174,195,0,0
4,26,510,-709,315,-21,-353,-401,443,-219,745,651,-231,523,152,196,0,0
4,27,512,-713,309,-21,-353,-399,453,-208,745,651,-230,527,156,195,0,0
4,28,509,-716,309,-31,-355,-395,454,-209,745,651,-230,522,179,194,0,0
4,29,508,-713,311,-32,-354,-399,445,-217,745,651,-230,520,182,194,0,0
4,30,510,-715,308,-28,-354,-402,456,-213,745,651,-230,525,171,198,0,0
4,31,510,-717,309,-31,-354,-399,474,-192,745,652,-229,525,164,200,0,0
4,32,506,-714,313,-31,-353,-396,475,-180,745,651,-229,523,166,197,0,0
4,33,509,-715,311,-29,-353,-395,467,-194,745,651,-228,527,177,196,0,0
4,34,514,-717,306,-31,-353,-397,463,-214,745,654,-231,526,182,196,0,0
4,35,511,-715,308,-30,-352,-408,453,-230,745,656,-232,520,178,194,-1,0
4,36,509,-711,310,-28,-352,-412,441,-242,745,652,-228,520,178,195,-1,0
4,37,512,-712,311,-29,-355,-400,440,-230,745,651,-228,528,180,199,-1,0
4,38,509,-716,311,-30,-354,-393,445,-218,745,652,-231,532,180,200,-1,0
4,39,506,-719,310,-29,-352,-398,444,-231,745,650,-230,528,181,196,-1,0
4,40,511,-717,312,-29,-356,-401,439,-236,745,653,-230,524,179,193,-1,0
4,41,510,-707,314,-29,-358,-400,441,-230,745,656,-230,525,181,198,-1,0
4,42,507,-706,313,-27,-357,-399,448,-230,745,654,-229,525,181,203,-1,0
4,43,511,-714,312,-29,-355,-394,449,-223,745,652,-229,523,177,199,-1,0
4,44,511,-713,309,-30,-350,-397,449,-212,745,655,-231,522,180,196,-1,0
4,45,510,-705,310,-30,-350,-406,460,-215,745,654,-231,523,180,201,-1,0
4,46,510,-713,313,-29,-355,-405,469,-213,745,651,-231,521,175,202,-1,0
4,47,505,-721,314,-29,-355,-396,453,-206,745,651,-232,522,174,196,-1,0
4,48,506,-715,310,-29,-353,-392,438,-218,745,652,-231,523,178,190,-1,0
4,49,515,-713,309,-27,-357,-402,437,-232,745,651,-230,524,176,191,-1,0
4,50,515,-714,312,-26,-355,-407,443,-218,745,651,-229,524,172,196,-1,0
4,51,512,-716,315,-30,-352,-401,459,-193,745,651,-230,524,174,196,-1,0
4,52,509,-715,314,-33,-354,-397,476,-183,745,651,-230,522,177,194,-1,0
4,53,508,-714,310,-28,-353,-397,473,-188,745,651,-228,523,176,196,-1,0
4,54,512,-719,309,-27,-351,-394,470,-191,745,652,-229,524,180,199,-1,0
4,55,513,-717,311,-35,-354,-396,477,-188,745,651,-231,522,178,199,-1,0
4,56,508,-712,310,-26,-355,-403,465,-187,745,652,-232,525,168,200,-1,0
4,57,507,-718,311,-13,-352,-398,453,-186,745,653,-229,525,169,198,-1,0
4,58,512,-720,311,-25,-354,-396,465,-183,745,653,-229,522,181,197,-1,0
4,59,514,-714,307,-36,-356,-409,472,-185,745,653,-232,522,182,197,-1,0
4,60,510,-713,304,-29,-357,-416,471,-184,745,654,-233,525,179,197,-1,0
4,61,510,-717,309,-26,-358,-405,475,-187,745,651,-232,526,182,197,-1,0
4,62,515,-715,315,-32,-356,-397,477,-195,745,649,-232,524,184,196,-1,0
4,63,515,-712,318,-30,-356,-403,473,-196,745,650,-232,522,177,198,-1,0
4,64,505,-715,316,-28,-356,-404,461,-197,745,652,-231,523,174,199,-1,0
4,65,503,-721,308,-31,-356,-395,445,-204,745,651,-230,526,180,196,-1,0
4,66,507,-714,309,-28,-357,-394,448,-207,745,651,-230,525,180,194,-1,0
4,67,510,-700,312,-25,-357,-399,457,-219,745,651,-230,523,178,194,-1,0
4,68,514,-704,309,-28,-353,-401,443,-237,745,651,-230,527,182,191,-1,0
4,69,508,-717,309,-31,-352,-405,442,-227,745,651,-230,529,183,192,-1,0
4,70,502,-722,313,-30,-355,-413,459,-209,745,651,-230,525,173,203,-1,0
4,71,505,-714,310,-30,-353,-407,455,-213,745,651,-230,523,168,208,-1,0
5,72,509,-701,308,-27,-353,-398,457,-214,745,651,-231,522,176,201,-1,0
5,73,506,-706,314,-26,-358,-405,476,-209,745,651,-230,520,180,193,-1,0
5,74,508,-720,316,-31,-362,-406,466,-219,745,651,-230,521,171,194,-1,0
5,75,513,-719,309,-32,-356,-399,441,-231,745,651,-231,524,170,198,-1,0
5,76,509,-710,307,-28,-350,-403,451,-225,745,651,-230,528,182,197,-1,0
5,77,505,-717,310,-30,-352,-409,472,-209,745,651,-228,530,184,196,-1,0
5,78,507,-721,308,-31,-354,-400,473,-201,745,651,-228,527,179,200,-1,0
5,79,511,-713,305,-28,-354,-392,462,-208,745,651,-231,524,181,201,-1,0
5,80,508,-713,306,-30,-352,-403,444,-218,745,651,-232,525,182,196,0,0
5,81,508,-718,312,-31,-350,-410,443,-221,745,651,-227,524,175,195,0,0
5,82,516,-716,313,-28,-352,-404,463,-210,745,651,-223,521,172,198,0,0
5,83,513,-711,311,-32,-354,-396,477,-192,745,652,-227,523,177,202,0,0
5,84,505,-714,310,-30,-354,-393,463,-194,745,650,-233,526,184,201,0,0
5,85,509,-718,308,-20,-353,-400,450,-210,745,652,-232,524,182,195,0,0
5,86,512,-715,309,-22,-352,-403,452,-216,745,654,-230,521,172,195,0,-1
5,87,507,-711,311,-31,-352,-401,449,-214,745,652,-229,523,167,200,0,0
5,88,504,-712,310,-32,-354,-399,440,-218,745,650,-228,521,172,198,0,-1
5,89,509,-715,310,-27,-355,-401,436,-220,745,653,-227,519,176,195,0,-1
5,90,509,-718,308,-23,-354,-399,446,-207,745,654,-228,523,179,197,0,0
5,91,511,-718,307,-25,-352,-396,456,-191,745,651,-227,525,181,198,0,-1
5,92,515,-713,309,-30,-352,-398,451,-181,745,651,-227,523,179,199,0,0
5,93,513,-714,306,-31,-355,-400,441,-198,745,651,-228,525,178,197,0,-1
5,94,507,-720,306,-27,-355,-395,444,-214,746,651,-227,529,179,193,0,-1
5,95,509,-716,313,-30,-351,-394,459,-196,745,651,-227,526,170,191,0,-1
5,96,513,-708,313,-33,-355,-406,457,-183,744,651,-230,522,169,196,0,-1
5,97,505,-713,309,-32,-358,-412,445,-195,747,651,-232,524,180,196,0,-1
5,98,499,-719,312,-31,-355,-401,446,-208,744,651,-230,520,178,196,0,-1
5,99,505,-717,313,-30,-357,-399,447,-222,733,651,-229,514,170,199,0,-1
5,100,510,-714,307,-30,-355,-406,434,-245,731,651,-233,519,180,201,0,-1
5,101,509,-719,304,-29,-352,-400,433,-241,737,651,-234,527,183,198,0,-1
5,102,507,-713,307,-29,-354,-392,448,-218,735,653,-224,527,165,196,0,-1
5,103,509,-701,309,-29,-355,-399,449,-210,735,655,-223,525,159,197,0,0
5,104,510,-707,312,-30,-352,-408,451,-197,737,652,-233,524,173,197,0,-1
5,105,509,-717,309,-29,-352,-406,458,-186,735,651,-233,523,182,196,0,-1
5,106,507,-715,304,-29,-357,-400,456,-203,734,654,-226,522,181,199,0,0
5,107,508,-714,307,-29,-358,-396,459,-212,736,652,-227,525,177,201,0,0
5,108,510,-716,311,-31,-353,-400,468,-192,735,648,-235,525,169,198,0,0
5,109,509,-714,308,-33,-350,-406,483,-175,735,653,-230,522,171,198,0,0
5,110,512,-715,305,-28,-354,-404,492,-165,735,656,-220,522,178,200,0,0
5,111,512,-722,310,-31,-357,-401,487,-154,735,653,-223,526,181,195,0,0
5,112,507,-715,313,-30,-353,-404,473,-179,735,649,-231,526,182,194,0,0
5,113,508,-701,308,-17,-353,-401,454,-236,735,649,-230,524,183,198,0,0
5,114,510,-705,305,-18,-354,-396,434,-258,735,650,-227,527,179,200,0,0
5,115,510,-715,317,-33,-354,-399,444,-224,735,649,-232,527,179,197,0,0
5,116,509,-710,320,-33,-354,-399,472,-187,735,649,-233,522,179,196,0,0
5,117,511,-707,308,-27,-354,-394,467,-179,735,650,-229,522,177,202,0,0
5,118,510,-717,303,-30,-353,-398,455,-187,735,651,-228,525,175,203,0,0
5,119,510,-719,307,-31,-353,-400,465,-195,735,651,-229,524,178,197,0,0
5,120,508,-711,309,-25,-354,-393,472,-197,735,651,-229,522,183,196,0,0
5,121,507,-708,305,-30,-354,-397,464,-202,735,653,-228,525,183,200,0,0
5,122,510,-710,304,-32,-353,-408,452,-203,735,654,-230,529,175,198,0,0
5,123,508,-715,309,-18,-353,-407,457,-188,735,653,-231,528,173,198,0,0
5,124,506,-714,311,-13,-354,-396,470,-184,735,653,-229,523,183,199,0,0
5,125,508,-713,309,-27,-354,-394,467,-203,735,654,-230,525,176,198,0,0
5,126,507,-716,312,-31,-354,-397,445,-228,735,653,-232,527,162,196,0,0
5,127,506,-716,313,-25,-354,-396,432,-240,734,653,-230,523,170,193,0,0
5,128,509,-716,304,-33,-354,-397,442,-237,736,653,-228,522,181,194,0,0
5,0,510,-715,304,-37,-355,-395,458,-212,735,653,-229,528,181,198,0,0
5,1,507,-715,311,-27,-354,-395,467,-191,734,653,-230,529,167,199,0,0
5,2,504,-718,309,-25,-352,-402,471,-182,740,654,-229,526,152,196,-1,0
5,3,506,-719,306,-31,-354,-401,478,-178,747,655,-228,527,158,195,0,0
5,4,512,-710,312,-22,-358,-393,475,-182,745,655,-228,528,179,192,-1,0
5,5,509,-705,314,-19,-357,-399,463,-183,743,652,-229,525,185,191,0,0
5,6,508,-711,308,-31,-353,-409,462,-186,746,652,-230,526,184,196,-1,0
5,7,513,-717,309,-32,-351,-402,471,-199,746,655,-229,522,177,195,-1,0
5,8,512,-715,312,-24,-352,-401,474,-211,745,653,-228,518,166,192,-1,0
5,9,512,-711,306,-28,-353,-405,466,-221,745,648,-229,526,173,193,-1,0
5,10,514,-713,305,-34,-354,-399,446,-243,745,649,-229,532,181,196,-1,0
5,11,513,-714,313,-29,-352,-394,434,-257,745,652,-229,528,173,198,-1,0
5,12,513,-714,312,-26,-352,-399,452,-235,745,651,-231,524,178,200,-1,0
5,13,514,-717,306,-26,-355,-400,466,-210,745,651,-232,529,185,197,-1,0
5,14,508,-718,309,-28,-356,-397,455,-205,745,651,-229,532,180,191,-1,0
5,15,502,-716,312,-32,-354,-398,457,-207,745,651,-227,524,175,193,-1,0
5,16,507,-715,313,-29,-353,-396,470,-210,745,651,-229,522,174,197,0,0
5,17,509,-716,311,-27,-354,-397,474,-206,745,651,-231,526,173,195,-1,0
5,18,505,-716,308,-30,-356,-400,475,-188,745,651,-231,528,180,193,0,0
5,19,507,-716,308,-31,-355,-396,480,-174,745,651,-229,527,172,198,0,0
5,20,512,-717,307,-27,-354,-398,478,-186,745,651,-229,527,161,202,0,0
5,21,510,-715,306,-28,-354,-409,462,-219,745,651,-231,526,169,201,0,0
5,22,508,-714,307,-32,-354,-406,443,-249,745,651,-232,525,170,199,0,0
5,23,514,-715,307,-31,-356,-401,444,-251,745,651,-231,524,163,197,0,0
5,24,510,-715,308,-29,-355,-409,452,-241,745,652,-231,522,171,193,0,0
5,25,502,-715,310,-28,-347,-405,441,-250,745,651,-229,522,183,192,0,0
5,26,507,-717,311,-28,-346,-395,437,-250,745,651,-226,525,180,197,0,0
5,27,509,-718,307,-30,-355,-397,454,-222,745,653,-230,527,178,201,0,0
5,28,506,-716,306,-30,-358,-399,459,-208,745,653,-232,525,185,198,0,0
5,29,507,-716,311,-28,-355,-396,447,-227,745,651,-229,521,179,197,0,0
5,30,508,-716,313,-28,-353,-397,440,-247,745,652,-228,526,166,199,-1,0
5,31,508,-713,310,-29,-354,-395,443,-251,745,653,-229,531,166,201,-1,0
5,32,504,-716,305,-30,-353,-393,450,-243,745,653,-229,529,177,199,-1,0
5,33,503,-720,303,-29,-355,-400,453,-221,745,653,-229,524,182,199,-1,0
5,34,505,-715,308,-28,-357,-407,451,-212,745,654,-229,526,174,200,-1,0
5,35,505,-710,309,-29,-354,-403,445,-233,745,653,-230,528,157,197,-1,0
5,36,502,-720,306,-32,-351,-400,442,-255,745,653,-231,526,152,195,-1,0
5,37,507,-713,310,-30,-353,-399,439,-270,745,654,-231,527,172,200,-1,0
5,38,512,-698,315,-28,-357,-397,435,-276,745,655,-231,527,187,205,-1,0
5,39,508,-708,314,-30,-360,-400,437,-267,745,655,-231,525,175,202,-1,0
5,40,506,-716,316,-29,-356,-402,440,-254,745,655,-231,524,161,196,-1,0
5,41,508,-706,314,-27,-354,-398,443,-255,745,653,-231,522,171,197,-1,0
5,42,509,-713,310,-31,-357,-392,444,-269,745,651,-231,520,174,197,-1,0
5,43,507,-724,311,-34,-356,-399,436,-280,745,653,-231,524,165,190,-1,0
5,44,508,-715,313,-32,-352,-414,443,-270,745,654,-231,527,167,189,-1,0
5,45,511,-713,318,-27,-353,-413,468,-243,745,651,-229,523,170,198,-1,0
5,46,511,-720,320,-31,-356,-396,467,-241,745,649,-229,522,168,201,-1,0
5,47,508,-716,312,-30,-353,-392,442,-257,745,651,-231,526,172,197,-1,0
5,48,502,-714,306,-19,-355,-401,439,-267,745,652,-231,525,169,196,-1,0
5,49,507,-717,313,-21,-355,-399,447,-279,745,651,-229,524,167,196,-1,0
5,50,513,-715,316,-30,-354,-396,439,-288,745,651,-228,523,179,197,-1,0
5,51,507,-712,310,-30,-355,-401,435,-280,745,651,-229,526,183,195,0,0
5,52,506,-713,311,-26,-355,-397,441,-264,745,651,-232,529,174,193,0,0
5,53,516,-712,314,-27,-353,-392,443,-260,745,651,-232,524,179,195,0,0
5,54,516,-713,313,-28,-352,-395,442,-265,745,651,-231,521,182,199,0,0
5,55,502,-714,309,-28,-354,-397,440,-269,745,651,-230,527,180,198,0,0
5,56,501,-715,308,-27,-353,-398,449,-262,745,651,-231,524,180,196,0,0
5,57,508,-716,310,-27,-353,-406,467,-243,745,651,-231,516,179,198,0,0
5,58,505,-708,307,-28,-353,-408,475,-244,745,651,-230,517,181,197,0,0
5,59,505,-703,305,-26,-354,-398,467,-258,745,651,-231,524,182,199,0,0
5,60,510,-716,308,-26,-355,-395,459,-260,745,651,-231,527,178,200,0,0
5,61,509,-724,308,-30,-354,-401,453,-278,745,651,-231,523,173,192,0,0
5,62,508,-716,307,-31,-352,-399,439,-315,745,651,-230,521,178,190,0,0
5,63,513,-713,315,-31,-353,-395,421,-327,745,651,-231,526,182,195,0,0
5,64,511,-717,314,-31,-354,-405,424,-308,745,651,-231,527,177,197,0,0
5,65,508,-716,304,-30,-353,-406,444,-284,745,651,-229,526,174,197,0,0
5,66,510,-715,305,-28,-353,-399,450,-270,745,651,-229,523,179,196,0,0
5,67,511,-714,313,-29,-354,-402,443,-284,745,651,-229,520,174,192,0,0
5,68,513,-709,315,-31,-355,-405,444,-307,745,651,-229,523,160,193,0,0
5,69,513,-712,314,-29,-356,-397,445,-305,745,651,-228,523,167,195,0,0
5,70,511,-711,313,-27,-355,-395,446,-286,745,651,-231,518,177,195,0,0
5,71,511,-704,310,-29,-353,-400,449,-275,745,651,-232,522,171,197,0,0
6,72,507,-709,311,-30,-354,-398,448,-272,745,651,-230,530,174,195,0,0
6,73,508,-712,312,-28,-353,-395,445,-273,745,651,-230,527,184,194,0,0
6,74,514,-708,310,-29,-354,-402,449,-279,745,651,-231,522,180,199,0,0
6,75,511,-708,314,-30,-358,-406,449,-293,745,651,-231,525,175,196,0,0
6,76,503,-707,317,-29,-359,-401,436,-303,745,651,-229,525,180,195,0,0
6,77,507,-708,313,-29,-354,-397,429,-298,745,651,-229,519,176,200,0,0
6,78,509,-712,311,-29,-352,-398,438,-281,745,651,-229,519,176,191,0,0
6,79,506,-713,312,-28,-353,-401,447,-261,745,651,-229,523,184,183,0,0
6,80,510,-709,309,-28,-353,-410,450,-254,745,651,-229,524,173,193,0,0
6,81,515,-707,307,-28,-354,-409,450,-265,745,651,-229,522,158,197,0,0
6,82,512,-708,308,-27,-356,-399,451,-275,745,651,-229,524,170,192,0,0
6,83,507,-714,309,-27,-353,-392,459,-268,745,651,-229,529,177,188,0,0
6,84,506,-720,308,-30,-349,-400,470,-254,745,651,-229,524,164,188,0,0
6,85,507,-714,311,-30,-351,-407,473,-249,745,651,-230,521,168,193,0,0
6,86,512,-706,315,-28,-354,-403,467,-257,745,651,-231,524,185,194,0,0
6,87,514,-705,313,-27,-354,-399,457,-279,745,651,-231,526,181,187,0,0
6,88,509,-716,311,-28,-353,-397,447,-297,745,651,-231,525,174,190,0,0
6,89,505,-723,310,-26,-354,-397,441,-293,745,651,-231,527,179,195,0,0
6,90,507,-713,307,-28,-354,-402,429,-296,745,651,-230,529,175,192,0,0
6,91,508,-710,309,-31,-354,-408,424,-308,745,651,-230,525,164,195,0,0
6,92,507,-715,312,-30,-353,-401,446,-291,745,651,-230,521,169,196,0,0
6,93,505,-714,308,-29,-353,-391,459,-263,745,651,-230,524,175,195,0,0
6,94,502,-715,309,-30,-355,-399,448,-272,745,652,-230,525,167,195,0,0
6,95,504,-716,313,-29,-353,-407,439,-304,745,650,-230,522,166,192,0,0
6,96,507,-713,311,-29,-353,-406,443,-308,745,652,-230,522,176,192,0,0
6,97,507,-714,314,-30,-356,-401,445,-281,745,654,-230,528,183,200,0,0
6,98,508,-715,316,-30,-355,-395,437,-284,745,652,-230,528,180,198,0,0
6,99,509,-707,306,-30,-354,-396,436,-310,745,649,-230,524,169,186,0,0
6,100,505,-707,305,-30,-353,-405,453,-307,745,650,-230,525,163,190,0,0
6,101,508,-708,310,-30,-353,-406,462,-300,745,652,-230,527,174,192,0,0
6,102,516,-703,306,-29,-355,-401,452,-310,745,651,-231,521,185,184,0,0
6,103,513,-709,306,-29,-354,-405,445,-296,745,651,-231,518,176,186,0,0
6,104,506,-719,311,-31,-352,-407,446,-262,745,654,-228,525,158,190,0,0
6,105,506,-718,309,-30,-353,-395,452,-248,745,654,-227,525,153,188,0,0
6,106,509,-715,309,-28,-355,-392,464,-244,745,651,-231,523,164,186,0,0
6,107,507,-719,313,-30,-353,-398,470,-247,745,651,-233,522,172,188,0,0
6,108,506,-716,312,-31,-352,-396,474,-259,745,652,-232,518,173,189,0,0
6,109,511,-714,308,-25,-354,-396,479,-261,745,651,-231,518,171,188,0,0
6,110,511,-713,311,-27,-355,-400,477,-253,745,651,-230,524,172,189,0,0
6,111,509,-713,311,-29,-354,-395,474,-246,745,651,-231,525,177,187,0,0
6,112,507,-718,306,-18,-354,-397,465,-250,745,651,-233,521,185,184,0,0
6,113,509,-719,307,-20,-355,-408,457,-277,745,651,-233,522,182,186,0,0
6,114,512,-716,310,-31,-354,-406,448,-318,745,651,-231,528,167,194,0,0
6,115,512,-714,308,-31,-355,-394,440,-329,745,651,-229,526,165,194,0,0
6,116,508,-717,309,-24,-355,-393,450,-295,745,651,-229,524,174,190,0,0
6,117,506,-716,310,-19,-355,-399,472,-264,745,652,-233,525,166,195,0,0
6,118,508,-712,307,-23,-354,-400,476,-258,745,651,-233,521,164,195,0,0
6,119,508,-714,314,-31,-352,-397,463,-260,745,651,-228,518,183,189,0,0
6,120,504,-716,316,-30,-356,-400,453,-268,745,654,-228,519,183,186,0,0
6,121,507,-714,314,-27,-362,-405,453,-274,745,652,-234,521,168,190,0,0
6,122,510,-713,318,-31,-356,-402,459,-271,745,648,-232,522,175,190,0,0
6,123,510,-715,317,-29,-351,-396,450,-282,745,650,-229,525,187,189,0,0
6,124,509,-716,312,-25,-354,-394,440,-285,745,652,-232,525,183,192,-1,0
6,125,510,-716,314,-27,-355,-399,460,-262,745,651,-234,523,173,189,0,0
6,126,510,-715,317,-28,-354,-409,476,-257,745,651,-229,521,174,187,0,0
6,127,514,-714,314,-29,-354,-406,461,-280,745,651,-229,521,174,195,0,0
6,128,512,-715,314,-27,-353,-400,444,-285,745,651,-232,523,171,196,0,0
6,0,513,-715,313,-27,-355,-407,456,-259,745,652,-232,522,177,188,0,0
6,1,515,-714,306,-29,-354,-404,466,-247,745,651,-229,520,181,189,0,0
6,2,512,-714,304,-29,-355,-392,456,-262,745,650,-230,523,176,193,0,0
6,3,507,-715,306,-27,-359,-397,442,-279,745,654,-233,526,178,188,0,0
6,4,510,-716,309,-27,-357,-401,442,-284,745,657,-233,522,179,188,0,0
6,5,511,-715,311,-28,-352,-395,456,-270,745,652,-231,522,164,190,0,0
6,6,509,-714,310,-30,-353,-396,458,-242,745,651,-231,525,162,184,-1,0
6,7,511,-714,308,-30,-354,-397,441,-231,745,654,-231,523,180,185,0,0
6,8,506,-714,309,-28,-353,-395,421,-252,745,651,-230,521,186,189,0,0
6,9,504,-713,311,-29,-353,-396,412,-262,745,648,-230,522,181,185,0,0
6,10,508,-713,312,-31,-352,-397,409,-258,745,651,-231,524,180,184,0,0
6,11,505,-719,310,-29,-353,-393,414,-267,745,652,-230,523,185,191,0,0
6,12,506,-718,308,-27,-355,-396,424,-265,745,651,-230,523,182,188,0,0
6,13,510,-716,308,-28,-353,-407,429,-249,745,651,-232,522,178,183,0,0
6,14,510,-717,308,-30,-352,-413,434,-235,745,651,-233,522,177,187,0,0
6,15,509,-715,307,-29,-354,-408,443,-226,745,651,-233,524,177,189,0,0
6,16,509,-713,309,-25,-354,-406,438,-235,745,651,-229,523,174,186,0,0
6,17,506,-715,310,-27,-352,-412,420,-259,745,651,-227,524,166,188,0,0
6,18,510,-715,312,-32,-354,-405,425,-261,745,651,-230,529,171,190,0,0
6,19,515,-718,311,-32,-354,-396,444,-243,745,651,-230,529,181,184,0,0
6,20,510,-720,311,-29,-352,-400,444,-236,745,651,-228,521,178,181,0,0
6,21,507,-710,313,-28,-352,-400,435,-238,745,654,-229,518,175,184,0,0
6,22,509,-705,312,-29,-354,-401,439,-243,745,653,-230,527,181,185,0,0
6,23,508,-714,310,-28,-354,-400,442,-247,745,651,-230,532,182,183,0,0
6,24,506,-719,308,-30,-354,-399,430,-248,745,651,-232,525,180,185,0,0
6,25,509,-718,306,-30,-355,-407,427,-243,745,652,-229,521,180,188,0,0
6,26,507,-714,311,-31,-354,-406,438,-229,745,651,-227,524,175,189,0,0
6,27,505,-712,317,-31,-353,-394,447,-224,745,651,-230,521,173,187,0,0
6,28,506,-715,314,-28,-353,-395,444,-232,745,651,-231,516,178,187,0,0
6,29,508,-719,310,-27,-354,-402,439,-236,745,651,-228,521,180,189,0,0
6,30,513,-717,312,-27,-354,-397,426,-248,745,651,-229,525,178,191,0,0
6,31,512,-714,312,-27,-354,-397,420,-265,745,652,-231,519,176,187,0,0
6,32,505,-715,310,-28,-355,-399,438,-242,745,651,-229,520,177,187,0,0
6,33,507,-716,311,-30,-356,-396,455,-205,745,650,-228,529,175,192,0,0
6,34,510,-716,311,-32,-354,-398,459,-208,745,652,-230,526,166,190,-1,0
6,35,508,-716,309,-30,-353,-395,447,-239,745,655,-231,520,166,185,-1,0
6,36,513,-714,307,-29,-354,-395,429,-255,745,651,-231,522,178,188,-1,0
6,37,511,-712,309,-30,-355,-398,428,-238,745,648,-231,526,182,188,0,0
6,38,506,-712,313,-30,-356,-397,439,-218,745,651,-231,525,173,183,-1,0
6,39,515,-708,314,-29,-355,-396,442,-213,745,652,-231,520,166,183,-1,0
6,40,513,-708,311,-27,-354,-400,440,-218,745,651,-231,519,169,188,-1,0
6,41,506,-714,307,-28,-355,-396,447,-224,745,651,-231,523,172,187,-1,0
6,42,508,-714,307,-32,-354,-397,454,-234,745,651,-231,525,172,185,-1,0
6,43,511,-711,310,-31,-353,-409,435,-259,745,651,-231,523,171,190,-1,0
6,44,513,-713,310,-26,-353,-408,418,-269,745,651,-231,524,166,190,-1,0
6,45,512,-715,309,-30,-357,-396,452,-224,745,651,-231,523,169,184,-1,0
6,46,509,-713,310,-28,-359,-393,497,-170,745,652,-231,524,172,185,-1,0
6,47,511,-715,308,-19,-355,-398,473,-185,745,654,-231,526,168,188,-1,0
6,48,514,-714,304,-23,-356,-408,431,-239,745,653,-231,523,171,184,-1,0
6,49,506,-714,303,-33,-358,-403,429,-259,746,652,-231,521,173,183,-1,0
6,50,504,-717,307,-30,-354,-397,425,-261,745,653,-231,525,168,187,-1,0
6,51,509,-716,311,-27,-353,-400,423,-250,745,654,-231,526,176,185,0,0
6,52,509,-713,306,-30,-355,-404,435,-234,746,653,-231,522,187,184,-1,0
6,53,507,-712,306,-29,-352,-403,440,-227,739,653,-231,523,173,184,0,0
6,54,508,-717,318,-29,-353,-401,457,-201,730,653,-231,525,163,182,-1,0
6,55,512,-718,323,-32,-358,-399,470,-178,734,653,-231,522,170,185,0,0
6,56,514,-715,315,-29,-353,-397,449,-209,742,653,-231,521,175,189,0,0
6,57,512,-716,310,-27,-350,-402,432,-244,741,653,-231,523,177,185,0,0
6,58,511,-718,309,-32,-353,-400,445,-240,740,653,-231,521,177,186,0,0
6,59,510,-716,309,-31,-356,-393,443,-251,742,653,-231,517,174,190,0,0
6,60,507,-713,313,-26,-352,-398,438,-262,741,653,-231,522,174,187,0,0
6,61,508,-714,315,-30,-351,-405,443,-248,741,653,-231,528,174,184,0,0
6,62,510,-716,310,-33,-353,-403,441,-241,741,653,-230,523,166,187,0,0
6,63,508,-715,309,-30,-353,-395,457,-224,741,653,-231,520,167,186,0,0
6,64,507,-717,308,-29,-352,-393,471,-200,741,653,-231,523,170,183,0,0
6,65,508,-719,306,-31,-353,-399,450,-218,741,653,-228,524,168,183,0,0
6,66,507,-717,308,-31,-353,-408,427,-258,741,653,-227,524,177,183,0,0
6,67,508,-716,312,-29,-353,-407,428,-269,741,653,-230,526,187,184,0,0
6,68,514,-715,312,-27,-354,-397,431,-268,741,653,-232,525,179,186,0,0
6,69,511,-714,310,-26,-353,-396,440,-250,741,653,-231,525,173,185,0,0
6,70,506,-718,309,-26,-353,-402,456,-225,741,653,-232,525,181,181,0,0
6,71,508,-718,308,-26,-354,-397,453,-230,741,653,-230,522,178,182,0,0
7,72,507,-712,308,-28,-353,-395,443,-246,745,653,-231,519,174,187,0,0
7,73,508,-714,311,-30,-354,-398,444,-251,747,653,-233,522,177,185,0,0
7,74,507,-717,311,-28,-355,-396,446,-255,749,653,-225,525,177,185,0,0
7,75,505,-713,307,-25,-353,-397,442,-258,750,653,-222,524,175,190,0,0
7,76,510,-714,305,-26,-351,-400,440,-234,739,653,-230,522,177,191,0,0
7,77,510,-714,309,-30,-352,-395,457,-218,730,653,-233,524,178,187,0,0
7,78,505,-713,311,-32,-353,-397,466,-237,735,653,-229,524,177,187,0,0
7,79,506,-713,312,-29,-355,-405,459,-252,737,653,-229,526,184,187,0,0
7,80,511,-710,316,-27,-354,-401,452,-246,732,653,-232,525,186,185,0,0
7,81,507,-707,312,-28,-353,-398,450,-244,735,654,-231,520,175,189,0,0
7,82,505,-712,307,-26,-354,-408,454,-244,738,653,-230,522,174,190,0,0
7,83,514,-716,309,-26,-354,-413,469,-218,735,653,-229,526,178,187,0,0
7,84,513,-714,313,-29,-352,-409,480,-199,734,654,-229,521,171,189,0,0
7,85,502,-714,310,-25,-354,-403,468,-215,736,652,-229,519,175,191,0,0
7,86,502,-715,306,-23,-357,-395,454,-237,735,649,-229,528,180,184,0,0
7,87,508,-715,308,-28,-355,-393,448,-242,735,650,-229,530,167,183,0,0
7,88,506,-715,307,-31,-354,-400,438,-242,735,651,-229,525,166,190,0,0
7,89,505,-714,305,-28,-355,-397,438,-242,735,651,-229,526,177,191,0,0
7,90,510,-715,307,-27,-354,-396,453,-231,735,651,-229,528,175,185,0,0
7,91,508,-714,312,-31,-353,-406,464,-226,735,651,-229,525,179,184,0,0
7,92,509,-712,311,-29,-354,-406,456,-242,735,652,-229,521,175,188,0,0
7,93,514,-713,307,-21,-353,-394,445,-249,735,655,-229,521,154,187,0,0
7,94,512,-716,310,-24,-352,-396,448,-245,735,655,-229,522,157,183,0,0
7,95,509,-713,312,-32,-354,-404,463,-243,735,653,-228,523,164,186,0,0
7,96,509,-709,309,-32,-354,-399,473,-235,735,653,-230,522,154,193,0,0
7,97,511,-713,311,-28,-354,-394,461,-233,735,653,-232,520,165,190,0,0
7,98,516,-719,310,-20,-354,-400,441,-255,735,650,-230,520,187,180,0,0
7,99,514,-717,304,-20,-355,-404,436,-283,735,648,-230,521,187,184,0,0
7,100,510,-713,306,-29,-355,-397,436,-291,735,649,-232,521,180,188,0,0
7,101,511,-717,314,-32,-355,-394,442,-275,735,649,-228,521,178,185,0,0
7,102,510,-717,312,-27,-355,-396,451,-249,735,649,-226,524,178,185,-1,0
7,103,508,-710,304,-31,-357,-395,452,-240,735,649,-230,523,180,188,-1,0
7,104,510,-712,306,-33,-354,-401,454,-253,734,649,-232,521,173,190,-1,0
7,105,506,-718,317,-25,-351,-406,472,-236,736,649,-229,522,170,191,0,0
7,106,503,-718,316,-23,-353,-402,477,-201,735,649,-229,521,178,190,-1,0
7,107,508,-714,307,-28,-354,-401,457,-227,733,649,-229,518,180,186,-1,0
7,108,508,-709,309,-31,-351,-403,455,-269,741,649,-229,518,180,187,-1,0
7,109,508,-706,314,-27,-357,-398,476,-248,746,649,-229,523,180,188,-1,0
7,110,509,-713,311,-28,-363,-395,480,-227,743,649,-229,527,180,187,-1,0
7,111,505,-722,306,-33,-355,-398,461,-247,742,649,-229,523,178,188,-1,0
7,112,506,-717,305,-31,-352,-400,448,-263,744,648,-229,520,174,186,-1,0
7,113,509,-713,306,-26,-356,-402,446,-271,743,649,-229,523,167,186,-1,0
7,114,510,-717,307,-31,-357,-397,444,-266,744,653,-229,522,170,188,-1,0
7,115,511,-717,308,-30,-356,-393,449,-240,746,654,-229,514,174,188,-1,0
7,116,508,-714,307,-17,-355,-399,448,-243,745,652,-229,518,171,184,-1,0
7,117,504,-714,307,-19,-352,-399,441,-269,745,651,-229,530,171,184,-1,0
7,118,507,-719,310,-32,-352,-396,444,-265,745,651,-228,528,165,194,-1,0
7,119,505,-717,308,-32,-357,-398,450,-237,745,651,-229,520,166,195,-1,0
7,120,505,-712,307,-26,-358,-397,457,-221,745,651,-231,522,174,185,-1,0
7,121,514,-714,313,-29,-355,-396,469,-214,745,651,-231,526,170,185,-1,0
7,122,514,-719,314,-29,-351,-396,476,-212,745,651,-230,517,168,192,-1,0
7,123,508,-715,308,-27,-350,-395,461,-226,745,652,-232,513,178,188,-1,0
7,124,507,-716,308,-32,-355,-401,445,-245,745,652,-233,519,184,183,-1,0
7,125,510,-717,311,-31,-355,-409,442,-260,745,650,-232,525,169,188,-1,0
7,126,513,-705,312,-29,-353,-401,439,-276,745,652,-232,526,154,192,-1,0
7,127,512,-705,312,-29,-353,-397,435,-280,745,653,-233,524,158,191,-1,0
7,128,505,-719,310,-28,-355,-402,440,-262,745,642,-230,521,162,189,-1,0
7,0,503,-719,308,-29,-356,-400,447,-247,745,633,-228,521,154,188,-1,0
7,1,508,-712,308,-30,-354,-393,447,-246,745,633,-229,527,160,191,-1,0
7,2,512,-716,308,-29,-354,-395,453,-243,745,637,-229,527,182,190,-1,0
7,3,508,-717,314,-30,-356,-403,464,-241,745,635,-229,522,181,187,-1,0
7,4,508,-715,316,-31,-354,-402,469,-236,746,636,-230,523,174,187,-1,0
7,5,513,-718,309,-29,-352,-400,474,-219,746,645,-233,523,184,189,0,0
7,6,513,-717,306,-27,-353,-403,482,-209,744,653,-233,523,184,189,0,0
7,7,503,-714,309,-27,-354,-401,475,-228,747,653,-231,524,172,187,0,0
7,8,503,-715,310,-31,-352,-399,456,-263,746,653,-229,523,172,185,0,0
7,9,509,-716,308,-30,-353,-406,441,-284,735,655,-229,522,172,189,0,0
7,10,508,-717,308,-18,-354,-404,437,-283,730,651,-229,525,166,191,0,0
7,11,508,-718,307,-18,-353,-399,455,-265,737,648,-229,525,167,188,0,0
7,12,513,-717,310,-30,-354,-403,470,-253,736,650,-231,523,172,191,0,0
7,13,509,-713,313,-34,-357,-400,468,-251,732,649,-233,525,175,193,0,0
7,14,506,-714,309,-28,-353,-393,465,-244,737,649,-232,524,172,186,0,0
7,15,509,-718,308,-21,-350,-399,462,-244,738,649,-232,524,165,184,0,0
7,16,509,-718,312,-19,-354,-400,449,-259,734,649,-233,524,170,187,0,0
7,17,510,-716,311,-28,-354,-394,446,-258,735,649,-230,522,170,186,0,0
7,18,512,-714,308,-34,-355,-397,464,-239,735,649,-227,522,165,186,0,0
7,19,509,-714,309,-27,-358,-403,475,-227,735,649,-229,523,172,191,0,0
7,20,507,-716,310,-26,-356,-401,473,-231,735,649,-231,520,174,192,0,0
7,21,511,-717,312,-29,-355,-396,470,-250,735,649,-230,521,166,189,0,0
7,22,511,-716,312,-29,-356,-397,464,-274,735,649,-231,528,174,189,0,-1
7,23,508,-718,307,-30,-353,-397,447,-282,735,650,-233,526,183,188,0,0
7,24,510,-718,307,-29,-352,-399,439,-273,735,649,-232,520,174,185,0,0
7,25,510,-715,309,-28,-354,-400,455,-250,735,649,-232,523,165,188,0,0
7,26,509,-714,310,-30,-355,-396,472,-227,735,652,-233,525,166,194,0,0
7,27,507,-716,313,-30,-357,-400,474,-227,735,655,-232,522,178,193,0,0
7,28,505,-717,315,-27,-355,-412,473,-240,735,652,-230,520,182,187,0,0
7,29,508,-716,310,-26,-353,-414,475,-235,735,651,-230,523,170,186,0,0
7,30,510,-717,308,-27,-354,-403,472,-218,735,651,-232,526,171,192,0,0
7,31,508,-719,312,-26,-353,-400,472,-211,735,651,-231,523,178,193,0,0
7,32,507,-717,309,-30,-353,-399,478,-210,735,651,-230,519,172,193,0,0
7,33,509,-713,305,-34,-354,-398,478,-205,735,651,-231,521,170,192,0,0
7,34,509,-714,310,-32,-353,-405,475,-206,735,651,-231,524,175,188,0,0
7,35,509,-717,314,-29,-354,-405,476,-210,735,651,-230,522,176,185,0,0
7,36,508,-719,309,-30,-355,-400,480,-218,735,651,-231,521,182,184,0,0
7,37,509,-717,310,-30,-352,-402,477,-236,735,651,-230,521,180,190,0,0
7,38,512,-715,314,-31,-352,-402,460,-254,735,651,-229,521,165,193,0,0
7,39,510,-717,307,-31,-355,-401,453,-257,735,651,-229,523,167,195,0,0
7,40,511,-716,305,-28,-355,-406,468,-235,735,651,-229,525,170,195,0,0
7,41,514,-712,310,-30,-354,-403,479,-214,735,651,-229,523,166,188,0,0
7,42,511,-714,308,-31,-354,-396,474,-217,735,651,-229,522,167,189,0,0
7,43,509,-719,305,-24,-353,-399,472,-229,735,651,-229,524,167,199,0,0
7,44,513,-717,307,-25,-354,-399,474,-219,735,651,-229,525,168,199,0,0
7,45,509,-714,310,-31,-356,-392,487,-196,735,651,-229,522,169,194,0,0
7,46,500,-716,312,-32,-355,-399,501,-187,735,651,-229,519,168,197,0,0
7,47,504,-716,311,-28,-355,-407,493,-194,735,651,-229,523,169,195,0,0
7,48,509,-716,313,-28,-355,-404,488,-204,735,652,-229,527,169,184,0,0
7,49,509,-719,313,-32,-354,-395,494,-219,735,654,-229,521,169,186,0,0
7,50,507,-716,310,-30,-354,-393,482,-238,735,655,-229,516,169,195,0,0
7,51,508,-714,310,-25,-354,-399,467,-233,735,655,-228,519,169,195,0,0
7,52,508,-717,311,-28,-352,-398,469,-219,735,655,-231,523,169,191,0,0
7,53,506,-711,305,-35,-351,-392,473,-221,735,655,-231,524,168,193,0,0
7,54,509,-710,306,-33,-354,-399,477,-222,735,654,-229,522,168,194,0,0
7,55,511,-716,312,-28,-355,-409,477,-221,735,655,-229,523,170,196,0,0
7,56,507,-710,308,-27,-353,-404,467,-233,735,655,-233,524,169,200,0,0
7,57,507,-706,306,-26,-352,-401,479,-230,735,654,-233,522,166,194,0,0
7,58,510,-716,312,-29,-355,-402,500,-215,735,652,-230,520,175,189,0,0
7,59,508,-716,310,-33,-356,-399,501,-210,735,651,-229,527,183,194,0,0
7,60,507,-712,306,-30,-355,-402,500,-204,735,652,-231,532,172,197,0,0
7,61,512,-719,309,-24,-354,-406,498,-204,735,651,-231,527,164,195,0,0
7,62,509,-720,309,-27,-354,-398,478,-232,735,651,-229,522,170,194,0,0
7,63,507,-715,307,-31,-355,-392,460,-263,735,651,-228,522,175,190,0,0
7,64,513,-717,309,-31,-353,-400,463,-259,735,651,-229,522,168,189,0,0
7,65,510,-718,310,-27,-352,-406,470,-239,735,651,-229,522,166,192,0,0
7,66,508,-716,309,-29,-355,-402,475,-227,735,651,-231,523,181,189,0,0
7,67,510,-715,310,-31,-356,-399,481,-219,735,651,-232,524,181,188,0,0
7,68,509,-715,311,-29,-353,-403,482,-209,735,651,-230,526,167,193,0,0
7,69,504,-717,311,-28,-355,-402,482,-209,735,651,-228,525,168,196,0,0
7,70,508,-718,310,-29,-361,-400,480,-219,735,651,-229,521,172,192,0,0
7,71,512,-715,311,-29,-356,-410,476,-222,735,651,-231,523,178,185,0,0
8,72,507,-714,315,-32,-352,-411,477,-220,735,651,-230,525,184,186,0,0
8,73,509,-717,311,-28,-354,-405,482,-215,735,651,-230,524,169,192,0,0
8,74,516,-718,306,-17,-355,-409,482,-218,735,651,-232,524,153,191,0,0
8,75,515,-716,306,-20,-350,-411,481,-242,735,651,-230,524,166,190,0,0
8,76,513,-717,306,-33,-350,-403,479,-262,735,651,-227,522,179,196,0,0
8,77,513,-721,308,-32,-355,-395,469,-259,735,651,-229,522,172,200,0,0
8,78,511,-717,312,-26,-353,-400,477,-244,735,651,-232,524,163,193,0,0
8,79,510,-709,307,-29,-351,-413,496,-227,735,651,-228,521,155,189,0,0
8,80,513,-712,304,-29,-357,-413,488,-215,735,651,-226,520,160,189,0,0
8,81,509,-719,311,-25,-360,-401,478,-217,735,651,-230,525,162,189,0,0
8,82,507,-719,314,-26,-354,-394,498,-213,735,651,-232,526,153,189,0,0
8,83,510,-717,311,-29,-353,-396,512,-202,735,651,-229,519,165,193,0,0
8,84,507,-714,311,-30,-355,-400,499,-208,735,651,-229,519,187,195,0,0
8,85,508,-716,310,-26,-352,-396,497,-215,735,651,-232,522,184,193,0,0
8,86,511,-716,307,-24,-353,-394,508,-210,735,651,-230,521,170,188,0,0
8,87,506,-710,306,-33,-356,-398,499,-219,735,651,-228,520,172,186,0,0
8,88,504,-710,311,-33,-354,-399,478,-254,735,651,-229,521,173,189,0,0
8,89,512,-716,313,-17,-353,-393,463,-272,735,651,-231,522,167,189,0,0
8,90,515,-720,311,-16,-356,-398,475,-237,735,652,-232,522,170,192,0,0
8,91,507,-716,309,-32,-358,-405,501,-203,735,651,-233,521,172,192,0,0
8,92,504,-715,308,-32,-356,-399,507,-206,735,651,-231,523,170,184,0,0
8,93,509,-718,306,-24,-355,-395,499,-210,735,654,-231,530,173,181,0,0
8,94,511,-709,308,-30,-354,-398,491,-199,735,654,-230,526,171,188,0,0
8,95,508,-705,313,-32,-354,-397,484,-210,735,653,-229,523,169,189,0,0
8,96,510,-714,313,-27,-353,-395,477,-232,735,653,-230,530,171,184,0,0
8,97,510,-717,309,-26,-353,-398,476,-230,735,651,-229,528,170,186,0,0
8,98,508,-713,307,-28,-353,-398,477,-222,735,649,-228,522,170,188,0,0
8,99,512,-710,308,-30,-354,-392,476,-231,735,650,-230,525,170,189,0,0
8,100,516,-712,311,-34,-354,-402,476,-245,735,652,-232,528,169,190,0,0
8,101,511,-714,312,-31,-354,-417,472,-259,735,651,-231,522,172,193,0,0
8,102,506,-711,307,-19,-354,-409,462,-278,735,651,-230,521,171,196,0,0
8,103,507,-708,304,-17,-354,-403,452,-279,735,651,-231,527,165,192,0,0
8,104,510,-716,305,-29,-354,-406,460,-248,735,651,-231,530,179,190,0,0
8,105,511,-721,303,-33,-354,-400,483,-220,735,651,-230,525,189,193,0,0
8,106,510,-713,306,-27,-353,-398,500,-206,735,651,-228,519,170,192,0,0
8,107,514,-708,312,-27,-354,-405,505,-205,735,652,-231,523,161,187,0,0
8,108,515,-711,309,-30,-356,-403,505,-211,735,651,-233,527,170,187,0,0
8,109,510,-715,306,-29,-355,-395,508,-213,735,652,-232,523,178,193,0,0
8,110,505,-718,308,-29,-353,-398,513,-208,735,656,-232,523,178,192,0,0
8,111,507,-717,309,-29,-352,-404,508,-210,735,654,-233,528,174,188,0,0
8,112,510,-714,309,-29,-353,-402,505,-224,735,649,-230,524,172,190,0,0
8,113,508,-714,308,-29,-354,-396,496,-241,735,650,-228,520,176,194,0,0
8,114,506,-717,305,-29,-354,-393,478,-250,735,652,-231,526,175,188,0,0
8,115,509,-716,305,-31,-353,-398,473,-244,735,652,-231,526,164,187,0,0
8,116,512,-713,309,-31,-354,-405,477,-236,735,650,-230,521,168,192,0,0
8,117,507,-717,313,-29,-354,-406,475,-239,735,651,-231,526,178,189,0,0
8,118,506,-719,311,-30,-353,-397,475,-238,735,653,-234,527,180,182,0,0
8,119,511,-716,307,-30,-353,-394,479,-226,735,654,-231,521,171,191,0,0
8,120,512,-717,308,-28,-354,-400,477,-229,735,650,-226,519,166,199,0,0
8,121,511,-718,307,-29,-354,-398,470,-240,735,649,-229,526,172,191,0,0
8,122,506,-713,306,-30,-353,-396,482,-227,735,652,-233,530,167,187,0,0
8,123,504,-715,310,-31,-354,-401,497,-208,735,651,-232,523,160,191,0,0
8,124,507,-718,312,-30,-353,-398,495,-211,735,651,-230,521,165,193,0,0
8,125,510,-707,309,-27,-353,-393,487,-219,735,654,-228,525,164,197,0,0
8,126,508,-706,310,-27,-354,-400,476,-247,735,653,-227,523,160,198,0,0
8,127,507,-717,311,-29,-354,-406,456,-287,735,651,-229,519,175,188,0,0
8,128,509,-718,308,-29,-353,-399,453,-285,735,651,-227,520,183,185,0,0
8,0,509,-711,309,-29,-358,-395,473,-239,735,652,-227,523,170,193,0,0
8,1,510,-710,314,-27,-360,-398,480,-215,735,651,-231,523,172,191,0,0
8,2,510,-711,312,-26,-355,-398,475,-221,735,651,-231,525,174,187,0,0
8,3,507,-714,307,-30,-354,-396,476,-219,735,651,-228,524,160,189,-1,0
8,4,507,-718,308,-32,-355,-398,478,-211,736,651,-229,519,162,189,0,0
8,5,510,-716,309,-30,-354,-398,482,-212,734,651,-229,520,173,190,0,0
8,6,509,-712,307,-26,-353,-395,481,-217,735,651,-229,525,171,190,0,0
8,7,505,-717,307,-30,-354,-398,476,-218,742,651,-230,525,169,188,0,0
8,8,511,-715,310,-26,-355,-399,481,-213,746,651,-230,521,174,193,0,0
8,9,517,-704,314,-17,-355,-397,486,-212,745,651,-232,524,166,199,0,0
8,10,513,-709,313,-22,-354,-405,485,-224,743,651,-232,528,165,195,0,0
8,11,511,-715,307,-29,-354,-404,477,-238,743,651,-225,527,181,189,0,0
8,12,513,-705,306,-25,-354,-400,468,-240,745,651,-224,526,181,192,0,0
8,13,512,-707,310,-24,-353,-409,465,-231,745,651,-232,526,168,191,0,0
8,14,509,-721,308,-29,-353,-410,474,-222,745,651,-233,525,167,187,0,0
8,15,508,-718,306,-26,-354,-405,476,-221,745,651,-229,523,176,187,0,0
8,16,510,-711,308,-26,-354,-406,470,-228,745,652,-231,523,172,189,0,0
8,17,510,-712,311,-31,-354,-406,477,-234,745,651,-231,525,164,184,0,0
8,18,507,-714,311,-32,-352,-402,487,-221,745,651,-229,525,170,187,0,0
8,19,505,-719,308,-31,-353,-402,488,-207,745,655,-231,523,184,197,0,0
8,20,509,-718,308,-28,-355,-398,497,-206,745,657,-232,523,181,194,0,0
8,21,509,-716,312,-29,-353,-393,509,-209,745,653,-230,526,169,188,0,0
8,22,506,-718,310,-32,-353,-398,496,-222,745,652,-235,525,173,191,0,0
8,23,507,-716,308,-30,-358,-405,473,-247,745,653,-233,520,173,192,0,0
8,24,511,-713,310,-27,-357,-405,468,-248,745,651,-220,522,155,189,0,0
8,25,511,-716,306,-31,-352,-397,474,-222,745,647,-222,529,154,188,0,0
8,26,509,-713,306,-29,-353,-393,472,-218,745,650,-233,528,164,185,0,0
8,27,511,-708,308,-18,-356,-399,474,-233,745,653,-232,520,157,185,0,0
8,28,512,-712,305,-21,-355,-407,485,-240,745,651,-228,521,155,189,0,0
8,29,506,-717,307,-31,-355,-403,487,-243,745,649,-233,527,178,189,0,0
8,30,507,-714,316,-33,-355,-400,480,-238,745,649,-234,527,185,189,0,0
8,31,509,-715,312,-28,-354,-406,485,-222,745,649,-231,525,169,194,0,0
8,32,504,-720,304,-21,-355,-407,498,-217,745,651,-231,524,164,198,-1,0
8,33,505,-716,307,-22,-354,-401,492,-231,745,656,-231,527,174,194,0,0
8,34,509,-712,313,-30,-353,-399,475,-245,745,654,-230,526,170,189,0,0
8,35,506,-715,313,-32,-352,-402,473,-258,745,652,-230,523,165,190,0,0
8,36,504,-718,312,-27,-352,-400,469,-276,745,654,-231,525,172,189,-1,0
8,37,506,-717,309,-23,-354,-398,453,-286,745,656,-233,526,170,186,0,0
8,38,509,-715,308,-26,-354,-402,455,-271,745,653,-232,522,163,186,0,0
8,39,509,-715,319,-32,-353,-405,472,-249,745,651,-231,523,175,187,-1,0
8,40,506,-718,322,-33,-354,-398,473,-242,745,652,-229,527,187,187,0,0
8,41,506,-716,311,-28,-354,-393,470,-241,745,651,-228,525,176,189,-1,0
8,42,511,-713,310,-27,-354,-400,476,-235,745,651,-229,522,162,190,0,0
8,43,512,-716,319,-30,-354,-398,476,-222,745,651,-229,523,170,188,0,0
8,44,508,-718,315,-29,-355,-393,480,-221,745,651,-229,526,174,191,0,0
8,45,506,-714,305,-26,-354,-404,497,-232,745,651,-229,528,165,191,0,0
8,46,508,-714,306,-27,-353,-408,502,-235,745,651,-229,527,166,188,0,0
8,47,511,-716,311,-31,-352,-397,489,-228,745,651,-228,524,178,192,0,0
8,48,507,-714,309,-31,-353,-400,492,-213,745,651,-231,526,175,193,0,0
8,49,508,-713,309,-29,-353,-404,502,-199,745,651,-233,528,170,189,0,0
8,50,511,-713,311,-32,-352,-399,501,-199,745,651,-231,525,172,189,0,0
8,51,512,-715,313,-29,-353,-404,499,-207,745,651,-230,526,170,190,0,0
8,52,513,-717,310,-24,-353,-407,501,-203,745,651,-231,529,158,185,0,0
8,53,511,-716,310,-26,-357,-400,487,-209,745,651,-230,526,153,186,0,0
8,54,512,-715,311,-29,-360,-404,471,-244,745,651,-231,523,170,192,0,0
8,55,515,-715,309,-29,-355,-407,473,-258,745,651,-232,527,186,190,0,0
8,56,514,-714,312,-29,-351,-394,477,-227,745,651,-231,529,174,185,0,0
8,57,511,-714,316,-28,-354,-393,480,-204,745,651,-229,523,164,188,0,0
8,58,509,-717,310,-30,-356,-402,482,-211,745,652,-229,524,172,196,0,0
8,59,507,-717,307,-31,-354,-395,476,-218,745,652,-229,528,173,192,0,0
8,60,508,-714,312,-28,-355,-394,481,-215,745,651,-229,525,169,185,0,0
8,61,510,-716,312,-26,-354,-407,494,-217,745,651,-229,519,175,189,0,0
8,62,511,-716,304,-30,-354,-407,496,-228,745,651,-229,522,170,192,0,0
8,63,511,-713,304,-31,-359,-402,481,-245,745,651,-229,528,165,191,0,0
8,64,509,-714,310,-30,-358,-403,469,-258,745,651,-229,526,171,190,0,0
8,65,510,-718,309,-27,-353,-398,471,-247,745,651,-229,524,169,189,0,0
8,66,514,-716,307,-27,-354,-398,477,-234,745,651,-229,522,165,190,0,0
8,67,509,-712,314,-31,-355,-404,479,-238,745,651,-231,523,169,190,0,0
8,68,505,-715,311,-32,-353,-405,473,-250,745,651,-233,524,167,187,0,0
8,69,510,-717,303,-29,-354,-404,472,-245,745,651,-232,523,167,185,0,0
8,70,512,-716,309,-29,-354,-407,486,-213,745,651,-232,522,176,187,0,0
8,71,512,-717,314,-30,-353,-407,506,-180,745,651,-232,523,176,188,0,0
9,72,507,-716,308,-29,-354,-403,506,-186,745,652,-230,525,172,188,0,0
9,73,502,-716,306,-32,-354,-400,487,-221,745,651,-228,522,183,187,0,0
9,74,505,-718,311,-32,-357,-401,476,-240,745,651,-229,522,183,183,0,0
9,75,505,-715,310,-28,-355,-403,475,-240,745,654,-229,527,167,185,0,0
9,76,505,-710,312,-29,-357,-397,473,-234,745,655,-229,526,165,188,0,0
9,77,510,-713,316,-30,-362,-393,473,-229,745,651,-231,520,172,188,0,0
9,78,509,-719,310,-28,-357,-399,469,-242,745,651,-233,519,167,186,0,0
9,79,504,-715,305,-26,-350,-405,468,-252,745,652,-233,522,170,187,0,0
9,80,509,-715,310,-30,-353,-403,481,-232,745,650,-229,525,176,188,0,0
9,81,513,-721,314,-31,-355,-401,497,-209,745,650,-228,525,170,186,0,0
9,82,509,-717,312,-29,-353,-404,502,-209,745,652,-229,520,173,187,0,0
9,83,510,-711,309,-29,-353,-403,498,-216,745,652,-227,520,186,190,0,0
9,84,512,-716,305,-30,-355,-402,486,-222,745,651,-227,527,185,190,0,0
9,85,508,-718,305,-30,-358,-405,473,-232,745,651,-231,525,179,191,0,0
9,86,508,-714,310,-30,-356,-403,469,-256,745,651,-231,522,176,191,0,0
9,87,509,-714,308,-30,-352,-397,468,-282,745,651,-228,528,165,189,0,0
9,88,506,-714,305,-26,-352,-399,471,-270,745,652,-229,528,159,190,0,0
9,89,509,-717,309,-32,-356,-399,485,-239,745,651,-230,522,169,188,0,0
9,90,510,-716,311,-26,-358,-393,490,-236,746,650,-232,524,173,183,0,0
9,91,505,-709,310,-15,-355,-398,479,-240,746,654,-233,526,165,185,0,0
9,92,505,-710,309,-24,-353,-407,475,-234,743,657,-232,520,167,187,0,0
9,93,506,-715,308,-35,-355,-403,473,-238,747,652,-232,520,182,187,0,0
9,94,505,-714,309,-27,-355,-397,469,-246,747,651,-233,526,182,187,0,0
9,95,508,-712,312,-25,-355,-401,487,-235,732,655,-231,525,173,185,0,0
9,96,509,-718,309,-35,-357,-401,503,-221,725,651,-230,519,180,186,0,0
9,97,505,-719,310,-31,-354,-397,490,-224,736,651,-231,520,184,187,0,0
9,98,509,-713,315,-26,-353,-407,476,-233,738,657,-232,526,167,185,0,0
9,99,512,-717,311,-30,-355,-417,477,-242,734,653,-230,527,164,188,0,0
9,100,510,-719,311,-31,-353,-405,472,-255,736,647,-229,524,174,192,0,0
9,101,513,-707,317,-27,-354,-397,464,-268,737,653,-229,524,169,186,0,0
9,102,513,-707,313,-27,-355,-408,462,-259,735,657,-231,527,165,187,0,0
9,103,510,-720,307,-31,-354,-409,477,-228,735,651,-232,529,170,190,0,0
9,104,509,-718,312,-31,-356,-400,490,-212,734,650,-231,524,172,187,0,0
9,105,509,-711,314,-30,-358,-405,482,-224,739,652,-230,520,172,185,0,0
9,106,507,-716,306,-30,-354,-409,470,-230,744,651,-230,521,171,185,0,0
9,107,509,-718,305,-30,-357,-397,476,-215,742,651,-231,523,172,185,0,0
9,108,511,-715,310,-30,-359,-391,494,-205,742,651,-233,523,169,185,0,0
9,109,511,-712,310,-30,-354,-400,502,-206,745,651,-233,524,168,183,0,0
9,110,510,-712,306,-30,-353,-407,493,-206,744,651,-232,523,172,180,0,0
9,111,506,-717,306,-28,-355,-405,483,-218,741,651,-230,522,172,183,0,0
9,112,506,-717,309,-33,-354,-398,483,-241,742,651,-232,525,170,187,0,0
9,113,505,-715,310,-29,-354,-393,480,-257,742,651,-231,530,174,184,0,0
9,114,503,-716,310,-18,-357,-402,467,-255,742,651,-228,527,171,180,0,0
9,115,508,-716,309,-25,-355,-411,477,-231,742,651,-229,521,167,186,0,0
9,116,510,-715,306,-35,-353,-405,502,-213,742,651,-228,522,180,188,0,0
9,117,507,-720,308,-30,-354,-399,499,-218,742,651,-226,523,186,185,0,0
9,118,509,-716,309,-26,-355,-403,479,-222,742,651,-229,522,171,186,0,0
9,119,511,-703,308,-29,-357,-405,488,-220,742,651,-232,522,165,188,0,0
9,120,507,-706,308,-28,-356,-398,508,-214,742,651,-229,525,172,189,0,0
9,121,507,-717,307,-25,-354,-394,504,-205,742,651,-228,525,172,187,0,0
9,122,513,-719,304,-27,-356,-401,497,-206,742,651,-230,521,169,183,0,0
9,123,514,-714,311,-32,-358,-405,501,-216,742,651,-231,521,169,183,0,0
9,124,507,-714,316,-30,-354,-402,497,-224,742,651,-231,523,168,188,0,0
9,125,504,-718,310,-25,-352,-406,479,-245,743,651,-230,520,170,182,0,0
9,126,509,-714,313,-27,-354,-412,455,-271,743,652,-230,520,171,180,0,0
9,127,509,-708,316,-33,-354,-404,456,-262,741,651,-229,523,170,186,0,-1
9,128,508,-712,308,-31,-352,-396,477,-235,744,651,-229,522,170,184,0,0
9,0,513,-721,304,-30,-353,-400,481,-228,743,654,-229,524,170,181,0,-1
9,1,512,-717,309,-31,-354,-399,474,-238,731,655,-229,525,170,187,-1,-1
9,2,509,-713,310,-29,-355,-392,472,-247,722,650,-229,522,170,190,0,-1
9,3,510,-717,310,-29,-356,-399,474,-248,727,649,-229,523,170,183,-1,-1
9,4,512,-716,314,-29,-356,-408,477,-244,727,651,-229,529,170,183,0,-1
9,5,514,-710,308,-29,-354,-404,479,-240,722,652,-229,528,170,187,-1,-1
9,6,510,-710,307,-27,-353,-396,477,-239,725,653,-229,524,170,183,0,-1
9,7,508,-716,312,-27,-354,-395,480,-242,728,653,-229,524,170,183,0,-1
9,8,510,-716,309,-29,-354,-398,483,-247,725,652,-229,524,170,187,-1,-1
9,9,513,-714,309,-30,-353,-404,476,-241,726,651,-229,523,170,186,0,-1
9,10,512,-716,313,-27,-353,-407,470,-244,729,651,-228,521,170,184,0,-1
9,11,506,-715,311,-26,-354,-400,471,-260,724,649,-230,521,170,182,0,-1
9,12,506,-714,308,-26,-354,-395,472,-261,725,649,-232,525,170,181,0,-1
9,13,511,-715,310,-26,-353,-400,472,-246,744,649,-230,525,170,183,0,-1
9,14,513,-714,310,-27,-353,-398,476,-248,746,651,-229,522,170,188,0,-1
9,15,508,-717,310,-29,-355,-391,479,-254,730,654,-231,522,170,190,0,0
9,16,507,-719,307,-30,-357,-401,479,-241,731,653,-231,526,170,186,0,0
9,17,511,-714,308,-27,-356,-411,477,-244,741,649,-230,525,170,182,0,0
9,18,512,-715,313,-26,-353,-402,477,-264,736,650,-229,523,170,183,0,0
9,19,508,-718,312,-29,-354,-399,475,-260,732,652,-229,524,170,185,0,0
9,20,508,-717,309,-31,-355,-405,478,-243,735,651,-229,525,170,184,0,0
9,21,512,-716,308,-29,-354,-403,481,-238,737,651,-229,524,170,183,0,0
9,22,512,-716,308,-29,-353,-404,475,-245,737,651,-229,524,170,184,0,0
9,23,512,-714,311,-28,-352,-407,471,-247,735,651,-229,526,171,183,0,0
9,24,515,-714,313,-26,-353,-400,471,-244,734,651,-230,531,168,182,0,0
9,25,509,-716,309,-28,-354,-398,469,-240,736,651,-230,528,169,185,0,0
9,26,501,-717,310,-28,-355,-400,466,-243,735,651,-229,524,168,187,0,0
9,27,506,-718,314,-26,-353,-396,471,-244,735,651,-229,528,167,182,0,0
9,28,517,-713,308,-27,-353,-399,475,-236,735,653,-228,526,180,184,0,0
9,29,516,-714,306,-30,-354,-396,477,-237,735,655,-228,519,179,189,0,0
9,30,507,-718,312,-30,-354,-391,477,-247,735,656,-230,525,167,188,0,0
9,31,504,-714,310,-29,-354,-398,472,-246,735,655,-230,529,167,183,0,0
9,32,508,-712,307,-28,-355,-399,466,-250,735,652,-229,520,172,181,0,0
9,33,511,-717,308,-29,-355,-394,467,-260,735,651,-231,519,178,184,0,0
9,34,510,-717,308,-31,-353,-402,480,-256,735,651,-234,525,182,186,0,0
9,35,512,-713,308,-29,-353,-410,489,-236,735,652,-231,525,171,186,0,0
9,36,515,-714,310,-28,-352,-402,485,-222,735,653,-229,525,151,185,0,0
9,37,514,-717,311,-28,-353,-404,477,-215,735,653,-231,528,155,186,0,0
9,38,511,-715,307,-28,-355,-407,472,-214,735,653,-230,527,176,185,0,0
9,39,510,-714,306,-27,-354,-402,476,-217,735,652,-228,523,181,183,0,0
9,40,513,-714,308,-29,-353,-402,481,-214,734,651,-229,526,177,186,0,0
9,41,514,-712,311,-28,-353,-404,481,-211,739,651,-228,528,182,183,0,0
9,42,512,-709,310,-28,-353,-404,479,-213,745,651,-227,526,181,183,0,0
9,43,512,-713,307,-30,-353,-401,480,-218,745,651,-230,524,177,187,0,0
9,44,511,-719,308,-30,-354,-399,481,-216,743,651,-232,527,178,187,0,0
9,45,510,-715,309,-30,-353,-398,487,-213,744,651,-228,527,177,184,0,0
9,46,512,-714,307,-30,-353,-402,501,-218,744,651,-229,522,175,180,0,0
9,47,514,-720,309,-28,-353,-399,504,-222,743,651,-232,524,174,183,0,0
9,48,514,-713,312,-28,-353,-393,493,-219,743,651,-228,528,168,186,0,0
9,49,511,-706,309,-28,-354,-400,488,-228,743,651,-227,528,168,185,0,0
9,50,506,-713,311,-26,-354,-407,483,-255,743,651,-230,527,172,187,0,0
9,51,508,-714,314,-30,-354,-405,473,-261,743,651,-229,526,167,189,0,0
9,52,511,-708,314,-33,-354,-393,472,-237,743,651,-228,524,173,187,0,0
9,53,510,-714,313,-28,-354,-395,475,-230,743,651,-231,523,184,184,0,0
9,54,513,-722,310,-25,-354,-403,475,-257,743,651,-232,521,174,184,0,0
9,55,519,-717,308,-29,-353,-397,471,-276,743,651,-231,518,167,186,0,0
9,56,513,-715,311,-31,-354,-392,471,-260,743,651,-233,522,169,188,0,0
9,57,505,-721,310,-28,-356,-402,487,-241,743,650,-232,525,167,189,0,0
9,58,510,-717,310,-29,-355,-409,498,-242,743,652,-232,524,172,185,0,0
9,59,518,-708,311,-27,-354,-402,491,-244,744,654,-232,524,182,184,0,0
9,60,514,-710,307,-27,-359,-395,488,-231,745,653,-232,524,176,185,0,0
9,61,508,-717,308,-30,-360,-396,490,-235,744,649,-232,526,172,186,0,0
9,62,509,-715,314,-31,-354,-402,478,-259,742,649,-232,527,182,187,0,0
9,63,511,-713,312,-30,-353,-402,471,-257,747,655,-232,524,177,190,0,0
9,64,509,-716,306,-30,-354,-395,483,-229,743,656,-232,521,165,192,0,0
9,65,511,-717,308,-29,-353,-396,497,-215,726,653,-232,526,168,192,0,0
9,66,508,-716,311,-27,-354,-402,503,-217,726,653,-232,526,170,184,0,0
9,67,506,-717,307,-26,-354,-398,493,-227,738,655,-233,522,161,182,0,0
9,68,508,-716,305,-29,-353,-398,474,-249,736,653,-232,524,163,189,0,0
9,69,508,-713,314,-31,-353,-410,472,-264,733,651,-230,526,169,188,0,0
9,70,510,-713,316,-29,-353,-414,488,-255,742,651,-228,524,171,184,0,0
9,71,509,-714,308,-24,-354,-404,503,-230,743,652,-229,522,170,186,0,0
