0,101,505,-699,314,-23,-352,-520,158,-416,129,649,-230,512,32,-225,0,0
0,102,504,-699,313,-10,-356,-535,175,-367,126,651,-231,510,32,-220,0,0
0,103,503,-705,310,-13,-361,-531,163,-379,126,651,-231,509,32,-214,0,0
0,104,507,-703,310,-29,-363,-525,165,-383,131,651,-231,510,32,-221,0,0
0,105,510,-696,312,-32,-358,-535,178,-387,128,651,-230,508,32,-227,0,0
0,106,505,-698,312,-25,-354,-531,178,-410,125,652,-229,506,32,-224,0,0
0,107,501,-700,315,-21,-357,-517,184,-410,127,651,-231,517,32,-223,0,-1
0,108,501,-688,315,-17,-358,-518,184,-406,125,651,-233,521,32,-222,0,-1
0,109,502,-689,310,-22,-355,-531,167,-421,120,652,-232,515,32,-220,0,-1
0,110,503,-697,311,-34,-355,-532,169,-410,123,650,-232,519,32,-224,0,-1
0,111,503,-687,313,-28,-355,-529,191,-377,118,647,-232,522,32,-226,0,-1
0,112,503,-685,310,-15,-355,-533,186,-382,103,648,-232,518,32,-224,0,-1
0,113,506,-689,312,-19,-360,-535,165,-407,84,651,-232,518,31,-226,0,-1
0,114,508,-684,317,-24,-364,-528,159,-422,63,651,-232,521,28,-232,0,-1
0,115,504,-684,315,-18,-358,-517,172,-417,53,649,-232,518,26,-235,0,-1
0,116,501,-687,310,-19,-356,-508,195,-387,60,649,-232,517,26,-239,0,-2
0,117,505,-671,311,-28,-361,-505,207,-373,59,650,-232,521,27,-239,0,-1
0,118,508,-663,312,-32,-363,-512,203,-385,52,649,-232,521,27,-234,-1,-1
0,119,503,-678,313,-23,-360,-525,210,-381,58,649,-232,522,27,-233,-1,-1
0,120,500,-676,315,-12,-353,-522,216,-357,60,650,-232,525,29,-237,-1,-1
0,121,504,-660,315,-18,-355,-507,193,-372,47,650,-232,519,27,-241,-1,-1
0,122,504,-661,314,-26,-359,-505,178,-385,34,650,-232,518,29,-238,-1,-1
0,123,502,-661,310,-21,-360,-516,197,-342,36,650,-232,522,31,-233,-1,-1
0,124,505,-655,309,-21,-361,-521,203,-344,37,650,-232,522,19,-236,-1,-1
0,125,507,-660,311,-23,-362,-524,192,-419,31,650,-232,520,14,-242,-1,-1
0,126,506,-661,310,-18,-356,-526,203,-437,32,650,-232,521,27,-237,-1,-1
0,127,507,-655,308,-18,-354,-530,210,-405,33,650,-232,519,32,-231,-1,-1
0,128,506,-657,308,-29,-362,-532,202,-424,31,650,-232,511,24,-238,-1,-1
0,0,504,-655,308,-25,-364,-529,217,-410,34,650,-232,513,26,-242,-1,-1
0,1,504,-650,309,-8,-357,-529,238,-346,34,650,-232,518,29,-239,-1,-1
0,2,504,-657,313,-13,-351,-528,234,-358,31,650,-232,514,26,-240,-1,-1
0,3,505,-652,312,-27,-361,-525,236,-367,33,650,-232,507,26,-241,-1,-1
0,4,504,-641,310,-18,-373,-533,247,-309,33,650,-232,506,26,-237,-1,-1
0,5,503,-649,311,-9,-368,-529,215,-336,29,650,-232,513,26,-236,0,-1
0,6,502,-648,314,-28,-365,-518,170,-428,29,650,-232,522,27,-239,0,-1
0,7,504,-639,315,-36,-371,-522,201,-399,25,650,-232,524,26,-240,0,0
0,8,507,-643,311,-25,-363,-522,259,-338,23,650,-232,520,25,-241,0,0
0,9,506,-642,310,-16,-353,-506,251,-371,30,650,-232,518,28,-240,0,0
0,10,501,-639,311,-15,-358,-504,229,-404,13,650,-232,522,30,-238,0,0
0,11,499,-642,310,-28,-362,-507,247,-381,-4,650,-232,523,28,-241,0,0
0,12,503,-637,310,-36,-361,-504,251,-358,14,650,-232,514,27,-245,0,0
0,13,504,-630,312,-24,-360,-503,232,-359,20,650,-232,508,28,-240,0,0
0,14,504,-634,313,-16,-359,-502,236,-359,2,650,-232,516,26,-237,0,0
0,15,504,-628,311,-24,-361,-511,245,-345,1,650,-232,521,25,-244,0,0
0,16,505,-622,312,-20,-361,-532,239,-341,10,650,-232,516,31,-245,0,0
0,17,507,-629,315,-15,-362,-536,234,-350,4,649,-233,518,23,-238,0,0
0,18,507,-628,315,-20,-364,-529,242,-335,1,649,-232,518,8,-239,0,0
0,19,501,-626,310,-20,-360,-531,253,-331,3,649,-230,514,18,-242,0,0
0,20,499,-625,309,-21,-360,-537,234,-374,1,650,-229,518,32,-242,0,0
0,21,504,-626,312,-20,-363,-528,210,-389,1,649,-229,520,28,-248,0,0
0,22,507,-629,314,-20,-360,-513,223,-361,1,650,-229,518,23,-250,0,0
0,23,503,-631,313,-18,-358,-514,255,-352,2,653,-229,524,28,-241,0,0
0,24,502,-628,312,-17,-360,-528,260,-351,0,655,-229,527,33,-239,0,0
0,25,508,-623,314,-18,-359,-534,249,-345,-1,655,-229,519,22,-245,0,0
0,26,505,-625,313,-23,-358,-533,248,-342,2,654,-231,518,12,-248,0,0
0,27,499,-628,306,-22,-356,-523,241,-351,1,652,-232,522,20,-249,0,0
0,28,502,-628,307,-18,-353,-507,234,-371,-2,651,-230,519,28,-244,0,0
0,29,505,-626,313,-29,-357,-504,239,-374,-1,651,-230,516,24,-239,0,0
0,30,501,-627,313,-34,-359,-510,252,-367,1,651,-231,519,25,-244,0,0
0,31,500,-624,312,-24,-355,-510,251,-378,-1,651,-230,516,31,-249,0,0
0,32,501,-622,311,-19,-353,-504,224,-398,-3,651,-230,513,22,-244,0,0
0,33,503,-623,308,-21,-357,-500,212,-393,-2,651,-230,518,21,-243,0,0
0,34,505,-621,308,-27,-362,-505,238,-364,-2,651,-230,517,34,-246,0,0
0,35,504,-622,312,-30,-357,-512,264,-345,-2,651,-230,511,22,-246,0,0
0,36,504,-622,312,-25,-352,-510,256,-356,-2,651,-230,511,1,-244,0,0
0,37,505,-615,314,-14,-357,-506,256,-355,-2,651,-230,514,18,-241,0,0
0,38,503,-616,315,-19,-359,-513,269,-331,-3,651,-230,519,32,-242,0,0
0,39,503,-624,309,-23,-354,-530,259,-334,-2,651,-230,520,13,-241,0,0
0,40,505,-624,310,-14,-356,-540,270,-321,-2,651,-230,523,6,-241,0,0
0,41,500,-623,313,-14,-358,-534,293,-297,0,651,-230,529,20,-243,0,0
0,42,497,-617,311,-15,-355,-527,269,-330,0,651,-230,525,28,-246,0,0
0,43,505,-611,311,-14,-357,-531,244,-355,-1,651,-230,526,31,-247,0,0
0,44,508,-618,313,-17,-363,-536,265,-334,0,651,-230,533,16,-244,0,0
0,45,504,-623,312,-15,-360,-535,270,-335,0,651,-230,529,-3,-243,0,0
0,46,505,-618,308,-11,-356,-536,248,-355,-2,651,-230,524,12,-245,0,0
0,47,504,-622,308,-14,-355,-537,246,-357,-2,651,-230,528,33,-247,0,-1
0,48,502,-629,311,-20,-357,-546,247,-367,0,651,-230,526,20,-246,0,-1
0,49,503,-619,312,-17,-360,-553,241,-373,0,651,-230,520,0,-247,0,0
0,50,503,-616,312,-12,-358,-544,233,-364,-2,651,-230,521,2,-246,0,0
0,51,502,-620,311,-13,-358,-533,223,-377,-3,651,-230,521,24,-240,0,0
0,52,503,-612,311,-18,-362,-533,239,-368,-1,651,-230,517,33,-239,0,0
0,53,505,-601,311,-20,-359,-537,275,-309,0,653,-230,525,17,-242,0,0
0,54,505,-603,312,-12,-353,-538,283,-287,-2,653,-230,535,7,-243,0,0
0,55,505,-602,314,-11,-357,-541,262,-335,-2,653,-230,530,18,-246,0,0
0,56,503,-596,313,-19,-361,-539,257,-375,-3,653,-230,529,35,-249,0,0
0,57,502,-598,313,-18,-359,-541,262,-378,-7,653,-230,534,36,-249,0,0
0,58,506,-600,313,-14,-357,-558,248,-383,-3,653,-230,532,11,-248,0,0
0,59,504,-597,314,-18,-353,-562,233,-387,-2,653,-230,532,-2,-249,0,0
0,60,499,-598,313,-20,-352,-543,254,-359,-5,653,-230,531,22,-250,0,0
0,61,501,-594,310,-9,-356,-533,279,-331,-2,653,-230,529,30,-247,0,0
0,62,507,-589,309,-20,-360,-540,262,-359,-4,653,-229,528,-1,-242,0,0
0,63,505,-596,313,-38,-361,-540,237,-391,-8,653,-229,529,-6,-245,0,0
0,64,501,-596,317,-26,-357,-530,260,-356,-2,653,-229,529,22,-249,0,0
0,65,502,-579,314,-12,-356,-531,287,-316,2,653,-229,528,31,-245,0,0
0,66,505,-583,314,-21,-356,-538,263,-345,-4,653,-229,530,29,-241,0,0
0,67,506,-590,316,-26,-355,-539,234,-385,-5,654,-229,529,28,-246,0,0
0,68,504,-580,313,-13,-354,-532,248,-381,-2,654,-229,533,26,-245,0,0
0,69,503,-582,312,-11,-355,-527,266,-352,-1,652,-229,538,26,-238,0,0
0,70,504,-584,314,-21,-354,-532,248,-341,-5,651,-229,535,30,-238,0,0
0,71,505,-576,310,-23,-356,-533,239,-351,-5,652,-229,529,17,-241,0,0
0,72,506,-578,310,-16,-362,-527,267,-351,-1,652,-231,531,7,-239,0,0
0,73,504,-579,315,-14,-362,-531,278,-362,-2,651,-233,534,25,-242,0,0
0,74,501,-570,314,-20,-356,-541,249,-401,-5,651,-232,531,24,-241,0,0
0,75,503,-569,307,-21,-354,-543,235,-424,-4,651,-232,532,7,-237,0,0
0,76,506,-569,307,-18,-357,-538,254,-409,-2,651,-232,535,19,-242,0,0
0,77,508,-566,313,-15,-362,-539,265,-385,1,651,-232,529,36,-248,0,0
0,78,505,-568,314,-15,-361,-541,258,-373,2,651,-232,524,28,-244,0,0
0,79,502,-564,308,-18,-360,-541,254,-368,2,652,-232,527,21,-239,0,0
0,80,505,-563,307,-18,-358,-537,245,-360,2,651,-232,533,29,-239,0,0
0,81,507,-564,313,-17,-360,-533,240,-361,2,651,-233,528,28,-239,0,0
0,82,506,-560,315,-18,-361,-538,260,-372,2,651,-231,518,19,-237,0,0
0,83,503,-561,311,-19,-356,-540,270,-390,3,652,-229,525,16,-238,0,0
0,84,500,-562,309,-22,-356,-541,246,-409,0,652,-229,526,13,-243,0,0
0,85,500,-559,312,-24,-363,-551,236,-406,-2,650,-229,511,22,-245,0,0
0,86,504,-562,312,-16,-361,-545,256,-390,0,651,-229,514,23,-240,0,0
0,87,505,-563,309,-13,-354,-519,270,-379,0,653,-229,535,9,-238,0,0
0,88,504,-560,309,-20,-355,-503,282,-364,-3,653,-229,534,13,-240,0,0
0,89,505,-561,309,-19,-357,-511,304,-346,-4,650,-229,525,27,-240,0,0
0,90,507,-561,312,-17,-360,-522,303,-344,-2,649,-229,533,23,-237,0,0
0,91,509,-558,314,-17,-362,-520,275,-352,0,649,-229,532,19,-238,0,0
0,92,507,-558,312,-12,-357,-520,267,-364,0,650,-229,529,30,-245,0,0
0,93,505,-562,311,-10,-353,-521,284,-364,-2,651,-229,532,31,-244,0,0
0,94,506,-565,317,-18,-359,-514,292,-358,1,651,-229,532,19,-242,-1,0
0,95,506,-564,318,-22,-363,-516,293,-371,1,651,-229,530,7,-244,0,0
0,96,502,-564,312,-17,-361,-531,305,-372,-3,651,-229,533,11,-244,-1,0
0,97,500,-566,309,-15,-357,-537,306,-353,-3,651,-229,534,32,-242,-1,0
0,98,503,-565,312,-20,-356,-524,289,-350,1,651,-229,533,28,-241,0,0
0,99,506,-563,312,-20,-359,-511,288,-353,-1,651,-229,537,18,-243,0,0
0,100,503,-564,310,-16,-359,-504,308,-348,-1,651,-229,536,31,-246,0,0
0,101,502,-566,313,-13,-357,-510,320,-349,2,651,-229,534,35,-242,0,0
1,102,506,-566,316,-14,-355,-512,324,-329,1,651,-229,536,13,-239,0,0
1,103,508,-567,313,-16,-363,-501,326,-310,-2,651,-229,539,7,-239,0,0
1,104,504,-567,310,-20,-372,-505,316,-331,0,651,-229,539,25,-237,0,0
1,105,502,-566,310,-18,-366,-525,300,-351,1,651,-229,536,29,-239,0,0
1,106,502,-567,309,-13,-357,-531,299,-346,-1,651,-229,535,20,-246,0,0
1,107,504,-568,311,-16,-359,-522,309,-349,-1,651,-229,534,28,-248,0,0
1,108,505,-566,313,-20,-360,-522,302,-370,1,651,-231,530,33,-247,0,0
1,109,505,-566,310,-16,-356,-527,284,-378,-2,651,-233,530,25,-246,0,0
1,110,504,-570,310,-12,-359,-531,293,-353,-3,651,-232,535,28,-245,0,0
1,111,501,-568,311,-16,-360,-537,321,-325,-2,651,-233,536,28,-239,0,0
1,112,501,-563,311,-20,-355,-534,332,-322,-1,651,-232,535,26,-236,0,0
1,113,505,-565,312,-20,-352,-526,323,-337,0,651,-230,536,31,-242,0,0
1,114,505,-567,314,-13,-354,-532,320,-346,0,651,-229,536,28,-247,0,0
1,115,502,-566,312,-11,-356,-537,327,-352,0,651,-232,535,26,-240,0,0
1,116,506,-565,311,-23,-357,-533,325,-350,0,651,-233,531,34,-238,0,0
1,117,509,-567,313,-27,-358,-533,316,-353,0,651,-232,528,22,-241,0,0
1,118,503,-569,315,-15,-360,-537,315,-378,0,651,-232,529,5,-238,0,0
1,119,501,-571,314,-12,-358,-542,324,-377,0,651,-232,528,19,-240,0,0
1,120,505,-573,313,-19,-353,-543,328,-341,0,651,-233,527,35,-247,0,0
1,121,508,-571,309,-22,-355,-537,319,-331,2,651,-232,532,26,-245,0,0
1,122,505,-567,307,-23,-360,-532,326,-333,3,651,-232,536,21,-238,0,0
1,123,502,-565,308,-19,-358,-537,331,-320,3,650,-233,535,28,-238,0,0
1,124,501,-565,311,-18,-357,-542,311,-342,3,653,-230,535,28,-239,0,0
1,125,500,-567,307,-23,-360,-540,302,-383,1,655,-227,533,25,-240,0,0
1,126,503,-567,302,-19,-358,-537,316,-367,-1,652,-229,529,24,-245,0,0
1,127,505,-568,306,-13,-354,-540,332,-327,3,648,-232,530,25,-246,0,0
1,128,504,-570,312,-18,-359,-544,348,-317,4,651,-229,534,25,-243,0,0
1,0,501,-572,312,-24,-365,-547,361,-331,2,652,-228,533,27,-242,0,0
1,1,501,-573,313,-22,-362,-541,351,-346,1,651,-229,532,24,-243,0,0
1,2,503,-573,315,-17,-360,-534,335,-352,1,651,-229,532,17,-243,0,0
1,3,502,-569,310,-12,-359,-533,334,-352,-1,651,-229,530,19,-245,0,0
1,4,501,-567,309,-12,-356,-530,331,-354,-1,651,-229,532,27,-242,0,0
1,5,503,-570,313,-15,-353,-527,321,-357,0,651,-229,537,27,-239,0,0
1,6,507,-570,312,-16,-359,-530,322,-354,-1,651,-229,538,26,-244,0,0
1,7,506,-566,309,-19,-361,-528,326,-354,-1,651,-229,534,26,-246,0,0
1,8,502,-565,314,-17,-355,-525,314,-358,0,651,-229,535,24,-242,0,0
1,9,501,-565,315,-10,-356,-528,323,-339,2,651,-229,535,29,-240,0,0
1,10,503,-562,307,-18,-362,-529,346,-303,2,651,-229,533,30,-240,0,0
1,11,503,-561,310,-33,-363,-534,338,-310,1,651,-229,530,27,-237,0,0
1,12,502,-562,320,-23,-361,-543,333,-357,-1,651,-229,525,28,-237,0,0
1,13,504,-561,317,-8,-357,-541,355,-372,-1,651,-229,526,22,-241,0,0
1,14,504,-560,309,-16,-357,-530,352,-352,2,651,-229,531,19,-242,0,0
1,15,501,-561,310,-28,-361,-526,331,-353,3,651,-229,534,29,-245,0,0
1,16,504,-562,312,-14,-364,-525,335,-359,1,651,-229,536,28,-244,0,0
1,17,505,-561,308,4,-358,-526,338,-352,2,651,-231,535,13,-239,0,0
1,18,503,-563,309,-4,-355,-529,317,-358,3,651,-232,532,15,-236,0,0
1,19,503,-564,311,-18,-359,-533,315,-357,1,651,-232,534,29,-241,0,0
1,20,505,-560,314,-19,-359,-540,337,-332,2,651,-232,535,31,-246,0,0
1,21,502,-562,316,-21,-359,-542,338,-337,5,651,-232,528,25,-243,0,0
1,22,500,-565,311,-24,-361,-538,332,-343,3,651,-232,529,25,-240,0,0
1,23,502,-563,308,-16,-360,-532,357,-296,1,651,-232,537,27,-242,0,0
1,24,504,-559,310,-17,-355,-524,373,-293,4,651,-232,534,28,-246,0,0
1,25,503,-562,312,-24,-358,-510,366,-344,5,651,-232,529,29,-248,0,0
1,26,500,-565,312,-17,-362,-504,374,-321,2,651,-232,536,26,-245,0,0
1,27,500,-563,311,-13,-360,-507,374,-285,2,651,-232,540,26,-238,0,0
1,28,502,-559,312,-18,-361,-506,346,-331,3,651,-232,533,28,-238,0,0
1,29,505,-567,314,-12,-364,-505,331,-365,1,651,-232,536,25,-242,0,0
1,30,504,-562,313,-3,-361,-507,346,-334,1,651,-232,546,23,-239,0,0
1,31,499,-543,314,-6,-355,-511,353,-315,2,651,-232,542,25,-237,0,0
1,32,502,-547,311,-15,-355,-510,349,-322,4,651,-232,534,24,-245,0,0
1,33,505,-556,307,-22,-358,-506,362,-318,3,651,-232,533,22,-250,0,0
1,34,502,-550,312,-18,-358,-514,375,-318,0,651,-232,533,29,-244,0,0
1,35,503,-548,318,-9,-360,-523,372,-327,1,651,-232,529,33,-239,0,0
1,36,502,-548,314,-10,-358,-514,375,-319,3,651,-233,533,30,-240,0,0
1,37,500,-540,310,-17,-354,-508,383,-300,1,651,-232,539,30,-238,0,0
1,38,505,-539,315,-16,-358,-516,373,-313,3,651,-229,537,30,-239,0,0
1,39,509,-543,314,-12,-359,-513,356,-348,2,651,-228,534,28,-245,0,0
1,40,505,-538,311,-17,-353,-504,361,-335,0,651,-229,533,29,-241,0,0
1,41,502,-538,312,-19,-355,-506,372,-301,9,651,-229,534,30,-233,0,0
1,42,503,-540,311,-18,-361,-509,373,-308,13,651,-229,535,30,-244,0,0
1,43,502,-538,313,-16,-360,-508,361,-329,5,651,-229,540,31,-250,0,0
1,44,502,-535,316,-11,-360,-510,347,-333,1,651,-229,542,30,-236,0,0
1,45,503,-539,314,-12,-358,-519,359,-326,5,651,-229,538,29,-237,0,0
1,46,503,-539,308,-18,-357,-529,379,-314,9,651,-229,537,29,-246,0,0
1,47,506,-533,311,-16,-357,-528,385,-307,4,651,-229,535,23,-238,0,0
1,48,504,-537,313,-11,-354,-526,386,-300,6,651,-229,533,25,-232,0,0
1,49,499,-543,311,-14,-356,-534,385,-286,19,651,-229,540,28,-241,0,0
1,50,500,-538,311,-10,-357,-529,371,-309,19,651,-229,546,12,-242,0,0
1,51,508,-534,311,-8,-352,-510,354,-351,0,651,-229,540,12,-236,0,0
1,52,508,-538,310,-18,-356,-504,351,-337,-3,651,-229,532,22,-237,0,0
1,53,503,-538,310,-21,-363,-510,351,-321,5,651,-229,535,14,-245,0,0
1,54,501,-537,314,-16,-357,-505,351,-349,3,651,-229,539,15,-248,0,0
1,55,500,-540,315,-13,-354,-501,346,-360,3,651,-229,535,30,-236,0,0
1,56,507,-538,311,-16,-358,-507,347,-346,4,651,-229,535,27,-232,0,0
1,57,509,-534,312,-12,-356,-509,356,-350,1,651,-229,539,22,-241,0,0
1,58,499,-538,314,-4,-357,-504,357,-345,4,651,-229,538,33,-247,0,0
1,59,494,-541,314,-10,-361,-508,371,-322,7,651,-229,535,30,-245,0,0
1,60,502,-549,313,-8,-361,-522,384,-316,2,651,-229,537,26,-237,0,0
1,61,507,-554,311,3,-361,-520,366,-312,7,651,-229,539,28,-235,0,0
1,62,504,-548,310,-7,-362,-514,374,-286,27,651,-229,537,28,-239,0,0
1,63,499,-546,311,-24,-361,-519,414,-271,22,651,-229,533,28,-237,0,0
1,64,501,-546,310,-17,-361,-514,405,-294,4,651,-229,533,25,-233,0,0
1,65,506,-542,313,-7,-358,-511,370,-326,0,651,-229,536,27,-243,0,0
1,66,506,-540,316,-10,-354,-512,374,-328,7,651,-229,537,25,-249,0,0
1,67,502,-541,312,-12,-356,-512,383,-305,16,651,-229,537,22,-237,0,0
1,68,502,-537,307,-14,-358,-522,379,-291,14,651,-229,536,25,-232,0,0
1,69,506,-537,310,-16,-358,-523,397,-292,16,651,-229,537,29,-240,0,0
1,70,502,-538,314,-21,-361,-508,417,-287,17,651,-230,536,30,-240,0,0
1,71,497,-535,313,-22,-361,-513,410,-280,10,651,-232,537,30,-237,0,0
1,72,502,-539,310,-13,-355,-523,385,-294,11,651,-232,545,29,-241,0,0
1,73,510,-542,309,-10,-353,-508,361,-308,14,652,-232,542,27,-241,0,0
1,74,507,-534,310,-16,-365,-498,362,-309,10,651,-232,537,28,-235,0,0
1,75,504,-539,310,-19,-369,-497,378,-308,6,651,-232,544,28,-233,0,0
1,76,505,-556,309,-13,-362,-505,387,-290,12,654,-232,552,27,-234,0,0
1,77,502,-553,312,-12,-364,-527,395,-270,22,654,-232,554,27,-237,0,0
1,78,504,-549,311,-14,-369,-532,400,-276,23,649,-232,556,26,-236,0,0
1,79,507,-562,305,-15,-360,-525,394,-287,19,651,-232,553,27,-234,0,0
1,80,505,-568,306,-11,-357,-535,399,-287,20,654,-232,554,29,-238,0,0
1,81,502,-560,311,-7,-361,-529,410,-297,26,645,-232,563,29,-240,0,0
1,82,504,-558,311,-8,-358,-512,402,-319,21,633,-232,566,27,-235,0,0
1,83,508,-560,310,-12,-354,-523,375,-324,4,634,-232,565,26,-231,0,0
1,84,507,-560,312,-17,-357,-538,352,-318,7,636,-232,573,26,-233,0,-1
1,85,506,-568,314,-13,-359,-521,353,-326,19,633,-232,583,26,-235,0,0
1,86,504,-569,308,-4,-360,-504,370,-323,16,634,-232,582,27,-236,0,0
1,87,504,-565,308,-10,-358,-505,389,-292,8,638,-232,573,28,-233,0,0
1,88,505,-569,314,-13,-355,-509,400,-271,23,633,-232,569,29,-229,0,0
1,89,506,-571,316,-3,-355,-508,402,-270,36,638,-232,573,29,-234,0,0
1,90,504,-569,314,-5,-357,-511,410,-260,26,653,-232,573,30,-238,0,0
1,91,502,-573,314,-18,-360,-519,422,-254,29,658,-232,565,31,-237,0,0
1,92,505,-573,313,-13,-363,-528,406,-268,30,649,-232,563,31,-234,0,-1
1,93,508,-578,310,-6,-359,-530,390,-283,25,649,-232,567,30,-231,0,-1
1,94,506,-590,313,-16,-351,-529,404,-288,26,653,-232,571,31,-233,0,0
1,95,502,-587,315,-16,-353,-533,393,-293,23,652,-232,570,30,-233,0,-1
1,96,502,-575,311,-7,-362,-540,375,-292,24,651,-232,568,30,-227,0,0
1,97,508,-575,310,-8,-359,-540,410,-279,28,651,-232,565,30,-227,0,-1
1,98,509,-578,310,-12,-355,-530,445,-257,30,651,-232,563,30,-235,0,0
1,99,505,-571,311,-14,-360,-527,443,-241,32,651,-232,566,30,-236,0,0
1,100,505,-570,313,-10,-361,-531,439,-240,33,651,-232,568,30,-231,0,0
1,101,505,-578,311,-10,-358,-530,434,-246,31,651,-232,568,30,-230,0,0
2,102,503,-579,308,-19,-360,-528,426,-246,29,651,-232,568,30,-230,0,0
2,103,504,-574,310,-15,-359,-528,436,-231,32,651,-232,572,30,-228,0,0
2,104,501,-569,313,1,-353,-529,446,-218,34,651,-232,572,30,-226,0,0
2,105,500,-573,312,-2,-355,-532,440,-216,32,651,-232,567,30,-229,0,0
2,106,504,-573,314,-16,-362,-532,441,-225,32,651,-232,565,30,-225,0,0
2,107,503,-569,315,-22,-363,-528,455,-225,34,651,-232,561,30,-226,0,0
2,108,502,-567,315,-16,-363,-526,473,-186,36,651,-232,560,30,-236,0,0
2,109,503,-570,313,1,-361,-529,478,-163,37,651,-232,564,30,-235,0,0
2,110,504,-569,309,3,-357,-531,456,-208,33,651,-232,570,30,-229,0,0
2,111,504,-570,313,-15,-356,-527,450,-229,32,651,-232,571,30,-232,0,0
2,112,504,-576,319,-20,-358,-525,466,-185,34,651,-232,572,30,-234,0,0
2,113,500,-577,314,-11,-356,-530,463,-182,34,651,-232,574,30,-231,0,0
2,114,502,-580,307,-11,-354,-536,452,-214,34,651,-232,575,30,-229,0,0
2,115,505,-592,308,-13,-359,-530,465,-199,39,651,-232,573,30,-228,0,0
2,116,502,-596,310,-10,-360,-529,476,-174,34,651,-232,568,30,-224,0,0
2,117,502,-591,308,-8,-355,-542,473,-174,32,651,-232,568,30,-224,0,0
2,118,503,-591,309,-9,-354,-548,479,-164,51,651,-232,572,30,-226,0,0
2,119,504,-591,312,-10,-360,-538,482,-155,59,651,-232,569,30,-224,0,0
2,120,505,-591,311,-13,-363,-530,470,-177,39,651,-232,568,30,-224,0,0
2,121,506,-594,313,-8,-361,-527,471,-196,29,651,-232,574,30,-228,0,0
2,122,504,-592,314,2,-357,-515,478,-185,36,651,-232,573,30,-231,0,0
2,123,503,-592,314,-2,-356,-508,462,-183,36,651,-232,569,30,-227,0,0
2,124,506,-594,312,-14,-361,-510,445,-193,33,651,-232,568,30,-223,0,0
2,125,507,-594,308,-11,-362,-508,459,-174,41,651,-232,574,30,-225,0,0
2,126,507,-592,307,-5,-357,-503,481,-148,51,651,-232,575,30,-228,0,0
2,127,503,-593,310,-14,-357,-506,480,-154,46,651,-232,570,30,-226,0,0
2,128,503,-597,310,-17,-356,-510,473,-160,47,651,-232,577,30,-226,0,0
2,0,505,-599,309,-14,-359,-512,483,-142,55,651,-232,583,30,-226,0,0
2,1,502,-597,314,-18,-363,-514,480,-149,48,651,-232,579,30,-227,0,0
2,2,500,-597,314,-15,-361,-501,451,-191,35,651,-232,581,30,-229,0,0
2,3,505,-602,309,-7,-357,-499,448,-197,39,651,-232,586,30,-228,0,0
2,4,505,-601,307,-11,-360,-522,464,-174,54,651,-232,589,30,-227,0,0
2,5,502,-597,307,-10,-360,-529,453,-181,58,651,-232,589,30,-227,0,0
2,6,505,-599,309,2,-358,-506,448,-191,59,651,-232,583,30,-226,0,0
2,7,504,-600,311,-4,-357,-501,475,-164,60,651,-232,573,30,-226,0,0
2,8,503,-600,310,-18,-357,-523,480,-151,59,650,-232,571,30,-226,0,0
2,9,505,-598,308,-16,-359,-532,471,-161,59,653,-232,574,30,-225,0,0
2,10,503,-598,309,-8,-362,-533,485,-158,58,655,-232,573,30,-225,0,0
2,11,503,-600,313,-2,-361,-535,488,-152,59,651,-232,575,30,-225,0,0
2,12,506,-602,311,-3,-354,-523,473,-157,56,650,-232,580,30,-223,0,0
2,13,505,-602,308,-15,-353,-507,470,-156,59,652,-232,579,30,-223,0,0
2,14,502,-599,312,-24,-358,-509,478,-139,63,650,-232,577,30,-226,0,0
2,15,503,-598,314,-15,-361,-518,476,-127,60,648,-232,585,30,-227,0,0
2,16,503,-601,310,0,-360,-507,482,-125,61,651,-232,596,30,-226,0,0
2,17,504,-599,309,0,-359,-496,501,-122,63,652,-232,595,30,-223,0,0
2,18,504,-593,311,-18,-359,-504,503,-118,61,651,-232,589,30,-222,0,0
2,19,502,-595,312,-23,-358,-509,494,-128,60,651,-232,588,30,-223,0,0
2,20,506,-599,311,-11,-355,-502,490,-133,60,651,-232,587,30,-222,0,0
2,21,503,-596,311,-12,-356,-507,492,-121,60,651,-232,579,30,-220,-1,0
2,22,498,-595,314,-18,-362,-518,496,-123,60,651,-232,576,30,-221,0,0
2,23,502,-595,317,-17,-362,-515,505,-130,61,651,-232,583,30,-224,0,0
2,24,505,-594,316,-17,-358,-505,507,-126,63,651,-232,584,30,-225,0,0
2,25,501,-597,314,-13,-357,-510,493,-124,62,651,-232,582,30,-226,0,0
2,26,501,-595,313,-11,-357,-525,479,-125,62,651,-232,591,30,-225,0,0
2,27,504,-592,312,-14,-364,-525,476,-135,63,651,-232,594,30,-224,0,0
2,28,504,-594,312,-13,-370,-522,474,-155,63,651,-232,590,30,-225,0,0
2,29,503,-597,313,-9,-363,-522,469,-163,62,651,-232,592,30,-225,0,0
2,30,502,-596,317,-14,-354,-515,473,-150,63,651,-232,590,30,-223,0,0
2,31,505,-595,315,-19,-353,-505,479,-144,66,651,-232,591,30,-224,0,0
2,32,504,-596,310,-12,-353,-508,489,-133,66,651,-232,593,30,-226,0,0
2,33,502,-596,311,-11,-358,-513,501,-108,62,652,-233,590,30,-225,0,0
2,34,505,-598,313,-13,-364,-506,502,-90,62,652,-232,592,30,-225,0,0
2,35,504,-598,314,-10,-358,-506,502,-96,63,652,-229,592,30,-224,0,0
2,36,501,-594,312,-14,-354,-509,505,-119,63,652,-228,591,30,-219,0,0
2,37,505,-593,308,-23,-363,-510,498,-122,63,652,-229,593,30,-224,0,0
2,38,507,-598,309,-16,-363,-515,498,-108,64,652,-229,592,30,-236,0,0
2,39,502,-601,313,-6,-354,-523,504,-119,64,652,-229,589,30,-233,0,0
2,40,501,-596,312,-16,-355,-525,490,-131,62,652,-229,591,30,-224,0,0
2,41,504,-594,309,-24,-362,-530,471,-123,60,652,-229,591,30,-226,0,0
2,42,504,-598,309,-17,-362,-533,470,-134,61,652,-229,587,30,-228,0,0
2,43,502,-598,312,-10,-360,-516,471,-148,64,652,-229,589,30,-225,0,0
2,44,503,-595,313,-12,-356,-514,473,-125,65,652,-229,590,30,-228,0,0
2,45,505,-597,310,-17,-354,-531,490,-111,64,652,-229,592,30,-228,0,0
2,46,503,-596,309,-19,-356,-523,499,-118,64,652,-229,590,30,-223,0,0
2,47,502,-593,311,-14,-357,-504,489,-114,64,652,-229,582,30,-226,0,0
2,48,504,-596,314,-8,-357,-506,480,-117,65,652,-229,588,30,-225,0,0
2,49,506,-596,309,-10,-361,-505,480,-147,65,652,-229,598,30,-221,0,0
2,50,505,-592,306,-22,-360,-489,475,-165,64,652,-229,593,30,-225,0,0
2,51,502,-594,314,-22,-356,-488,467,-157,63,652,-229,587,30,-227,0,0
2,52,501,-597,316,-6,-359,-496,465,-153,63,651,-229,592,30,-224,0,0
2,53,501,-596,309,-7,-361,-493,469,-144,62,653,-229,595,30,-221,0,0
2,54,502,-601,309,-21,-359,-478,475,-123,60,653,-229,594,30,-220,0,0
2,55,503,-598,313,-18,-358,-473,472,-128,62,653,-229,593,30,-221,0,0
2,56,503,-601,313,-13,-361,-487,466,-154,63,655,-229,590,30,-223,0,0
2,57,502,-615,311,-19,-364,-501,472,-140,64,654,-229,591,30,-225,0,0
2,58,503,-611,310,-16,-359,-501,478,-108,63,652,-229,594,30,-225,0,0
2,59,504,-609,309,-13,-357,-488,473,-122,63,652,-229,586,30,-226,-1,0
2,60,505,-618,311,-21,-362,-481,470,-151,65,651,-229,580,30,-224,0,0
2,61,506,-617,309,-19,-362,-494,471,-153,66,649,-229,588,30,-221,0,0
2,62,503,-615,310,-14,-359,-507,456,-148,66,650,-229,595,30,-223,0,0
2,63,504,-619,313,-15,-362,-510,429,-149,66,652,-229,593,30,-226,0,0
2,64,506,-621,311,-12,-360,-510,420,-160,66,651,-230,594,30,-225,0,0
2,65,503,-617,310,-8,-352,-510,436,-185,63,651,-232,596,30,-222,0,0
2,66,504,-613,307,-12,-356,-511,439,-193,64,651,-233,594,30,-222,0,0
2,67,504,-608,307,-19,-358,-511,441,-171,65,651,-232,595,30,-222,0,0
2,68,501,-609,311,-20,-353,-505,466,-152,61,651,-232,595,30,-219,0,0
2,69,503,-607,311,-18,-354,-502,471,-150,63,651,-232,590,30,-219,0,0
2,70,508,-598,310,-16,-358,-510,440,-153,67,651,-232,589,30,-224,0,0
2,71,506,-600,312,-12,-358,-510,431,-158,64,651,-232,592,30,-226,0,0
2,72,502,-611,314,-11,-357,-501,449,-153,62,651,-232,586,30,-223,0,0
2,73,506,-624,310,-14,-360,-501,449,-149,64,651,-232,582,30,-221,-1,0
2,74,506,-627,311,-18,-357,-507,438,-151,64,651,-232,591,30,-223,0,0
2,75,502,-623,312,-15,-352,-514,437,-156,65,651,-232,596,30,-225,-1,0
2,76,503,-627,310,-10,-359,-518,441,-171,67,651,-232,594,30,-227,0,0
2,77,505,-626,311,-12,-367,-516,445,-188,67,651,-232,583,30,-227,0,0
2,78,500,-626,313,-22,-362,-511,443,-182,66,651,-232,577,30,-224,-1,0
2,79,500,-632,314,-23,-356,-512,445,-151,68,650,-232,585,30,-224,0,0
2,80,505,-631,308,-13,-361,-520,459,-129,65,649,-232,588,30,-224,-1,0
2,81,502,-630,305,-14,-363,-527,451,-141,64,649,-232,587,30,-224,-1,0
2,82,500,-633,311,-23,-355,-532,425,-168,64,650,-232,584,30,-226,-1,0
2,83,503,-633,314,-19,-354,-522,426,-180,65,649,-232,582,30,-225,0,0
2,84,503,-635,310,-13,-359,-506,446,-173,65,649,-232,586,30,-221,-1,0
2,85,502,-647,311,-14,-362,-512,440,-160,65,650,-232,585,30,-218,0,0
2,86,503,-653,314,-20,-359,-532,438,-153,66,650,-232,581,30,-222,0,0
2,87,503,-652,312,-22,-357,-534,450,-162,68,650,-232,585,30,-227,0,0
2,88,503,-655,311,-18,-360,-525,431,-182,67,650,-232,585,30,-227,0,0
2,89,505,-656,312,-16,-359,-533,405,-199,67,650,-232,577,30,-227,0,0
2,90,505,-654,308,-21,-352,-538,410,-198,67,650,-232,572,30,-226,0,0
2,91,503,-655,307,-24,-354,-532,416,-183,63,650,-232,567,30,-225,0,0
2,92,505,-655,309,-20,-356,-530,413,-180,63,650,-232,562,30,-227,0,0
2,93,504,-653,308,-13,-353,-532,414,-187,67,650,-232,564,30,-227,0,0
2,94,502,-654,309,-12,-356,-535,415,-182,67,650,-232,562,30,-222,0,0
2,95,502,-654,311,-18,-360,-534,410,-177,66,650,-232,563,30,-223,0,0
2,96,504,-652,311,-23,-354,-522,404,-187,64,650,-232,568,30,-226,0,0
2,97,502,-656,310,-20,-355,-509,401,-188,63,650,-232,566,30,-225,0,0
2,98,499,-653,312,-17,-362,-511,411,-165,65,650,-232,565,30,-224,0,0
2,99,502,-640,312,-21,-361,-512,419,-159,69,650,-232,567,30,-225,0,0
2,100,504,-647,312,-24,-357,-514,404,-194,69,650,-232,566,30,-223,0,0
2,101,501,-655,312,-18,-359,-527,382,-215,65,650,-232,564,30,-222,0,0
3,102,502,-645,311,-11,-359,-532,368,-221,62,650,-232,563,30,-223,0,0
3,103,506,-643,311,-13,-356,-527,360,-243,63,650,-232,565,30,-223,0,0
3,104,504,-643,311,-16,-354,-531,368,-242,65,650,-232,565,30,-225,0,0
3,105,503,-642,310,-16,-356,-536,387,-212,64,650,-232,566,30,-226,0,0
3,106,504,-647,312,-18,-362,-536,382,-211,64,650,-232,566,30,-225,0,0
3,107,502,-649,310,-17,-361,-533,358,-234,65,649,-232,561,30,-224,0,0
3,108,502,-644,310,-12,-354,-528,355,-230,65,649,-232,559,30,-226,0,0
3,109,506,-652,313,-21,-354,-531,368,-215,64,650,-232,563,30,-226,0,0
3,110,506,-658,313,-32,-360,-530,369,-223,64,649,-232,566,30,-225,0,0
3,111,506,-652,310,-21,-364,-519,363,-234,64,649,-232,561,30,-224,0,0
3,112,510,-658,304,-9,-360,-526,362,-232,64,651,-232,556,30,-224,0,0
3,113,505,-668,305,-13,-355,-543,363,-233,64,654,-232,561,30,-224,0,0
3,114,499,-661,310,-22,-357,-540,369,-224,65,652,-232,565,30,-223,0,0
3,115,501,-656,308,-25,-359,-533,372,-219,64,651,-232,560,30,-226,0,0
3,116,500,-671,303,-18,-355,-541,373,-233,64,651,-232,557,30,-228,0,0
3,117,499,-674,307,-11,-355,-543,389,-218,65,652,-232,562,30,-225,0,0
3,118,505,-664,316,-17,-358,-532,393,-197,64,651,-232,567,30,-221,0,0
3,119,505,-679,314,-24,-355,-514,373,-230,63,650,-232,566,30,-226,0,0
3,120,500,-694,309,-21,-356,-503,363,-261,62,653,-232,567,30,-231,0,0
3,121,502,-685,308,-20,-360,-514,361,-253,62,654,-232,566,30,-228,0,0
3,122,504,-682,309,-22,-358,-524,346,-252,63,651,-232,561,30,-226,0,0
3,123,504,-693,313,-21,-354,-511,352,-246,63,649,-232,558,30,-227,0,0
3,124,504,-693,316,-23,-353,-498,378,-234,61,651,-232,561,30,-227,0,0
3,125,502,-692,314,-20,-355,-499,381,-255,62,652,-232,563,30,-226,0,0
3,126,504,-697,309,-14,-359,-499,375,-269,64,651,-232,554,30,-228,0,0
3,127,507,-694,308,-22,-362,-495,390,-238,63,651,-232,551,30,-226,0,0
3,128,506,-700,313,-28,-355,-500,392,-220,60,651,-232,558,30,-222,0,0
3,0,505,-710,314,-21,-353,-508,377,-231,61,651,-232,562,30,-226,0,0
3,1,504,-711,311,-9,-357,-510,389,-223,66,651,-232,561,30,-225,0,0
3,2,501,-711,311,-10,-355,-503,412,-198,65,651,-233,565,30,-220,0,0
3,3,501,-718,312,-28,-357,-497,393,-216,61,651,-232,568,30,-227,0,0
3,4,506,-717,310,-37,-366,-502,345,-273,61,651,-232,563,30,-230,0,0
3,5,504,-713,310,-25,-365,-508,336,-292,61,651,-233,563,30,-225,0,-1
3,6,499,-720,315,-19,-355,-509,352,-279,56,651,-230,563,30,-225,0,0
3,7,501,-722,316,-20,-353,-507,354,-276,56,651,-226,563,30,-229,0,0
3,8,508,-720,312,-25,-362,-501,365,-268,60,651,-228,564,30,-226,0,0
3,9,508,-721,314,-33,-359,-499,388,-243,62,651,-232,561,30,-221,0,0
3,10,502,-722,319,-25,-349,-506,400,-220,62,651,-230,559,30,-224,0,0
3,11,505,-720,314,-14,-351,-512,396,-200,63,651,-228,567,30,-229,0,0
3,12,507,-724,308,-23,-357,-507,394,-201,63,651,-229,569,30,-227,0,0
3,13,503,-733,310,-30,-357,-501,385,-240,60,651,-229,562,30,-224,0,0
3,14,501,-727,310,-18,-357,-497,369,-271,56,651,-229,564,30,-226,0,0
3,15,501,-716,307,-17,-356,-500,365,-263,56,651,-229,567,30,-224,0,0
3,16,503,-718,309,-31,-354,-511,365,-258,65,651,-229,563,30,-224,0,0
3,17,506,-723,313,-33,-358,-509,356,-274,59,651,-229,563,30,-227,0,0
3,18,504,-723,308,-20,-359,-501,348,-282,47,651,-229,564,30,-230,0,0
3,19,501,-724,306,-15,-355,-504,359,-281,52,651,-229,558,30,-234,0,0
3,20,502,-723,311,-22,-358,-503,369,-283,57,651,-229,556,30,-233,0,0
3,21,503,-720,312,-22,-359,-500,366,-283,55,651,-229,563,30,-226,0,0
3,22,505,-719,310,-17,-356,-509,371,-268,56,651,-229,566,30,-224,0,0
3,23,504,-721,311,-23,-361,-512,374,-250,57,651,-229,562,30,-226,0,0
3,24,500,-720,312,-23,-361,-504,365,-247,56,651,-229,562,30,-225,0,0
3,25,503,-717,315,-17,-350,-505,370,-245,55,651,-229,565,30,-224,0,0
3,26,507,-717,315,-26,-356,-505,385,-238,60,651,-229,566,30,-226,0,0
3,27,506,-718,311,-34,-370,-503,382,-250,58,651,-229,563,30,-227,0,0
3,28,503,-720,312,-26,-367,-518,372,-275,45,651,-229,561,30,-229,0,0
3,29,502,-721,315,-14,-358,-521,372,-280,42,651,-229,563,30,-227,0,0
3,30,501,-719,313,-17,-356,-518,365,-272,48,651,-229,565,30,-224,0,0
3,31,501,-718,309,-27,-356,-527,352,-287,39,651,-229,561,30,-228,0,0
3,32,502,-720,312,-22,-354,-527,357,-310,32,651,-229,558,30,-232,0,0
3,33,502,-720,315,-15,-353,-514,369,-302,36,651,-229,560,30,-229,0,0
3,34,501,-718,309,-25,-353,-518,366,-278,35,651,-229,560,30,-229,0,0
3,35,503,-718,305,-30,-359,-529,368,-273,30,651,-229,560,30,-231,0,0
3,36,506,-720,312,-26,-363,-520,383,-274,38,651,-229,560,30,-228,0,0
3,37,503,-721,315,-29,-360,-518,378,-266,45,651,-229,558,30,-228,0,0
3,38,501,-721,308,-26,-359,-530,351,-276,41,651,-229,560,30,-231,0,0
3,39,506,-720,308,-24,-360,-534,342,-292,43,651,-229,564,30,-228,0,0
3,40,508,-721,313,-29,-361,-527,348,-295,46,651,-229,566,30,-226,0,0
3,41,501,-721,311,-22,-360,-523,349,-306,36,651,-229,564,30,-230,0,0
3,42,500,-720,311,-9,-356,-526,344,-324,27,651,-229,561,30,-233,0,0
3,43,505,-720,316,-15,-357,-520,345,-326,35,651,-229,558,30,-242,0,0
3,44,506,-718,314,-29,-359,-507,369,-309,37,651,-229,565,30,-243,0,0
3,45,503,-721,309,-33,-360,-505,384,-294,31,651,-229,573,30,-228,0,-1
3,46,504,-724,310,-23,-359,-520,371,-295,33,651,-229,566,30,-225,0,-1
3,47,504,-722,314,-14,-357,-525,362,-305,37,651,-229,559,30,-230,0,-1
3,48,501,-726,311,-20,-355,-515,364,-299,35,651,-229,564,30,-226,0,-1
3,49,500,-728,307,-24,-358,-510,360,-288,34,651,-229,568,30,-223,0,0
3,50,503,-730,308,-22,-360,-512,361,-298,42,651,-229,566,30,-230,0,0
3,51,505,-736,310,-22,-359,-510,370,-307,46,651,-229,560,30,-234,0,0
3,52,503,-732,311,-20,-358,-510,376,-290,35,651,-229,563,31,-228,0,0
3,53,502,-733,313,-21,-356,-513,383,-286,32,651,-229,569,30,-224,0,0
3,54,502,-734,313,-24,-353,-510,383,-304,37,651,-229,571,31,-226,0,0
3,55,508,-730,310,-21,-354,-513,377,-294,36,651,-229,569,31,-233,0,0
3,56,509,-735,309,-20,-359,-525,375,-266,35,651,-229,565,32,-233,0,0
3,57,503,-735,313,-26,-361,-535,384,-262,35,651,-229,564,33,-225,0,0
3,58,504,-728,314,-31,-355,-533,393,-274,34,651,-229,567,31,-223,0,0
3,59,507,-733,311,-24,-352,-521,382,-295,38,651,-229,572,29,-227,0,0
3,60,503,-733,308,-11,-356,-508,368,-315,39,651,-229,576,30,-227,0,0
3,61,501,-727,310,-16,-354,-507,379,-301,37,651,-229,574,31,-224,0,0
3,62,505,-746,312,-25,-353,-510,389,-284,37,652,-229,579,29,-227,0,0
3,63,502,-754,309,-20,-361,-504,371,-312,35,651,-229,581,28,-233,0,0
3,64,499,-744,311,-18,-362,-501,363,-335,34,651,-229,576,29,-233,0,0
3,65,503,-748,316,-18,-356,-509,382,-307,34,654,-229,580,29,-231,0,0
3,66,505,-748,313,-15,-352,-523,388,-282,33,655,-229,584,29,-232,0,0
3,67,505,-747,308,-24,-355,-528,382,-296,35,652,-229,574,29,-231,0,0
3,68,505,-755,310,-34,-358,-517,382,-303,39,650,-229,564,29,-229,0,0
3,69,503,-754,314,-26,-359,-518,383,-286,37,650,-229,568,29,-231,0,0
3,70,504,-750,314,-18,-358,-531,381,-294,35,649,-229,568,29,-232,0,0
3,71,506,-759,314,-21,-357,-534,366,-331,37,649,-229,566,29,-230,0,0
3,72,504,-761,311,-24,-354,-526,334,-361,34,649,-229,578,29,-231,0,0
3,73,505,-758,308,-19,-355,-522,322,-374,31,649,-229,584,29,-236,0,0
3,74,506,-768,311,-18,-361,-523,330,-379,33,650,-229,578,29,-239,0,0
3,75,500,-772,312,-31,-360,-520,343,-356,35,649,-229,581,29,-233,0,0
3,76,500,-768,310,-32,-357,-512,367,-314,34,649,-229,590,29,-225,0,0
3,77,505,-775,311,-25,-361,-504,386,-301,35,652,-229,591,29,-226,0,0
3,78,504,-782,311,-26,-359,-511,378,-313,38,654,-229,586,29,-234,0,0
3,79,501,-776,307,-26,-354,-529,381,-311,38,652,-229,588,29,-238,0,0
3,80,503,-776,308,-26,-357,-527,393,-300,34,651,-229,592,29,-233,0,0
3,81,505,-781,309,-29,-356,-514,384,-299,33,652,-229,585,29,-230,0,0
3,82,504,-780,306,-23,-354,-522,379,-289,40,651,-229,579,29,-235,0,0
3,83,502,-782,310,-11,-358,-540,388,-286,37,651,-229,585,29,-236,0,0
3,84,502,-782,314,-14,-354,-536,383,-311,30,651,-229,588,29,-228,0,0
3,85,504,-782,309,-23,-352,-524,377,-317,45,651,-229,586,29,-230,0,0
3,86,503,-785,308,-26,-362,-523,383,-308,55,651,-229,584,29,-235,0,0
3,87,505,-785,312,-24,-363,-527,372,-320,38,651,-229,581,29,-231,0,0
3,88,508,-782,307,-21,-353,-534,358,-341,29,651,-229,583,29,-231,0,0
3,89,504,-782,303,-21,-354,-534,374,-333,37,651,-229,586,29,-237,0,0
3,90,500,-784,311,-17,-361,-532,388,-308,37,651,-229,582,29,-237,0,0
3,91,505,-784,313,-21,-360,-531,389,-306,34,651,-229,580,29,-233,0,0
3,92,509,-783,307,-23,-360,-528,395,-313,38,651,-229,577,29,-228,0,0
3,93,504,-782,309,-12,-361,-530,390,-308,36,651,-229,571,29,-227,0,0
3,94,501,-785,312,-16,-355,-529,374,-310,34,651,-229,574,29,-236,0,0
3,95,504,-788,307,-24,-354,-526,378,-326,37,651,-229,576,29,-242,0,0
3,96,504,-784,308,-18,-359,-531,385,-325,34,651,-229,578,29,-233,0,0
3,97,502,-781,313,-9,-355,-529,390,-317,32,652,-229,587,29,-223,0,0
3,98,503,-783,312,-11,-352,-514,404,-328,44,651,-229,590,29,-226,0,0
3,99,503,-781,311,-18,-358,-512,407,-334,48,651,-229,587,29,-232,0,0
3,100,502,-779,312,-21,-358,-531,404,-324,37,652,-229,589,29,-231,0,0
3,101,504,-781,311,-19,-353,-539,408,-306,34,651,-229,589,29,-233,0,0
4,102,505,-779,306,-18,-358,-527,410,-290,35,649,-229,588,29,-240,0,0
4,103,505,-776,307,-20,-362,-518,427,-276,43,648,-229,589,29,-239,0,0
4,104,503,-777,313,-23,-358,-513,442,-264,57,648,-229,585,29,-225,0,0
4,105,502,-780,312,-25,-353,-502,415,-287,48,648,-229,583,29,-227,0,0
4,106,507,-780,309,-22,-353,-497,395,-318,30,648,-229,587,29,-238,0,0
4,107,507,-776,311,-17,-359,-507,413,-309,35,648,-229,588,29,-232,0,0
4,108,503,-778,312,-26,-358,-512,416,-301,40,648,-229,584,29,-227,0,0
4,109,503,-780,310,-32,-356,-508,406,-328,33,649,-229,580,29,-237,0,0
4,110,506,-779,311,-24,-359,-519,411,-335,33,648,-229,581,29,-238,0,0
4,111,503,-780,313,-14,-359,-523,413,-309,36,649,-229,587,29,-227,0,0
4,112,502,-782,309,-11,-355,-516,412,-303,38,653,-229,595,29,-230,0,0
4,113,504,-780,305,-22,-357,-525,412,-310,39,654,-229,589,29,-235,0,0
4,114,504,-778,310,-34,-357,-535,409,-308,36,652,-229,582,29,-229,0,0
4,115,503,-779,313,-27,-354,-533,414,-302,35,651,-229,591,29,-235,0,0
4,116,503,-778,312,-18,-356,-540,407,-315,37,651,-229,595,29,-240,0,0
4,117,502,-775,310,-22,-356,-550,389,-348,34,650,-229,583,29,-231,0,0
4,118,506,-777,311,-26,-355,-533,395,-360,32,650,-229,577,29,-226,0,0
4,119,508,-780,312,-20,-357,-517,420,-327,43,652,-229,583,29,-231,0,0
4,120,506,-777,310,-16,-355,-522,419,-302,49,652,-229,588,29,-233,0,0
4,121,505,-777,307,-27,-352,-530,411,-316,36,652,-229,590,29,-227,0,0
4,122,507,-780,310,-34,-358,-534,417,-327,30,652,-229,588,29,-235,0,0
4,123,506,-779,313,-22,-361,-537,412,-330,37,652,-229,580,29,-244,0,0
4,124,503,-776,307,-16,-354,-539,400,-343,37,652,-229,580,29,-239,0,0
4,125,501,-777,304,-21,-356,-538,407,-346,35,652,-229,582,29,-236,0,0
4,126,505,-779,310,-22,-358,-532,422,-327,38,652,-229,581,29,-236,0,0
4,127,507,-777,314,-23,-358,-530,417,-319,34,652,-229,580,29,-228,0,0
4,128,501,-778,312,-25,-360,-535,405,-335,34,652,-229,583,29,-230,0,0
4,0,499,-778,312,-17,-359,-534,409,-346,46,652,-229,585,29,-235,0,0
4,1,505,-775,312,-15,-358,-524,419,-341,43,652,-229,586,29,-223,0,0
4,2,508,-775,310,-29,-360,-526,424,-326,34,652,-229,582,29,-222,0,0
4,3,506,-779,309,-39,-359,-532,435,-310,42,652,-229,584,29,-238,0,0
4,4,506,-781,312,-26,-357,-530,438,-304,45,652,-229,596,29,-238,0,0
4,5,506,-779,312,-11,-360,-529,420,-319,42,652,-229,593,29,-230,0,0
4,6,505,-779,310,-13,-356,-529,414,-329,44,652,-229,588,29,-234,0,0
4,7,502,-781,311,-31,-353,-529,420,-324,41,652,-229,595,29,-237,0,-1
4,8,500,-780,310,-33,-364,-530,414,-329,32,652,-229,593,29,-234,-1,0
4,9,502,-779,307,-22,-366,-529,418,-329,34,652,-229,586,29,-237,0,0
4,10,502,-778,310,-28,-357,-529,441,-308,40,652,-229,586,29,-233,-1,0
4,11,502,-779,314,-36,-351,-530,446,-304,33,652,-229,592,29,-228,-1,0
4,12,504,-779,314,-25,-355,-529,439,-318,34,652,-229,592,29,-235,-1,0
4,13,503,-779,315,-11,-362,-531,436,-324,44,652,-229,590,29,-240,-1,0
4,14,502,-779,313,-17,-363,-539,435,-333,48,651,-229,591,29,-234,-1,0
4,15,504,-776,312,-31,-361,-526,443,-335,36,649,-229,591,29,-233,0,0
4,16,505,-775,313,-33,-363,-505,451,-314,34,648,-229,593,29,-233,0,0
4,17,504,-776,312,-24,-362,-513,447,-306,43,648,-229,593,29,-233,0,0
4,18,503,-779,312,-14,-353,-537,430,-320,39,648,-229,590,29,-235,0,0
4,19,502,-780,311,-17,-356,-542,417,-324,34,648,-229,592,29,-230,0,0
4,20,503,-770,307,-26,-362,-536,413,-325,37,648,-229,594,29,-227,0,0
4,21,502,-763,309,-32,-358,-534,413,-348,36,648,-229,587,29,-236,0,0
4,22,501,-771,311,-26,-357,-539,426,-361,34,648,-229,582,29,-241,0,0
4,23,503,-781,310,-13,-360,-544,436,-354,35,648,-229,587,29,-234,0,0
4,24,504,-781,311,-16,-357,-539,422,-349,38,648,-229,595,29,-223,0,0
4,25,503,-781,312,-24,-353,-532,402,-353,40,648,-229,594,29,-224,0,0
4,26,505,-783,310,-25,-358,-532,403,-357,34,648,-229,590,29,-235,0,0
4,27,506,-782,312,-22,-363,-534,424,-343,31,648,-229,592,29,-237,0,0
4,28,504,-782,312,-23,-356,-535,444,-311,48,648,-229,595,29,-235,0,0
4,29,504,-787,308,-26,-355,-532,443,-300,54,648,-229,591,29,-235,0,0
4,30,506,-786,310,-21,-362,-527,434,-318,37,648,-229,593,29,-232,0,0
4,31,502,-787,312,-18,-362,-530,440,-335,29,648,-229,594,29,-232,0,0
4,32,501,-798,310,-21,-359,-531,444,-338,38,648,-229,585,29,-237,0,0
4,33,504,-797,311,-22,-358,-513,439,-338,36,648,-229,584,29,-232,0,0
4,34,503,-788,314,-19,-357,-512,443,-340,32,648,-231,592,29,-227,0,0
4,35,502,-785,312,-21,-362,-527,437,-351,41,648,-232,594,29,-232,0,0
4,36,504,-793,308,-23,-364,-522,425,-356,39,648,-230,594,29,-234,0,0
4,37,503,-802,308,-20,-353,-521,417,-346,33,648,-231,595,29,-232,0,0
4,38,503,-795,312,-29,-353,-535,420,-336,39,648,-230,597,29,-229,-1,0
4,39,506,-793,317,-31,-361,-537,434,-335,44,648,-227,601,29,-228,0,0
4,40,506,-795,314,-26,-356,-530,441,-345,37,648,-228,600,29,-229,-1,0
4,41,505,-795,311,-31,-352,-523,437,-355,33,648,-231,596,29,-231,-1,0
4,42,503,-798,308,-28,-360,-507,442,-343,37,648,-230,598,29,-236,-1,0
4,43,504,-799,306,-22,-361,-501,454,-322,38,648,-228,600,29,-236,-1,0
4,44,506,-787,313,-22,-357,-514,458,-315,35,648,-229,599,29,-233,-1,0
4,45,503,-786,318,-27,-362,-506,457,-321,39,648,-229,598,29,-238,-1,0
4,46,499,-796,313,-29,-361,-497,450,-333,40,649,-229,594,29,-237,0,0
4,47,501,-782,308,-29,-349,-518,446,-335,32,651,-229,594,29,-227,-1,0
4,48,503,-777,309,-25,-349,-529,447,-327,35,652,-229,601,29,-228,0,0
4,49,503,-789,309,-21,-359,-515,439,-327,52,652,-229,603,29,-240,0,0
4,50,502,-784,308,-20,-362,-510,434,-330,45,652,-229,598,29,-239,0,0
4,51,501,-782,312,-21,-361,-512,443,-326,37,652,-228,604,29,-231,0,0
4,52,504,-785,313,-27,-360,-508,446,-313,51,652,-230,609,29,-234,0,0
4,53,509,-784,311,-28,-358,-506,446,-299,64,652,-231,609,29,-242,0,0
4,54,505,-781,310,-17,-357,-511,450,-315,57,652,-231,608,29,-240,0,0
4,55,501,-780,310,-17,-358,-518,447,-340,39,652,-231,604,29,-237,0,0
4,56,501,-781,306,-32,-358,-518,449,-320,43,652,-231,609,29,-241,0,0
4,57,503,-780,308,-33,-358,-512,456,-299,53,652,-229,614,29,-237,0,0
4,58,502,-780,315,-21,-354,-520,453,-320,42,652,-227,607,29,-235,0,0
4,59,499,-779,314,-26,-353,-532,442,-335,34,652,-228,605,29,-240,0,0
4,60,500,-779,309,-33,-359,-530,435,-332,47,652,-228,609,29,-236,0,0
4,61,504,-780,310,-20,-359,-527,438,-339,41,652,-228,611,29,-231,0,0
4,62,503,-779,312,-17,-357,-531,437,-337,29,652,-228,609,29,-238,0,0
4,63,500,-774,308,-26,-362,-534,427,-333,40,652,-228,607,29,-241,0,0
4,64,502,-775,307,-22,-363,-525,425,-349,45,652,-231,606,29,-236,0,0
4,65,506,-783,311,-17,-357,-511,439,-341,35,652,-233,607,29,-236,0,0
4,66,509,-768,312,-28,-353,-511,459,-309,37,652,-232,604,29,-238,0,0
4,67,508,-753,310,-37,-357,-516,474,-294,43,652,-232,604,29,-236,0,0
4,68,505,-767,309,-25,-363,-511,465,-305,44,652,-232,608,29,-236,0,0
4,69,502,-769,311,-12,-358,-509,442,-316,47,652,-232,599,29,-237,0,0
4,70,503,-751,312,-19,-352,-520,454,-321,47,652,-232,597,29,-237,0,0
4,71,503,-750,312,-23,-359,-520,476,-322,36,653,-232,609,29,-236,0,0
4,72,500,-757,311,-14,-366,-508,464,-324,29,652,-232,609,29,-235,0,0
4,73,501,-749,311,-16,-360,-510,460,-323,35,651,-232,598,29,-236,0,0
4,74,506,-747,313,-33,-354,-521,466,-322,45,654,-232,601,29,-235,0,0
4,75,506,-751,314,-36,-355,-520,449,-326,40,650,-232,610,29,-230,0,0
4,76,503,-748,314,-22,-359,-510,442,-312,39,636,-232,609,29,-230,0,0
4,77,503,-750,312,-10,-361,-511,465,-290,52,632,-232,609,29,-235,0,0
4,78,505,-749,309,-15,-360,-514,472,-288,54,636,-232,611,29,-235,0,0
4,79,504,-732,311,-32,-357,-510,465,-294,34,635,-232,612,29,-232,0,0
4,80,501,-722,313,-35,-354,-516,470,-303,31,634,-232,616,29,-235,0,0
4,81,502,-729,310,-24,-354,-526,463,-325,40,637,-232,621,29,-239,0,0
4,82,507,-725,307,-19,-355,-517,447,-330,33,636,-232,615,29,-239,0,0
4,83,507,-716,310,-24,-353,-503,459,-309,36,636,-232,607,29,-243,0,0
4,84,504,-721,313,-30,-353,-512,477,-307,41,636,-232,600,29,-246,0,0
4,85,504,-722,312,-33,-360,-518,458,-329,34,634,-232,597,29,-241,0,0
4,86,506,-716,309,-24,-364,-509,437,-335,34,633,-232,600,29,-235,0,0
4,87,505,-718,311,-12,-359,-506,449,-321,37,635,-232,595,29,-237,0,0
4,88,501,-717,315,-20,-351,-511,451,-316,37,633,-232,593,29,-244,0,0
4,89,502,-714,313,-25,-355,-511,442,-333,36,632,-232,601,29,-248,0,0
4,90,506,-717,309,-18,-361,-507,462,-338,35,643,-232,610,29,-244,0,0
4,91,501,-712,308,-21,-355,-505,471,-306,34,655,-232,603,29,-237,0,0
4,92,497,-697,311,-20,-353,-510,448,-299,35,654,-232,594,29,-239,0,0
4,93,501,-691,313,-17,-356,-516,431,-343,36,651,-232,598,29,-247,0,0
4,94,507,-693,313,-18,-354,-513,439,-351,35,654,-232,607,29,-246,0,0
4,95,507,-688,315,-21,-356,-517,459,-317,36,654,-232,610,29,-243,0,0
4,96,508,-682,316,-15,-363,-532,469,-319,35,653,-232,607,29,-240,0,0
4,97,509,-683,310,-11,-360,-538,471,-322,32,654,-232,611,29,-237,0,0
4,98,507,-689,307,-19,-354,-529,472,-308,35,653,-232,616,29,-242,0,0
4,99,505,-682,313,-27,-358,-527,465,-318,43,653,-232,611,29,-246,0,0
4,100,503,-674,316,-24,-358,-535,457,-332,44,653,-232,600,29,-242,0,0
4,101,503,-679,312,-22,-355,-534,469,-326,38,653,-232,602,29,-244,0,0
5,102,504,-677,309,-20,-358,-533,477,-318,33,653,-232,612,29,-246,0,0
5,103,505,-666,310,-14,-366,-536,470,-319,36,653,-232,609,29,-241,0,0
5,104,504,-664,310,-18,-363,-540,466,-325,39,653,-232,598,29,-242,0,0
5,105,502,-665,311,-22,-355,-539,470,-320,40,653,-232,594,29,-245,0,0
5,106,504,-660,312,-13,-357,-527,488,-300,34,653,-232,601,29,-241,0,0
5,107,506,-662,312,-23,-362,-522,496,-308,34,653,-232,603,29,-239,0,0
5,108,505,-665,312,-39,-362,-531,477,-326,47,653,-232,597,29,-242,0,0
5,109,504,-660,313,-25,-358,-525,466,-319,47,653,-232,601,29,-243,0,0
5,110,501,-660,310,-11,-355,-504,472,-310,32,653,-232,609,29,-242,0,0
5,111,501,-663,309,-20,-356,-508,473,-309,30,653,-232,609,29,-242,0,0
5,112,503,-661,315,-28,-358,-527,473,-304,37,653,-232,610,29,-246,0,0
5,113,501,-669,313,-30,-360,-532,475,-303,36,654,-232,615,29,-249,0,0
5,114,502,-683,308,-28,-359,-538,473,-303,35,653,-232,605,29,-250,0,0
5,115,506,-670,310,-19,-359,-538,477,-299,38,653,-232,595,29,-248,0,0
5,116,505,-663,311,-16,-362,-525,460,-315,35,655,-232,597,29,-246,0,0
5,117,500,-676,309,-24,-359,-514,438,-342,35,652,-232,601,29,-246,0,0
5,118,501,-676,312,-21,-354,-515,456,-327,37,648,-232,609,29,-246,0,0
5,119,506,-672,311,-14,-358,-523,477,-303,36,649,-232,618,29,-243,0,0
5,120,505,-678,303,-26,-361,-521,459,-336,35,652,-233,608,29,-243,0,0
5,121,504,-677,309,-35,-356,-509,452,-369,31,651,-233,596,29,-244,0,0
5,122,505,-678,317,-21,-357,-506,478,-341,32,651,-232,601,29,-241,0,0
5,123,504,-689,312,-12,-359,-514,482,-311,49,651,-233,607,29,-241,0,0
5,124,502,-685,307,-23,-355,-511,464,-321,50,651,-229,605,29,-246,0,0
5,125,506,-681,307,-29,-355,-505,466,-325,35,651,-219,606,29,-245,0,0
5,126,508,-687,311,-29,-359,-510,481,-319,41,651,-214,610,29,-244,0,0
5,127,500,-685,314,-24,-361,-511,479,-324,56,651,-213,609,29,-247,0,0
5,128,501,-685,315,-13,-359,-508,460,-318,58,651,-213,613,29,-247,0,0
5,0,508,-687,313,-12,-355,-514,448,-309,58,651,-222,614,29,-243,0,0
5,1,507,-687,310,-20,-356,-519,456,-319,61,651,-233,611,29,-244,0,0
5,2,505,-688,311,-25,-358,-510,468,-329,56,651,-233,611,29,-244,0,0
5,3,505,-688,308,-20,-359,-503,471,-312,54,651,-230,606,29,-244,0,0
5,4,505,-686,306,-17,-360,-505,474,-298,58,651,-230,603,29,-251,0,0
5,5,505,-683,309,-24,-359,-506,474,-311,56,651,-230,608,29,-251,0,0
5,6,504,-684,314,-20,-358,-508,469,-327,55,651,-231,604,29,-247,0,0
5,7,503,-686,313,-12,-360,-511,485,-318,53,651,-231,595,29,-248,0,0
5,8,505,-687,311,-18,-358,-510,502,-281,47,651,-230,602,29,-249,0,0
5,9,507,-688,314,-26,-356,-507,487,-274,46,651,-231,602,29,-248,0,-1
5,10,504,-689,313,-23,-357,-507,469,-321,40,651,-231,596,29,-250,0,0
5,11,502,-689,311,-21,-354,-521,467,-356,41,651,-231,597,29,-248,0,0
5,12,504,-685,313,-21,-356,-534,468,-341,52,651,-231,598,29,-242,0,0
5,13,505,-684,315,-20,-359,-531,471,-314,47,651,-231,599,29,-242,0,0
5,14,505,-684,315,-20,-357,-526,475,-314,43,651,-231,605,29,-248,0,0
5,15,504,-686,313,-20,-357,-530,472,-322,54,651,-231,607,29,-251,0,0
5,16,503,-684,310,-23,-359,-533,469,-320,56,651,-231,604,29,-251,0,0
5,17,503,-677,310,-18,-355,-534,479,-307,50,651,-231,610,29,-251,0,0
5,18,504,-679,314,-17,-354,-537,501,-277,62,651,-231,613,29,-249,0,0
5,19,507,-677,314,-22,-359,-525,515,-255,63,651,-231,608,29,-245,0,0
5,20,507,-674,310,-16,-358,-509,508,-271,53,651,-231,605,29,-245,0,0
5,21,503,-679,310,-13,-355,-506,505,-294,56,651,-231,604,29,-251,0,0
5,22,500,-680,313,-17,-357,-507,498,-289,59,651,-231,611,29,-252,0,0
5,23,502,-678,312,-20,-362,-516,482,-287,58,651,-231,614,29,-250,0,0
5,24,505,-677,311,-20,-361,-525,489,-303,54,651,-231,611,29,-250,0,0
5,25,506,-679,310,-16,-356,-523,505,-305,55,651,-231,607,29,-251,0,0
5,26,503,-679,312,-14,-358,-516,502,-299,58,651,-231,608,29,-252,0,0
5,27,504,-681,314,-22,-362,-514,499,-297,56,651,-231,607,29,-252,0,0
5,28,506,-686,313,-26,-360,-510,501,-300,57,651,-231,606,29,-250,0,0
5,29,505,-681,311,-19,-358,-508,497,-299,58,651,-231,606,29,-250,0,0
5,30,503,-673,311,-17,-358,-510,499,-283,60,651,-231,602,29,-249,0,0
5,31,503,-676,313,-17,-352,-508,494,-275,61,651,-231,601,29,-246,0,0
5,32,505,-680,315,-25,-352,-513,473,-306,57,651,-231,599,29,-253,0,0
5,33,505,-675,314,-33,-357,-520,468,-322,54,651,-231,600,29,-257,0,0
5,34,504,-678,311,-21,-355,-512,480,-302,57,651,-231,601,29,-251,0,0
5,35,503,-681,312,-10,-358,-506,480,-295,57,651,-231,597,29,-254,0,0
5,36,503,-678,313,-12,-363,-508,478,-293,60,651,-231,601,29,-260,0,0
5,37,504,-676,307,-17,-360,-511,477,-291,61,651,-231,604,29,-253,0,0
5,38,504,-679,302,-24,-358,-522,463,-311,54,651,-231,600,29,-248,0,0
5,39,503,-682,306,-23,-359,-531,460,-322,54,651,-231,598,29,-253,0,-1
5,40,501,-683,314,-16,-358,-523,474,-306,56,651,-231,600,29,-259,0,0
5,41,502,-679,315,-15,-359,-519,476,-311,54,651,-231,602,29,-254,0,0
5,42,504,-673,310,-27,-361,-524,469,-329,55,651,-232,600,29,-249,0,0
5,43,503,-668,311,-33,-361,-514,473,-312,55,651,-232,596,29,-255,0,0
5,44,501,-669,314,-24,-361,-505,480,-289,53,651,-232,597,29,-258,0,0
5,45,502,-671,311,-16,-360,-514,479,-295,58,652,-232,600,29,-253,0,0
5,46,506,-664,311,-19,-357,-513,475,-309,61,651,-232,600,29,-256,0,0
5,47,505,-661,316,-24,-357,-505,471,-310,54,650,-232,601,29,-260,0,0
5,48,503,-673,312,-19,-356,-510,472,-319,54,650,-232,601,29,-253,0,0
5,49,503,-679,307,-17,-356,-518,472,-333,60,650,-232,600,29,-250,0,0
5,50,503,-670,310,-22,-358,-511,473,-318,61,650,-232,602,29,-256,0,0
5,51,503,-659,310,-27,-358,-503,475,-297,57,650,-232,605,29,-258,0,0
5,52,502,-660,307,-25,-354,-516,473,-306,58,650,-232,605,29,-257,0,0
5,53,500,-665,311,-15,-354,-522,472,-319,61,650,-232,602,29,-255,0,0
5,54,502,-662,313,-15,-360,-509,473,-322,60,650,-232,597,29,-255,0,0
5,55,506,-661,308,-18,-361,-504,469,-325,58,650,-232,593,29,-256,0,0
5,56,506,-670,308,-20,-360,-514,470,-313,55,650,-232,597,29,-254,0,0
5,57,503,-671,312,-24,-362,-512,482,-298,56,650,-232,599,29,-255,0,0
5,58,500,-664,314,-19,-362,-506,482,-312,58,650,-232,593,29,-256,0,0
5,59,503,-671,314,-11,-352,-509,472,-326,59,650,-232,591,29,-254,0,0
5,60,508,-676,313,-25,-351,-507,472,-310,58,650,-232,597,29,-254,0,0
5,61,507,-663,312,-36,-359,-505,477,-308,58,650,-232,599,29,-255,0,0
5,62,504,-666,312,-27,-358,-507,475,-321,59,650,-232,595,29,-254,0,0
5,63,503,-686,314,-18,-352,-510,471,-309,58,650,-232,595,29,-255,0,0
5,64,502,-688,314,-16,-354,-509,482,-290,58,650,-232,599,29,-257,0,0
5,65,503,-678,311,-22,-363,-502,498,-294,60,650,-232,599,29,-255,0,0
5,66,506,-673,307,-32,-364,-500,497,-296,59,650,-231,598,29,-253,0,0
5,67,506,-676,310,-26,-360,-510,483,-279,61,650,-230,598,29,-256,0,0
5,68,507,-686,308,-14,-359,-517,473,-290,62,650,-230,599,29,-261,0,0
5,69,508,-687,305,-15,-361,-511,474,-327,59,650,-230,599,29,-259,0,0
5,70,504,-680,310,-26,-362,-510,477,-334,55,650,-230,596,29,-254,0,0
5,71,503,-686,315,-32,-357,-513,475,-317,59,650,-231,592,29,-257,0,0
5,72,507,-684,311,-26,-353,-511,484,-312,60,650,-231,594,29,-257,0,0
5,73,506,-673,307,-26,-357,-506,499,-304,58,651,-231,598,29,-253,0,0
5,74,502,-675,308,-33,-361,-503,486,-301,59,652,-231,598,29,-256,0,0
5,75,504,-685,313,-26,-355,-506,462,-325,59,652,-231,595,29,-257,0,0
5,76,504,-685,314,-16,-355,-512,482,-308,59,650,-231,592,29,-251,0,0
5,77,504,-682,311,-21,-361,-509,503,-273,61,650,-231,593,29,-252,0,0
5,78,506,-686,309,-23,-361,-496,485,-300,60,650,-231,598,29,-256,0,0
5,79,505,-688,311,-19,-355,-491,472,-317,57,649,-231,602,29,-254,0,0
5,80,504,-686,313,-17,-355,-499,477,-273,60,650,-230,597,29,-254,0,0
5,81,503,-688,313,-17,-356,-505,481,-273,63,652,-231,594,29,-257,0,0
5,82,503,-686,309,-21,-353,-505,494,-314,58,651,-232,598,29,-254,0,0
5,83,504,-687,304,-18,-355,-508,499,-310,55,651,-232,601,29,-249,0,0
5,84,507,-689,312,-19,-365,-512,483,-304,59,651,-232,600,29,-249,0,0
5,85,506,-686,315,-25,-365,-510,481,-317,62,651,-232,599,29,-253,0,0
5,86,504,-686,309,-19,-356,-507,500,-305,60,651,-232,599,29,-255,0,0
5,87,503,-687,309,-13,-357,-503,504,-288,58,651,-232,598,29,-255,0,0
5,88,501,-686,313,-21,-364,-500,502,-292,59,651,-232,596,29,-254,0,0
5,89,502,-687,314,-26,-361,-501,506,-290,60,651,-232,598,29,-250,0,0
5,90,506,-689,313,-17,-355,-501,496,-281,61,651,-232,599,29,-253,0,0
5,91,505,-687,312,-11,-356,-500,477,-293,60,651,-232,595,29,-258,0,0
5,92,502,-688,313,-17,-361,-504,474,-310,60,651,-232,594,29,-254,0,0
5,93,505,-687,315,-26,-360,-508,474,-314,61,651,-232,602,29,-250,0,0
5,94,504,-685,311,-21,-354,-502,466,-313,58,651,-232,601,29,-252,0,0
5,95,498,-694,308,-15,-351,-496,468,-324,57,651,-232,593,29,-253,0,0
5,96,503,-696,312,-17,-356,-503,469,-349,57,651,-232,595,29,-252,0,0
5,97,509,-692,311,-20,-356,-508,457,-360,55,652,-232,599,29,-255,0,0
5,98,505,-701,310,-24,-354,-508,468,-332,54,651,-232,599,29,-254,0,0
5,99,501,-710,312,-19,-354,-525,497,-295,61,651,-232,600,29,-251,0,0
5,100,503,-710,311,-11,-354,-534,508,-290,61,651,-232,599,29,-252,0,0
5,101,504,-713,312,-26,-356,-514,498,-303,57,651,-232,604,29,-252,0,0
6,102,503,-718,314,-40,-356,-503,481,-304,57,651,-232,611,29,-253,0,0
6,103,504,-716,313,-21,-354,-502,475,-291,59,651,-232,605,29,-255,0,0
6,104,503,-716,312,-11,-355,-483,480,-281,60,651,-232,597,29,-255,0,0
6,105,503,-718,314,-24,-361,-479,472,-310,60,651,-232,600,29,-253,0,0
6,106,506,-717,313,-23,-359,-494,478,-331,58,651,-232,604,29,-252,0,0
6,107,505,-720,310,-15,-355,-499,496,-314,58,651,-232,600,29,-251,0,0
6,108,501,-722,309,-19,-360,-503,490,-307,60,651,-232,596,29,-253,0,0
6,109,507,-720,309,-22,-361,-513,468,-324,58,651,-232,602,29,-255,0,0
6,110,508,-725,312,-21,-357,-511,459,-344,57,651,-232,607,29,-253,0,0
6,111,498,-729,312,-22,-360,-501,461,-338,59,651,-232,605,29,-252,0,0
6,112,497,-728,310,-20,-361,-503,472,-310,60,651,-232,604,29,-254,0,0
6,113,506,-734,310,-19,-355,-504,481,-301,60,652,-232,602,29,-251,0,0
6,114,507,-734,312,-22,-352,-485,476,-307,59,652,-232,595,29,-250,0,0
6,115,501,-723,313,-25,-358,-478,472,-299,60,651,-232,595,29,-252,0,0
6,116,499,-721,310,-24,-361,-495,473,-311,60,652,-232,607,29,-251,0,0
6,117,503,-724,309,-14,-356,-494,477,-335,58,652,-232,611,29,-251,0,0
6,118,504,-718,311,-13,-354,-477,477,-325,58,650,-232,602,30,-250,0,0
6,119,504,-717,309,-23,-361,-474,475,-318,60,648,-232,605,32,-250,0,0
6,120,504,-721,306,-23,-364,-478,484,-323,61,648,-232,617,32,-252,0,0
6,121,499,-717,309,-16,-356,-485,480,-320,60,648,-232,609,32,-254,0,0
6,122,497,-717,313,-20,-354,-498,472,-315,61,648,-232,601,32,-253,0,0
6,123,503,-718,312,-22,-360,-499,493,-313,62,648,-232,607,32,-253,-1,0
6,124,505,-718,311,-24,-361,-499,511,-304,59,648,-232,612,32,-252,-1,0
6,125,503,-716,311,-33,-359,-498,505,-285,61,648,-233,614,32,-250,-1,0
6,126,505,-713,313,-29,-362,-488,507,-270,64,648,-232,615,32,-253,-1,0
6,127,502,-716,312,-10,-364,-487,503,-282,62,648,-230,612,32,-251,-1,0
6,128,501,-718,308,-12,-354,-499,476,-300,61,648,-228,610,32,-249,0,0
6,0,504,-714,308,-23,-353,-505,472,-301,64,648,-229,613,32,-251,-1,0
6,1,502,-713,310,-16,-364,-512,491,-312,64,648,-229,611,32,-248,0,0
6,2,501,-716,306,-12,-364,-510,497,-325,59,648,-229,607,32,-246,0,0
6,3,503,-704,306,-20,-354,-493,492,-310,58,648,-228,610,32,-249,-1,0
6,4,502,-698,313,-24,-356,-491,494,-300,62,648,-229,610,32,-254,0,0
6,5,500,-700,314,-19,-363,-508,503,-302,64,648,-232,610,33,-253,0,0
6,6,502,-696,308,-19,-362,-517,508,-289,61,648,-233,613,33,-250,0,0
6,7,502,-697,309,-18,-357,-510,508,-270,60,648,-232,613,31,-252,0,0
6,8,503,-695,315,-14,-357,-508,506,-267,63,648,-232,611,30,-254,0,0
6,9,507,-690,313,-20,-363,-521,504,-292,64,648,-232,612,31,-252,0,0
6,10,506,-695,307,-20,-365,-531,496,-309,61,648,-232,620,30,-249,0,0
6,11,505,-700,309,-15,-358,-531,483,-300,60,648,-232,617,30,-249,0,0
6,12,507,-693,313,-15,-355,-531,465,-314,59,648,-232,606,30,-252,0,0
6,13,505,-688,312,-17,-361,-528,470,-331,60,648,-232,610,30,-252,0,0
6,14,501,-691,311,-17,-362,-523,499,-302,65,648,-232,618,30,-249,0,0
6,15,505,-691,311,-19,-358,-526,502,-287,65,648,-232,617,30,-251,0,0
6,16,504,-693,312,-19,-355,-531,472,-317,63,648,-232,613,30,-252,0,0
6,17,501,-688,312,-16,-356,-528,471,-317,63,648,-232,618,30,-248,0,0
6,18,504,-686,309,-20,-360,-527,498,-286,63,648,-232,623,30,-246,0,0
6,19,507,-691,310,-26,-360,-534,504,-290,61,648,-232,615,30,-250,0,0
6,20,506,-686,313,-20,-359,-538,501,-297,61,648,-232,611,30,-248,0,0
6,21,501,-685,314,-14,-360,-537,497,-284,62,648,-232,618,30,-245,0,0
6,22,499,-688,310,-16,-360,-534,476,-298,61,648,-232,619,30,-250,0,0
6,23,502,-688,309,-18,-359,-533,467,-321,61,648,-232,611,30,-255,0,0
6,24,504,-688,312,-20,-361,-530,477,-304,61,648,-232,616,30,-251,0,0
6,25,503,-689,315,-19,-360,-529,480,-294,61,648,-232,620,30,-248,-1,0
6,26,502,-688,315,-21,-357,-534,471,-320,61,648,-232,611,30,-255,0,0
6,27,503,-687,311,-22,-359,-540,469,-330,61,648,-232,609,30,-256,-1,0
6,28,507,-689,311,-19,-360,-535,468,-324,62,648,-232,613,30,-249,0,0
6,29,506,-691,314,-20,-357,-516,467,-326,61,648,-232,611,30,-247,0,0
6,30,500,-694,313,-25,-357,-501,472,-313,61,648,-233,608,30,-250,0,0
6,31,501,-694,306,-23,-361,-505,474,-305,63,648,-228,610,30,-251,0,0
6,32,506,-692,304,-21,-359,-507,472,-321,63,648,-225,614,30,-251,0,0
6,33,505,-694,310,-22,-356,-505,476,-328,61,650,-229,614,30,-253,0,0
6,34,502,-693,313,-16,-359,-507,473,-331,63,652,-232,615,30,-252,0,0
6,35,501,-691,312,-12,-354,-509,447,-354,64,651,-229,615,30,-250,0,0
6,36,508,-691,311,-20,-354,-506,444,-349,61,651,-228,618,30,-253,0,0
6,37,511,-691,311,-24,-363,-504,474,-305,60,651,-229,617,30,-255,0,0
6,38,505,-688,311,-20,-364,-508,477,-312,62,651,-229,608,30,-252,0,0
6,39,502,-687,309,-14,-355,-512,468,-342,62,652,-229,605,30,-249,0,0
6,40,503,-695,304,-17,-352,-511,480,-318,60,650,-229,611,30,-251,0,0
6,41,504,-697,308,-21,-357,-502,476,-300,61,648,-229,614,29,-254,0,0
6,42,504,-695,315,-15,-361,-513,467,-329,62,649,-229,609,28,-254,0,0
6,43,503,-693,314,-14,-362,-530,496,-319,62,650,-229,605,29,-253,0,0
6,44,502,-689,309,-21,-358,-518,503,-278,63,649,-229,607,32,-252,0,0
6,45,505,-699,313,-21,-357,-515,471,-288,63,649,-229,609,32,-252,0,0
6,46,504,-711,314,-18,-360,-527,463,-323,62,650,-229,608,31,-251,0,0
6,47,501,-704,312,-19,-358,-516,482,-335,61,650,-229,613,31,-248,0,0
6,48,505,-699,313,-20,-353,-507,478,-336,61,649,-229,615,31,-251,0,0
6,49,505,-698,314,-22,-353,-512,469,-315,62,649,-229,609,30,-255,0,0
6,50,502,-696,314,-25,-358,-509,485,-293,62,649,-229,606,30,-254,0,0
6,51,500,-696,313,-23,-361,-516,502,-300,63,650,-229,605,30,-251,0,0
6,52,501,-696,313,-14,-361,-527,500,-306,64,649,-229,606,30,-252,0,0
6,53,502,-696,313,-10,-361,-512,489,-286,64,650,-229,609,30,-253,-1,0
6,54,503,-696,312,-28,-359,-503,485,-294,63,653,-229,606,30,-252,0,-1
6,55,503,-699,311,-38,-360,-512,487,-315,62,654,-229,603,30,-253,-1,0
6,56,502,-699,314,-20,-360,-509,486,-295,63,651,-229,608,30,-253,0,-1
6,57,502,-700,315,-12,-355,-508,474,-291,63,651,-229,610,30,-253,-1,-1
6,58,503,-704,309,-17,-357,-527,462,-337,60,652,-229,609,30,-253,0,0
6,59,506,-709,307,-26,-360,-535,465,-345,59,651,-229,600,30,-252,0,-1
6,60,505,-710,311,-36,-359,-534,477,-318,62,651,-229,593,30,-252,0,0
6,61,504,-711,313,-26,-360,-538,479,-327,61,651,-229,599,30,-251,0,0
6,62,505,-721,312,-9,-361,-544,470,-340,58,651,-229,602,30,-251,0,0
6,63,502,-720,309,-18,-358,-549,467,-321,58,651,-229,597,30,-252,0,0
6,64,501,-714,310,-29,-357,-562,478,-304,61,651,-229,598,30,-250,0,0
6,65,506,-720,312,-20,-358,-567,481,-304,65,651,-229,604,30,-245,0,0
6,66,506,-726,313,-16,-356,-559,474,-306,64,651,-229,604,30,-249,0,0
6,67,500,-726,311,-20,-358,-564,470,-318,62,652,-229,599,30,-255,0,0
6,68,501,-721,311,-24,-354,-570,468,-335,60,654,-229,597,30,-250,0,0
6,69,505,-722,312,-20,-353,-558,465,-322,62,653,-229,602,30,-249,0,0
6,70,504,-727,314,-14,-357,-539,471,-301,64,653,-229,617,30,-254,0,-1
6,71,502,-725,312,-15,-354,-527,479,-312,64,652,-229,618,30,-252,0,0
6,72,504,-719,308,-16,-355,-528,463,-329,62,652,-229,604,30,-248,0,-1
6,73,508,-722,311,-15,-359,-539,451,-330,60,651,-229,608,30,-251,0,0
6,74,507,-727,315,-20,-356,-542,449,-349,61,652,-229,631,30,-255,0,-1
6,75,505,-725,311,-23,-355,-527,443,-370,62,652,-229,624,30,-252,0,0
6,76,504,-733,310,-20,-356,-516,455,-347,60,650,-229,606,30,-251,0,-1
6,77,506,-737,312,-28,-354,-515,465,-327,60,648,-229,614,30,-253,0,0
6,78,507,-733,309,-34,-358,-511,453,-340,60,648,-229,620,30,-252,0,0
6,79,504,-738,307,-26,-363,-508,457,-337,60,648,-229,612,30,-249,0,0
6,80,501,-747,310,-14,-358,-510,467,-332,60,648,-229,612,30,-251,0,0
6,81,502,-743,313,-11,-356,-516,451,-347,60,648,-229,614,30,-253,0,-1
6,82,505,-741,312,-20,-361,-528,446,-348,60,648,-229,606,30,-249,0,0
6,83,506,-748,309,-29,-361,-540,462,-342,62,648,-229,611,30,-250,0,-1
6,84,504,-748,311,-22,-356,-532,458,-353,63,648,-230,626,30,-254,0,0
6,85,500,-748,313,-10,-356,-514,446,-349,61,648,-231,626,30,-252,0,-1
6,86,499,-744,312,-16,-361,-501,452,-327,62,648,-231,614,30,-251,0,-1
6,87,504,-743,311,-23,-362,-506,468,-326,65,648,-231,615,30,-253,0,-1
6,88,506,-749,312,-16,-355,-523,474,-319,63,648,-230,620,30,-252,0,0
6,89,504,-749,308,-15,-353,-537,470,-300,61,648,-231,614,30,-251,0,-1
6,90,506,-748,307,-19,-357,-532,469,-312,61,648,-233,612,30,-253,0,-1
6,91,502,-752,314,-20,-358,-520,470,-327,64,648,-233,616,30,-254,0,-1
6,92,496,-751,312,-23,-354,-525,470,-323,65,648,-231,611,30,-254,0,-1
6,93,502,-748,310,-20,-359,-537,468,-330,62,648,-230,610,30,-252,0,-1
6,94,507,-762,312,-11,-364,-535,469,-337,62,648,-229,614,30,-248,0,-1
6,95,502,-764,307,-23,-362,-523,474,-324,62,648,-230,612,30,-253,0,-1
6,96,501,-753,305,-37,-362,-514,473,-315,61,648,-229,609,30,-258,0,-1
6,97,504,-754,310,-25,-362,-510,480,-319,61,648,-229,613,30,-252,0,-1
6,98,499,-759,313,-10,-355,-506,502,-311,63,648,-229,618,30,-244,0,-1
6,99,501,-764,312,-12,-352,-507,504,-284,65,648,-229,616,30,-249,0,-1
6,100,509,-762,311,-29,-353,-512,481,-273,65,648,-229,612,30,-257,0,-1
6,101,506,-759,306,-31,-357,-513,468,-308,63,648,-229,611,30,-252,0,-1
7,102,496,-764,305,-23,-361,-505,474,-343,61,648,-229,614,30,-248,0,-1
7,103,497,-768,307,-29,-358,-512,466,-338,61,648,-229,611,30,-254,0,-1
7,104,504,-767,309,-30,-354,-531,452,-334,61,648,-229,606,30,-252,0,-1
7,105,506,-768,312,-27,-359,-527,456,-359,61,648,-229,607,30,-248,0,-1
7,106,504,-775,313,-32,-363,-507,469,-363,61,648,-229,608,30,-254,0,0
7,107,502,-778,311,-27,-360,-504,477,-333,61,648,-229,607,30,-256,0,0
7,108,503,-771,312,-12,-354,-507,472,-323,62,648,-229,598,30,-250,0,0
7,109,508,-761,315,-13,-355,-506,475,-330,64,648,-229,595,30,-252,0,0
7,110,504,-768,313,-31,-363,-511,493,-305,65,648,-229,602,30,-257,0,0
7,111,496,-785,312,-32,-361,-515,501,-295,62,648,-229,601,30,-252,0,0
7,112,501,-780,311,-25,-351,-512,495,-320,61,648,-229,597,30,-249,0,0
7,113,508,-763,308,-30,-354,-505,500,-308,62,648,-229,598,30,-252,0,0
7,114,507,-763,311,-32,-364,-508,501,-285,63,648,-229,600,30,-252,0,0
7,115,503,-771,312,-28,-363,-525,476,-326,61,648,-229,600,30,-253,0,0
7,116,503,-767,309,-32,-355,-523,465,-362,59,648,-229,607,30,-253,0,0
7,117,506,-766,309,-33,-352,-512,472,-355,61,648,-229,615,30,-252,0,0
7,118,507,-765,311,-26,-354,-523,455,-355,62,648,-229,610,30,-252,0,0
7,119,504,-759,309,-31,-359,-531,439,-348,62,648,-229,613,30,-255,0,0
7,120,504,-759,306,-29,-362,-509,458,-336,62,648,-229,627,30,-254,0,0
7,121,504,-763,310,-13,-359,-506,466,-350,62,648,-229,625,30,-251,0,0
7,122,503,-763,311,-15,-356,-527,445,-357,61,648,-229,622,30,-253,0,0
7,123,504,-764,309,-32,-364,-519,436,-344,62,649,-229,627,30,-255,0,0
7,124,506,-758,309,-33,-373,-498,454,-342,64,648,-229,624,33,-253,0,0
7,125,505,-744,310,-26,-367,-502,470,-342,63,647,-229,624,35,-252,0,0
7,126,502,-750,311,-29,-354,-513,468,-336,63,651,-229,627,34,-252,0,0
7,127,503,-754,308,-30,-355,-508,459,-332,64,654,-229,629,32,-251,0,0
7,128,506,-746,308,-26,-363,-507,456,-335,65,653,-229,632,33,-249,0,0
7,0,505,-750,313,-26,-364,-507,450,-345,65,653,-229,632,32,-249,0,0
7,1,502,-758,312,-27,-358,-504,447,-349,62,653,-229,626,32,-246,0,0
7,2,503,-755,310,-30,-355,-504,460,-334,60,650,-229,635,32,-249,0,0
7,3,503,-754,310,-30,-354,-509,473,-319,64,649,-229,647,32,-256,0,0
7,4,505,-758,311,-27,-353,-504,467,-324,67,652,-229,639,32,-255,0,0
7,5,507,-756,313,-27,-357,-493,469,-327,66,652,-229,630,32,-249,0,0
7,6,501,-761,314,-27,-357,-493,477,-312,67,651,-229,632,32,-250,0,0
7,7,501,-765,311,-24,-352,-502,467,-303,67,651,-229,632,32,-250,0,0
7,8,508,-769,309,-29,-357,-505,458,-315,62,651,-229,629,32,-248,0,0
7,9,505,-773,311,-30,-362,-499,471,-316,62,651,-229,627,32,-246,0,0
7,10,501,-761,313,-17,-357,-495,481,-303,68,651,-229,624,32,-248,0,0
7,11,504,-755,312,-21,-352,-495,469,-298,66,651,-231,626,32,-251,0,0
7,12,507,-766,309,-33,-357,-496,467,-297,63,651,-232,627,32,-253,0,0
7,13,505,-764,308,-31,-357,-492,476,-304,66,651,-230,623,32,-253,0,0
7,14,500,-761,312,-26,-354,-487,459,-325,66,651,-228,625,32,-254,0,0
7,15,498,-782,313,-27,-353,-491,445,-329,63,651,-229,627,32,-254,0,0
7,16,502,-785,310,-27,-359,-496,461,-310,63,651,-229,628,32,-250,0,0
7,17,503,-769,310,-27,-362,-493,476,-288,64,651,-229,630,32,-249,0,0
7,18,504,-773,313,-30,-358,-495,471,-280,65,651,-229,630,32,-252,0,0
7,19,507,-780,312,-27,-357,-497,474,-283,69,651,-229,629,32,-251,0,0
7,20,507,-766,310,-26,-360,-484,483,-272,69,651,-229,632,32,-247,0,0
7,21,504,-758,310,-26,-360,-479,476,-269,64,651,-229,631,32,-249,0,0
7,22,504,-768,310,-26,-358,-482,467,-292,63,651,-229,628,32,-253,0,0
7,23,507,-764,311,-28,-359,-485,472,-293,64,651,-229,631,32,-251,0,0
7,24,505,-747,313,-27,-364,-494,477,-273,64,651,-229,630,32,-250,0,0
7,25,504,-748,315,-28,-364,-492,474,-277,65,651,-229,625,32,-256,0,0
7,26,507,-755,316,-31,-357,-483,463,-288,62,651,-229,629,32,-257,0,0
7,27,507,-754,315,-24,-352,-497,469,-266,64,651,-229,634,32,-250,0,0
7,28,505,-754,313,-15,-355,-513,494,-244,82,651,-229,630,32,-246,0,0
7,29,508,-752,313,-21,-359,-506,508,-240,84,652,-229,626,32,-249,0,0
7,30,507,-750,312,-31,-359,-504,504,-236,75,651,-229,626,32,-251,0,0
7,31,502,-752,310,-29,-356,-505,507,-217,81,651,-229,626,32,-251,0,0
7,32,503,-751,309,-27,-354,-496,515,-195,92,653,-229,626,32,-251,0,0
7,33,504,-752,308,-28,-357,-498,509,-209,89,654,-229,630,32,-251,0,0
7,34,502,-753,310,-27,-356,-511,497,-243,75,652,-229,628,32,-252,0,0
7,35,506,-748,313,-28,-354,-514,495,-249,70,651,-229,630,32,-251,0,0
7,36,509,-751,315,-31,-357,-503,501,-231,81,652,-229,638,32,-251,0,0
7,37,505,-762,311,-30,-360,-500,504,-225,94,651,-229,634,32,-252,0,0
7,38,500,-762,309,-29,-355,-503,498,-224,93,651,-229,631,32,-253,0,0
7,39,501,-752,312,-28,-354,-497,500,-214,81,651,-229,632,32,-251,0,0
7,40,507,-750,312,-30,-358,-496,505,-214,76,652,-229,636,32,-249,0,0
7,41,507,-755,313,-32,-360,-502,501,-217,84,651,-229,644,32,-249,0,0
7,42,502,-752,312,-30,-361,-506,495,-212,96,651,-229,648,32,-248,0,0
7,43,503,-749,308,-27,-361,-507,499,-194,92,652,-229,646,32,-247,0,0
7,44,504,-750,308,-27,-357,-504,508,-173,88,654,-229,644,32,-249,0,0
7,45,505,-750,314,-28,-354,-495,502,-185,94,653,-229,648,33,-252,0,0
7,46,507,-749,312,-30,-357,-493,479,-218,92,651,-229,650,35,-251,0,0
7,47,505,-750,309,-29,-358,-496,469,-225,86,651,-229,646,35,-251,0,0
7,48,503,-752,312,-26,-357,-497,475,-211,89,652,-229,645,33,-252,0,0
7,49,506,-753,309,-27,-357,-501,482,-215,91,651,-229,647,31,-251,0,0
7,50,504,-753,308,-29,-355,-508,493,-222,87,651,-229,650,32,-250,0,0
7,51,498,-751,312,-27,-355,-511,502,-202,86,651,-229,646,35,-253,0,0
7,52,503,-750,311,-25,-358,-508,502,-169,92,651,-229,644,34,-251,0,0
7,53,509,-751,310,-27,-363,-506,497,-157,92,651,-229,644,33,-250,0,0
7,54,506,-751,314,-31,-357,-518,494,-169,93,651,-229,650,36,-255,0,0
7,55,503,-749,312,-29,-353,-533,495,-169,95,651,-229,657,36,-255,0,0
7,56,503,-748,310,-20,-358,-526,496,-152,94,651,-229,651,34,-248,0,0
7,57,505,-748,312,-22,-357,-504,496,-152,93,651,-229,651,33,-246,0,0
7,58,505,-749,311,-33,-353,-497,497,-160,98,651,-229,657,33,-250,0,0
7,59,503,-748,309,-33,-361,-502,502,-138,99,651,-229,654,34,-247,0,0
7,60,505,-746,311,-27,-364,-499,505,-118,96,651,-229,654,36,-244,0,0
7,61,505,-746,315,-30,-356,-496,493,-138,95,651,-229,655,35,-249,0,0
7,62,504,-747,314,-31,-357,-500,468,-165,96,651,-229,655,35,-252,0,0
7,63,507,-747,311,-29,-364,-503,461,-167,97,651,-229,652,35,-253,0,0
7,64,508,-746,310,-29,-359,-500,493,-133,94,651,-229,652,35,-249,0,0
7,65,504,-746,310,-29,-353,-500,524,-95,93,651,-229,655,35,-246,0,0
7,66,503,-746,311,-31,-354,-504,523,-89,101,651,-229,655,35,-248,0,0
7,67,506,-746,311,-31,-358,-501,513,-98,101,651,-229,653,35,-250,0,0
7,68,503,-743,310,-29,-361,-495,508,-100,99,651,-229,654,35,-250,0,0
7,69,503,-741,311,-32,-360,-502,491,-108,112,651,-229,656,35,-249,0,0
7,70,504,-746,313,-33,-360,-511,471,-121,116,651,-229,654,35,-250,0,0
7,71,503,-739,311,-28,-361,-507,464,-136,99,651,-229,653,35,-250,0,0
7,72,504,-734,309,-27,-361,-499,471,-125,91,653,-229,656,35,-252,0,0
7,73,503,-737,313,-29,-359,-501,492,-84,101,653,-229,657,35,-251,0,0
7,74,503,-731,314,-26,-354,-504,508,-80,106,651,-229,660,35,-250,0,0
7,75,504,-721,311,-26,-357,-501,502,-96,111,651,-229,659,35,-250,0,0
7,76,502,-723,311,-29,-362,-494,504,-59,121,652,-229,658,35,-249,0,0
7,77,501,-723,312,-30,-360,-498,518,-18,125,651,-229,665,35,-250,0,0
7,78,506,-717,311,-29,-358,-508,511,-34,124,651,-229,667,35,-250,0,0
7,79,506,-719,310,-30,-362,-503,487,-70,121,652,-229,661,35,-250,0,0
7,80,502,-719,310,-29,-357,-493,482,-84,123,651,-229,652,35,-248,-1,0
7,81,505,-715,310,-30,-352,-494,495,-74,125,652,-229,663,35,-246,0,0
7,82,508,-716,312,-32,-358,-497,505,-50,124,655,-229,676,37,-247,0,0
7,83,504,-715,312,-30,-357,-493,499,-24,124,654,-229,669,38,-250,0,0
7,84,502,-718,311,-27,-357,-500,479,-22,125,651,-229,664,38,-249,0,0
7,85,503,-718,311,-28,-365,-513,474,-47,126,651,-229,667,38,-247,0,0
7,86,503,-717,310,-31,-363,-507,495,-50,125,652,-229,665,38,-249,0,0
7,87,504,-717,313,-32,-357,-496,511,-12,126,651,-229,664,38,-248,0,0
7,88,508,-718,315,-30,-361,-498,507,10,128,651,-229,662,38,-246,0,0
7,89,502,-716,311,-30,-361,-502,504,2,127,651,-229,664,38,-249,0,0
7,90,499,-715,310,-32,-358,-499,500,5,125,651,-229,670,38,-250,0,0
7,91,505,-716,312,-31,-361,-504,481,6,126,651,-229,666,38,-250,0,0
7,92,503,-717,312,-30,-359,-509,470,-10,127,651,-229,654,38,-249,0,0
7,93,500,-716,311,-31,-356,-504,471,3,125,651,-229,657,38,-247,0,0
7,94,504,-716,311,-32,-358,-491,474,31,133,651,-229,666,37,-248,0,0
7,95,503,-716,309,-31,-358,-488,471,10,137,651,-229,666,36,-253,0,0
7,96,502,-716,311,-30,-353,-501,462,-36,129,651,-229,660,39,-252,0,0
7,97,505,-714,314,-30,-355,-508,450,-33,129,652,-229,655,38,-248,0,0
7,98,505,-718,311,-32,-359,-504,443,-3,135,651,-229,659,33,-248,0,0
7,99,503,-706,308,-31,-357,-509,450,7,132,651,-229,660,46,-250,0,0
7,100,506,-695,312,-25,-356,-515,455,5,128,654,-229,656,52,-252,0,0
7,101,506,-709,313,-28,-359,-513,446,3,133,652,-229,658,36,-252,0,0
8,102,504,-709,309,-32,-359,-515,438,-1,132,649,-229,660,29,-249,0,0
8,103,502,-700,310,-29,-357,-512,435,4,129,653,-229,657,38,-250,0,0
8,104,504,-703,311,-29,-356,-499,422,5,131,658,-229,667,38,-253,0,0
8,105,508,-706,310,-32,-357,-496,403,-21,130,654,-229,675,32,-251,0,0
8,106,504,-706,311,-31,-359,-502,402,-32,125,649,-229,664,35,-249,0,0
8,107,499,-705,312,-33,-360,-500,425,4,139,648,-229,662,37,-250,0,0
8,108,502,-698,312,-32,-354,-488,445,41,152,651,-229,670,37,-248,0,0
8,109,504,-691,313,-30,-348,-481,449,45,136,655,-229,669,36,-249,0,0
8,110,503,-695,317,-32,-352,-480,438,27,128,655,-229,667,35,-251,0,0
8,111,502,-698,314,-31,-356,-477,421,6,136,652,-229,667,34,-249,0,0
8,112,505,-698,307,-30,-358,-477,406,-3,140,653,-229,661,37,-248,0,0
8,113,505,-694,313,-31,-358,-484,402,2,132,652,-229,658,36,-250,0,0
8,114,501,-690,322,-32,-354,-494,397,0,129,649,-229,661,31,-252,0,0
8,115,502,-696,316,-32,-353,-501,391,-3,140,648,-229,657,44,-249,0,0
8,116,507,-692,310,-31,-358,-509,400,0,144,649,-229,660,54,-247,0,0
8,117,507,-688,312,-30,-357,-509,408,6,143,649,-229,669,40,-250,0,0
8,118,503,-688,311,-31,-355,-505,400,11,146,649,-229,668,31,-251,0,0
8,119,503,-690,311,-33,-360,-498,384,2,145,649,-229,660,37,-249,0,0
8,120,505,-691,312,-35,-358,-488,376,-9,140,649,-229,660,36,-250,0,0
8,121,503,-687,311,-32,-355,-492,391,-4,141,649,-229,666,33,-251,0,0
8,122,504,-685,311,-29,-358,-498,398,4,146,649,-229,665,38,-250,0,0
8,123,507,-690,312,-32,-358,-485,386,14,147,649,-229,658,36,-251,0,0
8,124,500,-691,312,-35,-353,-488,391,24,152,649,-229,658,33,-253,0,0
8,125,496,-691,315,-33,-354,-502,416,29,152,649,-229,661,45,-250,0,0
8,126,503,-692,315,-31,-358,-484,417,31,152,649,-229,659,50,-249,0,0
8,127,506,-688,310,-32,-360,-469,395,29,155,649,-229,658,37,-250,0,0
8,128,503,-686,311,-33,-362,-481,373,-1,150,649,-229,660,30,-253,0,0
8,0,502,-691,315,-32,-359,-481,348,-38,142,649,-229,659,37,-255,0,0
8,1,503,-690,313,-31,-356,-471,353,-28,141,649,-229,663,39,-253,0,0
8,2,501,-688,311,-31,-355,-473,379,3,150,649,-229,673,37,-248,0,0
8,3,502,-690,312,-32,-355,-478,384,8,154,649,-229,666,37,-249,0,0
8,4,505,-694,312,-33,-355,-478,381,2,150,649,-229,653,35,-252,0,0
8,5,507,-706,313,-33,-357,-478,385,4,152,649,-231,658,35,-252,0,0
8,6,505,-705,314,-32,-360,-476,383,4,154,649,-233,660,38,-251,0,0
8,7,504,-698,314,-31,-358,-480,379,-3,150,649,-232,652,33,-253,0,0
8,8,504,-710,313,-32,-354,-481,373,4,152,649,-232,652,36,-253,0,0
8,9,504,-722,312,-32,-353,-476,358,3,155,649,-232,652,53,-251,0,0
8,10,506,-715,313,-31,-359,-477,349,-24,142,649,-231,652,61,-251,0,0
8,11,505,-711,313,-31,-362,-473,357,-34,138,649,-230,653,51,-250,0,0
8,12,501,-717,311,-32,-357,-463,362,-10,149,649,-230,653,40,-248,0,0
8,13,503,-714,313,-31,-354,-459,359,0,152,649,-230,655,36,-248,0,0
8,14,507,-715,316,-32,-357,-466,354,-16,151,649,-230,654,33,-249,0,0
8,15,502,-719,312,-34,-362,-473,350,-32,149,649,-230,653,33,-249,0,0
8,16,501,-717,309,-33,-359,-472,349,-35,142,649,-230,653,34,-250,0,0
8,17,507,-713,314,-33,-356,-474,358,-16,145,649,-230,654,33,-250,0,0
8,18,507,-715,313,-34,-359,-475,373,13,159,649,-230,655,33,-246,0,0
8,19,499,-711,306,-34,-358,-471,370,10,156,649,-230,656,36,-246,0,0
8,20,499,-706,308,-31,-357,-465,348,-23,148,650,-230,657,34,-248,0,0
8,21,504,-703,314,-31,-358,-466,341,-41,150,649,-231,655,36,-247,0,0
8,22,504,-698,311,-34,-356,-475,348,-27,152,648,-230,654,49,-246,0,0
8,23,501,-701,309,-33,-355,-474,340,-20,151,652,-230,655,49,-247,0,0
8,24,505,-703,314,-32,-359,-469,327,-46,149,652,-231,654,48,-250,0,0
8,25,507,-697,316,-32,-360,-473,338,-55,151,651,-229,654,45,-251,0,0
8,26,502,-690,311,-31,-360,-480,359,-29,154,653,-227,656,43,-247,0,0
8,27,500,-692,308,-29,-361,-480,356,-17,154,653,-229,657,52,-246,0,0
8,28,506,-704,311,-32,-359,-480,339,-29,151,649,-232,656,48,-249,0,0
8,29,505,-704,310,-33,-357,-483,336,-39,151,649,-229,655,44,-247,0,0
8,30,499,-700,309,-31,-357,-487,346,-38,151,652,-228,657,45,-246,0,0
8,31,501,-702,310,-33,-357,-496,355,-30,152,652,-229,658,40,-249,0,0
8,32,505,-702,312,-35,-354,-503,353,-31,152,650,-229,654,41,-245,0,0
8,33,502,-702,314,-34,-353,-510,329,-53,152,652,-229,652,54,-244,0,0
8,34,503,-704,314,-30,-362,-517,301,-72,152,654,-229,655,43,-249,0,0
8,35,505,-698,311,-31,-364,-510,298,-75,154,651,-229,656,22,-245,0,0
8,36,503,-692,314,-32,-352,-503,305,-86,154,651,-229,655,47,-241,0,0
8,37,502,-697,317,-32,-349,-505,309,-104,151,654,-229,658,62,-249,0,0
8,38,503,-706,311,-32,-358,-499,322,-93,149,652,-229,658,40,-250,0,0
8,39,503,-707,308,-33,-360,-486,327,-73,152,648,-229,655,40,-246,0,0
8,40,505,-708,313,-34,-356,-489,324,-73,151,651,-229,653,57,-245,0,0
8,41,503,-707,309,-32,-354,-495,336,-66,149,652,-229,653,48,-242,0,0
8,42,501,-706,304,-33,-355,-499,340,-59,150,651,-229,659,38,-241,0,0
8,43,505,-707,310,-33,-359,-505,331,-65,152,651,-229,660,46,-246,0,0
8,44,504,-711,313,-33,-361,-492,332,-69,152,651,-229,655,47,-245,0,0
8,45,500,-715,309,-32,-356,-478,331,-81,153,651,-229,656,44,-241,0,0
8,46,503,-712,309,-32,-353,-488,324,-102,151,651,-229,657,47,-242,0,0
8,47,508,-713,312,-32,-356,-486,318,-96,150,651,-229,654,47,-242,0,0
8,48,508,-717,311,-31,-360,-473,314,-78,151,651,-229,655,46,-243,0,0
8,49,506,-713,313,-31,-358,-481,318,-93,150,651,-229,657,52,-245,0,0
8,50,503,-710,315,-32,-356,-488,322,-122,147,651,-229,653,53,-245,0,0
8,51,503,-713,311,-34,-361,-474,326,-101,152,651,-229,654,47,-245,0,0
8,52,505,-704,309,-32,-359,-474,337,-55,158,651,-229,659,43,-243,0,0
8,53,506,-696,310,-31,-359,-485,337,-73,151,651,-229,655,48,-240,0,0
8,54,504,-706,313,-32,-362,-479,322,-121,150,651,-229,655,44,-244,0,0
8,55,501,-708,312,-33,-360,-474,317,-120,156,651,-229,660,27,-247,-1,0
8,56,501,-698,309,-33,-356,-474,328,-108,141,651,-229,650,32,-245,0,0
8,57,506,-692,312,-33,-358,-471,325,-123,134,651,-229,643,42,-243,0,0
8,58,505,-696,316,-33,-363,-474,303,-139,150,651,-229,648,33,-242,0,0
8,59,502,-703,311,-32,-362,-480,295,-134,145,651,-229,645,33,-244,0,0
8,60,506,-703,310,-33,-357,-475,313,-120,138,651,-229,645,47,-247,0,0
8,61,506,-691,314,-34,-353,-479,313,-118,152,651,-229,649,55,-244,0,0
8,62,503,-688,312,-33,-351,-496,295,-131,153,651,-231,650,35,-243,0,0
8,63,504,-694,311,-31,-354,-502,311,-126,142,651,-232,652,25,-244,0,0
8,64,503,-690,315,-32,-357,-490,332,-107,148,652,-231,650,39,-241,0,0
8,65,501,-692,311,-32,-358,-475,311,-114,155,654,-230,645,40,-237,0,0
8,66,505,-692,307,-31,-358,-481,296,-125,148,653,-231,650,25,-242,0,0
8,67,507,-685,313,-31,-356,-496,315,-121,144,651,-231,657,36,-247,0,0
8,68,502,-687,313,-34,-356,-491,339,-119,149,651,-225,656,54,-242,0,0
8,69,500,-702,306,-34,-360,-486,341,-130,156,652,-216,658,44,-241,0,0
8,70,504,-704,304,-32,-362,-503,323,-135,156,652,-217,655,39,-245,0,0
8,71,504,-702,308,-30,-360,-517,308,-122,150,652,-226,653,58,-239,0,0
8,72,500,-705,307,-31,-360,-505,306,-125,150,652,-231,656,66,-235,0,0
8,73,502,-701,308,-33,-359,-499,310,-146,150,654,-231,654,60,-244,0,0
8,74,507,-698,315,-34,-357,-513,307,-157,141,656,-230,645,50,-248,0,0
8,75,503,-707,313,-32,-360,-529,304,-150,139,652,-230,644,46,-242,0,0
8,76,500,-713,306,-30,-360,-533,308,-148,151,648,-229,649,51,-240,0,0
8,77,503,-713,308,-32,-353,-525,302,-160,152,650,-229,651,62,-238,0,0
8,78,502,-719,309,-33,-352,-515,291,-177,143,651,-229,653,58,-240,0,0
8,79,502,-720,306,-31,-359,-510,288,-186,143,651,-229,649,50,-242,0,0
8,80,506,-718,309,-30,-359,-513,290,-174,147,654,-229,647,49,-237,0,0
8,81,504,-718,313,-32,-356,-513,293,-171,149,654,-229,652,54,-235,0,0
8,82,501,-714,311,-32,-357,-509,302,-172,148,649,-229,658,63,-238,0,0
8,83,502,-716,311,-31,-356,-507,307,-164,149,649,-229,654,63,-239,0,0
8,84,506,-718,313,-32,-355,-503,311,-159,151,652,-229,653,53,-240,0,0
8,85,506,-718,315,-32,-362,-497,328,-158,153,651,-229,658,52,-242,0,0
8,86,502,-721,312,-32,-363,-491,339,-149,153,651,-229,655,55,-235,0,0
8,87,503,-724,311,-32,-354,-493,337,-148,148,651,-229,653,51,-232,0,0
8,88,505,-718,313,-31,-353,-495,329,-168,141,651,-229,654,50,-238,0,0
8,89,505,-721,313,-31,-362,-493,301,-201,134,651,-229,654,47,-241,0,0
8,90,505,-731,310,-31,-363,-489,285,-221,130,651,-229,654,47,-238,0,0
8,91,505,-726,310,-33,-357,-483,315,-196,139,651,-229,655,53,-236,0,0
8,92,503,-717,310,-34,-356,-477,334,-165,149,651,-229,650,48,-239,0,0
8,93,505,-717,310,-32,-359,-482,314,-177,133,651,-229,646,40,-238,0,0
8,94,506,-723,312,-29,-360,-496,311,-185,124,651,-229,649,54,-235,0,0
8,95,506,-728,312,-31,-361,-500,317,-181,138,651,-230,655,64,-241,0,0
8,96,506,-726,313,-34,-361,-505,302,-200,141,651,-232,655,52,-245,0,0
8,97,505,-722,314,-32,-360,-508,305,-208,142,651,-232,641,55,-236,0,0
8,98,504,-727,310,-30,-356,-498,320,-184,153,651,-232,636,61,-232,0,0
8,99,507,-730,311,-31,-356,-493,318,-175,148,651,-233,647,46,-234,0,0
8,100,504,-722,313,-32,-360,-494,316,-193,134,652,-231,646,39,-231,0,0
8,101,499,-720,311,-33,-360,-487,310,-214,134,651,-229,642,50,-235,0,0
9,102,502,-723,312,-30,-358,-487,287,-239,136,649,-229,644,60,-237,0,0
9,103,505,-722,316,-28,-360,-499,280,-256,133,649,-229,644,60,-231,0,0
9,104,501,-723,311,-30,-360,-504,301,-239,129,650,-229,647,57,-235,0,0
9,105,500,-725,306,-30,-354,-500,311,-223,130,650,-229,653,47,-244,0,0
9,106,503,-724,308,-31,-352,-498,295,-234,128,650,-229,650,48,-237,0,0
9,107,503,-729,311,-34,-359,-498,282,-242,128,650,-229,651,52,-233,0,0
9,108,502,-729,312,-33,-362,-497,308,-218,133,650,-229,657,50,-244,0,0
9,109,503,-725,311,-32,-360,-501,333,-202,130,650,-229,656,50,-239,0,0
9,110,503,-738,312,-34,-359,-502,317,-227,126,650,-229,649,45,-225,0,0
9,111,504,-740,314,-33,-360,-498,308,-243,130,650,-229,647,42,-230,0,0
9,112,506,-731,312,-30,-361,-498,316,-228,138,650,-229,648,54,-241,0,0
9,113,504,-734,307,-32,-362,-495,306,-223,136,650,-229,646,63,-240,0,0
9,114,501,-735,310,-34,-357,-483,301,-245,126,650,-229,648,56,-236,0,0
9,115,502,-732,314,-34,-356,-473,324,-249,127,650,-229,650,51,-238,0,0
9,116,503,-732,312,-31,-362,-482,331,-240,131,650,-229,648,54,-241,0,0
9,117,502,-736,308,-32,-363,-493,304,-265,128,650,-229,649,52,-240,0,0
9,118,501,-738,308,-34,-360,-501,294,-286,126,650,-229,650,44,-232,0,0
9,119,503,-731,312,-33,-359,-504,312,-259,127,650,-229,648,41,-235,0,0
9,120,504,-725,312,-31,-358,-492,326,-243,128,650,-229,650,48,-242,0,0
9,121,503,-739,311,-30,-359,-485,315,-274,128,650,-229,648,52,-237,0,0
9,122,502,-750,311,-31,-361,-486,309,-287,128,650,-229,647,46,-232,0,0
9,123,504,-742,310,-33,-360,-483,319,-255,128,650,-229,657,51,-240,0,0
9,124,504,-748,310,-32,-358,-479,317,-250,128,650,-229,656,61,-243,0,0
9,125,505,-753,313,-31,-359,-479,300,-290,127,650,-229,648,50,-237,0,0
9,126,507,-748,315,-32,-359,-479,300,-299,126,650,-229,657,41,-233,0,0
9,127,505,-750,313,-32,-359,-473,309,-274,126,650,-229,655,54,-236,0,0
9,128,503,-756,313,-32,-359,-475,303,-285,126,650,-229,631,57,-241,0,0
9,0,502,-755,314,-33,-357,-478,307,-311,126,650,-229,634,45,-239,0,0
9,1,502,-756,312,-32,-353,-479,325,-293,126,650,-229,646,46,-229,0,0
9,2,502,-762,312,-31,-354,-488,325,-268,127,650,-229,636,52,-226,0,0
9,3,504,-762,314,-30,-358,-494,326,-263,129,650,-229,639,51,-228,0,0
9,4,506,-758,313,-33,-359,-493,336,-262,128,650,-229,646,49,-231,0,0
9,5,506,-755,308,-34,-361,-494,333,-275,126,650,-229,641,45,-234,0,0
9,6,505,-754,307,-30,-363,-497,319,-296,124,650,-229,636,44,-232,0,0
9,7,505,-749,313,-29,-358,-487,316,-308,124,650,-229,633,48,-230,0,0
9,8,507,-752,314,-33,-356,-471,337,-310,125,650,-229,633,52,-236,0,0
9,9,505,-762,307,-34,-352,-473,353,-297,123,650,-229,638,63,-239,0,0
9,10,505,-763,305,-32,-354,-492,334,-283,125,650,-229,639,65,-231,0,0
9,11,505,-756,310,-30,-359,-506,316,-289,128,652,-229,640,54,-232,0,0
9,12,502,-754,312,-31,-356,-505,319,-298,126,652,-229,647,49,-240,0,0
9,13,501,-757,311,-31,-355,-501,310,-300,126,651,-229,648,53,-239,0,0
9,14,503,-751,312,-30,-357,-499,316,-299,129,651,-229,641,63,-227,0,0
9,15,506,-747,311,-32,-355,-496,345,-293,126,652,-229,640,58,-224,0,0
9,16,508,-750,309,-33,-353,-499,339,-298,121,651,-229,639,55,-231,0,0
9,17,504,-750,307,-30,-353,-505,324,-307,123,651,-229,631,63,-228,0,0
9,18,502,-751,308,-32,-353,-508,349,-303,127,651,-229,631,61,-223,0,0
9,19,508,-753,310,-35,-360,-508,361,-295,127,651,-229,638,56,-232,0,0
9,20,508,-746,312,-32,-365,-507,343,-298,125,651,-229,635,63,-240,0,0
9,21,503,-742,312,-30,-364,-507,334,-311,126,651,-229,632,63,-236,0,0
9,22,505,-754,311,-33,-362,-505,326,-334,126,651,-229,640,52,-238,0,0
9,23,509,-759,308,-34,-356,-499,316,-354,124,651,-229,634,54,-241,0,0
9,24,502,-755,310,-29,-355,-499,322,-348,123,651,-229,625,54,-234,0,0
9,25,496,-769,312,-30,-359,-498,322,-342,123,651,-229,631,46,-232,0,0
9,26,500,-784,312,-35,-355,-488,321,-336,123,651,-229,628,50,-234,0,0
9,27,506,-779,312,-34,-354,-472,347,-307,122,651,-229,622,60,-228,0,0
9,28,506,-775,310,-31,-362,-472,365,-290,123,651,-229,633,59,-227,0,0
9,29,503,-781,307,-32,-365,-490,351,-313,124,651,-229,645,55,-231,0,0
9,30,504,-780,309,-33,-361,-500,355,-313,126,652,-229,636,60,-232,0,0
9,31,502,-778,312,-33,-359,-495,369,-304,126,651,-229,624,63,-231,0,0
9,32,501,-785,310,-33,-360,-493,355,-340,123,651,-229,628,51,-225,0,0
9,33,505,-789,308,-32,-359,-500,348,-355,122,652,-229,631,47,-224,0,0
9,34,508,-787,306,-30,-360,-502,359,-332,124,650,-229,626,54,-238,0,0
9,35,506,-795,307,-32,-363,-498,357,-341,123,648,-229,626,46,-245,0,0
9,36,503,-812,311,-33,-361,-503,349,-363,120,650,-229,624,42,-233,0,0
9,37,505,-814,312,-32,-352,-509,352,-345,122,652,-229,623,58,-234,0,0
9,38,504,-808,311,-31,-359,-508,354,-329,123,650,-229,627,63,-245,0,0
9,39,500,-813,313,-31,-374,-505,361,-337,124,649,-229,623,55,-238,0,0
9,40,504,-820,313,-33,-368,-505,362,-339,126,650,-229,622,61,-233,0,0
9,41,505,-813,311,-34,-357,-507,343,-333,124,650,-229,635,65,-234,0,0
9,42,503,-817,310,-31,-355,-508,343,-334,122,649,-229,639,46,-233,0,0
9,43,505,-826,312,-33,-355,-510,374,-338,123,649,-229,629,42,-239,0,0
9,44,506,-824,313,-34,-353,-506,387,-340,124,650,-229,631,58,-237,0,0
9,45,504,-826,308,-31,-357,-498,372,-343,123,650,-229,638,50,-224,0,0
9,46,506,-836,303,-33,-360,-496,357,-353,125,650,-229,635,39,-225,0,0
9,47,509,-840,306,-37,-355,-501,345,-370,123,650,-229,632,47,-238,0,0
9,48,507,-839,308,-32,-354,-503,342,-372,119,650,-229,629,53,-237,0,0
9,49,502,-843,309,-31,-355,-503,348,-368,122,650,-229,625,53,-234,0,0
9,50,503,-842,311,-35,-354,-506,350,-383,116,650,-229,625,52,-239,0,0
9,51,508,-840,311,-34,-354,-490,351,-389,107,650,-229,629,46,-238,0,0
9,52,506,-845,308,-30,-357,-480,357,-365,116,650,-229,629,51,-235,0,0
9,53,500,-843,309,-31,-360,-491,360,-359,125,650,-229,627,65,-236,0,0
9,54,504,-841,309,-33,-358,-481,368,-371,121,650,-229,626,62,-236,0,0
9,55,505,-850,306,-33,-357,-474,376,-370,114,650,-229,629,50,-233,0,0
9,56,500,-851,305,-29,-357,-496,372,-371,118,650,-229,627,46,-235,0,0
9,57,500,-846,309,-28,-361,-505,363,-382,117,650,-229,622,51,-238,0,0
9,58,502,-855,314,-30,-361,-482,359,-388,104,650,-229,627,66,-236,0,0
9,59,504,-858,311,-31,-356,-474,365,-380,104,650,-229,631,67,-236,0,0
9,60,504,-851,307,-30,-358,-483,363,-370,119,650,-229,627,55,-240,0,0
9,61,503,-850,312,-30,-362,-483,355,-378,124,650,-229,627,45,-246,0,0
9,62,505,-855,316,-31,-357,-477,371,-395,116,650,-229,631,51,-244,0,0
9,63,501,-860,311,-31,-350,-478,391,-381,112,650,-229,631,66,-237,0,0
9,64,496,-857,307,-32,-355,-485,385,-341,117,650,-229,630,63,-237,0,0
9,65,502,-858,308,-33,-363,-485,380,-342,123,650,-229,631,54,-241,0,0
9,66,508,-859,312,-35,-361,-481,382,-380,120,650,-229,629,61,-240,0,0
9,67,503,-857,313,-32,-357,-480,369,-388,117,650,-229,627,62,-239,0,0
9,68,501,-860,310,-28,-354,-477,365,-383,118,650,-229,628,48,-241,0,0
9,69,506,-863,308,-31,-355,-479,366,-418,106,650,-229,629,45,-239,0,0
9,70,508,-857,308,-34,-357,-483,357,-436,89,650,-229,629,54,-236,0,0
9,71,505,-860,308,-33,-355,-477,366,-405,99,650,-229,628,58,-238,0,0
9,72,501,-877,314,-32,-354,-473,384,-388,123,650,-229,623,59,-241,0,0
9,73,500,-875,315,-32,-357,-474,383,-398,117,650,-229,621,51,-238,0,0
9,74,505,-868,308,-35,-360,-477,378,-398,105,650,-229,627,42,-237,0,0
9,75,509,-873,310,-33,-356,-486,386,-386,117,650,-229,628,48,-241,0,0
9,76,505,-871,318,-27,-354,-492,387,-383,113,650,-229,624,61,-242,0,0
9,77,502,-873,310,-29,-355,-480,372,-398,101,650,-229,626,59,-239,0,0
9,78,504,-875,305,-33,-357,-475,363,-416,111,650,-229,629,46,-242,0,0
9,79,507,-871,311,-29,-359,-491,368,-415,114,650,-229,625,40,-249,0,0
9,80,507,-873,311,-29,-360,-495,362,-404,98,650,-229,621,53,-246,0,0
9,81,504,-880,309,-34,-360,-481,343,-425,99,650,-229,624,68,-238,-1,0
9,82,504,-879,314,-32,-356,-476,353,-458,101,649,-229,627,62,-238,0,0
9,83,505,-876,313,-31,-357,-483,381,-452,94,649,-229,625,56,-242,0,0
9,84,503,-877,309,-34,-362,-477,383,-429,100,650,-229,625,62,-240,0,0
9,85,501,-879,310,-33,-360,-461,374,-423,97,649,-229,624,64,-238,0,0
9,86,505,-880,305,-31,-357,-459,390,-412,93,649,-229,622,52,-247,0,0
9,87,504,-877,303,-32,-359,-471,418,-382,111,650,-229,628,44,-246,0,0
9,88,500,-883,315,-31,-360,-475,415,-372,121,651,-229,632,54,-237,-1,0
9,89,502,-888,319,-28,-360,-472,381,-409,102,651,-229,627,66,-238,0,0
9,90,501,-879,308,-32,-360,-470,368,-440,93,651,-229,625,60,-246,-1,0
9,91,500,-882,303,-32,-354,-474,383,-414,109,651,-229,627,40,-245,0,0
9,92,508,-890,308,-28,-353,-477,384,-396,113,651,-229,629,39,-240,0,0
9,93,510,-886,312,-29,-357,-482,380,-433,105,651,-229,629,57,-241,0,0
9,94,503,-885,309,-31,-357,-493,390,-456,109,651,-229,627,62,-241,0,0
9,95,504,-887,307,-30,-355,-489,397,-434,110,651,-229,627,53,-241,0,0
9,96,508,-884,308,-29,-356,-486,402,-410,103,651,-229,628,56,-245,0,0
9,97,505,-884,311,-31,-361,-496,408,-412,98,651,-229,626,63,-249,0,0
9,98,504,-890,314,-33,-362,-493,399,-431,97,651,-229,627,59,-246,0,0
9,99,505,-893,311,-33,-356,-483,395,-438,94,651,-229,629,56,-245,0,0
9,100,505,-889,308,-31,-353,-496,411,-417,103,651,-229,626,56,-247,0,0
9,101,505,-882,312,-29,-357,-506,420,-389,115,651,-229,626,59,-246,0,0
