0,86,625,-615,310,93,-351,535,1506,1695,4048,744,0,5991,5893,6945,0,-1
0,87,624,-619,309,95,-350,538,1502,1702,4040,744,0,5995,5893,6945,0,-1
0,88,622,-626,306,96,-354,551,1521,1719,4036,744,0,5993,5896,6945,0,0
0,89,624,-624,306,97,-354,556,1529,1733,4034,744,0,5994,5893,6945,0,0
0,90,625,-613,305,98,-354,555,1523,1724,4031,744,0,5992,5894,6945,1,0
0,91,623,-604,307,97,-356,551,1545,1735,4033,744,0,5988,5894,6945,1,0
0,92,624,-620,312,98,-357,545,1569,1756,4036,744,0,5987,5895,6945,1,0
0,93,623,-626,312,99,-359,552,1570,1734,4036,744,0,5989,5895,6945,1,0
0,94,623,-617,310,97,-362,562,1572,1720,4034,744,0,5987,5891,6945,1,0
0,95,623,-624,313,96,-359,562,1580,1750,4024,744,0,5980,5893,6945,1,0
0,96,625,-624,314,96,-360,567,1575,1753,4024,744,0,5977,5900,6945,1,0
0,97,625,-603,312,98,-362,574,1580,1726,4027,744,0,5978,5892,6945,1,0
0,98,624,-601,311,97,-360,566,1578,1722,4023,744,0,5981,5881,6945,1,0
0,99,623,-622,311,95,-355,561,1529,1724,4026,744,0,5979,5887,6945,1,0
0,100,623,-624,311,95,-356,571,1507,1721,4029,744,0,5975,5893,6945,1,0
0,101,625,-617,312,96,-356,568,1560,1719,4024,744,0,5973,5895,6945,1,0
0,102,625,-623,310,94,-354,544,1586,1708,4023,744,0,5971,5888,6945,0,0
0,103,625,-626,307,93,-359,541,1551,1694,4025,744,0,5972,5883,6945,0,0
0,104,624,-620,308,96,-361,564,1553,1697,4023,744,0,5983,5891,6945,0,0
0,105,622,-621,309,96,-357,568,1557,1699,4026,744,0,5978,5895,6945,0,0
0,106,623,-624,309,95,-355,558,1512,1683,4024,744,0,5964,5890,6945,0,0
0,107,622,-623,308,94,-362,564,1515,1681,4015,744,0,5965,5881,6945,0,0
0,108,622,-617,309,96,-361,566,1570,1715,4017,744,0,5969,5877,6945,0,0
0,109,623,-603,311,97,-354,560,1580,1732,4017,744,0,5962,5876,6945,0,0
0,110,622,-596,309,94,-352,562,1520,1669,4009,744,0,5961,5879,6945,0,0
0,111,619,-613,310,93,-354,565,1485,1628,4009,744,0,5962,5886,6945,0,0
0,112,621,-624,311,94,-358,564,1536,1669,4010,744,0,5958,5884,6945,0,0
0,113,624,-621,307,94,-361,561,1550,1668,4003,744,0,5958,5874,6945,0,0
0,114,622,-625,303,94,-353,556,1494,1606,4001,744,0,5963,5873,6945,0,0
0,115,619,-615,308,94,-348,559,1506,1621,3998,744,0,5959,5878,6945,0,0
0,116,622,-603,314,94,-356,563,1558,1685,3991,744,0,5959,5877,6945,-1,0
0,117,623,-616,310,94,-364,553,1520,1659,3995,744,0,5967,5876,6945,0,0
0,118,620,-622,308,94,-358,550,1463,1605,3996,744,0,5972,5876,6945,-1,-1
0,119,619,-611,315,93,-350,560,1489,1628,3992,744,0,5971,5876,6945,-1,0
0,120,621,-620,311,95,-355,567,1478,1623,3994,744,0,5969,5877,6945,-1,-1
0,121,621,-623,300,96,-361,557,1419,1570,3994,744,0,5966,5875,6945,-1,0
0,122,620,-599,307,95,-355,545,1475,1621,3994,744,0,5963,5875,6945,-1,-1
0,123,621,-598,313,94,-354,554,1568,1711,3999,744,0,5963,5873,6945,-1,-1
0,124,623,-611,303,95,-359,555,1513,1671,3992,744,0,5964,5871,6945,-1,-1
0,125,625,-602,305,94,-357,545,1446,1593,3984,744,0,5965,5872,6945,-1,-1
0,126,624,-603,314,93,-352,554,1489,1589,3992,744,0,5963,5872,6945,-1,-1
0,127,620,-621,307,93,-355,561,1488,1592,3984,744,0,5958,5872,6945,-1,-1
0,128,620,-618,301,93,-359,542,1453,1590,3968,744,0,5958,5872,6945,-1,-1
0,0,622,-607,308,93,-356,532,1485,1603,3974,744,0,5960,5872,6945,-1,-1
0,1,622,-616,313,93,-354,546,1468,1580,3975,744,0,5958,5872,6945,-1,-1
0,2,621,-626,312,95,-358,553,1413,1545,3961,744,0,5958,5872,6945,-1,-1
0,3,623,-624,309,96,-357,559,1451,1573,3964,744,0,5954,5872,6945,-1,-1
0,4,623,-617,310,96,-353,565,1509,1631,3969,744,0,5951,5872,6945,-1,0
0,5,621,-615,310,95,-360,562,1482,1624,3963,744,0,5954,5872,6945,-1,0
0,6,622,-619,309,94,-366,552,1433,1578,3962,744,0,5955,5872,6945,-1,0
0,7,624,-623,308,93,-356,537,1423,1570,3963,744,0,5952,5872,6945,-1,0
0,8,619,-622,310,94,-350,535,1444,1576,3964,744,0,5949,5872,6945,-1,0
0,9,620,-623,311,93,-355,541,1436,1551,3964,744,0,5951,5872,6945,-1,0
0,10,622,-616,311,94,-359,542,1403,1535,3961,744,0,5951,5873,6945,-1,0
0,11,616,-601,310,96,-356,542,1423,1568,3959,744,0,5942,5874,6945,-1,0
0,12,615,-601,304,96,-354,543,1457,1585,3964,744,0,5933,5874,6945,-1,0
0,13,623,-616,303,97,-355,537,1437,1559,3961,745,0,5934,5872,6945,-1,0
0,14,625,-618,309,97,-356,543,1421,1555,3951,744,0,5935,5874,6945,-1,0
0,15,620,-608,316,97,-355,560,1450,1576,3953,743,0,5939,5877,6945,-1,0
0,16,621,-608,313,97,-355,558,1440,1558,3953,746,0,5947,5863,6945,0,0
0,17,624,-608,304,97,-355,542,1424,1549,3946,742,0,5940,5858,6945,-1,0
0,18,619,-612,303,97,-355,536,1478,1611,3946,732,0,5929,5869,6945,0,0
0,19,616,-613,310,95,-356,537,1485,1617,3947,733,0,5933,5865,6945,0,0
0,20,619,-610,314,94,-355,534,1413,1542,3944,738,0,5931,5852,6945,-1,0
0,21,624,-618,307,95,-356,539,1390,1543,3939,734,0,5923,5853,6945,0,0
0,22,620,-621,308,96,-358,542,1432,1582,3936,734,0,5925,5854,6945,0,0
0,23,619,-611,313,95,-359,537,1470,1581,3937,738,0,5928,5845,6945,0,0
0,24,623,-615,309,93,-361,535,1471,1597,3938,736,0,5921,5847,6945,0,0
0,25,621,-624,305,91,-358,529,1415,1585,3932,734,0,5917,5858,6945,0,0
0,26,619,-616,309,91,-352,530,1395,1546,3930,735,0,5918,5861,6945,-1,0
0,27,624,-617,313,92,-357,537,1472,1585,3936,735,0,5918,5858,6945,0,0
0,28,621,-615,310,90,-363,535,1501,1628,3934,735,0,5917,5856,6945,-1,0
0,29,613,-599,309,91,-358,524,1436,1563,3929,735,0,5915,5855,6945,-1,0
0,30,617,-600,314,96,-354,515,1412,1524,3929,735,0,5914,5849,6945,-1,0
0,31,620,-614,315,95,-357,511,1446,1587,3932,735,0,5911,5845,6945,-1,0
0,32,619,-621,310,90,-357,517,1462,1628,3932,735,0,5903,5848,6945,-1,0
0,33,619,-623,308,92,-357,528,1446,1600,3920,735,0,5898,5849,6945,-1,0
0,34,616,-623,309,98,-361,534,1409,1560,3900,735,0,5898,5848,6945,-1,0
0,35,614,-615,309,96,-361,530,1409,1568,3892,735,-1,5900,5844,6945,-1,0
0,36,620,-615,313,92,-356,528,1457,1603,3900,735,0,5899,5843,6945,-1,0
0,37,624,-617,312,93,-355,538,1456,1594,3903,735,0,5890,5846,6945,-1,0
0,38,619,-610,305,97,-356,543,1433,1559,3897,735,-1,5881,5846,6945,-1,0
0,39,620,-609,304,93,-354,538,1459,1556,3899,735,0,5884,5845,6945,-1,0
0,40,623,-610,311,90,-357,540,1460,1559,3904,735,-1,5889,5846,6946,-1,0
0,41,616,-615,312,93,-365,547,1433,1562,3900,735,0,5891,5846,6945,-1,0
0,42,614,-617,304,95,-360,538,1450,1599,3901,735,0,5890,5846,6946,-1,0
0,43,618,-614,302,92,-352,526,1457,1596,3901,735,0,5889,5847,6946,-1,0
0,44,610,-616,308,91,-357,529,1427,1557,3895,735,0,5889,5845,6941,-1,0
0,45,611,-618,313,92,-361,532,1424,1579,3894,735,-1,5891,5845,6934,-1,0
0,46,619,-618,311,91,-361,530,1440,1606,3896,735,0,5891,5846,6935,-1,0
0,47,613,-614,309,92,-360,527,1444,1568,3894,735,-1,5888,5844,6938,-1,0
0,48,610,-609,314,95,-356,527,1408,1497,3889,735,0,5886,5844,6937,-1,0
0,49,620,-602,316,96,-350,529,1375,1469,3889,735,0,5888,5846,6936,-1,0
0,50,622,-619,311,95,-353,531,1449,1544,3890,735,0,5890,5842,6935,-1,0
0,51,615,-634,307,93,-356,532,1511,1603,3890,735,0,5890,5839,6935,-1,0
0,52,617,-622,307,94,-355,532,1452,1544,3888,735,-1,5889,5845,6935,-1,0
0,53,617,-622,305,94,-353,531,1396,1502,3887,735,0,5891,5846,6935,-1,0
0,54,608,-626,305,93,-354,532,1403,1541,3884,735,-1,5891,5844,6935,-1,0
0,55,611,-626,310,92,-356,535,1438,1571,3884,735,0,5891,5846,6935,-1,0
0,56,620,-620,311,93,-354,535,1464,1577,3887,735,0,5888,5846,6935,-1,0
0,57,619,-603,307,95,-355,532,1454,1573,3880,735,0,5882,5844,6935,-1,0
0,58,617,-596,307,96,-366,531,1445,1553,3876,735,0,5883,5846,6935,-1,0
0,59,614,-614,314,97,-373,532,1470,1559,3875,735,-1,5893,5845,6935,-1,0
0,60,611,-624,316,95,-364,532,1456,1573,3867,735,0,5892,5838,6935,-1,0
0,61,614,-613,310,93,-355,531,1405,1528,3866,735,-1,5880,5837,6936,-1,0
0,62,615,-613,305,93,-354,528,1407,1489,3870,735,0,5876,5841,6932,-1,0
0,63,614,-620,309,94,-356,531,1442,1536,3869,735,0,5881,5843,6930,-1,0
0,64,621,-618,313,93,-361,535,1477,1603,3868,735,0,5880,5843,6934,-1,0
0,65,618,-613,308,93,-364,534,1487,1597,3866,735,0,5875,5843,6937,-1,0
0,66,611,-612,308,96,-358,530,1461,1568,3858,735,-1,5871,5841,6936,-1,0
0,67,615,-620,314,97,-352,528,1438,1565,3859,735,0,5870,5841,6936,-1,0
0,68,619,-623,310,95,-353,532,1435,1553,3865,735,-1,5871,5841,6938,0,0
0,69,618,-613,305,93,-357,536,1453,1553,3859,735,0,5873,5839,6937,0,0
0,70,614,-613,312,93,-361,532,1474,1590,3856,735,0,5872,5839,6938,-1,0
0,71,608,-625,311,95,-358,530,1449,1582,3863,735,0,5865,5840,6937,0,0
0,72,618,-622,306,95,-353,533,1424,1534,3870,735,0,5865,5839,6936,-1,0
0,73,629,-615,310,93,-360,532,1449,1531,3862,735,-1,5869,5839,6939,0,0
0,74,617,-622,312,93,-371,530,1443,1550,3859,735,0,5866,5839,6937,0,0
0,75,605,-625,304,94,-366,533,1413,1546,3870,735,-1,5861,5839,6930,0,0
0,76,613,-615,300,94,-351,539,1449,1565,3877,735,0,5862,5840,6930,0,0
0,77,616,-613,305,94,-353,539,1479,1593,3867,735,0,5863,5839,6937,0,0
0,78,610,-622,308,97,-361,539,1420,1564,3864,735,0,5863,5840,6933,0,0
0,79,609,-617,308,96,-355,539,1400,1547,3871,735,0,5864,5841,6924,0,0
0,80,613,-602,311,93,-354,534,1461,1588,3868,735,-1,5859,5836,6926,0,0
0,81,612,-599,311,92,-364,529,1457,1584,3864,735,0,5858,5838,6935,0,0
0,82,618,-614,309,92,-360,530,1407,1544,3868,735,-1,5857,5840,6934,0,-1
0,83,628,-621,311,92,-350,534,1460,1589,3866,735,0,5853,5833,6930,0,0
0,84,618,-617,311,93,-353,533,1539,1658,3858,735,0,5855,5829,6933,0,-1
0,85,605,-622,306,94,-359,530,1505,1615,3857,735,0,5859,5828,6931,0,-1
0,86,613,-621,309,93,-366,527,1449,1536,3858,735,0,5853,5828,6930,0,-1
1,87,618,-612,312,91,-370,528,1444,1538,3856,735,-1,5848,5827,6931,0,-1
1,88,612,-616,307,89,-361,531,1440,1589,3859,735,0,5856,5825,6931,0,-1
1,89,616,-622,309,92,-351,532,1460,1630,3858,735,-1,5858,5827,6931,0,-1
1,90,621,-619,314,94,-358,532,1476,1617,3858,735,0,5851,5828,6930,0,0
1,91,615,-615,311,94,-361,542,1426,1557,3858,735,0,5850,5826,6928,0,-1
1,92,612,-612,309,94,-357,550,1418,1558,3857,735,0,5847,5828,6931,0,-1
1,93,610,-611,310,95,-360,543,1471,1601,3856,735,0,5837,5830,6933,0,-1
1,94,611,-611,312,93,-359,533,1464,1572,3856,735,-1,5836,5825,6927,0,0
1,95,616,-606,310,94,-352,535,1425,1533,3853,735,0,5846,5821,6925,0,-1
1,96,618,-608,307,94,-353,556,1452,1577,3852,735,-1,5845,5820,6930,0,-1
1,97,615,-612,307,93,-358,559,1501,1624,3859,735,0,5838,5817,6931,0,-1
1,98,610,-600,310,94,-355,540,1493,1607,3851,735,0,5844,5817,6929,0,-1
1,99,610,-595,311,97,-354,548,1449,1571,3836,735,0,5847,5816,6929,0,-1
1,100,610,-615,309,95,-358,558,1430,1558,3836,735,0,5841,5814,6929,0,-1
1,101,612,-621,307,95,-355,544,1445,1580,3845,735,-1,5837,5818,6929,0,0
1,102,617,-609,307,96,-351,547,1479,1626,3851,735,0,5837,5818,6931,0,0
1,103,616,-610,308,94,-356,558,1498,1648,3849,735,-1,5834,5814,6926,0,0
1,104,611,-616,310,94,-361,542,1470,1613,3835,735,0,5832,5813,6927,0,0
1,105,611,-610,311,98,-356,532,1429,1561,3824,735,0,5830,5814,6925,0,0
1,106,615,-612,312,96,-352,541,1453,1571,3831,735,0,5828,5814,6915,0,0
1,107,615,-619,315,90,-355,541,1458,1588,3831,735,0,5829,5815,6917,0,0
1,108,611,-617,316,90,-356,539,1399,1541,3827,735,-1,5826,5814,6918,0,0
1,109,612,-619,313,93,-355,536,1434,1557,3830,735,0,5826,5811,6918,0,0
1,110,620,-620,310,93,-359,535,1511,1635,3829,735,-1,5829,5814,6920,0,0
1,111,617,-614,310,93,-362,536,1489,1642,3827,735,0,5824,5818,6919,0,0
1,112,608,-614,314,94,-360,534,1475,1633,3827,735,0,5822,5811,6918,0,0
1,113,615,-607,315,93,-356,542,1498,1634,3827,735,0,5827,5805,6915,0,0
1,114,622,-598,311,94,-355,545,1457,1578,3827,735,0,5825,5808,6915,0,0
1,115,617,-613,309,93,-354,537,1434,1553,3828,735,-1,5817,5812,6917,0,0
1,116,612,-621,309,93,-353,535,1473,1602,3827,735,0,5815,5812,6913,0,0
1,117,612,-607,312,93,-355,532,1480,1622,3826,735,-1,5817,5810,6909,0,0
1,118,612,-606,316,93,-356,528,1469,1603,3826,735,0,5815,5809,6909,0,0
1,119,617,-621,315,94,-352,531,1468,1586,3826,735,0,5810,5812,6912,0,0
1,120,619,-626,311,94,-352,531,1451,1572,3825,736,0,5811,5810,6915,0,0
1,121,611,-621,309,92,-359,530,1440,1570,3819,736,0,5815,5803,6911,0,0
1,122,610,-614,312,95,-362,530,1464,1578,3823,734,-1,5808,5802,6906,0,0
1,123,614,-605,317,95,-359,529,1486,1584,3823,736,0,5802,5802,6909,0,0
1,124,612,-614,313,94,-357,529,1477,1607,3807,734,-1,5808,5799,6909,0,0
1,125,609,-631,304,94,-356,530,1471,1635,3808,725,0,5806,5801,6905,0,0
1,126,610,-624,309,95,-357,531,1488,1631,3816,715,0,5797,5803,6908,0,0
1,127,611,-619,315,95,-359,536,1476,1590,3803,723,0,5800,5804,6907,0,0
1,128,613,-632,309,92,-359,537,1437,1562,3794,736,0,5800,5803,6904,0,0
1,0,614,-626,303,92,-355,532,1436,1562,3803,735,-1,5788,5803,6904,0,0
1,1,611,-609,311,95,-353,528,1450,1555,3804,732,0,5787,5806,6900,0,0
1,2,612,-617,317,93,-357,529,1460,1568,3799,737,-1,5796,5809,6897,0,0
1,3,616,-625,313,87,-360,531,1468,1605,3801,738,0,5794,5801,6903,0,0
1,4,612,-619,308,92,-356,531,1447,1593,3800,735,0,5785,5796,6905,0,0
1,5,610,-619,308,98,-353,529,1427,1548,3801,738,0,5785,5801,6898,0,0
1,6,613,-619,313,97,-360,528,1459,1559,3803,737,0,5789,5803,6896,0,0
1,7,614,-618,318,94,-357,529,1495,1609,3803,725,-1,5790,5799,6902,0,0
1,8,609,-618,310,94,-351,528,1485,1607,3800,719,0,5787,5793,6906,0,0
1,9,608,-616,299,94,-356,528,1438,1567,3798,719,-1,5783,5792,6901,0,0
1,10,611,-615,305,94,-357,533,1414,1575,3805,722,0,5783,5801,6891,0,0
1,11,601,-612,317,97,-353,534,1452,1606,3811,732,0,5781,5804,6896,0,0
1,12,595,-612,315,96,-355,529,1473,1584,3804,742,0,5779,5795,6897,0,0
1,13,610,-619,309,91,-357,532,1436,1544,3795,737,0,5781,5790,6890,0,0
1,14,619,-617,305,93,-354,538,1426,1546,3794,730,0,5780,5797,6889,0,0
1,15,614,-612,305,96,-355,534,1448,1567,3799,733,-1,5775,5799,6889,0,0
1,16,614,-621,309,93,-365,532,1459,1582,3798,734,-1,5769,5795,6891,0,0
1,17,615,-616,312,89,-372,536,1487,1598,3795,728,-1,5771,5795,6888,0,0
1,18,612,-594,312,91,-363,537,1504,1610,3797,722,-1,5774,5792,6884,0,0
1,19,617,-602,306,95,-352,541,1485,1616,3797,721,-1,5771,5783,6890,0,0
1,20,616,-623,304,94,-356,537,1456,1589,3797,721,-1,5768,5785,6890,0,0
1,21,609,-619,311,94,-362,530,1411,1541,3797,720,-1,5772,5789,6879,0,0
1,22,607,-616,316,95,-361,534,1416,1552,3797,721,-1,5771,5785,6878,-1,0
1,23,610,-620,312,94,-361,528,1469,1608,3796,722,-1,5761,5785,6884,0,0
1,24,611,-613,311,91,-362,505,1459,1595,3794,721,-1,5765,5787,6880,0,0
1,25,612,-608,312,90,-361,505,1418,1533,3788,722,-1,5773,5785,6867,0,0
1,26,616,-607,312,93,-360,517,1447,1562,3790,722,-1,5763,5786,6862,0,0
1,27,617,-609,309,95,-356,509,1486,1617,3796,721,-1,5753,5788,6870,0,0
1,28,611,-619,307,95,-353,501,1464,1578,3785,721,-1,5759,5785,6875,0,0
1,29,610,-615,310,97,-355,507,1442,1533,3778,722,-1,5764,5783,6872,0,0
1,30,619,-604,310,97,-356,503,1449,1559,3790,721,-1,5758,5786,6861,0,0
1,31,607,-613,307,93,-359,492,1442,1569,3798,720,-1,5756,5784,6854,0,0
1,32,593,-617,310,91,-362,487,1428,1554,3790,729,-1,5759,5783,6862,0,0
1,33,606,-600,311,95,-355,492,1449,1579,3772,737,-1,5761,5786,6869,0,0
1,34,607,-598,312,97,-353,499,1485,1604,3772,738,-1,5759,5789,6872,0,0
1,35,597,-613,318,93,-358,504,1457,1570,3780,734,-1,5758,5787,6864,0,0
1,36,607,-613,315,94,-357,507,1396,1517,3771,725,-1,5755,5785,6849,0,0
1,37,612,-614,310,96,-351,507,1422,1545,3761,720,-1,5744,5784,6853,0,0
1,38,605,-624,310,94,-352,508,1493,1608,3767,723,-1,5738,5781,6865,0,0
1,39,611,-619,312,94,-356,516,1480,1596,3769,724,-1,5741,5781,6861,0,0
1,40,616,-610,311,95,-356,515,1435,1574,3765,721,-1,5740,5781,6847,0,0
1,41,607,-612,312,93,-358,506,1437,1585,3767,720,-1,5735,5782,6846,0,0
1,42,612,-610,312,91,-359,505,1424,1559,3764,721,-1,5736,5785,6855,0,0
1,43,614,-613,308,91,-357,507,1409,1524,3765,721,-1,5731,5782,6859,0,0
1,44,603,-621,308,92,-355,510,1440,1551,3768,721,-1,5725,5777,6856,0,0
1,45,605,-612,312,93,-357,526,1455,1568,3764,722,0,5730,5777,6847,0,0
1,46,609,-609,312,94,-361,539,1438,1528,3763,720,-2,5732,5773,6844,0,0
1,47,600,-629,308,93,-367,534,1430,1511,3765,722,-4,5728,5770,6849,0,0
1,48,601,-627,311,93,-370,529,1420,1542,3764,733,-4,5723,5777,6847,0,0
1,49,602,-618,316,94,-360,535,1399,1548,3764,740,-4,5722,5786,6831,0,0
1,50,597,-626,312,95,-351,538,1419,1550,3766,735,-4,5725,5783,6830,0,0
1,51,602,-617,308,96,-356,521,1465,1579,3765,734,-4,5729,5774,6849,0,0
1,52,613,-601,307,96,-362,512,1454,1568,3764,740,-4,5726,5770,6855,0,0
1,53,616,-608,310,95,-358,528,1398,1508,3764,736,-4,5720,5772,6836,0,0
1,54,606,-623,308,93,-354,536,1392,1480,3763,722,-4,5721,5772,6821,0,0
1,55,597,-624,300,93,-354,527,1420,1493,3762,716,-4,5718,5773,6832,0,0
1,56,602,-620,303,95,-359,527,1389,1489,3759,721,-4,5717,5774,6842,0,0
1,57,615,-623,313,96,-361,532,1362,1485,3763,723,-4,5712,5770,6828,0,0
1,58,619,-623,311,96,-357,529,1392,1498,3764,719,-4,5706,5767,6816,0,0
1,59,611,-621,306,94,-354,531,1398,1503,3758,719,-4,5709,5770,6828,0,0
1,60,601,-620,309,93,-356,536,1374,1504,3761,720,-4,5712,5771,6838,0,0
1,61,601,-621,310,93,-354,535,1371,1493,3755,720,-4,5702,5770,6831,0,0
1,62,609,-620,305,93,-356,536,1381,1467,3752,720,-4,5695,5767,6826,0,0
1,63,614,-616,308,94,-359,541,1399,1471,3759,720,-4,5707,5768,6821,0,0
1,64,607,-618,311,95,-355,543,1435,1516,3750,720,-4,5709,5770,6816,0,-1
1,65,599,-622,301,95,-352,538,1443,1525,3744,720,-4,5699,5769,6822,-1,-1
1,66,598,-625,301,96,-354,540,1412,1494,3753,720,-4,5694,5769,6822,0,-1
1,67,604,-620,315,95,-354,542,1399,1491,3748,720,-4,5695,5770,6805,0,-1
1,68,611,-615,314,94,-353,537,1422,1507,3731,720,-4,5697,5769,6800,0,-1
1,69,603,-616,308,95,-354,536,1443,1522,3736,720,-4,5691,5769,6812,0,-1
1,70,593,-616,314,94,-355,541,1419,1506,3758,720,-4,5689,5770,6807,0,0
1,71,602,-613,314,91,-355,537,1398,1476,3765,720,-4,5694,5768,6803,0,-1
1,72,609,-617,313,93,-353,539,1420,1492,3749,720,-4,5693,5766,6810,0,0
1,73,600,-626,316,95,-355,553,1419,1499,3732,720,-4,5685,5767,6803,0,0
1,74,602,-620,308,93,-360,564,1390,1475,3739,720,-4,5686,5769,6792,0,0
1,75,615,-603,305,93,-356,562,1398,1486,3741,720,-4,5688,5769,6789,0,0
1,76,613,-609,312,97,-351,549,1428,1507,3733,720,-4,5684,5768,6798,0,0
1,77,602,-617,310,98,-355,535,1437,1483,3734,720,-4,5683,5769,6797,0,0
1,78,598,-609,306,95,-359,534,1447,1481,3736,720,-4,5681,5770,6782,0,0
1,79,607,-609,306,94,-356,541,1445,1507,3737,720,-4,5672,5760,6785,-1,0
1,80,614,-616,305,95,-355,542,1415,1487,3734,720,-4,5668,5759,6786,0,0
1,81,611,-609,305,94,-356,537,1406,1466,3731,720,-4,5672,5765,6779,0,0
1,82,605,-612,310,93,-356,536,1423,1497,3734,720,-4,5668,5762,6785,0,0
1,83,602,-626,314,94,-357,546,1421,1510,3735,720,-4,5664,5764,6780,0,0
1,84,603,-628,312,95,-355,552,1402,1475,3734,719,-4,5665,5769,6778,0,0
1,85,601,-618,310,94,-355,547,1395,1452,3735,721,-4,5664,5769,6781,0,0
1,86,598,-607,310,95,-357,541,1412,1465,3733,719,-4,5664,5764,6779,0,0
2,87,600,-600,308,96,-355,533,1425,1473,3732,718,-4,5664,5759,6781,0,0
2,88,603,-603,311,96,-354,530,1409,1458,3732,726,-4,5660,5760,6777,0,0
2,89,602,-612,319,96,-357,540,1404,1469,3732,729,-4,5659,5761,6777,0,0
2,90,607,-616,318,95,-361,545,1432,1505,3732,720,-4,5660,5757,6781,0,0
2,91,620,-614,308,93,-360,536,1411,1482,3732,718,-4,5653,5757,6782,0,0
2,92,616,-614,305,93,-357,531,1360,1425,3730,724,-4,5653,5761,6778,0,0
2,93,597,-626,309,95,-355,539,1396,1445,3729,723,-4,5661,5755,6772,0,0
2,94,598,-629,316,95,-359,541,1441,1486,3729,720,-4,5665,5753,6774,0,0
2,95,607,-608,311,94,-360,538,1392,1453,3728,721,-4,5657,5757,6780,0,0
2,96,602,-603,298,93,-354,547,1369,1431,3730,721,-4,5647,5753,6779,0,0
2,97,598,-623,302,93,-355,552,1411,1454,3730,722,-4,5649,5753,6775,0,0
2,98,600,-622,314,94,-357,541,1427,1477,3731,722,-4,5649,5757,6774,0,0
2,99,602,-604,315,94,-359,536,1415,1494,3723,722,-4,5640,5757,6777,0,0
2,100,603,-614,306,93,-365,538,1416,1492,3712,722,-4,5636,5756,6781,0,0
2,101,600,-629,298,94,-364,541,1411,1469,3719,722,-4,5638,5753,6776,0,0
2,102,602,-626,302,97,-355,555,1389,1449,3714,722,-4,5634,5755,6768,0,0
2,103,617,-617,315,94,-354,568,1381,1447,3708,722,-4,5633,5758,6771,0,0
2,104,617,-613,316,90,-359,553,1406,1459,3721,722,-4,5638,5754,6781,0,0
2,105,599,-619,310,92,-355,544,1432,1489,3721,722,-4,5636,5752,6779,0,0
2,106,596,-619,316,95,-352,556,1420,1504,3700,722,-4,5632,5753,6768,0,0
2,107,606,-613,315,94,-358,550,1406,1487,3698,722,-4,5632,5744,6770,0,0
2,108,603,-611,309,92,-360,538,1390,1453,3710,722,-4,5635,5741,6779,0,0
2,109,598,-613,310,92,-354,548,1377,1445,3705,722,-4,5632,5752,6780,0,0
2,110,605,-617,314,93,-355,552,1428,1502,3703,721,-4,5626,5748,6778,0,0
2,111,605,-618,311,92,-359,538,1464,1531,3704,722,-4,5628,5741,6772,0,0
2,112,598,-614,306,90,-362,536,1412,1471,3703,721,-4,5634,5745,6767,0,0
2,113,597,-619,306,93,-365,542,1381,1428,3705,718,-4,5628,5749,6774,0,0
2,114,601,-631,307,96,-360,536,1391,1432,3702,717,-4,5622,5748,6783,0,0
2,115,601,-619,309,93,-356,536,1394,1442,3700,719,-4,5629,5745,6780,0,0
2,116,599,-603,312,92,-360,538,1411,1463,3702,722,-4,5617,5738,6771,0,0
2,117,601,-608,310,94,-359,541,1414,1485,3705,723,-4,5605,5739,6774,0,0
2,118,604,-617,310,94,-352,538,1406,1492,3704,722,-4,5620,5744,6780,0,0
2,119,604,-617,315,94,-355,528,1425,1500,3702,722,-4,5621,5740,6775,0,0
2,120,598,-618,314,94,-356,530,1415,1479,3703,722,-4,5602,5741,6771,0,0
2,121,601,-619,307,94,-355,533,1371,1438,3701,720,-4,5601,5745,6774,0,0
2,122,616,-613,313,94,-357,531,1384,1440,3701,719,-4,5610,5743,6778,0,0
2,123,625,-615,310,92,-356,531,1433,1480,3703,720,-3,5606,5739,6779,0,0
2,124,619,-627,292,93,-353,529,1447,1507,3702,720,-3,5602,5736,6774,0,0
2,125,604,-626,297,96,-354,530,1410,1481,3703,720,-7,5599,5738,6772,0,0
2,126,598,-610,314,93,-358,532,1348,1406,3703,720,-1,5597,5739,6777,0,0
2,127,600,-609,311,90,-359,532,1348,1400,3698,720,-8,5601,5739,6781,0,0
2,128,601,-617,304,92,-357,532,1400,1475,3696,720,-23,5600,5740,6776,0,0
2,0,601,-611,313,92,-354,532,1417,1489,3705,720,-10,5597,5741,6771,0,0
2,1,601,-609,314,91,-356,531,1409,1438,3700,721,-12,5600,5740,6773,0,0
2,2,600,-618,306,91,-357,529,1408,1435,3687,722,-27,5595,5741,6777,0,0
2,3,597,-612,310,91,-355,526,1395,1466,3692,722,-12,5586,5740,6779,0,0
2,4,598,-596,314,91,-357,530,1396,1468,3689,722,-10,5590,5740,6776,0,0
2,5,599,-599,306,91,-359,532,1405,1456,3673,722,-29,5587,5742,6773,0,0
2,6,596,-613,303,91,-356,514,1380,1451,3671,722,-12,5580,5737,6774,0,0
2,7,597,-616,308,91,-352,507,1365,1443,3676,722,8,5588,5735,6777,0,0
2,8,599,-609,313,92,-355,521,1380,1420,3673,722,-8,5586,5739,6779,0,0
2,9,599,-613,311,91,-361,514,1378,1416,3673,721,-10,5573,5731,6776,0,0
2,10,605,-625,311,93,-357,502,1375,1437,3676,722,2,5576,5727,6776,0,0
2,11,609,-625,315,96,-355,507,1398,1444,3673,722,-9,5579,5736,6776,0,0
2,12,602,-618,314,96,-355,517,1407,1439,3673,720,-20,5569,5740,6773,0,0
2,13,596,-613,307,95,-354,523,1397,1456,3671,717,-12,5570,5732,6773,0,0
2,14,601,-617,307,95,-356,530,1373,1451,3670,718,-1,5571,5724,6775,0,0
2,15,603,-617,310,95,-360,532,1355,1408,3669,720,3,5566,5725,6778,0,0
2,16,598,-614,309,96,-357,532,1376,1404,3666,720,-7,5566,5732,6777,0,0
2,17,600,-614,312,96,-352,532,1418,1454,3667,719,-15,5564,5729,6778,0,0
2,18,602,-615,317,94,-354,533,1434,1486,3667,720,-6,5567,5719,6778,0,0
2,19,598,-620,314,93,-358,530,1395,1460,3666,720,-8,5571,5722,6772,0,0
2,20,597,-617,309,95,-362,513,1363,1442,3667,720,-25,5565,5725,6772,0,0
2,21,601,-612,312,93,-360,503,1404,1477,3667,720,-26,5561,5720,6780,0,0
2,22,602,-616,312,91,-352,510,1442,1495,3664,720,-22,5568,5722,6781,0,0
2,23,600,-617,312,95,-354,512,1401,1460,3666,720,-30,5557,5725,6778,0,0
2,24,600,-611,318,95,-358,502,1372,1435,3670,720,-34,5543,5722,6776,0,0
2,25,598,-614,317,91,-358,502,1398,1446,3668,720,-28,5552,5724,6779,0,0
2,26,598,-617,311,95,-356,510,1392,1428,3663,720,-17,5553,5724,6779,0,0
2,27,599,-614,309,101,-354,506,1365,1421,3668,720,-14,5541,5718,6773,0,0
2,28,599,-622,310,97,-353,503,1371,1448,3668,720,-19,5542,5720,6774,0,0
2,29,597,-625,311,93,-356,507,1388,1448,3648,720,-20,5548,5722,6777,0,0
2,30,598,-607,309,94,-356,509,1358,1403,3635,720,-15,5545,5720,6773,0,0
2,31,598,-606,306,94,-354,510,1311,1368,3644,720,-9,5545,5718,6771,0,0
2,32,596,-618,309,93,-352,509,1341,1395,3645,720,-1,5546,5711,6769,0,0
2,33,598,-617,314,93,-357,515,1390,1432,3646,719,1,5545,5712,6776,0,0
2,34,602,-606,309,93,-358,514,1384,1439,3660,718,-8,5544,5719,6778,0,0
2,35,603,-611,305,94,-354,511,1393,1444,3655,718,-11,5541,5717,6764,0,0
2,36,601,-628,308,94,-354,514,1390,1437,3635,717,-14,5539,5708,6765,0,-1
2,37,601,-625,308,92,-358,510,1343,1406,3635,716,-22,5539,5708,6775,0,-1
2,38,602,-609,310,96,-356,512,1366,1423,3642,716,-24,5545,5711,6763,0,-1
2,39,602,-609,313,99,-353,523,1421,1483,3638,718,-21,5545,5712,6746,0,-1
2,40,602,-619,311,96,-354,518,1382,1458,3639,720,-22,5537,5712,6753,0,-1
2,41,601,-614,307,93,-354,501,1351,1384,3639,720,-27,5536,5709,6770,0,-1
2,42,597,-604,311,94,-353,502,1377,1381,3637,720,-24,5538,5707,6768,0,-1
2,43,598,-607,316,97,-355,523,1377,1421,3638,720,-26,5535,5709,6761,0,0
2,44,602,-610,308,97,-357,527,1391,1442,3638,721,-34,5532,5711,6764,0,-1
2,45,599,-611,303,97,-355,516,1414,1436,3637,719,-27,5532,5710,6762,0,0
2,46,598,-622,312,96,-354,514,1388,1425,3638,716,-26,5534,5708,6760,0,0
2,47,601,-628,316,96,-356,513,1376,1442,3638,716,-32,5537,5709,6765,0,0
2,48,601,-614,310,96,-355,510,1395,1458,3636,718,-27,5535,5708,6765,0,0
2,49,599,-608,311,96,-356,519,1387,1450,3637,718,-12,5537,5704,6756,0,0
2,50,599,-616,312,96,-363,523,1369,1448,3638,718,-2,5542,5704,6751,0,0
2,51,600,-615,305,97,-361,502,1381,1456,3638,721,-1,5541,5705,6758,0,0
2,52,600,-609,308,99,-354,493,1392,1439,3635,720,-9,5538,5705,6759,0,0
2,53,602,-610,313,96,-354,504,1395,1431,3633,719,-25,5536,5705,6752,0,0
2,54,600,-613,311,94,-355,503,1392,1451,3639,721,-34,5531,5705,6753,0,0
2,55,596,-617,307,95,-352,499,1384,1452,3634,719,-27,5534,5705,6760,0,0
2,56,598,-622,311,97,-354,501,1378,1438,3620,715,-24,5539,5705,6756,0,0
2,57,601,-619,314,97,-357,504,1373,1429,3623,714,-30,5533,5705,6754,0,0
2,58,601,-616,310,95,-356,505,1394,1439,3637,719,-30,5529,5704,6759,0,0
2,59,600,-624,307,95,-354,504,1407,1444,3639,719,-26,5534,5707,6751,0,0
2,60,598,-624,313,97,-353,505,1366,1419,3623,715,-30,5536,5704,6748,0,0
2,61,597,-614,314,96,-356,506,1333,1415,3610,716,-29,5531,5698,6754,0,0
2,62,599,-607,310,95,-364,505,1364,1454,3622,719,-17,5528,5703,6752,0,0
2,63,599,-609,315,97,-364,509,1405,1494,3637,718,-15,5531,5708,6750,0,0
2,64,597,-623,317,97,-354,511,1411,1497,3637,719,-25,5525,5708,6749,0,0
2,65,596,-626,308,96,-354,508,1408,1481,3630,720,-33,5523,5702,6750,0,0
2,66,599,-613,310,97,-360,509,1406,1462,3624,718,-23,5528,5701,6751,0,0
2,67,601,-607,315,97,-358,508,1392,1447,3616,718,-7,5529,5703,6750,0,0
2,68,598,-616,310,97,-354,506,1383,1467,3613,716,-14,5530,5700,6748,0,0
2,69,597,-624,307,96,-355,515,1373,1481,3613,716,-25,5525,5700,6748,0,0
2,70,602,-623,313,97,-356,519,1351,1458,3612,718,-23,5513,5699,6748,0,0
2,71,602,-617,313,96,-355,510,1347,1447,3615,718,-23,5510,5690,6745,0,0
2,72,598,-614,309,92,-356,507,1366,1467,3611,718,-33,5516,5678,6747,0,0
2,73,599,-620,312,90,-359,513,1371,1474,3608,720,-28,5515,5679,6746,0,0
2,74,602,-618,315,93,-361,521,1376,1474,3612,720,-27,5513,5694,6749,0,0
2,75,601,-607,312,94,-359,521,1385,1484,3613,720,-30,5514,5696,6747,0,0
2,76,599,-610,311,93,-354,510,1349,1459,3611,719,-26,5510,5683,6735,0,0
2,77,597,-612,313,93,-356,506,1344,1465,3610,718,-27,5508,5682,6738,0,0
2,78,596,-607,310,93,-357,515,1416,1530,3611,719,-28,5508,5697,6738,0,0
2,79,597,-615,309,95,-355,512,1433,1533,3612,718,-29,5508,5695,6740,0,0
2,80,599,-629,311,96,-355,505,1370,1478,3609,716,-30,5509,5688,6739,0,0
2,81,601,-621,308,95,-356,511,1345,1486,3610,716,-29,5509,5695,6730,0,0
2,82,600,-607,309,93,-355,509,1351,1525,3608,717,-29,5508,5695,6731,0,0
2,83,597,-608,312,93,-356,508,1345,1507,3604,716,-29,5507,5690,6733,0,0
2,84,598,-620,307,95,-358,513,1366,1492,3607,716,-29,5510,5692,6732,0,0
2,85,600,-628,302,97,-357,510,1369,1486,3612,719,-29,5510,5693,6730,0,0
2,86,599,-620,308,97,-354,501,1340,1459,3610,718,-29,5505,5689,6727,0,0
3,87,598,-605,317,97,-355,499,1352,1475,3606,715,-29,5505,5683,6730,0,0
3,88,600,-609,316,94,-356,501,1381,1528,3608,717,-29,5502,5681,6733,0,0
3,89,601,-617,311,92,-354,499,1382,1536,3608,719,-29,5497,5683,6728,-1,0
3,90,599,-609,312,94,-353,500,1374,1525,3605,717,-29,5503,5688,6721,0,0
3,91,596,-609,312,92,-353,506,1374,1540,3608,719,-29,5508,5692,6725,-1,0
3,92,596,-618,309,91,-355,518,1375,1545,3611,721,-29,5501,5692,6728,0,0
3,93,599,-611,311,95,-356,530,1370,1535,3608,719,-30,5503,5686,6725,-1,0
3,94,599,-611,314,98,-355,530,1351,1525,3606,718,-29,5505,5682,6720,-1,0
3,95,596,-626,313,95,-354,522,1321,1496,3606,718,-29,5494,5682,6716,0,0
3,96,598,-624,312,94,-355,514,1298,1479,3605,718,-30,5497,5680,6711,0,0
3,97,600,-620,310,96,-355,507,1322,1510,3605,717,-28,5498,5680,6706,0,0
3,98,596,-624,308,95,-355,505,1392,1560,3607,716,-24,5488,5684,6710,0,0
3,99,595,-619,313,95,-356,505,1413,1582,3607,717,-28,5491,5681,6713,0,0
3,100,597,-621,317,96,-355,502,1365,1585,3606,719,-32,5492,5680,6709,-1,0
3,101,598,-626,316,95,-352,502,1350,1582,3601,720,-30,5491,5682,6709,0,0
3,102,597,-608,306,93,-352,504,1374,1569,3603,720,-30,5493,5679,6714,0,0
3,103,599,-600,300,93,-357,504,1360,1564,3606,720,-32,5491,5676,6708,0,0
3,104,598,-619,305,96,-358,501,1313,1557,3592,719,-31,5492,5679,6700,0,0
3,105,595,-627,309,96,-354,499,1311,1546,3590,719,-31,5493,5678,6706,0,0
3,106,594,-621,308,95,-355,500,1334,1558,3601,718,-31,5482,5678,6704,0,0
3,107,597,-619,309,94,-359,501,1328,1559,3588,715,-31,5476,5679,6696,0,0
3,108,601,-619,318,93,-356,505,1331,1554,3575,715,-31,5484,5677,6699,0,0
3,109,597,-616,316,93,-354,506,1368,1589,3596,717,-31,5481,5675,6700,0,0
3,110,596,-609,309,94,-354,503,1393,1625,3617,717,-31,5475,5676,6699,0,0
3,111,601,-605,313,95,-354,495,1364,1594,3599,718,-31,5478,5676,6700,0,0
3,112,603,-616,315,94,-355,485,1311,1559,3579,720,-31,5477,5676,6699,0,0
3,113,599,-629,310,96,-356,480,1315,1589,3585,720,-31,5480,5676,6700,0,0
3,114,597,-621,307,97,-355,476,1381,1649,3589,720,-31,5478,5676,6698,0,0
3,115,599,-604,309,96,-356,482,1409,1671,3581,720,-31,5474,5676,6696,0,0
3,116,600,-605,310,97,-359,496,1374,1645,3581,720,-31,5474,5676,6692,0,0
3,117,598,-620,311,97,-357,497,1347,1635,3585,720,-31,5474,5674,6687,0,0
3,118,598,-621,314,96,-354,491,1332,1640,3582,720,-31,5473,5674,6688,0,0
3,119,597,-603,314,95,-354,497,1324,1620,3582,720,-31,5470,5676,6687,0,0
3,120,598,-596,311,97,-355,501,1347,1624,3585,720,-31,5467,5676,6681,0,0
3,121,599,-611,308,98,-357,502,1377,1650,3584,720,-31,5467,5675,6676,0,0
3,122,598,-621,307,96,-362,514,1380,1642,3582,720,-31,5470,5676,6674,0,0
3,123,598,-614,306,94,-357,516,1356,1625,3580,720,-31,5470,5677,6673,0,0
3,124,596,-605,308,97,-356,505,1341,1639,3582,720,-31,5466,5673,6673,0,0
3,125,597,-601,312,98,-363,503,1354,1650,3584,720,-31,5469,5673,6674,0,0
3,126,600,-608,310,96,-360,506,1341,1637,3578,720,-31,5473,5674,6671,0,0
3,127,601,-622,304,95,-354,505,1308,1629,3578,720,-31,5472,5669,6664,0,0
3,128,597,-622,310,93,-356,505,1333,1650,3582,720,-32,5467,5670,6663,0,0
3,0,597,-616,314,94,-357,505,1376,1682,3582,720,-29,5466,5675,6666,0,0
3,1,599,-611,309,98,-355,504,1356,1669,3579,720,-26,5462,5672,6663,0,0
3,2,597,-609,309,97,-358,499,1327,1636,3579,720,-27,5456,5672,6665,0,0
3,3,598,-614,313,95,-358,489,1357,1657,3581,720,-30,5460,5670,6668,0,0
3,4,600,-623,311,97,-354,494,1379,1688,3578,719,-29,5461,5656,6667,0,0
3,5,598,-626,311,98,-356,498,1355,1686,3576,721,-29,5458,5641,6667,0,0
3,6,596,-621,315,97,-356,484,1342,1679,3579,723,-30,5459,5652,6661,0,0
3,7,597,-611,310,98,-354,481,1349,1675,3580,721,-29,5460,5673,6654,0,0
3,8,597,-609,304,98,-355,487,1348,1664,3578,719,-29,5457,5665,6652,0,0
3,9,598,-617,313,96,-357,489,1342,1669,3577,720,-29,5453,5660,6647,0,0
3,10,599,-616,315,96,-356,486,1346,1695,3576,720,-29,5451,5666,6643,0,0
3,11,598,-614,306,97,-357,481,1365,1717,3578,720,-29,5449,5662,6642,0,0
3,12,600,-625,307,96,-354,483,1396,1738,3576,720,-29,5454,5664,6640,0,0
3,13,599,-631,313,94,-352,491,1381,1738,3575,720,-29,5452,5669,6641,0,0
3,14,598,-617,309,96,-358,489,1333,1717,3579,720,-29,5448,5663,6642,0,0
3,15,600,-606,308,98,-361,481,1348,1722,3579,720,-29,5451,5663,6637,0,0
3,16,599,-616,309,96,-356,493,1371,1729,3577,720,-29,5451,5665,6636,0,0
3,17,597,-621,308,94,-354,501,1343,1724,3576,720,-29,5448,5651,6641,0,0
3,18,600,-614,313,97,-356,501,1354,1736,3577,720,-29,5448,5650,6635,0,0
3,19,597,-617,314,97,-355,506,1397,1761,3579,720,-29,5448,5655,6628,0,0
3,20,594,-623,307,96,-357,509,1398,1780,3582,720,-29,5446,5648,6628,0,-1
3,21,597,-621,308,94,-358,511,1372,1773,3582,720,-29,5444,5652,6627,0,-1
3,22,599,-617,309,95,-354,509,1367,1754,3579,720,-29,5444,5652,6631,0,-1
3,23,597,-613,308,97,-357,503,1390,1773,3579,720,-29,5444,5649,6632,0,-1
3,24,595,-618,307,98,-364,498,1414,1802,3582,720,-29,5443,5654,6623,0,0
3,25,593,-628,304,97,-360,500,1391,1772,3579,720,-29,5441,5652,6612,0,0
3,26,598,-625,304,95,-351,504,1354,1726,3575,720,-29,5438,5651,6610,0,0
3,27,601,-623,311,94,-356,504,1352,1727,3577,720,-29,5438,5650,6613,0,0
3,28,597,-613,312,99,-363,505,1352,1739,3581,720,-29,5438,5650,6613,0,0
3,29,596,-597,308,101,-358,507,1359,1753,3578,719,-29,5438,5651,6609,0,0
3,30,598,-607,310,95,-352,493,1378,1773,3577,720,-29,5439,5652,6607,0,0
3,31,600,-626,308,92,-357,479,1374,1754,3579,722,-29,5442,5651,6612,0,0
3,32,599,-623,307,95,-362,487,1369,1743,3578,723,-29,5441,5651,6609,0,0
3,33,598,-618,312,96,-361,500,1380,1780,3578,722,-29,5439,5653,6603,0,0
3,34,599,-622,314,97,-357,506,1387,1797,3578,721,-29,5438,5650,6604,0,0
3,35,601,-618,316,98,-352,504,1387,1786,3576,722,-29,5437,5649,6604,0,0
3,36,598,-615,314,98,-357,500,1383,1795,3574,722,-29,5439,5652,6600,0,0
3,37,594,-621,312,97,-363,508,1381,1803,3576,722,-29,5439,5652,6597,0,0
3,38,599,-623,311,96,-359,519,1401,1790,3575,721,-29,5438,5647,6592,0,0
3,39,601,-622,310,97,-357,513,1414,1789,3573,720,-29,5437,5644,6590,0,0
3,40,591,-616,306,96,-360,503,1391,1791,3577,720,-29,5429,5646,6593,0,0
3,41,592,-603,305,94,-359,511,1362,1761,3576,720,-29,5426,5647,6588,0,0
3,42,600,-601,311,94,-353,515,1336,1719,3567,720,-29,5430,5647,6578,0,0
3,43,595,-608,313,98,-355,508,1331,1727,3569,720,-29,5432,5647,6577,0,0
3,44,593,-605,308,100,-357,512,1365,1776,3577,720,-29,5433,5646,6578,0,0
3,45,601,-605,309,98,-355,512,1386,1779,3577,720,-29,5433,5644,6577,0,0
3,46,603,-608,314,96,-358,496,1377,1753,3573,720,-29,5436,5642,6578,0,0
3,47,599,-605,314,96,-360,489,1358,1757,3574,720,-29,5432,5643,6573,0,0
3,48,597,-604,310,98,-359,500,1330,1754,3572,720,-29,5422,5644,6567,0,0
3,49,594,-605,308,97,-358,503,1342,1755,3571,720,-29,5428,5645,6566,0,0
3,50,596,-603,310,96,-359,499,1398,1788,3574,720,-30,5434,5645,6565,0,0
3,51,599,-606,315,98,-360,495,1393,1787,3574,720,-29,5423,5645,6568,0,0
3,52,596,-604,313,99,-359,492,1329,1736,3572,720,-27,5426,5643,6570,0,0
3,53,595,-602,308,95,-354,494,1310,1715,3571,720,-27,5440,5645,6561,0,0
3,54,598,-615,309,94,-352,500,1320,1733,3571,720,-28,5435,5645,6558,0,0
3,55,600,-625,311,96,-357,500,1318,1758,3570,720,-27,5428,5644,6568,0,0
3,56,601,-622,311,97,-357,498,1344,1795,3572,720,-28,5436,5645,6568,0,0
3,57,598,-619,309,96,-353,497,1370,1802,3573,719,-31,5438,5646,6557,0,0
3,58,598,-622,310,97,-356,501,1337,1751,3565,720,-32,5432,5641,6549,0,0
3,59,600,-624,319,96,-361,507,1309,1736,3559,720,-30,5429,5641,6551,0,0
3,60,600,-611,308,97,-360,509,1326,1787,3568,717,-29,5427,5644,6552,0,0
3,61,598,-603,292,99,-359,504,1326,1793,3573,716,-30,5427,5643,6545,0,0
3,62,599,-619,302,98,-362,511,1314,1759,3569,721,-29,5430,5641,6535,0,0
3,63,600,-619,311,96,-361,524,1316,1757,3573,722,-29,5425,5642,6536,0,0
3,64,597,-607,305,96,-355,520,1300,1743,3569,721,-29,5423,5639,6540,0,0
3,65,597,-621,309,97,-354,502,1292,1713,3549,722,-29,5435,5643,6531,0,0
3,66,600,-624,316,95,-358,494,1318,1731,3550,722,-29,5431,5645,6526,0,0
3,67,599,-602,311,93,-355,503,1331,1768,3574,720,-29,5411,5628,6530,0,0
3,68,591,-600,309,96,-353,512,1309,1765,3584,720,-29,5415,5631,6523,0,0
3,69,588,-611,312,99,-357,511,1296,1739,3569,720,-29,5428,5641,6516,0,0
3,70,596,-601,306,96,-356,506,1302,1728,3551,720,-29,5420,5633,6520,0,0
3,71,597,-598,307,94,-354,510,1302,1724,3555,720,-29,5419,5632,6520,0,0
3,72,593,-617,312,96,-352,514,1286,1713,3562,720,-29,5423,5633,6517,0,0
3,73,597,-621,310,96,-354,500,1262,1699,3556,720,-29,5417,5630,6519,0,0
3,74,604,-607,308,96,-357,493,1254,1699,3551,720,-29,5415,5627,6515,0,0
3,75,599,-609,311,95,-357,505,1267,1715,3549,720,-29,5416,5624,6510,0,0
3,76,593,-625,311,94,-356,510,1284,1731,3550,720,-29,5413,5623,6513,0,0
3,77,595,-626,311,95,-357,500,1281,1739,3557,720,-29,5413,5624,6513,0,0
3,78,600,-617,313,95,-359,499,1283,1727,3556,720,-29,5414,5626,6507,0,0
3,79,599,-620,309,94,-355,507,1303,1725,3549,720,-29,5412,5632,6505,0,0
3,80,596,-626,308,96,-354,505,1292,1747,3550,720,-29,5415,5634,6508,0,0
3,81,598,-617,311,96,-357,505,1291,1759,3552,720,-29,5417,5618,6503,0,0
3,82,599,-608,312,95,-357,508,1318,1735,3550,720,-29,5409,5618,6497,0,0
3,83,598,-617,306,96,-354,505,1312,1702,3549,720,-29,5411,5625,6502,0,0
3,84,598,-625,300,96,-354,503,1282,1705,3549,720,-29,5416,5617,6506,0,0
3,85,600,-621,304,95,-355,504,1284,1721,3551,720,-29,5406,5619,6506,0,0
3,86,598,-616,310,96,-357,503,1310,1730,3550,720,-29,5403,5622,6498,0,0
4,87,595,-608,310,97,-358,504,1325,1740,3545,720,-29,5407,5620,6492,0,0
4,88,594,-597,309,96,-355,501,1309,1735,3546,720,-29,5404,5620,6490,0,0
4,89,596,-599,311,95,-352,497,1296,1728,3547,720,-29,5404,5620,6487,0,0
4,90,597,-616,310,96,-355,507,1311,1730,3548,720,-29,5412,5621,6487,0,0
4,91,597,-619,311,98,-357,516,1290,1715,3548,720,-29,5409,5620,6486,0,0
4,92,596,-605,312,99,-359,511,1248,1690,3544,720,-29,5403,5619,6484,0,0
4,93,595,-605,310,97,-362,507,1265,1691,3545,720,-29,5402,5619,6482,0,0
4,94,594,-614,310,96,-358,510,1282,1700,3546,718,-29,5400,5619,6477,0,0
4,95,595,-604,306,97,-350,511,1258,1697,3545,716,-29,5404,5619,6474,0,0
4,96,594,-598,305,98,-355,505,1251,1690,3545,717,-29,5401,5620,6472,0,0
4,97,592,-608,307,97,-361,497,1244,1659,3542,718,-29,5395,5619,6470,0,0
4,98,594,-603,307,95,-353,500,1238,1657,3538,720,-29,5399,5616,6469,0,0
4,99,599,-598,309,98,-347,508,1268,1697,3542,721,-29,5398,5618,6467,0,0
4,100,600,-610,310,98,-358,500,1278,1684,3546,718,-29,5395,5620,6461,0,0
4,101,595,-621,306,96,-363,503,1271,1656,3541,715,-29,5398,5617,6456,0,0
4,102,593,-626,308,97,-354,523,1272,1673,3540,716,-29,5401,5614,6455,0,0
4,103,596,-622,314,97,-351,520,1238,1663,3544,718,-29,5401,5613,6455,0,0
4,104,597,-610,310,96,-356,502,1232,1650,3544,718,-29,5396,5617,6455,0,0
4,105,597,-607,305,98,-356,499,1281,1691,3545,718,-29,5396,5618,6453,0,0
4,106,594,-616,306,99,-353,502,1281,1695,3542,721,-29,5399,5613,6450,0,0
4,107,593,-624,306,95,-355,502,1246,1655,3531,720,-29,5403,5614,6451,0,0
4,108,598,-622,305,94,-357,503,1239,1651,3530,716,-29,5402,5615,6452,0,0
4,109,596,-610,307,97,-354,500,1228,1647,3537,716,-29,5395,5613,6446,0,0
4,110,593,-608,312,98,-355,492,1215,1631,3532,717,-29,5393,5615,6442,0,0
4,111,598,-623,311,96,-355,499,1224,1656,3529,716,-29,5399,5618,6444,0,0
4,112,600,-623,302,96,-355,517,1244,1682,3537,717,-29,5397,5617,6442,0,0
4,113,595,-602,304,99,-357,519,1249,1660,3537,720,-29,5393,5615,6439,0,0
4,114,594,-596,313,100,-357,508,1235,1628,3531,720,-29,5399,5613,6437,0,0
4,115,596,-612,308,93,-361,506,1230,1626,3532,718,-29,5399,5615,6436,0,0
4,116,596,-624,305,98,-364,507,1220,1613,3528,715,-29,5392,5614,6433,0,0
4,117,597,-625,313,119,-358,498,1196,1594,3526,713,-29,5394,5608,6428,0,0
4,118,597,-625,311,114,-353,495,1188,1591,3528,718,-29,5390,5611,6428,0,0
4,119,597,-622,308,106,-356,501,1160,1553,3521,720,-29,5382,5616,6425,0,0
4,120,597,-617,313,114,-357,502,1131,1521,3515,718,-29,5385,5612,6419,0,0
4,121,597,-619,309,109,-355,502,1178,1551,3522,718,-29,5383,5611,6424,0,0
4,122,597,-616,305,107,-354,503,1216,1567,3520,716,-29,5378,5618,6426,0,0
4,123,597,-604,313,116,-356,498,1152,1515,3511,715,-29,5378,5602,6413,0,0
4,124,595,-596,308,104,-360,498,1111,1500,3514,716,-29,5379,5593,6408,0,0
4,125,593,-606,295,88,-355,520,1157,1553,3521,714,-29,5383,5606,6417,0,0
4,126,596,-623,300,99,-350,537,1170,1564,3519,713,-29,5385,5604,6414,0,0
4,127,598,-618,313,104,-356,532,1130,1530,3514,717,-29,5383,5600,6405,0,0
4,128,595,-609,314,93,-358,527,1131,1543,3514,720,-29,5378,5612,6408,0,0
4,0,594,-612,306,101,-355,536,1166,1559,3515,716,-29,5377,5604,6410,0,0
4,1,593,-618,298,121,-357,533,1154,1494,3514,713,-29,5378,5583,6403,0,0
4,2,593,-620,304,120,-356,514,1125,1453,3510,713,-29,5377,5588,6402,0,0
4,3,595,-613,316,104,-354,512,1130,1494,3510,713,-29,5377,5596,6401,0,0
4,4,594,-610,313,103,-361,528,1143,1518,3510,713,-29,5378,5587,6403,0,0
4,5,594,-619,305,103,-364,530,1130,1490,3504,713,-29,5377,5590,6405,0,-1
4,6,597,-620,310,95,-354,522,1120,1481,3505,713,-29,5376,5595,6398,0,-1
4,7,598,-606,312,98,-351,529,1128,1492,3510,713,-29,5377,5593,6391,0,-1
4,8,595,-614,308,102,-356,539,1130,1483,3505,713,-29,5370,5590,6393,0,-1
4,9,594,-633,308,98,-357,529,1142,1497,3500,713,-29,5364,5590,6392,0,-1
4,10,595,-624,312,100,-354,509,1149,1521,3503,713,-29,5368,5590,6390,0,0
4,11,598,-607,310,99,-351,507,1136,1493,3504,713,-29,5369,5590,6389,0,0
4,12,595,-611,308,93,-355,525,1131,1463,3503,713,-29,5370,5591,6383,-1,0
4,13,593,-613,310,103,-364,539,1126,1485,3504,713,-29,5372,5592,6379,-1,0
4,14,596,-610,311,119,-363,527,1113,1486,3505,713,-29,5366,5590,6381,-1,0
4,15,596,-615,309,111,-354,512,1127,1452,3500,713,-29,5361,5588,6380,-1,0
4,16,593,-615,313,94,-354,517,1148,1440,3494,713,-29,5361,5586,6373,-1,0
4,17,593,-609,314,97,-362,517,1130,1438,3497,713,-29,5355,5588,6370,-1,0
4,18,596,-614,309,100,-361,505,1125,1465,3499,713,-29,5350,5589,6375,-1,0
4,19,592,-614,311,93,-353,511,1130,1486,3494,713,-29,5356,5588,6377,-1,0
4,20,594,-600,314,93,-355,533,1101,1447,3490,713,-29,5353,5588,6375,-1,0
4,21,599,-597,312,98,-357,537,1095,1426,3497,713,-29,5351,5589,6367,-1,0
4,22,596,-610,311,98,-356,519,1127,1451,3501,713,-29,5359,5588,6370,-1,0
4,23,594,-622,313,99,-361,512,1151,1453,3490,713,-29,5359,5587,6375,-1,0
4,24,596,-615,311,98,-363,522,1132,1432,3486,713,-29,5350,5588,6363,-1,0
4,25,593,-606,308,95,-354,519,1099,1426,3488,713,-29,5346,5586,6363,-1,0
4,26,593,-617,309,99,-353,508,1106,1438,3489,713,-29,5347,5586,6371,-1,0
4,27,597,-616,310,96,-365,521,1125,1439,3489,713,-29,5347,5587,6361,-1,0
4,28,598,-594,310,94,-365,539,1107,1410,3484,712,-29,5348,5586,6350,-1,0
4,29,594,-599,313,109,-353,531,1094,1392,3476,715,-29,5348,5584,6359,-1,-1
4,30,595,-626,316,109,-353,527,1120,1417,3479,717,-29,5347,5585,6363,-1,0
4,31,597,-623,312,107,-365,533,1156,1456,3488,716,-29,5351,5588,6353,0,-1
4,32,595,-606,308,117,-362,527,1165,1467,3484,714,-29,5349,5588,6355,-1,0
4,33,594,-610,310,108,-349,526,1146,1443,3482,714,-29,5340,5585,6362,0,0
4,34,594,-630,313,88,-353,531,1132,1436,3488,714,-29,5342,5584,6362,0,0
4,35,593,-627,312,95,-358,520,1136,1446,3484,714,-29,5349,5587,6355,0,0
4,36,594,-601,311,107,-354,506,1117,1411,3473,715,-29,5342,5586,6350,0,0
4,37,595,-604,310,94,-355,506,1089,1386,3477,715,-29,5339,5583,6347,0,0
4,38,595,-623,311,93,-360,509,1103,1418,3487,715,-29,5346,5579,6343,0,0
4,39,598,-615,312,113,-357,516,1131,1423,3476,715,-29,5341,5580,6345,0,0
4,40,599,-606,311,119,-355,515,1129,1397,3465,715,-29,5336,5586,6348,0,0
4,41,595,-619,311,103,-355,511,1109,1390,3473,715,-29,5338,5585,6342,0,0
4,42,595,-623,313,89,-355,524,1106,1373,3475,715,-29,5334,5576,6338,0,0
4,43,598,-622,312,96,-357,528,1113,1362,3470,715,-29,5330,5577,6342,0,0
4,44,594,-620,311,117,-357,516,1099,1374,3472,715,-29,5330,5583,6341,0,0
4,45,592,-609,313,115,-360,510,1100,1382,3472,715,-30,5330,5582,6339,0,0
4,46,595,-612,309,102,-363,514,1154,1407,3473,715,-29,5334,5581,6339,0,0
4,47,593,-619,307,114,-357,517,1175,1422,3478,715,-29,5334,5581,6329,0,0
4,48,593,-602,312,121,-353,519,1143,1403,3478,715,-32,5328,5578,6332,0,0
4,49,598,-594,311,96,-357,512,1128,1376,3471,715,-32,5326,5578,6338,0,0
4,50,598,-610,305,87,-361,503,1121,1346,3468,715,-30,5327,5578,6333,0,0
4,51,594,-620,306,102,-362,509,1133,1362,3471,715,-31,5327,5577,6333,0,0
4,52,595,-621,309,99,-360,518,1175,1424,3474,715,-33,5329,5579,6334,0,0
4,53,597,-620,310,94,-352,530,1186,1425,3469,715,-33,5326,5579,6331,0,0
4,54,596,-625,311,99,-356,533,1161,1379,3462,715,-32,5322,5580,6330,0,0
4,55,592,-618,310,97,-362,527,1159,1378,3467,715,-33,5326,5581,6327,0,0
4,56,592,-597,310,96,-352,531,1170,1376,3472,715,-33,5324,5568,6327,-1,0
4,57,598,-605,308,100,-350,531,1152,1346,3471,715,-33,5318,5555,6333,0,0
4,58,600,-624,308,103,-356,529,1126,1341,3468,715,-33,5317,5555,6322,-1,0
4,59,595,-624,312,101,-351,535,1132,1352,3464,715,-33,5321,5569,6313,0,0
4,60,592,-619,309,94,-351,529,1169,1362,3463,715,-33,5325,5575,6326,-1,0
4,61,595,-624,308,94,-363,510,1197,1379,3460,715,-33,5324,5559,6322,-1,0
4,62,595,-619,310,109,-362,519,1176,1373,3457,715,-33,5320,5558,6314,-1,0
4,63,591,-613,312,112,-353,537,1140,1345,3458,714,-33,5325,5568,6316,-1,0
4,64,593,-614,307,100,-355,520,1149,1359,3460,713,-33,5327,5563,6315,-1,0
4,65,597,-609,301,92,-357,504,1172,1386,3460,713,-33,5317,5561,6313,-1,0
4,66,597,-600,304,95,-352,512,1154,1355,3456,713,-33,5315,5568,6314,-1,0
4,67,593,-597,310,113,-356,512,1147,1331,3454,713,-33,5321,5560,6309,-1,0
4,68,593,-612,305,119,-362,502,1172,1346,3458,713,-33,5320,5552,6307,-1,0
4,69,594,-627,301,106,-357,502,1157,1323,3453,713,-33,5318,5560,6309,-1,0
4,70,594,-614,307,110,-352,506,1124,1282,3446,713,-33,5318,5556,6300,-1,0
4,71,593,-607,308,111,-357,510,1144,1300,3444,713,-33,5314,5553,6302,0,0
4,72,594,-625,305,104,-363,513,1184,1349,3447,713,-33,5309,5557,6306,0,0
4,73,593,-623,311,107,-360,510,1198,1350,3451,713,-33,5312,5557,6300,0,0
4,74,593,-596,313,110,-353,510,1193,1321,3453,713,-33,5319,5558,6302,0,0
4,75,596,-598,312,108,-353,508,1184,1328,3444,713,-33,5317,5556,6302,0,0
4,76,596,-619,313,114,-356,505,1199,1360,3438,713,-33,5310,5556,6300,0,0
4,77,592,-617,313,108,-358,519,1218,1364,3448,713,-33,5311,5556,6302,0,0
4,78,592,-609,313,85,-356,528,1209,1357,3453,713,-33,5315,5556,6302,0,0
4,79,594,-619,308,90,-353,521,1186,1339,3446,713,-33,5314,5556,6296,0,0
4,80,596,-622,304,115,-355,523,1168,1297,3441,713,-33,5307,5556,6298,0,0
4,81,595,-614,308,114,-359,526,1161,1279,3441,713,-33,5307,5556,6299,0,0
4,82,592,-616,312,104,-357,512,1164,1290,3441,713,-33,5303,5556,6293,0,0
4,83,592,-624,313,111,-356,503,1167,1289,3438,713,-33,5297,5556,6293,0,0
4,84,594,-625,311,114,-361,507,1159,1287,3439,713,-33,5302,5556,6284,0,0
4,85,592,-613,308,98,-360,503,1163,1287,3440,713,-33,5308,5557,6283,0,0
4,86,591,-605,310,99,-355,501,1189,1302,3441,713,-33,5307,5555,6291,0,0
5,87,594,-615,314,104,-356,510,1188,1311,3437,713,-33,5302,5552,6288,0,0
5,88,594,-622,305,92,-357,516,1162,1302,3431,713,-33,5302,5555,6281,0,0
5,89,592,-617,300,94,-353,510,1161,1302,3430,713,-33,5302,5554,6280,0,0
5,90,592,-614,310,98,-356,511,1168,1286,3431,713,-33,5296,5549,6280,0,0
5,91,592,-615,312,92,-357,526,1166,1248,3429,713,-33,5296,5550,6276,0,0
5,92,594,-619,307,94,-352,523,1168,1251,3430,713,-33,5300,5555,6276,0,0
5,93,598,-626,310,98,-355,502,1144,1261,3433,713,-33,5302,5556,6275,0,0
5,94,596,-625,314,99,-356,498,1135,1249,3428,713,-33,5298,5550,6276,0,0
5,95,591,-619,311,97,-355,509,1189,1277,3428,713,-33,5299,5548,6276,0,0
5,96,593,-611,308,97,-357,509,1213,1294,3433,713,-33,5301,5552,6273,0,0
5,97,594,-598,307,103,-356,504,1172,1256,3425,713,-33,5293,5552,6275,0,0
5,98,592,-603,306,102,-354,505,1149,1247,3422,713,-33,5290,5549,6270,0,0
5,99,593,-615,306,92,-355,509,1143,1255,3427,713,-33,5294,5547,6268,0,0
5,100,594,-616,310,106,-356,505,1144,1248,3422,713,-33,5294,5549,6270,0,0
5,101,594,-622,316,125,-354,503,1182,1277,3420,713,-33,5296,5553,6270,0,0
5,102,594,-626,311,106,-356,506,1198,1309,3425,713,-33,5293,5539,6272,0,0
5,103,596,-616,305,90,-359,516,1197,1284,3425,713,-33,5291,5529,6272,0,0
5,104,596,-607,310,103,-364,523,1219,1257,3425,713,-33,5297,5545,6269,0,0
5,105,595,-617,312,105,-364,519,1223,1264,3428,713,-33,5298,5555,6270,0,0
5,106,593,-627,306,94,-359,515,1191,1255,3422,713,-33,5287,5544,6271,0,0
5,107,593,-628,308,95,-360,513,1180,1243,3420,713,-33,5284,5543,6261,0,0
5,108,594,-618,311,102,-363,509,1208,1273,3426,713,-33,5291,5553,6260,-1,0
5,109,592,-609,304,102,-359,506,1234,1302,3426,713,-33,5288,5543,6265,0,0
5,110,592,-613,307,101,-356,505,1213,1276,3419,713,-33,5283,5529,6257,0,0
5,111,597,-625,315,98,-357,510,1158,1226,3410,713,-33,5288,5532,6252,0,0
5,112,595,-624,312,96,-355,528,1162,1217,3409,713,-33,5292,5534,6250,0,0
5,113,589,-613,310,100,-356,538,1211,1238,3413,713,-33,5288,5528,6249,0,0
5,114,591,-607,314,103,-358,527,1201,1226,3412,713,-33,5281,5527,6252,0,0
5,115,596,-602,314,99,-355,516,1164,1192,3409,713,-33,5278,5528,6250,0,0
5,116,595,-601,312,95,-355,505,1196,1225,3407,713,-33,5285,5525,6245,0,0
5,117,593,-612,313,98,-355,501,1229,1257,3412,713,-33,5290,5530,6249,0,0
5,118,594,-620,310,99,-355,506,1197,1194,3413,713,-33,5281,5531,6248,0,-1
5,119,594,-619,306,98,-359,510,1186,1176,3401,713,-33,5276,5523,6238,-1,-1
5,120,594,-618,309,97,-365,510,1178,1209,3394,713,-33,5282,5525,6241,0,-1
5,121,596,-620,311,94,-358,509,1146,1180,3405,713,-33,5281,5527,6242,0,-1
5,122,594,-623,306,96,-351,508,1180,1184,3411,713,-33,5279,5525,6236,0,0
5,123,591,-620,309,99,-354,504,1223,1235,3404,713,-33,5284,5525,6237,0,0
5,124,590,-609,318,97,-358,498,1182,1212,3399,713,-33,5278,5525,6241,-1,0
5,125,592,-608,312,96,-360,500,1175,1187,3400,713,-33,5275,5526,6233,0,0
5,126,592,-615,306,98,-360,501,1239,1233,3408,713,-33,5281,5526,6230,0,0
5,127,593,-620,314,99,-358,496,1239,1238,3407,713,-33,5269,5524,6232,0,0
5,128,596,-616,313,98,-356,500,1190,1197,3389,713,-32,5232,5522,6223,0,0
5,0,594,-609,308,97,-354,503,1186,1187,3375,713,-33,5193,5521,6220,0,0
5,1,588,-617,309,98,-354,486,1200,1193,3375,713,-33,5168,5521,6220,0,0
5,2,590,-625,309,102,-353,476,1193,1197,3383,713,-32,5156,5522,6215,0,0
5,3,594,-618,310,97,-353,483,1202,1210,3390,713,-33,5152,5521,6218,0,0
5,4,591,-615,311,94,-356,478,1229,1224,3391,713,-34,5150,5519,6224,0,0
5,5,591,-625,308,110,-357,466,1234,1231,3395,713,-33,5145,5523,6215,0,0
5,6,593,-625,309,114,-354,469,1222,1219,3400,713,-33,5139,5522,6207,0,0
5,7,593,-619,316,97,-354,477,1216,1197,3386,713,-33,5137,5519,6215,0,0
5,8,592,-609,313,93,-357,471,1192,1167,3376,713,-33,5137,5520,6210,0,0
5,9,592,-597,305,98,-359,468,1165,1144,3383,713,-33,5128,5520,6199,0,0
5,10,590,-604,309,97,-357,487,1194,1170,3382,713,-33,5119,5519,6202,0,0
5,11,593,-610,317,96,-358,492,1236,1220,3378,713,-33,5122,5520,6204,0,0
5,12,596,-601,314,96,-361,484,1238,1218,3385,713,-33,5125,5521,6202,0,0
5,13,592,-609,306,95,-357,491,1223,1182,3383,712,-33,5121,5520,6206,0,0
5,14,592,-624,305,102,-357,498,1221,1193,3378,710,-33,5120,5518,6206,0,0
5,15,597,-613,304,102,-362,495,1239,1226,3380,711,-33,5117,5519,6205,0,-1
5,16,592,-606,305,91,-362,492,1257,1233,3378,712,-33,5118,5518,6201,0,0
5,17,585,-619,312,107,-356,486,1253,1229,3371,711,-33,5120,5520,6193,0,0
5,18,590,-615,315,123,-354,486,1214,1198,3366,711,-33,5113,5521,6189,0,0
5,19,594,-600,311,102,-352,501,1199,1164,3358,711,-33,5114,5505,6194,0,-1
5,20,588,-600,307,100,-353,501,1236,1181,3356,711,-33,5119,5503,6186,0,-1
5,21,590,-611,308,113,-356,495,1260,1210,3362,711,-33,5116,5515,6180,0,-1
5,22,595,-619,311,104,-354,501,1247,1202,3361,711,-33,5112,5503,6185,0,-1
5,23,592,-616,305,104,-354,499,1254,1198,3362,711,-33,5114,5497,6182,0,-1
5,24,590,-614,304,115,-354,494,1258,1201,3364,711,-33,5107,5509,6182,0,-1
5,25,592,-624,313,99,-356,501,1229,1187,3353,711,-33,5106,5510,6185,0,-1
5,26,592,-626,311,90,-356,506,1242,1196,3349,711,-33,5110,5502,6181,0,-1
5,27,592,-618,309,102,-353,505,1303,1246,3357,711,-33,5097,5502,6179,0,-1
5,28,592,-615,314,100,-355,502,1290,1247,3354,711,-33,5094,5496,6181,0,-1
5,29,591,-605,312,96,-360,500,1207,1155,3347,711,-33,5106,5494,6176,0,-1
5,30,591,-593,305,98,-358,495,1183,1113,3351,711,-33,5103,5498,6166,0,-1
5,31,592,-607,309,97,-355,481,1226,1174,3351,711,-33,5091,5494,6171,0,-1
5,32,591,-624,310,100,-362,478,1237,1189,3349,711,-33,5101,5498,6179,0,0
5,33,591,-613,307,98,-365,492,1216,1154,3349,711,-33,5111,5497,6179,0,0
5,34,592,-604,310,91,-355,490,1237,1179,3348,711,-33,5103,5494,6170,0,0
5,35,591,-616,311,101,-351,483,1259,1214,3350,711,-33,5101,5496,6168,0,0
5,36,591,-623,309,123,-356,496,1229,1193,3351,711,-33,5104,5492,6173,-1,0
5,37,593,-617,309,118,-356,502,1223,1188,3348,711,-33,5099,5491,6168,0,0
5,38,591,-608,310,98,-355,487,1259,1202,3349,711,-33,5093,5491,6162,-1,0
5,39,589,-613,314,99,-357,478,1262,1187,3349,711,-33,5093,5491,6162,0,0
5,40,590,-622,310,104,-353,478,1222,1159,3339,711,-34,5090,5491,6159,0,0
5,41,593,-616,300,97,-351,474,1204,1148,3335,711,-36,5090,5491,6155,0,0
5,42,592,-602,304,96,-354,475,1243,1174,3341,711,-37,5094,5491,6156,0,0
5,43,588,-607,311,100,-355,474,1266,1187,3344,711,-36,5094,5491,6152,0,0
5,44,589,-609,312,90,-352,476,1226,1133,3344,711,-36,5092,5491,6147,0,0
5,45,592,-600,313,96,-354,483,1191,1100,3341,711,-36,5093,5491,6154,0,0
5,46,593,-602,311,116,-357,481,1180,1124,3335,711,-36,5090,5491,6154,0,0
5,47,592,-610,305,114,-357,474,1199,1171,3336,711,-36,5088,5491,6149,0,0
5,48,591,-618,308,108,-355,484,1277,1228,3338,711,-36,5091,5492,6149,0,0
5,49,592,-629,316,113,-355,499,1283,1195,3333,711,-36,5089,5491,6150,0,0
5,50,593,-622,311,105,-352,495,1183,1108,3335,711,-36,5089,5489,6144,0,0
5,51,591,-604,307,95,-353,488,1190,1147,3338,711,-36,5084,5491,6141,0,0
5,52,588,-607,313,101,-356,490,1277,1225,3335,711,-36,5079,5488,6147,0,0
5,53,591,-621,314,103,-355,497,1249,1185,3337,711,-36,5080,5486,6146,0,0
5,54,591,-611,308,90,-358,494,1179,1119,3336,711,-36,5081,5488,6143,0,0
5,55,583,-598,306,95,-363,481,1199,1098,3322,711,-36,5085,5489,6142,0,0
5,56,582,-604,308,112,-356,489,1237,1069,3320,711,-36,5089,5487,6143,0,0
5,57,590,-605,306,111,-353,499,1211,1035,3333,711,-36,5080,5485,6138,0,0
5,58,592,-600,308,105,-358,486,1183,1009,3326,711,-36,5066,5486,6125,0,0
5,59,591,-605,311,120,-356,485,1232,1026,3314,711,-36,5072,5489,6124,0,0
5,60,594,-602,307,132,-357,508,1272,1048,3319,711,-36,5081,5487,6131,0,0
5,61,596,-598,304,121,-360,500,1214,998,3323,711,-36,5080,5483,6131,0,0
5,62,592,-611,309,118,-354,475,1194,980,3317,711,-36,5079,5480,6128,0,0
5,63,590,-625,310,128,-352,483,1251,1017,3317,711,-36,5074,5477,6126,0,0
5,64,590,-622,304,127,-356,498,1252,988,3319,711,-36,5069,5466,6121,0,0
5,65,591,-621,303,112,-353,499,1236,965,3320,711,-36,5067,5463,6120,0,0
5,66,592,-620,310,97,-351,500,1251,988,3320,711,-36,5059,5479,6123,0,0
5,67,591,-609,315,98,-356,495,1211,933,3318,711,-36,5046,5489,6122,0,0
5,68,591,-602,311,111,-358,481,1182,893,3317,711,-36,5038,5478,6122,0,0
5,69,595,-603,305,115,-353,482,1259,991,3326,711,-36,5042,5466,6122,0,0
5,70,586,-607,307,110,-352,500,1296,1021,3328,711,-36,5047,5469,6122,0,0
5,71,578,-618,312,117,-363,502,1240,943,3318,711,-36,5043,5473,6120,0,0
5,72,589,-629,307,116,-372,496,1244,955,3316,711,-36,5043,5469,6115,0,0
5,73,595,-621,305,102,-365,501,1273,983,3319,711,-36,5050,5466,6110,0,0
5,74,588,-604,310,105,-355,505,1241,924,3316,711,-36,5055,5467,6114,0,0
5,75,589,-606,310,114,-358,503,1233,917,3315,711,-36,5058,5473,6112,0,0
5,76,594,-608,309,103,-361,499,1276,973,3318,711,-36,5056,5469,6107,0,0
5,77,590,-609,309,87,-357,501,1295,988,3318,711,-36,5045,5461,6113,0,0
5,78,589,-622,308,93,-353,506,1271,977,3317,711,-36,5035,5463,6111,0,0
5,79,592,-619,308,116,-355,499,1262,976,3318,711,-36,5037,5465,6107,0,0
5,80,589,-602,308,121,-360,489,1263,951,3317,711,-36,5041,5464,6108,0,0
5,81,590,-612,312,107,-358,492,1236,919,3319,711,-36,5036,5465,6107,0,0
5,82,592,-631,314,112,-354,497,1228,914,3317,711,-36,5030,5465,6108,0,0
5,83,584,-628,309,120,-353,496,1257,924,3311,711,-36,5030,5465,6107,0,0
5,84,582,-615,308,99,-356,494,1245,906,3311,711,-36,5030,5466,6104,0,0
5,85,593,-608,313,91,-358,497,1201,879,3310,711,-36,5029,5465,6100,0,0
5,86,595,-613,310,113,-359,504,1240,909,3305,711,-36,5031,5466,6097,0,0
6,87,588,-627,307,123,-353,506,1316,970,3308,711,-36,5034,5466,6096,0,0
6,88,591,-629,313,109,-352,501,1297,961,3314,711,-36,5031,5462,6101,0,0
6,89,593,-617,311,111,-359,503,1236,904,3309,711,-36,5023,5461,6103,0,0
6,90,588,-612,305,115,-359,507,1222,889,3303,711,-36,5013,5464,6098,0,0
6,91,590,-620,310,109,-355,501,1217,879,3307,712,-36,5007,5464,6096,0,0
6,92,594,-619,316,112,-354,497,1220,875,3308,712,-36,5010,5462,6091,0,0
6,93,593,-602,311,112,-356,507,1259,923,3307,711,-36,5020,5461,6093,0,0
6,94,588,-595,308,110,-356,507,1251,926,3307,712,-36,5023,5460,6096,0,0
6,95,587,-613,311,115,-354,498,1209,867,3305,713,-36,5011,5460,6092,0,0
6,96,590,-625,309,113,-353,496,1227,862,3304,702,-36,5008,5461,6093,0,0
6,97,593,-617,306,108,-355,502,1231,873,3306,693,-36,5013,5459,6094,0,0
6,98,591,-613,309,111,-356,509,1173,827,3301,697,-36,5008,5458,6091,0,0
6,99,589,-615,313,112,-355,505,1184,833,3294,698,-36,5005,5459,6087,0,0
6,100,592,-616,314,108,-354,497,1235,884,3300,694,-36,5008,5459,6086,0,0
6,101,588,-615,314,109,-354,498,1227,877,3300,696,-36,5006,5459,6087,0,0
6,102,584,-608,309,106,-357,505,1233,883,3295,699,-36,5003,5459,6086,0,0
6,103,590,-607,304,108,-358,506,1234,894,3296,698,-36,5006,5459,6087,0,0
6,104,594,-619,307,108,-355,508,1183,839,3292,698,-36,5007,5460,6087,0,0
6,105,591,-627,313,91,-353,511,1197,832,3292,698,-36,5001,5460,6089,0,0
6,106,592,-623,313,94,-353,505,1282,927,3297,698,-36,4998,5456,6083,0,0
6,107,592,-614,310,120,-354,513,1283,944,3293,698,-36,4993,5457,6079,0,0
6,108,588,-611,305,121,-359,529,1210,848,3294,698,-36,4989,5460,6082,0,0
6,109,591,-611,305,106,-359,522,1201,824,3308,698,-36,4992,5459,6080,0,0
6,110,592,-613,309,114,-351,507,1251,889,3309,698,-36,4995,5457,6081,0,0
6,111,589,-616,311,120,-355,510,1260,902,3304,698,-36,4996,5458,6079,0,0
6,112,590,-613,311,112,-361,514,1235,866,3308,698,-36,4995,5457,6078,0,0
6,113,592,-610,313,119,-353,504,1244,882,3307,698,-36,4996,5455,6078,0,0
6,114,593,-620,312,120,-350,501,1271,904,3307,698,-36,4997,5454,6075,0,0
6,115,592,-619,309,109,-356,508,1245,860,3308,698,-36,4992,5456,6076,0,0
6,116,591,-611,309,106,-357,508,1205,830,3307,698,-36,4990,5454,6074,0,0
6,117,590,-613,309,112,-353,511,1228,877,3306,698,-36,4992,5453,6070,0,0
6,118,590,-613,307,113,-357,519,1251,917,3307,698,-36,4987,5457,6071,0,0
6,119,591,-614,310,108,-364,513,1219,876,3307,698,-36,4980,5450,6074,0,0
6,120,592,-620,312,108,-361,502,1220,845,3306,698,-36,4982,5443,6075,0,0
6,121,593,-609,309,106,-353,504,1280,891,3305,698,-36,4985,5450,6073,0,0
6,122,590,-609,307,107,-354,505,1267,897,3304,698,-36,4981,5458,6069,0,0
6,123,590,-627,310,113,-360,496,1199,837,3304,698,-36,4981,5459,6064,0,0
6,124,593,-624,313,116,-359,497,1223,860,3303,698,-36,4980,5451,6068,0,0
6,125,592,-613,312,112,-358,501,1279,926,3306,698,-36,4979,5445,6072,0,0
6,126,589,-607,312,108,-357,499,1248,881,3304,698,-36,4979,5443,6068,0,0
6,127,590,-600,314,108,-355,500,1219,830,3294,698,-36,4976,5439,6066,0,0
6,128,592,-606,311,107,-355,497,1247,885,3298,698,-36,4977,5432,6063,0,0
6,0,592,-606,305,109,-355,495,1244,917,3302,698,-36,4978,5432,6062,0,0
6,1,592,-596,304,107,-354,503,1204,867,3290,698,-36,4972,5434,6058,0,0
6,2,593,-607,312,103,-355,496,1207,850,3282,698,-36,4977,5437,6057,0,0
6,3,591,-624,313,107,-355,486,1242,895,3289,698,-36,4986,5439,6061,0,0
6,4,590,-612,299,109,-353,492,1241,907,3289,698,-36,4985,5430,6061,0,0
6,5,592,-601,300,106,-357,487,1221,875,3285,698,-36,4980,5428,6055,0,0
6,6,596,-616,315,107,-361,479,1225,860,3287,698,-36,4983,5433,6052,0,0
6,7,590,-629,310,114,-357,491,1236,878,3287,698,-36,4982,5431,6055,0,0
6,8,579,-618,302,111,-354,505,1226,903,3285,698,-36,4976,5431,6057,0,0
6,9,582,-603,313,91,-355,500,1224,898,3286,698,-36,4977,5437,6054,0,0
6,10,592,-608,317,89,-355,485,1227,870,3289,698,-36,4980,5439,6053,0,0
6,11,591,-618,307,110,-354,476,1202,866,3283,698,-36,4977,5434,6054,0,0
6,12,587,-620,308,119,-359,475,1202,913,3279,698,-36,4977,5430,6054,0,0
6,13,590,-624,313,106,-362,481,1215,933,3278,698,-36,4977,5433,6050,0,0
6,14,593,-617,311,107,-358,480,1190,874,3280,698,-36,4973,5433,6049,0,0
6,15,589,-606,311,118,-358,474,1176,846,3283,698,-36,4975,5431,6046,0,0
6,16,592,-613,314,110,-360,472,1199,913,3281,698,-36,4988,5431,6044,0,0
6,17,592,-616,315,111,-357,484,1205,954,3277,698,-36,4995,5430,6049,0,0
6,18,583,-607,312,117,-351,492,1196,918,3276,698,-36,4992,5429,6046,0,0
6,19,583,-607,311,95,-353,481,1179,893,3277,698,-36,4988,5430,6043,0,0
6,20,588,-612,308,91,-360,475,1153,889,3275,698,-36,4987,5430,6045,0,0
6,21,580,-617,309,116,-363,480,1162,880,3271,698,-36,4991,5430,6046,0,0
6,22,580,-617,310,110,-359,479,1183,904,3271,698,-36,4995,5430,6042,0,0
6,23,594,-606,311,100,-357,470,1183,944,3273,698,-36,4993,5430,6039,0,0
6,24,595,-595,309,117,-358,468,1141,901,3277,698,-36,4989,5430,6042,0,0
6,25,588,-608,306,115,-360,467,1099,823,3271,698,-36,4984,5430,6042,0,0
6,26,591,-624,310,101,-358,461,1151,853,3266,698,-36,4979,5430,6036,0,0
6,27,593,-615,313,110,-357,465,1224,939,3268,698,-36,4978,5430,6037,-1,0
6,28,591,-606,312,109,-358,472,1209,948,3272,698,-36,4981,5430,6045,0,0
6,29,595,-613,308,99,-358,469,1172,894,3277,698,-36,4983,5428,6043,0,0
6,30,592,-618,308,108,-357,461,1186,888,3272,698,-36,4981,5427,6038,0,0
6,31,580,-617,309,113,-359,461,1182,909,3264,698,-36,4979,5427,6041,0,0
6,32,586,-624,313,112,-360,465,1153,894,3262,698,-36,4979,5429,6037,0,0
6,33,590,-625,320,114,-355,462,1156,880,3264,698,-36,4977,5428,6033,0,0
6,34,584,-618,308,112,-355,460,1166,895,3261,698,-36,4972,5428,6033,0,0
6,35,584,-614,293,116,-358,463,1169,910,3258,698,-36,4972,5428,6030,0,0
6,36,585,-604,305,117,-356,464,1163,893,3259,698,-36,4969,5427,6033,0,0
6,37,582,-599,317,98,-359,459,1180,902,3259,698,-36,4968,5425,6033,0,0
6,38,588,-610,307,93,-361,462,1224,954,3261,698,-36,4971,5423,6030,0,0
6,39,596,-622,303,107,-355,473,1218,953,3262,698,-37,4968,5423,6027,0,0
6,40,592,-619,315,99,-352,466,1186,919,3261,698,-36,4966,5428,6023,0,0
6,41,585,-604,311,94,-358,453,1194,942,3261,698,-36,4974,5419,6025,0,0
6,42,587,-598,304,115,-361,457,1205,976,3258,698,-37,4966,5409,6031,0,0
6,43,589,-610,312,117,-358,472,1188,936,3255,698,-39,4948,5419,6026,0,0
6,44,583,-621,314,105,-357,478,1186,901,3256,698,-34,4955,5427,6020,0,0
6,45,580,-616,308,107,-355,476,1198,923,3254,698,-30,4963,5427,6023,0,0
6,46,591,-603,311,107,-353,474,1179,921,3249,698,-45,4957,5419,6017,0,0
6,47,593,-599,307,106,-354,470,1176,897,3250,698,-54,4960,5417,6016,0,0
6,48,587,-614,298,111,-354,467,1210,928,3254,698,-38,4966,5421,6022,0,0
6,49,590,-624,303,108,-353,464,1231,991,3256,698,-30,4963,5409,6016,0,0
6,50,594,-611,311,107,-354,463,1225,988,3255,698,-38,4958,5406,6016,0,0
6,51,583,-605,308,112,-358,464,1218,949,3254,698,-38,4958,5416,6021,0,0
6,52,581,-618,307,113,-357,471,1232,962,3249,698,-36,4959,5414,6012,0,0
6,53,591,-625,311,117,-353,486,1235,976,3238,698,-35,4965,5409,6006,0,0
6,54,589,-623,311,119,-353,489,1219,959,3235,698,-32,4968,5413,6011,0,0
6,55,581,-618,307,111,-360,480,1207,945,3238,698,-51,4964,5406,6010,0,0
6,56,587,-609,307,109,-357,475,1214,939,3236,698,-67,4959,5399,6005,0,0
6,57,596,-614,309,115,-352,471,1220,933,3237,698,-44,4957,5408,6007,0,0
6,58,590,-619,311,117,-356,467,1205,945,3239,698,-25,4954,5404,6006,0,0
6,59,580,-600,309,111,-357,479,1203,966,3233,698,-49,4949,5398,6007,0,0
6,60,581,-595,313,107,-355,501,1236,987,3236,698,-66,4949,5406,6010,0,0
6,61,583,-606,311,110,-357,497,1262,1006,3245,697,-44,4951,5408,6011,0,0
6,62,581,-601,299,113,-358,484,1244,969,3238,698,-28,4949,5402,6006,0,0
6,63,584,-602,299,110,-355,493,1214,926,3230,699,-36,4946,5396,5999,0,0
6,64,596,-618,310,107,-357,495,1212,974,3234,693,-40,4938,5400,6000,0,0
6,65,592,-623,315,110,-359,480,1218,1025,3236,689,-35,4936,5402,5999,0,0
6,66,585,-625,310,121,-359,483,1222,987,3232,696,-37,4942,5400,5997,0,0
6,67,592,-624,310,122,-362,491,1227,957,3234,699,-40,4941,5402,6001,0,0
6,68,592,-610,316,115,-358,479,1212,977,3238,695,-37,4935,5399,5999,0,0
6,69,587,-609,313,122,-355,471,1180,948,3233,696,-39,4939,5397,5994,0,0
6,70,592,-619,306,108,-359,482,1187,934,3227,699,-57,4945,5400,5997,0,0
6,71,591,-619,307,84,-361,493,1233,1006,3229,698,-66,4947,5400,6000,0,0
6,72,584,-614,310,97,-356,491,1239,1011,3234,697,-44,4947,5397,5991,0,0
6,73,585,-610,309,103,-352,484,1213,953,3232,698,-29,4943,5396,5991,0,0
6,74,590,-613,311,85,-356,480,1230,998,3229,698,-41,4942,5398,5995,0,0
6,75,593,-612,312,100,-360,483,1249,1046,3227,698,-38,4939,5397,5986,0,0
6,76,592,-610,309,124,-358,488,1220,995,3227,698,-28,4934,5397,5984,0,0
6,77,583,-616,306,112,-354,488,1209,980,3228,698,-52,4943,5399,5990,0,0
6,78,582,-616,309,108,-355,480,1230,1023,3223,698,-63,4966,5397,5990,0,0
6,79,585,-610,314,112,-354,475,1229,1008,3220,698,-39,4978,5394,5986,0,0
6,80,588,-616,312,106,-354,479,1221,969,3224,698,-28,4973,5397,5984,0,0
6,81,585,-616,309,108,-357,485,1226,980,3224,698,-38,4969,5398,5985,0,0
6,82,577,-611,308,111,-354,486,1222,1004,3220,698,-37,4971,5397,5981,0,0
6,83,582,-612,310,109,-352,485,1220,1008,3222,698,-32,4968,5394,5982,0,0
6,84,588,-615,312,106,-357,485,1224,1026,3225,698,-36,4962,5396,5984,0,0
6,85,581,-615,312,108,-354,482,1225,1055,3224,698,-38,4961,5400,5982,0,0
6,86,578,-617,316,116,-353,477,1224,1036,3229,698,-37,4962,5398,5977,0,0
7,87,581,-618,315,120,-361,482,1224,1000,3225,698,-34,4957,5394,5977,0,0
7,88,583,-621,308,113,-363,479,1221,1011,3209,698,-34,4948,5398,5976,0,0
7,89,584,-620,312,104,-356,464,1212,1018,3209,698,-37,4944,5397,5970,0,0
7,90,582,-618,318,108,-352,475,1228,1012,3215,698,-36,4952,5395,5975,0,0
7,91,580,-620,307,111,-355,492,1248,1019,3210,698,-36,4951,5398,5974,0,0
7,92,583,-618,302,105,-357,491,1241,1014,3208,698,-36,4947,5384,5967,0,-1
7,93,582,-611,311,96,-357,497,1232,1023,3218,698,-36,4958,5381,5967,0,0
7,94,582,-611,315,124,-353,503,1239,1050,3215,698,-36,4966,5396,5969,0,0
7,95,584,-615,311,160,-353,489,1243,1044,3200,698,-36,4961,5380,5966,-1,0
7,96,582,-615,310,136,-355,477,1229,1033,3204,698,-36,4967,5370,5960,0,0
7,97,585,-612,310,96,-353,481,1232,1054,3214,698,-36,4975,5386,5962,0,0
7,98,590,-609,308,110,-353,483,1273,1092,3214,698,-36,4966,5388,5967,0,0
7,99,585,-611,308,130,-356,486,1291,1104,3209,697,-36,4962,5383,5966,0,0
7,100,583,-612,310,109,-355,484,1259,1070,3208,697,-36,4965,5392,5955,0,0
7,101,587,-615,311,137,-357,473,1262,1052,3205,700,-36,4963,5388,5953,0,0
7,102,583,-608,311,230,-361,470,1286,1084,3201,697,-36,4963,5377,5956,0,0
7,103,581,-595,311,224,-356,475,1258,1084,3202,689,-36,4968,5376,5954,0,0
7,104,584,-603,306,126,-352,476,1255,1062,3202,698,-36,4970,5369,5956,0,0
7,105,582,-625,307,91,-355,468,1293,1089,3202,707,-36,4969,5368,5951,0,0
7,106,582,-625,314,122,-358,463,1286,1107,3200,698,-36,4964,5375,5950,0,0
7,107,586,-607,313,122,-357,470,1243,1060,3201,691,-36,4963,5376,5955,0,0
7,108,580,-613,307,103,-356,479,1249,1051,3209,698,-36,4968,5373,5955,0,0
7,109,579,-626,311,104,-354,476,1280,1104,3212,699,-36,4959,5367,5946,0,0
7,110,586,-620,314,113,-355,472,1291,1124,3207,695,-36,4955,5370,5946,0,0
7,111,584,-612,310,107,-356,472,1280,1100,3201,695,-36,4960,5370,5946,0,0
7,112,582,-611,308,86,-354,467,1263,1095,3201,696,-36,4954,5364,5940,0,0
7,113,589,-616,309,92,-356,470,1269,1101,3204,698,-36,4954,5366,5944,0,0
7,114,588,-619,310,115,-358,476,1293,1105,3202,698,-35,4958,5369,5940,0,0
7,115,584,-616,309,117,-356,478,1283,1110,3201,697,-39,4957,5368,5937,0,0
7,116,585,-615,309,115,-355,477,1226,1089,3204,698,-36,4961,5368,5942,0,0
7,117,586,-612,309,123,-356,478,1215,1068,3204,698,-32,4963,5369,5941,0,0
7,118,582,-601,308,120,-360,482,1237,1068,3196,698,-50,4950,5368,5937,0,0
7,119,581,-597,311,107,-360,479,1206,1045,3194,698,-57,4950,5368,5937,0,0
7,120,585,-610,315,116,-355,473,1193,1029,3199,698,-37,4963,5369,5934,0,0
7,121,581,-618,311,130,-353,479,1243,1056,3198,698,-29,4958,5367,5930,0,0
7,122,581,-611,306,120,-357,489,1269,1078,3197,698,-39,4948,5364,5934,0,0
7,123,588,-604,308,103,-358,484,1252,1080,3200,698,-37,4952,5362,5927,0,0
7,124,582,-616,308,106,-355,473,1242,1087,3201,698,-32,4956,5362,5921,0,0
7,125,582,-626,310,112,-359,476,1210,1060,3199,698,-36,4952,5362,5924,0,0
7,126,597,-622,313,117,-363,477,1178,1032,3197,698,-34,4946,5362,5922,0,0
7,127,593,-617,307,116,-360,482,1208,1078,3197,698,-32,4948,5362,5922,0,0
7,128,576,-603,307,113,-354,492,1242,1108,3197,698,-38,4950,5362,5920,0,0
7,0,579,-599,315,158,-356,487,1222,1065,3195,698,-33,4954,5363,5918,0,0
7,1,582,-606,314,243,-361,474,1209,1044,3192,698,-35,4957,5363,5924,0,0
7,2,580,-601,308,241,-358,479,1243,1078,3192,698,-55,4952,5362,5921,0,0
7,3,584,-600,312,145,-355,486,1260,1102,3198,698,-60,4949,5363,5912,0,0
7,4,585,-606,314,103,-355,484,1238,1105,3198,698,-38,4952,5363,5916,0,0
7,5,585,-605,308,128,-356,492,1222,1104,3189,698,-26,4951,5360,5916,0,0
7,6,585,-605,308,123,-358,498,1226,1095,3189,698,-45,4949,5362,5905,0,0
7,7,583,-605,313,99,-356,489,1242,1105,3193,698,-57,4951,5364,5910,0,0
7,8,579,-603,309,106,-354,482,1252,1111,3182,698,-42,4956,5366,5913,0,0
7,9,583,-612,307,113,-356,480,1223,1077,3167,698,-33,4957,5365,5907,0,0
7,10,590,-620,312,105,-357,479,1187,1062,3175,698,-34,4952,5359,5905,0,0
7,11,586,-609,310,115,-355,482,1210,1096,3194,698,-37,4949,5353,5905,0,0
7,12,577,-601,305,127,-354,481,1248,1119,3191,698,-51,4953,5351,5908,0,0
7,13,579,-602,309,115,-354,483,1245,1117,3181,698,-67,4951,5355,5909,0,0
7,14,583,-609,313,112,-354,488,1249,1136,3185,698,-47,4948,5353,5904,0,0
7,15,584,-621,310,127,-357,482,1280,1149,3198,698,-24,4953,5353,5900,0,0
7,16,585,-618,308,127,-355,479,1287,1150,3195,698,-35,4953,5358,5901,0,0
7,17,581,-603,309,109,-354,481,1266,1164,3176,698,-60,4948,5357,5895,0,0
7,18,580,-596,311,99,-359,481,1254,1147,3175,698,-63,4949,5357,5891,0,0
7,19,585,-608,313,114,-359,488,1247,1119,3192,698,-45,4951,5359,5897,0,0
7,20,582,-622,311,125,-352,508,1230,1123,3189,698,-27,4950,5356,5896,0,0
7,21,580,-614,305,113,-354,510,1216,1130,3169,698,-30,4950,5353,5896,0,0
7,22,584,-604,305,150,-358,484,1226,1140,3171,698,-54,4949,5345,5899,0,0
7,23,581,-614,310,240,-356,470,1259,1165,3181,698,-56,4949,5346,5899,-1,0
7,24,580,-628,315,245,-359,488,1276,1162,3174,698,-38,4949,5360,5892,0,0
7,25,582,-623,314,153,-364,499,1254,1137,3171,698,-32,4945,5356,5886,0,0
7,26,581,-612,311,107,-358,480,1252,1153,3175,698,-36,4944,5338,5886,0,0
7,27,580,-612,306,124,-352,468,1274,1159,3172,697,-47,4948,5342,5887,0,0
7,28,583,-611,305,126,-354,481,1245,1111,3165,698,-56,4947,5347,5883,0,0
7,29,584,-616,307,115,-355,489,1226,1101,3167,697,-43,4945,5338,5877,0,0
7,30,584,-621,312,116,-353,483,1249,1146,3173,695,-28,4946,5341,5881,0,0
7,31,584,-614,316,119,-354,473,1244,1166,3170,694,-39,4948,5347,5878,0,0
7,32,582,-601,314,115,-359,473,1234,1166,3168,695,-41,4951,5344,5876,0,0
7,33,586,-598,312,116,-363,481,1264,1163,3170,695,-33,4950,5339,5881,0,0
7,34,588,-612,314,120,-358,480,1271,1139,3172,694,-38,4944,5336,5874,0,0
7,35,585,-621,315,109,-354,482,1248,1131,3169,695,-40,4940,5336,5871,0,0
7,36,583,-624,311,103,-363,491,1265,1162,3167,695,-37,4941,5334,5879,0,0
7,37,579,-621,308,111,-372,500,1284,1159,3168,695,-36,4944,5333,5877,0,0
7,38,574,-619,310,116,-364,502,1256,1130,3167,695,-36,4944,5336,5867,0,0
7,39,578,-623,313,117,-351,498,1248,1149,3165,695,-37,4943,5336,5869,0,0
7,40,585,-623,314,118,-354,501,1286,1200,3170,695,-36,4943,5338,5871,0,0
7,41,578,-621,307,119,-365,503,1294,1202,3173,695,-35,4943,5339,5869,0,0
7,42,577,-622,301,114,-362,502,1261,1167,3165,695,-35,4940,5338,5870,0,0
7,43,582,-620,306,113,-353,502,1269,1173,3161,695,-39,4937,5336,5865,0,0
7,44,570,-608,314,116,-356,502,1298,1195,3167,695,-34,4938,5336,5864,0,0
7,45,566,-610,314,111,-355,493,1285,1176,3166,695,-34,4939,5336,5863,0,0
7,46,583,-620,308,106,-353,481,1267,1173,3161,695,-57,4935,5336,5859,0,0
7,47,587,-621,307,115,-356,488,1290,1209,3162,695,-61,4933,5335,5859,0,0
7,48,577,-620,311,125,-355,502,1294,1199,3164,695,-36,4938,5335,5858,0,0
7,49,580,-611,314,113,-351,499,1279,1180,3163,695,-28,4929,5337,5857,0,0
7,50,584,-608,313,104,-354,494,1304,1221,3159,695,-40,4919,5335,5854,0,0
7,51,580,-616,312,113,-354,502,1321,1231,3159,695,-39,4928,5332,5853,0,0
7,52,581,-616,313,122,-353,499,1288,1185,3161,695,-28,4939,5336,5852,0,0
7,53,583,-604,307,122,-356,490,1277,1185,3150,695,-41,4936,5337,5847,0,0
7,54,578,-603,305,116,-357,496,1310,1231,3153,695,-49,4927,5331,5846,0,0
7,55,575,-613,308,111,-356,500,1318,1226,3164,695,-43,4924,5331,5849,0,0
7,56,582,-614,309,115,-356,498,1295,1191,3154,695,-53,4929,5336,5849,0,0
7,57,584,-614,311,122,-357,501,1269,1193,3148,695,-62,4927,5334,5845,0,0
7,58,577,-623,315,114,-354,492,1250,1193,3152,695,-44,4921,5331,5848,0,0
7,59,579,-621,310,106,-353,484,1255,1178,3146,695,-27,4922,5333,5844,0,0
7,60,585,-611,305,117,-357,494,1289,1201,3148,694,-37,4922,5333,5843,0,0
7,61,583,-614,313,121,-358,501,1317,1241,3157,695,-48,4921,5332,5852,0,0
7,62,573,-615,317,113,-353,495,1285,1220,3143,695,-57,4925,5333,5848,0,0
7,63,571,-606,310,116,-354,488,1244,1180,3136,690,-66,4924,5333,5834,0,0
7,64,579,-606,307,119,-359,493,1269,1190,3144,690,-52,4916,5330,5835,0,0
7,65,584,-614,308,115,-357,496,1299,1206,3144,695,-48,4915,5329,5837,0,0
7,66,581,-618,308,116,-357,486,1276,1185,3145,697,-56,4919,5334,5829,0,0
7,67,580,-613,312,103,-360,485,1270,1176,3143,696,-47,4922,5337,5831,0,0
7,68,580,-613,315,129,-358,494,1287,1193,3139,694,-30,4920,5328,5835,0,0
7,69,582,-624,312,223,-353,485,1268,1191,3143,694,-29,4915,5321,5832,0,0
7,70,585,-621,311,279,-356,468,1258,1196,3141,696,-44,4916,5325,5831,0,0
7,71,581,-609,310,256,-362,471,1300,1245,3139,696,-56,4921,5326,5829,0,0
7,72,576,-620,308,237,-359,482,1314,1262,3140,696,-63,4922,5321,5828,0,0
7,73,580,-624,314,251,-353,493,1278,1225,3141,698,-62,4920,5321,5831,0,0
7,74,579,-616,319,236,-351,506,1264,1214,3139,699,-56,4920,5325,5828,0,0
7,75,573,-622,314,208,-355,504,1270,1216,3138,697,-54,4919,5325,5823,0,0
7,76,574,-621,309,215,-357,500,1259,1190,3138,698,-61,4913,5322,5822,0,0
7,77,580,-606,311,228,-356,504,1254,1183,3135,698,-58,4914,5322,5823,0,0
7,78,584,-602,317,210,-355,494,1259,1202,3132,697,-35,4916,5323,5821,0,0
7,79,582,-618,318,188,-355,477,1272,1221,3137,694,-41,4910,5321,5820,0,0
7,80,580,-629,314,198,-356,484,1288,1241,3141,694,-68,4910,5314,5822,0,0
7,81,584,-620,312,211,-354,504,1293,1259,3135,695,-54,4914,5307,5822,0,0
7,82,587,-617,314,203,-357,502,1287,1258,3134,694,-27,4912,5317,5818,0,0
7,83,585,-621,312,197,-361,495,1280,1230,3137,690,-44,4912,5326,5818,0,0
7,84,580,-619,307,193,-357,502,1283,1228,3133,690,-69,4914,5319,5820,0,0
7,85,583,-619,310,194,-353,501,1300,1263,3137,694,-54,4915,5320,5812,0,0
7,86,586,-627,313,184,-355,492,1274,1235,3136,692,-38,4910,5322,5806,0,0
8,87,581,-618,311,141,-356,494,1236,1180,3121,689,-46,4905,5312,5813,0,0
8,88,579,-610,309,110,-355,496,1288,1231,3117,699,-47,4906,5311,5812,0,0
8,89,579,-620,307,116,-354,493,1326,1278,3119,707,-34,4905,5314,5803,0,0
8,90,577,-618,309,124,-356,494,1261,1208,3113,706,-30,4900,5310,5801,0,0
8,91,574,-609,316,113,-359,497,1241,1186,3108,707,-42,4903,5308,5804,0,0
8,92,575,-616,310,109,-357,502,1281,1224,3111,710,-43,4905,5305,5805,0,0
8,93,580,-614,297,116,-353,500,1259,1212,3123,705,-35,4899,5302,5801,0,0
8,94,583,-598,307,121,-356,480,1237,1205,3126,702,-49,4904,5306,5796,0,0
8,95,576,-596,319,122,-357,482,1274,1226,3114,709,-62,4903,5311,5800,0,0
8,96,577,-608,312,119,-355,497,1291,1224,3106,705,-43,4890,5309,5803,0,0
8,97,578,-617,307,132,-355,488,1287,1234,3113,691,-26,4890,5310,5794,0,0
8,98,566,-624,312,149,-356,482,1281,1259,3113,688,-32,4893,5312,5796,0,0
8,99,572,-625,308,143,-358,489,1260,1238,3109,696,-44,4890,5306,5798,0,0
8,100,583,-620,306,125,-356,475,1261,1216,3109,697,-59,4891,5300,5793,0,0
8,101,575,-610,310,126,-354,465,1284,1218,3111,693,-65,4893,5302,5797,0,0
8,102,574,-597,308,145,-355,486,1281,1212,3115,694,-63,4888,5305,5803,0,0
8,103,576,-600,312,148,-355,500,1284,1237,3109,695,-61,4887,5300,5794,0,0
8,104,573,-621,318,135,-353,488,1294,1261,3103,694,-55,4889,5301,5784,0,0
8,105,581,-622,313,141,-354,478,1261,1237,3107,695,-55,4889,5307,5788,0,0
8,106,585,-610,305,146,-358,478,1247,1235,3112,695,-62,4889,5304,5790,0,0
8,107,577,-608,308,134,-362,479,1285,1250,3111,695,-60,4886,5301,5787,0,0
8,108,578,-609,314,139,-358,483,1285,1227,3108,695,-60,4883,5302,5785,0,0
8,109,585,-614,311,150,-353,488,1277,1236,3108,695,-62,4878,5303,5788,0,0
8,110,572,-614,305,134,-354,481,1312,1294,3113,695,-59,4878,5299,5787,0,0
8,111,566,-611,304,123,-358,485,1301,1291,3113,695,-60,4881,5293,5778,0,0
8,112,575,-617,308,141,-361,502,1241,1235,3105,695,-63,4880,5296,5778,0,0
8,113,573,-618,309,151,-359,501,1238,1235,3101,695,-61,4873,5299,5777,0,0
8,114,568,-606,309,142,-355,494,1257,1250,3103,695,-62,4869,5295,5775,0,0
8,115,575,-608,309,137,-354,501,1232,1233,3106,695,-62,4869,5292,5781,0,0
8,116,587,-613,310,133,-358,506,1220,1233,3106,695,-59,4869,5293,5780,0,0
8,117,585,-600,309,133,-360,503,1233,1247,3106,695,-65,4866,5295,5776,0,0
8,118,579,-602,307,142,-361,499,1223,1231,3105,695,-61,4858,5295,5775,0,0
8,119,580,-607,306,150,-360,493,1231,1221,3103,695,-45,4857,5294,5776,0,0
8,120,578,-602,309,149,-355,492,1274,1256,3105,695,-49,4871,5295,5772,0,0
8,121,572,-605,315,149,-353,496,1285,1295,3107,694,-67,4879,5295,5772,0,0
8,122,574,-604,315,144,-359,499,1259,1297,3104,694,-65,4872,5295,5772,0,0
8,123,581,-597,310,131,-361,501,1250,1260,3099,697,-58,4863,5295,5768,0,0
8,124,573,-612,308,129,-356,505,1255,1218,3098,691,-64,4861,5295,5770,0,0
8,125,568,-626,309,139,-353,504,1244,1227,3098,687,-65,4859,5293,5767,0,0
8,126,576,-610,309,144,-358,500,1234,1234,3099,699,-57,4859,5291,5761,0,0
8,127,581,-604,309,139,-356,500,1242,1214,3101,706,-56,4857,5292,5756,0,0
8,128,570,-624,312,141,-354,502,1268,1244,3099,696,-60,4854,5292,5756,0,0
8,0,569,-616,313,143,-359,496,1289,1294,3096,693,-60,4853,5292,5759,0,0
8,1,578,-593,312,139,-357,490,1280,1277,3098,698,-59,4849,5291,5759,0,0
8,2,569,-607,311,143,-351,494,1266,1235,3102,693,-61,4844,5293,5757,0,0
8,3,566,-628,311,149,-358,500,1247,1225,3101,690,-63,4843,5291,5753,0,0
8,4,571,-622,312,151,-365,500,1224,1227,3098,692,-62,4847,5284,5751,0,0
8,5,571,-616,310,148,-355,496,1224,1234,3100,692,-62,4849,5282,5753,0,0
8,6,571,-622,307,140,-350,497,1247,1252,3103,692,-62,4844,5279,5752,0,0
8,7,571,-622,307,141,-356,505,1260,1259,3102,692,-62,4845,5282,5751,0,0
8,8,572,-620,309,144,-357,498,1259,1258,3097,692,-62,4851,5290,5752,0,0
8,9,575,-624,309,140,-353,482,1253,1240,3094,692,-62,4848,5287,5752,0,0
8,10,571,-615,314,141,-355,485,1262,1238,3095,692,-61,4845,5284,5744,0,0
8,11,567,-601,315,145,-355,499,1294,1284,3098,692,-60,4855,5285,5744,0,0
8,12,580,-598,311,146,-355,505,1298,1295,3103,692,-60,4862,5286,5743,0,0
8,13,588,-609,310,145,-356,496,1279,1258,3099,692,-60,4855,5280,5736,0,0
8,14,575,-613,309,139,-355,484,1287,1262,3086,692,-60,4851,5281,5738,0,0
8,15,566,-606,308,129,-356,489,1301,1294,3089,692,-61,4853,5288,5745,0,0
8,16,566,-612,317,137,-358,501,1286,1293,3092,692,-62,4852,5284,5744,0,0
8,17,577,-622,313,138,-357,493,1282,1285,3090,692,-61,4853,5276,5742,0,0
8,18,580,-610,302,126,-354,475,1275,1278,3096,692,-62,4855,5277,5738,0,0
8,19,570,-595,305,130,-355,475,1264,1250,3094,692,-62,4853,5280,5728,0,0
8,20,579,-606,314,133,-356,481,1261,1244,3077,692,-62,4850,5277,5734,0,0
8,21,588,-617,316,135,-357,475,1263,1275,3075,690,-62,4855,5277,5738,0,0
8,22,580,-604,312,147,-358,470,1287,1292,3085,691,-62,4861,5280,5726,0,0
8,23,581,-608,306,149,-358,485,1327,1284,3082,695,-62,4859,5275,5725,0,0
8,24,588,-625,308,136,-361,505,1330,1291,3076,697,-62,4852,5269,5729,0,0
8,25,571,-618,313,126,-361,499,1296,1295,3083,695,-61,4851,5263,5728,0,0
8,26,560,-610,311,124,-357,494,1276,1265,3090,697,-62,4854,5263,5727,0,0
8,27,579,-620,307,128,-357,505,1279,1257,3085,699,-62,4851,5263,5723,0,0
8,28,586,-622,308,143,-358,499,1291,1287,3077,698,-60,4849,5261,5718,0,0
8,29,575,-618,308,146,-356,486,1286,1280,3078,697,-58,4849,5265,5720,0,0
8,30,577,-619,312,126,-353,497,1254,1242,3080,699,-60,4849,5265,5716,0,0
8,31,586,-615,313,124,-356,501,1250,1243,3077,697,-60,4852,5262,5711,0,0
8,32,588,-620,311,132,-361,486,1269,1265,3079,691,-60,4852,5263,5715,0,0
8,33,582,-621,308,123,-361,480,1264,1257,3084,688,-61,4847,5263,5711,0,0
8,34,573,-601,308,118,-358,481,1257,1245,3080,691,-62,4850,5263,5709,0,0
8,35,576,-599,310,128,-359,485,1294,1281,3079,691,-61,4850,5263,5711,0,0
8,36,585,-607,312,129,-359,498,1341,1341,3085,689,-61,4848,5263,5710,0,0
8,37,576,-600,309,119,-355,491,1343,1355,3089,690,-63,4846,5263,5710,0,0
8,38,561,-600,301,160,-354,472,1313,1338,3080,690,-61,4841,5263,5711,0,0
8,39,567,-607,302,244,-358,473,1291,1306,3076,690,-59,4837,5263,5708,0,0
8,40,582,-600,315,289,-360,476,1282,1261,3081,690,-60,4846,5263,5706,0,0
8,41,585,-603,315,269,-357,462,1279,1257,3082,690,-61,4849,5263,5701,0,0
8,42,577,-624,305,218,-353,471,1283,1289,3080,690,-59,4838,5262,5690,0,0
8,43,566,-622,307,185,-357,498,1285,1294,3080,690,-60,4836,5264,5692,0,0
8,44,572,-600,312,176,-358,490,1281,1273,3080,690,-62,4840,5262,5696,0,0
8,45,576,-600,309,155,-352,476,1288,1286,3079,690,-63,4836,5260,5696,0,0
8,46,568,-609,311,121,-354,489,1301,1318,3079,690,-60,4833,5262,5696,0,0
8,47,567,-604,314,119,-362,489,1307,1314,3079,690,-59,4839,5266,5692,0,0
8,48,570,-603,313,133,-360,478,1309,1291,3078,690,-63,4836,5264,5695,0,0
8,49,568,-609,316,127,-354,493,1298,1296,3078,689,-64,4826,5262,5698,0,0
8,50,567,-602,317,123,-355,507,1271,1282,3078,691,-59,4828,5263,5692,0,0
8,51,571,-602,314,126,-355,496,1248,1222,3078,690,-60,4832,5263,5686,0,0
8,52,572,-619,310,129,-354,492,1252,1219,3074,688,-63,4827,5262,5692,0,0
8,53,577,-621,310,129,-356,494,1267,1254,3073,695,-62,4823,5263,5684,0,0
8,54,585,-615,309,126,-358,483,1278,1251,3077,701,-61,4826,5262,5676,0,0
8,55,577,-617,308,127,-355,482,1300,1268,3078,697,-62,4825,5260,5685,0,0
8,56,564,-619,311,123,-355,491,1287,1286,3075,696,-62,4823,5261,5680,0,0
8,57,570,-623,311,121,-356,486,1244,1254,3075,698,-62,4824,5262,5673,0,0
8,58,576,-617,307,132,-356,473,1261,1262,3077,692,-60,4823,5262,5675,0,0
8,59,571,-604,306,124,-358,474,1303,1302,3076,688,-60,4822,5260,5675,0,0
8,60,572,-612,307,128,-362,483,1273,1274,3076,691,-60,4821,5260,5675,0,0
8,61,574,-623,313,209,-361,481,1245,1245,3078,691,-59,4821,5263,5676,0,0
8,62,570,-608,317,257,-358,476,1261,1258,3075,689,-60,4821,5259,5669,0,0
8,63,575,-591,313,191,-354,481,1254,1250,3071,690,-64,4820,5252,5666,0,0
8,64,584,-606,308,127,-355,492,1260,1246,3074,689,-63,4820,5256,5673,0,0
8,65,578,-623,311,130,-360,487,1290,1252,3071,690,-59,4817,5263,5663,0,0
8,66,570,-614,311,131,-359,476,1284,1255,3068,691,-60,4814,5262,5659,0,0
8,67,573,-602,308,119,-359,473,1279,1280,3074,688,-63,4818,5258,5665,0,0
8,68,572,-613,311,122,-360,469,1293,1280,3073,692,-62,4823,5259,5659,0,0
8,69,569,-628,308,126,-355,468,1276,1248,3067,702,-61,4821,5262,5652,0,0
8,70,573,-624,306,125,-355,474,1282,1267,3067,707,-62,4816,5254,5653,0,0
8,71,571,-613,309,130,-360,477,1315,1293,3073,708,-62,4817,5249,5653,0,0
8,72,568,-617,308,173,-360,475,1283,1251,3068,707,-62,4816,5255,5658,0,0
8,73,573,-621,306,253,-360,476,1252,1244,3057,694,-62,4814,5255,5659,0,0
8,74,572,-610,308,272,-361,477,1300,1288,3064,686,-62,4814,5247,5643,0,0
8,75,567,-607,308,201,-354,478,1334,1286,3076,692,-62,4816,5243,5646,0,0
8,76,577,-616,309,133,-354,485,1305,1281,3073,695,-62,4819,5246,5651,0,0
8,77,585,-616,312,126,-359,495,1280,1285,3068,691,-62,4816,5247,5644,0,0
8,78,575,-617,312,142,-357,499,1278,1257,3070,696,-62,4807,5248,5644,0,0
8,79,571,-619,311,151,-355,490,1287,1265,3072,697,-62,4806,5252,5646,0,0
8,80,567,-605,310,150,-354,478,1294,1291,3066,691,-62,4815,5252,5644,0,0
8,81,572,-596,312,147,-354,471,1279,1257,3059,688,-62,4812,5247,5647,0,0
8,82,584,-612,311,154,-357,467,1291,1247,3060,689,-62,4807,5244,5646,0,0
8,83,583,-621,310,150,-356,470,1322,1287,3071,697,-62,4812,5246,5631,0,0
8,84,579,-613,312,132,-356,475,1307,1283,3069,705,-62,4807,5251,5633,0,0
8,85,581,-610,312,131,-354,477,1291,1273,3063,706,-62,4805,5250,5641,0,0
8,86,579,-615,311,128,-355,483,1301,1284,3073,707,-62,4811,5241,5642,0,0
9,87,576,-619,314,128,-357,484,1290,1261,3071,704,-62,4807,5233,5640,0,0
9,88,576,-619,313,165,-355,480,1282,1247,3051,692,-62,4809,5235,5627,0,0
9,89,567,-620,306,188,-355,478,1310,1269,3055,687,-62,4809,5232,5627,0,0
9,90,570,-619,310,150,-357,478,1326,1286,3070,695,-62,4800,5230,5635,0,0
9,91,579,-620,312,119,-356,485,1321,1309,3062,698,-62,4798,5238,5627,0,-1
9,92,572,-624,308,126,-352,493,1315,1312,3056,694,-62,4802,5236,5619,0,0
9,93,572,-625,309,126,-354,486,1307,1279,3068,692,-62,4803,5232,5626,0,0
9,94,573,-617,310,121,-356,475,1314,1279,3073,689,-62,4802,5243,5619,0,0
9,95,572,-612,307,132,-354,474,1314,1300,3067,685,-62,4801,5247,5610,0,0
9,96,572,-616,308,143,-355,473,1281,1262,3058,687,-62,4801,5235,5621,0,0
9,97,569,-618,313,147,-355,467,1263,1227,3055,695,-62,4804,5228,5618,0,0
9,98,569,-620,315,186,-355,466,1299,1274,3057,697,-62,4798,5234,5613,0,0
9,99,571,-620,312,255,-355,472,1323,1312,3053,687,-62,4791,5234,5616,0,0
9,100,572,-614,308,273,-359,477,1296,1287,3047,687,-62,4797,5229,5615,0,-1
9,101,571,-617,309,244,-364,480,1295,1281,3051,696,-62,4801,5231,5616,0,0
9,102,572,-616,311,246,-359,488,1321,1306,3055,694,-62,4798,5233,5617,0,0
9,103,572,-609,309,251,-352,499,1303,1286,3053,686,-62,4790,5230,5606,0,0
9,104,571,-613,311,227,-356,500,1278,1253,3049,687,-62,4793,5228,5606,0,0
9,105,570,-618,312,214,-362,497,1282,1253,3043,691,-62,4800,5231,5613,0,0
9,106,571,-615,306,222,-357,500,1267,1253,3046,689,-62,4790,5231,5598,0,0
9,107,572,-621,309,227,-355,497,1251,1245,3049,691,-62,4785,5228,5598,0,0
9,108,571,-629,319,228,-358,494,1279,1250,3047,699,-62,4792,5227,5609,0,0
9,109,571,-616,309,235,-356,501,1300,1271,3046,700,-62,4792,5228,5604,0,0
9,110,575,-606,295,241,-355,494,1282,1282,3044,693,-62,4788,5228,5596,0,0
9,111,575,-615,304,239,-356,480,1277,1270,3043,689,-62,4791,5228,5594,0,0
9,112,571,-619,311,230,-356,489,1293,1254,3045,690,-62,4790,5228,5597,0,0
9,113,570,-609,306,227,-355,503,1303,1269,3044,689,-62,4787,5228,5599,0,0
9,114,573,-613,308,230,-353,503,1320,1305,3042,689,-62,4787,5228,5594,0,0
9,115,573,-629,313,228,-352,503,1321,1306,3043,686,-62,4789,5228,5590,0,0
9,116,570,-623,307,230,-356,503,1282,1276,3035,686,-62,4789,5227,5595,0,0
9,117,576,-615,306,231,-359,496,1261,1260,3030,692,-62,4787,5229,5590,0,0
9,118,579,-626,313,231,-359,499,1268,1247,3029,699,-62,4785,5231,5584,0,0
9,119,568,-624,313,233,-356,502,1257,1223,3026,698,-62,4784,5230,5589,0,0
9,120,563,-611,312,230,-355,498,1265,1236,3035,696,-62,4781,5230,5583,0,0
9,121,574,-613,312,229,-358,501,1297,1284,3039,698,-62,4780,5230,5582,0,0
9,122,583,-623,309,231,-361,501,1297,1284,3033,696,-62,4779,5230,5587,0,0
9,123,580,-623,304,219,-359,497,1279,1256,3036,694,-62,4775,5229,5582,0,0
9,124,570,-621,308,208,-362,497,1274,1259,3045,695,-62,4779,5229,5579,0,0
9,125,566,-617,316,217,-362,498,1279,1263,3040,691,-62,4782,5231,5584,0,0
9,126,572,-612,314,220,-352,500,1276,1238,3031,688,-62,4777,5231,5578,0,0
9,127,574,-609,309,212,-350,500,1242,1211,3023,690,-62,4770,5231,5571,0,0
9,128,568,-611,307,216,-355,497,1230,1215,3017,690,-62,4769,5229,5581,0,0
9,0,565,-621,308,219,-352,500,1259,1239,3022,685,-62,4773,5225,5577,0,0
9,1,570,-621,312,214,-357,506,1256,1253,3021,689,-62,4773,5220,5569,0,0
9,2,570,-607,315,213,-359,502,1251,1240,3015,695,-62,4766,5219,5569,0,0
9,3,568,-612,310,215,-354,502,1282,1221,3020,691,-62,4765,5223,5570,0,0
9,4,568,-628,305,216,-353,509,1263,1215,3021,687,-62,4769,5222,5570,0,0
9,5,568,-626,309,214,-356,505,1217,1225,3018,687,-62,4765,5217,5566,0,0
9,6,568,-616,311,217,-356,501,1226,1223,3025,692,-62,4759,5223,5568,0,0
9,7,571,-614,308,218,-356,506,1224,1190,3034,696,-62,4758,5229,5570,0,0
9,8,573,-617,314,214,-356,508,1220,1187,3026,693,-62,4757,5220,5570,0,0
9,9,572,-613,318,205,-354,504,1250,1222,3015,687,-62,4759,5212,5569,0,0
9,10,572,-598,310,192,-354,504,1241,1221,3019,687,-62,4760,5219,5567,0,0
9,11,572,-601,304,183,-355,515,1231,1224,3022,692,-62,4757,5229,5567,0,0
9,12,573,-609,310,184,-358,520,1285,1278,3018,696,-62,4757,5220,5567,0,0
9,13,571,-602,313,189,-358,511,1306,1283,3019,695,-62,4758,5208,5563,0,0
9,14,568,-606,305,194,-355,507,1254,1232,3022,690,-62,4756,5214,5553,0,0
9,15,572,-623,305,191,-354,507,1232,1214,3021,687,-62,4757,5214,5559,0,0
9,16,578,-625,313,181,-357,501,1222,1199,3018,688,-62,4757,5209,5559,0,0
9,17,573,-622,313,176,-357,501,1211,1182,3021,687,-62,4751,5216,5551,0,0
9,18,567,-622,307,173,-356,511,1265,1227,3024,687,-62,4751,5219,5557,0,0
9,19,580,-617,310,150,-356,512,1306,1274,3021,687,-62,4751,5211,5554,0,0
9,20,581,-617,314,128,-357,503,1280,1252,3018,687,-62,4746,5206,5551,0,0
9,21,569,-619,313,124,-356,504,1251,1215,3019,687,-62,4742,5206,5553,0,0
9,22,566,-623,314,123,-356,518,1257,1219,3019,687,-62,4743,5212,5551,0,0
9,23,568,-623,313,125,-358,518,1277,1254,3018,687,-62,4749,5215,5550,0,0
9,24,569,-610,307,129,-359,498,1288,1264,3020,687,-62,4748,5203,5551,0,0
9,25,572,-609,306,122,-355,492,1256,1223,3021,687,-62,4745,5198,5551,0,0
9,26,573,-620,311,129,-351,504,1213,1182,3018,687,-62,4743,5205,5551,0,0
9,27,568,-617,315,147,-353,508,1235,1198,3016,687,-62,4740,5202,5551,0,0
9,28,567,-615,312,143,-355,503,1252,1230,3019,687,-62,4739,5204,5544,0,0
9,29,570,-626,310,127,-353,501,1230,1217,3018,687,-62,4740,5210,5545,0,0
9,30,571,-621,308,127,-352,500,1241,1194,3014,687,-62,4736,5207,5546,0,0
9,31,569,-611,307,138,-353,501,1265,1192,3013,687,-62,4731,5202,5536,0,0
9,32,566,-625,311,153,-350,506,1246,1193,3012,687,-62,4733,5199,5536,0,0
9,33,566,-626,317,152,-354,509,1227,1198,3013,687,-61,4732,5201,5534,0,0
9,34,573,-604,312,128,-359,503,1251,1211,3016,687,-62,4731,5202,5536,0,0
9,35,579,-606,304,119,-357,500,1254,1207,3015,687,-65,4731,5198,5539,0,0
9,36,575,-619,309,130,-355,510,1229,1194,3013,687,-65,4726,5198,5531,0,0
9,37,568,-609,319,124,-355,511,1219,1198,3010,687,-64,4727,5201,5527,0,0
9,38,571,-608,320,120,-356,500,1220,1189,3011,687,-63,4728,5202,5534,0,0
9,39,574,-621,308,125,-357,498,1220,1178,3014,687,-64,4725,5201,5530,0,0
9,40,570,-619,297,125,-359,505,1244,1207,3015,687,-63,4724,5199,5518,0,0
9,41,571,-612,307,126,-357,505,1280,1234,3012,687,-63,4725,5199,5525,0,0
9,42,571,-614,320,126,-354,502,1273,1226,3008,687,-64,4726,5198,5524,0,0
9,43,569,-614,313,125,-357,503,1251,1221,3010,687,-64,4722,5198,5523,0,0
9,44,569,-618,307,127,-356,504,1260,1233,3016,687,-64,4723,5198,5527,0,0
9,45,570,-627,315,126,-355,499,1265,1232,3016,687,-64,4726,5198,5519,0,0
9,46,570,-624,313,122,-361,496,1248,1220,3009,687,-64,4721,5197,5518,0,0
9,47,572,-614,307,131,-363,501,1247,1224,3012,687,-64,4713,5199,5521,0,0
9,48,572,-612,311,137,-357,505,1258,1217,3014,687,-64,4714,5200,5518,0,0
9,49,573,-619,317,130,-354,500,1245,1192,3003,687,-64,4717,5193,5519,0,0
9,50,571,-617,315,130,-356,500,1246,1198,3004,687,-64,4715,5195,5523,0,0
9,51,564,-601,312,138,-358,512,1277,1238,3012,687,-64,4716,5203,5511,0,0
9,52,574,-602,311,141,-358,507,1297,1262,3011,687,-64,4714,5196,5511,0,0
9,53,583,-606,308,133,-358,494,1274,1249,3009,687,-64,4709,5185,5517,0,-1
9,54,572,-601,309,129,-361,499,1244,1226,3009,687,-64,4704,5187,5503,0,-1
9,55,563,-603,314,132,-356,510,1263,1222,3014,687,-64,4701,5191,5501,0,0
9,56,570,-603,314,131,-348,511,1287,1227,3011,687,-64,4701,5188,5506,0,0
9,57,581,-601,309,131,-356,509,1267,1206,2993,687,-64,4705,5188,5505,0,0
9,58,581,-607,306,135,-364,505,1243,1180,2990,687,-64,4702,5190,5504,0,0
9,59,570,-605,309,134,-356,500,1250,1187,3007,687,-64,4694,5190,5501,-1,0
9,60,563,-600,313,127,-353,498,1259,1206,3016,687,-64,4697,5190,5495,0,0
9,61,568,-614,312,128,-359,498,1258,1213,3003,687,-64,4698,5187,5502,-1,0
9,62,573,-622,310,129,-356,498,1259,1220,2988,687,-64,4692,5188,5501,0,0
9,63,567,-614,309,127,-350,499,1251,1227,2993,687,-64,4692,5190,5491,0,0
9,64,571,-620,308,132,-358,501,1253,1230,3004,687,-64,4693,5181,5496,0,0
9,65,581,-619,310,132,-362,505,1274,1231,2996,687,-64,4690,5177,5494,0,0
9,66,578,-610,315,130,-354,507,1272,1208,2984,687,-64,4693,5185,5487,0,0
9,67,567,-613,313,130,-352,500,1249,1188,2990,687,-64,4695,5192,5491,0,0
9,68,565,-614,309,129,-356,494,1247,1204,2989,687,-64,4689,5188,5491,0,0
9,69,567,-601,313,129,-354,497,1259,1229,2987,687,-64,4688,5178,5482,0,0
9,70,571,-597,310,130,-353,499,1260,1225,2991,687,-64,4689,5177,5484,0,0
9,71,580,-611,305,129,-356,499,1257,1197,2988,687,-64,4686,5175,5486,0,0
9,72,575,-623,311,128,-356,497,1259,1198,2991,687,-64,4681,5172,5476,0,0
9,73,565,-625,318,127,-354,499,1259,1217,2993,687,-64,4676,5184,5478,0,0
9,74,571,-624,316,127,-355,508,1259,1205,2990,687,-64,4682,5189,5478,0,0
9,75,576,-617,311,130,-355,511,1256,1192,2990,687,-64,4682,5172,5478,0,0
9,76,572,-609,310,130,-357,504,1254,1215,2989,687,-64,4675,5163,5480,0,0
9,77,568,-612,311,130,-357,498,1258,1234,2990,687,-64,4680,5172,5474,0,0
9,78,568,-612,312,137,-352,503,1256,1209,2990,687,-64,4687,5171,5469,0,0
9,79,572,-608,311,136,-357,508,1230,1178,2989,687,-64,4677,5170,5473,0,0
9,80,574,-614,308,130,-361,506,1211,1189,2990,687,-64,4670,5172,5471,0,0
9,81,571,-618,306,130,-355,500,1244,1228,2991,687,-64,4671,5169,5462,0,0
9,82,568,-618,308,132,-353,495,1260,1217,2989,687,-64,4670,5172,5467,0,0
9,83,568,-618,312,133,-358,495,1220,1153,2987,687,-64,4670,5171,5463,0,0
9,84,570,-618,309,130,-357,498,1225,1161,2986,687,-64,4671,5169,5459,0,0
9,85,571,-615,310,131,-353,502,1252,1225,2986,687,-64,4671,5171,5462,0,0
9,86,570,-616,316,137,-354,504,1230,1213,2987,687,-64,4671,5169,5457,0,0
