0,93,505,-475,313,-35,-360,-595,122,-352,219,650,-229,531,67,-154,0,0
0,94,502,-475,318,-35,-362,-588,136,-364,213,650,-229,525,65,-152,0,0
0,95,503,-472,314,-36,-355,-577,156,-343,217,650,-230,522,62,-151,0,0
0,96,506,-475,313,-35,-353,-568,153,-319,219,650,-233,524,62,-156,0,0
0,97,508,-480,317,-35,-359,-576,151,-320,214,650,-232,525,62,-161,0,0
0,98,505,-474,315,-36,-357,-584,163,-301,220,650,-232,528,63,-153,0,0
0,99,497,-469,311,-34,-350,-577,149,-297,222,650,-233,525,63,-149,0,0
0,100,500,-476,313,-33,-355,-575,115,-347,212,650,-230,525,63,-156,0,0
0,101,505,-480,311,-34,-361,-592,116,-358,210,650,-229,534,63,-157,0,0
0,102,501,-474,309,-35,-361,-597,131,-328,216,650,-231,535,63,-152,0,0
0,103,502,-475,314,-34,-360,-591,121,-343,216,650,-233,527,63,-157,0,0
0,104,508,-477,317,-35,-356,-596,122,-360,212,650,-232,529,63,-159,0,0
0,105,505,-481,315,-36,-356,-595,143,-339,216,650,-232,537,63,-155,0,0
0,106,502,-485,312,-33,-361,-592,150,-331,220,650,-232,530,63,-153,0,0
0,107,508,-481,311,-36,-361,-593,143,-339,215,650,-232,524,63,-156,0,0
0,108,507,-476,310,-39,-359,-587,152,-338,211,650,-232,528,63,-159,0,0
0,109,500,-477,311,-33,-362,-588,170,-319,212,650,-232,526,63,-158,0,0
0,110,500,-483,312,-38,-356,-591,166,-303,213,649,-232,524,63,-154,0,0
0,111,506,-484,313,-48,-351,-589,153,-313,213,649,-232,532,63,-154,0,0
0,112,508,-483,315,-39,-355,-591,154,-335,206,650,-232,535,63,-157,0,0
0,113,503,-487,315,-31,-353,-598,154,-340,198,650,-232,531,63,-154,0,0
0,114,500,-488,313,-38,-352,-596,150,-320,204,649,-232,533,63,-152,0,0
0,115,503,-492,310,-36,-362,-592,156,-304,210,652,-232,534,63,-154,0,0
0,116,506,-491,309,-28,-362,-592,158,-313,200,655,-232,528,63,-160,0,0
0,117,505,-483,312,-34,-354,-594,148,-336,193,654,-232,523,63,-163,0,0
0,118,504,-484,316,-36,-358,-590,143,-354,201,651,-232,529,63,-156,0,0
0,119,505,-488,314,-30,-362,-574,151,-350,201,651,-232,534,63,-155,1,0
0,120,508,-489,310,-42,-360,-580,154,-338,195,651,-232,525,63,-159,1,-1
0,121,506,-488,311,-48,-360,-594,136,-338,198,651,-232,515,63,-155,1,-1
0,122,502,-487,313,-38,-361,-585,132,-315,203,651,-232,524,63,-156,1,-1
0,123,503,-488,315,-42,-360,-581,153,-300,196,651,-233,527,63,-159,1,-1
0,124,506,-488,312,-50,-358,-596,151,-373,191,653,-232,516,63,-155,1,-1
0,125,506,-487,310,-37,-358,-599,134,-433,195,656,-227,517,63,-153,1,0
0,126,502,-483,312,-28,-361,-596,136,-406,199,653,-228,533,63,-156,1,-1
0,127,502,-481,315,-35,-360,-598,133,-397,204,649,-231,537,63,-157,1,0
0,128,509,-485,311,-35,-357,-595,120,-415,209,650,-230,527,63,-156,1,-1
0,0,514,-490,306,-33,-364,-587,124,-377,207,652,-228,524,63,-157,1,0
0,1,511,-487,308,-36,-364,-577,125,-342,211,651,-229,524,63,-157,1,0
0,2,508,-487,314,-34,-350,-579,124,-351,221,650,-229,527,63,-159,1,0
0,3,508,-493,313,-37,-353,-594,142,-354,219,649,-229,531,63,-158,1,0
0,4,507,-489,311,-36,-360,-595,157,-355,209,649,-229,524,63,-156,1,0
0,5,502,-492,314,-33,-352,-589,156,-359,208,650,-229,512,63,-156,1,0
0,6,501,-504,315,-33,-353,-591,152,-352,213,649,-229,521,63,-153,1,0
0,7,502,-501,313,-36,-363,-592,156,-350,216,649,-229,538,63,-152,0,0
0,8,503,-492,312,-38,-361,-593,158,-353,216,650,-229,536,63,-154,0,0
0,9,505,-489,313,-34,-356,-597,153,-348,215,650,-229,529,63,-154,0,0
0,10,506,-490,314,-31,-360,-593,157,-343,207,650,-229,530,63,-158,0,0
0,11,504,-494,312,-34,-358,-589,174,-348,196,650,-229,535,63,-162,0,0
0,12,501,-496,307,-38,-356,-594,168,-350,196,650,-229,533,63,-158,0,0
0,13,504,-496,308,-36,-359,-588,151,-353,194,650,-229,521,63,-154,-1,0
0,14,506,-499,311,-35,-356,-576,166,-356,185,650,-229,521,63,-158,-1,0
0,15,502,-495,309,-38,-357,-583,184,-351,186,650,-229,529,63,-160,-1,0
0,16,501,-484,307,-36,-362,-597,173,-356,188,650,-229,526,63,-158,-1,0
0,17,504,-480,311,-33,-363,-594,173,-341,186,650,-229,525,63,-160,-1,0
0,18,504,-488,310,-33,-363,-590,189,-309,193,650,-229,533,63,-159,-1,0
0,19,501,-484,310,-33,-362,-596,182,-344,199,650,-229,534,63,-158,-1,0
0,20,503,-472,310,-32,-357,-596,171,-387,199,650,-231,532,63,-161,-1,0
0,21,505,-474,309,-36,-354,-593,175,-363,202,650,-232,540,63,-159,-1,0
0,22,503,-479,308,-37,-357,-592,165,-351,199,650,-232,542,63,-155,-2,0
0,23,503,-477,309,-33,-359,-592,159,-372,188,650,-232,538,63,-158,-2,0
0,24,505,-476,312,-33,-357,-593,176,-353,190,650,-232,543,63,-162,-2,0
0,25,503,-475,311,-37,-356,-595,186,-330,195,650,-232,548,63,-160,-2,0
0,26,501,-474,312,-37,-357,-595,187,-346,188,650,-232,550,63,-160,-2,0
0,27,505,-473,312,-34,-360,-592,193,-332,184,650,-232,547,63,-158,-2,0
0,28,505,-468,309,-34,-360,-592,196,-313,190,650,-232,546,63,-153,-2,0
0,29,501,-469,310,-36,-363,-594,186,-348,191,650,-232,549,63,-160,-2,0
0,30,501,-473,313,-36,-363,-592,166,-374,186,650,-232,546,63,-166,-2,0
0,31,504,-467,315,-34,-359,-593,155,-357,184,650,-232,547,63,-158,-2,0
0,32,505,-463,313,-33,-358,-595,174,-357,185,650,-232,554,63,-157,-1,-1
0,33,505,-460,313,-34,-359,-595,184,-371,186,650,-232,551,61,-164,-1,-1
0,34,504,-449,316,-36,-358,-593,162,-368,187,650,-232,547,61,-162,-1,-1
0,35,504,-452,317,-37,-358,-594,162,-378,186,650,-232,552,61,-158,-1,-1
0,36,507,-461,313,-33,-358,-588,189,-391,184,650,-232,551,61,-161,-1,-1
0,37,507,-453,310,-31,-360,-584,182,-378,186,650,-232,552,61,-157,-1,-1
0,38,504,-442,313,-32,-360,-583,151,-383,186,650,-232,565,61,-155,-1,-1
0,39,503,-447,314,-32,-357,-576,156,-403,184,650,-232,566,61,-161,-1,-1
0,40,506,-450,309,-34,-355,-578,188,-377,183,650,-232,553,61,-163,-1,-1
0,41,505,-444,310,-35,-358,-592,194,-339,183,650,-232,550,61,-161,-1,-1
0,42,504,-437,316,-34,-357,-600,179,-363,180,650,-232,549,61,-162,0,-1
0,43,505,-443,311,-33,-351,-597,186,-397,173,650,-232,544,61,-162,0,-1
0,44,506,-446,306,-34,-353,-594,213,-349,180,650,-232,548,61,-161,0,-1
0,45,504,-439,313,-35,-360,-595,219,-309,188,650,-232,552,61,-159,0,-1
0,46,505,-440,316,-36,-360,-584,210,-358,182,650,-232,552,61,-158,0,-1
0,47,506,-443,311,-37,-355,-566,204,-406,178,650,-232,551,61,-159,0,-1
0,48,504,-440,310,-36,-357,-572,208,-389,183,650,-232,551,61,-156,0,-1
0,49,506,-439,312,-34,-361,-585,218,-354,186,650,-232,552,61,-157,0,-1
0,50,509,-440,309,-33,-361,-579,218,-355,183,650,-232,548,62,-162,0,0
0,51,507,-436,310,-32,-358,-584,207,-381,180,650,-232,543,63,-162,0,0
0,52,501,-436,315,-34,-358,-599,218,-370,181,650,-232,548,63,-158,0,0
0,53,501,-436,313,-34,-359,-596,234,-327,185,650,-232,554,62,-156,0,0
0,54,506,-428,311,-31,-361,-591,228,-329,185,650,-232,547,62,-155,0,-1
0,55,507,-428,315,-33,-358,-598,237,-336,187,650,-232,542,63,-157,0,0
0,56,503,-431,311,-37,-355,-588,259,-315,183,650,-232,546,63,-163,0,0
0,57,502,-433,307,-34,-356,-569,236,-365,166,650,-232,538,63,-161,0,0
0,58,502,-432,312,-33,-358,-565,207,-440,159,650,-232,532,63,-158,0,0
0,59,502,-425,313,-34,-362,-569,220,-419,173,650,-232,533,63,-163,0,0
0,60,505,-419,310,-32,-363,-567,240,-363,184,650,-232,537,63,-160,0,0
0,61,503,-420,317,-32,-360,-566,242,-346,182,650,-232,537,63,-153,0,0
0,62,501,-421,316,-34,-357,-570,240,-352,181,650,-232,528,63,-157,0,0
0,63,504,-416,306,-32,-358,-571,232,-369,185,650,-232,531,63,-160,0,0
0,64,506,-414,307,-32,-360,-565,246,-339,188,650,-232,535,63,-155,0,0
0,65,504,-409,312,-34,-356,-562,283,-300,187,650,-232,527,63,-156,0,-1
0,66,502,-406,309,-33,-353,-563,276,-328,185,650,-232,525,63,-158,0,0
0,67,501,-407,308,-33,-357,-553,237,-362,187,649,-232,535,63,-158,0,-1
0,68,501,-405,313,-34,-357,-537,230,-376,183,649,-232,541,63,-157,0,-1
0,69,502,-406,314,-32,-353,-545,248,-401,176,650,-232,536,63,-156,0,-1
0,70,501,-405,309,-34,-361,-564,261,-384,182,649,-232,535,63,-153,0,-1
0,71,502,-394,311,-36,-369,-568,274,-335,189,649,-232,537,63,-159,0,-1
0,72,504,-390,314,-33,-362,-569,283,-337,181,652,-232,536,63,-164,0,-1
0,73,505,-396,312,-32,-357,-584,275,-346,179,653,-232,538,63,-158,0,0
0,74,505,-393,310,-33,-360,-593,269,-334,188,650,-232,541,63,-155,0,-1
0,75,502,-386,315,-33,-358,-582,270,-338,189,648,-232,538,63,-158,0,-1
0,76,502,-383,316,-33,-355,-568,282,-322,185,651,-232,535,63,-157,0,-1
0,77,508,-385,313,-34,-360,-568,303,-269,190,653,-232,547,64,-155,0,-1
0,78,509,-386,311,-34,-364,-568,305,-251,197,654,-232,556,65,-158,0,-1
0,79,504,-384,309,-34,-361,-559,288,-323,193,656,-233,547,65,-157,0,-1
0,80,505,-376,310,-34,-356,-559,285,-394,190,654,-229,547,65,-156,0,-1
0,81,503,-373,312,-33,-357,-561,299,-379,195,650,-225,552,64,-161,0,-1
0,82,498,-375,309,-32,-358,-559,296,-347,197,649,-229,543,63,-161,0,-1
0,83,501,-377,311,-33,-355,-560,284,-350,197,649,-232,545,63,-156,0,-1
0,84,505,-381,314,-34,-357,-558,313,-322,200,649,-229,563,63,-157,0,-1
0,85,504,-375,312,-33,-361,-558,342,-280,201,649,-228,563,63,-157,0,-1
0,86,504,-371,310,-34,-357,-566,331,-269,198,649,-229,558,63,-155,0,-1
0,87,506,-377,314,-34,-352,-570,323,-255,200,649,-229,562,63,-154,0,-1
0,88,504,-377,318,-32,-355,-568,337,-255,199,649,-229,563,63,-151,0,-1
0,89,503,-375,315,-35,-357,-583,344,-283,193,649,-229,564,63,-157,0,-1
0,90,504,-374,312,-34,-359,-594,328,-311,187,649,-229,561,65,-164,0,-1
0,91,508,-374,314,-33,-357,-583,305,-351,186,649,-229,556,65,-160,0,-1
0,92,504,-379,313,-36,-352,-574,294,-375,189,649,-229,560,63,-158,0,0
0,93,497,-378,313,-36,-353,-575,316,-339,188,649,-229,561,63,-161,0,0
1,94,503,-370,316,-32,-355,-566,347,-293,185,649,-229,559,63,-157,0,0
1,95,509,-369,310,-33,-355,-560,343,-293,190,649,-229,566,63,-155,0,0
1,96,505,-375,304,-34,-357,-563,329,-296,200,649,-229,569,63,-159,0,0
1,97,504,-369,314,-32,-358,-562,340,-283,204,649,-229,563,63,-160,0,0
1,98,502,-368,320,-34,-356,-552,358,-281,200,649,-229,564,63,-157,0,0
1,99,502,-376,310,-37,-355,-539,357,-290,198,649,-229,567,63,-157,0,0
1,100,508,-374,307,-33,-362,-536,346,-289,201,649,-229,569,63,-159,0,-1
1,101,510,-366,313,-31,-361,-538,337,-294,199,649,-229,569,63,-158,0,0
1,102,505,-370,313,-32,-353,-529,337,-319,189,649,-229,567,63,-153,0,0
1,103,503,-377,309,-33,-358,-532,348,-323,189,649,-229,567,63,-152,0,0
1,104,503,-365,309,-33,-367,-558,358,-301,195,649,-229,569,63,-155,0,0
1,105,504,-360,313,-35,-359,-557,356,-301,192,649,-229,570,63,-156,0,0
1,106,506,-372,315,-34,-351,-540,339,-316,184,649,-229,575,63,-157,0,0
1,107,504,-368,313,-32,-359,-555,341,-311,186,649,-229,577,63,-158,0,0
1,108,504,-362,312,-33,-360,-565,355,-300,188,649,-229,575,63,-157,0,0
1,109,506,-371,315,-34,-357,-548,346,-306,184,649,-229,575,63,-159,0,0
1,110,505,-371,317,-32,-360,-530,339,-300,189,649,-229,575,63,-159,0,0
1,111,504,-363,314,-32,-362,-533,363,-291,189,649,-229,582,63,-160,0,0
1,112,505,-361,311,-34,-360,-550,370,-301,167,649,-229,596,63,-161,0,0
1,113,507,-360,307,-32,-358,-554,352,-309,150,649,-229,597,63,-161,0,0
1,114,509,-356,307,-28,-358,-543,351,-310,149,649,-229,590,63,-159,0,0
1,115,507,-359,310,-33,-359,-543,357,-328,147,649,-229,594,63,-161,0,0
1,116,504,-361,315,-36,-356,-549,353,-336,147,649,-229,596,63,-162,0,0
1,117,504,-362,316,-32,-355,-547,341,-323,154,649,-229,594,63,-159,0,0
1,118,504,-363,307,-32,-359,-549,339,-321,151,649,-229,597,63,-157,0,0
1,119,508,-357,306,-34,-362,-547,364,-301,150,649,-229,600,63,-160,0,0
1,120,508,-353,313,-33,-361,-536,388,-267,156,649,-229,596,63,-162,0,0
1,121,501,-357,315,-33,-362,-538,383,-267,153,649,-229,594,64,-160,0,0
1,122,501,-356,311,-35,-357,-542,366,-295,150,649,-229,596,63,-158,0,0
1,123,506,-350,312,-33,-353,-541,353,-326,154,649,-229,599,63,-160,0,0
1,124,505,-353,315,-32,-357,-537,357,-345,155,649,-229,599,64,-160,0,0
1,125,504,-354,313,-33,-357,-535,378,-338,151,649,-229,592,62,-158,0,0
1,126,507,-354,313,-34,-352,-545,385,-321,152,649,-229,601,58,-160,0,0
1,127,502,-358,313,-34,-357,-549,372,-320,157,649,-229,615,60,-158,0,0
1,128,498,-353,314,-33,-363,-544,361,-321,157,649,-229,613,64,-158,0,0
1,0,501,-344,313,-34,-356,-541,358,-317,155,649,-229,611,63,-160,0,0
1,1,502,-342,311,-34,-351,-541,360,-311,155,649,-229,613,60,-158,0,0
1,2,504,-341,309,-32,-355,-538,374,-296,154,649,-229,615,61,-157,0,0
1,3,504,-339,312,-32,-360,-534,397,-272,147,649,-229,614,60,-158,0,0
1,4,499,-341,314,-34,-361,-532,395,-265,148,649,-229,612,58,-155,0,-1
1,5,498,-342,315,-34,-358,-532,372,-298,156,649,-229,612,57,-152,0,0
1,6,505,-335,315,-30,-357,-532,372,-330,146,649,-229,611,57,-154,0,0
1,7,505,-329,312,-32,-359,-527,386,-326,133,649,-229,610,60,-157,0,0
1,8,502,-331,309,-34,-362,-524,383,-320,145,649,-229,611,61,-159,0,-1
1,9,502,-332,312,-33,-358,-529,377,-327,156,649,-229,614,59,-156,0,-1
1,10,501,-328,314,-33,-357,-531,384,-318,152,649,-229,617,60,-156,0,0
1,11,504,-320,312,-33,-360,-539,385,-309,151,649,-229,618,62,-160,0,0
1,12,508,-322,311,-32,-360,-556,382,-310,158,649,-229,613,59,-156,0,0
1,13,506,-328,313,-33,-358,-564,382,-295,159,649,-229,614,60,-153,0,0
1,14,505,-325,313,-33,-359,-555,382,-274,155,649,-229,626,64,-161,0,0
1,15,509,-322,312,-31,-361,-544,393,-274,150,649,-229,623,63,-163,0,0
1,16,503,-325,312,-32,-355,-540,414,-284,151,649,-229,620,60,-156,0,0
1,17,494,-326,311,-33,-352,-542,414,-286,157,649,-229,624,63,-154,0,0
1,18,500,-323,310,-33,-358,-541,384,-311,156,649,-229,622,61,-158,0,0
1,19,505,-322,310,-34,-363,-530,371,-332,151,649,-229,624,57,-156,0,0
1,20,503,-321,313,-31,-361,-528,388,-310,151,649,-229,624,62,-155,0,0
1,21,505,-319,314,-30,-360,-538,400,-295,147,649,-229,621,55,-161,-1,0
1,22,508,-321,311,-32,-362,-542,400,-307,141,649,-229,623,44,-160,0,0
1,23,505,-322,310,-34,-361,-539,409,-295,150,649,-229,625,53,-154,0,0
1,24,502,-318,311,-33,-355,-535,420,-265,158,649,-229,625,62,-157,-1,0
1,25,503,-317,312,-32,-353,-533,414,-269,154,649,-229,623,61,-160,0,0
1,26,508,-325,314,-32,-359,-535,417,-280,151,649,-229,623,54,-157,-1,0
1,27,506,-324,313,-36,-365,-540,428,-276,143,649,-229,623,50,-158,0,0
1,28,496,-315,312,-35,-357,-538,419,-267,142,649,-229,627,55,-160,0,0
1,29,498,-317,313,-32,-353,-530,405,-279,148,649,-229,631,63,-157,0,0
1,30,510,-318,311,-32,-362,-527,407,-312,135,649,-229,631,61,-154,0,0
1,31,511,-313,307,-33,-362,-531,413,-322,125,649,-229,628,56,-159,0,0
1,32,501,-317,310,-34,-354,-535,415,-287,139,649,-229,624,58,-162,0,0
1,33,499,-318,313,-34,-356,-535,418,-266,145,649,-229,624,61,-161,0,0
1,34,505,-317,311,-34,-360,-531,411,-288,135,649,-229,624,55,-160,0,0
1,35,506,-316,309,-34,-360,-527,388,-309,132,649,-229,625,48,-161,0,0
1,36,503,-312,312,-34,-361,-531,383,-296,128,649,-229,624,57,-160,0,0
1,37,505,-310,314,-33,-356,-536,407,-261,127,649,-229,624,68,-156,0,0
1,38,509,-311,314,-30,-352,-529,419,-249,135,649,-229,627,63,-155,0,0
1,39,507,-309,314,-30,-356,-522,407,-275,137,649,-229,628,59,-155,0,-1
1,40,503,-309,315,-33,-355,-530,411,-297,131,649,-229,624,64,-154,0,0
1,41,503,-311,316,-35,-355,-539,420,-286,126,649,-229,625,64,-156,0,-1
1,42,503,-307,313,-33,-360,-540,415,-270,128,649,-229,625,62,-156,0,0
1,43,502,-308,310,-31,-361,-539,407,-292,129,649,-229,610,61,-155,0,0
1,44,503,-311,312,-32,-359,-538,398,-316,129,649,-229,594,61,-155,0,0
1,45,505,-302,313,-31,-358,-535,401,-295,138,649,-229,593,62,-155,0,0
1,46,506,-296,310,-31,-357,-537,417,-274,149,649,-229,597,62,-155,0,0
1,47,507,-297,309,-33,-357,-540,421,-279,141,649,-229,592,61,-157,0,0
1,48,506,-299,312,-34,-360,-541,415,-275,137,649,-229,588,60,-160,0,0
1,49,503,-296,314,-33,-361,-543,405,-278,144,649,-229,590,58,-157,0,0
1,50,504,-295,314,-33,-360,-540,395,-309,134,649,-229,593,53,-155,0,0
1,51,504,-299,313,-33,-357,-536,400,-303,126,649,-229,591,56,-158,0,0
1,52,500,-300,312,-33,-355,-538,412,-271,137,649,-229,589,61,-161,0,0
1,53,504,-296,312,-33,-357,-542,413,-284,145,649,-229,590,62,-160,0,0
1,54,509,-293,311,-33,-360,-541,405,-298,137,649,-229,591,59,-157,0,0
1,55,504,-290,308,-33,-359,-539,395,-286,134,649,-229,588,57,-158,0,0
1,56,500,-292,310,-32,-357,-535,398,-307,134,649,-229,593,59,-159,0,0
1,57,501,-295,313,-32,-356,-546,406,-326,127,649,-229,599,62,-156,0,0
1,58,502,-288,312,-31,-355,-558,415,-294,134,649,-229,597,61,-155,0,0
1,59,504,-281,313,-31,-356,-553,433,-262,146,649,-229,592,58,-157,0,0
1,60,502,-283,313,-33,-357,-551,445,-257,142,649,-229,593,61,-157,0,0
1,61,502,-284,309,-33,-358,-553,444,-255,140,649,-229,598,62,-156,0,0
1,62,507,-284,310,-33,-361,-546,441,-273,142,649,-230,598,60,-157,0,0
1,63,505,-283,312,-35,-362,-537,438,-273,138,649,-232,603,61,-156,0,0
1,64,500,-278,312,-34,-356,-544,426,-244,144,649,-233,619,61,-154,0,0
1,65,505,-276,310,-31,-356,-556,414,-268,148,649,-232,627,61,-158,0,0
1,66,509,-277,309,-31,-361,-559,410,-313,134,649,-232,623,63,-158,0,0
1,67,507,-276,310,-33,-358,-560,417,-299,130,649,-233,623,63,-157,0,0
1,68,507,-276,311,-32,-356,-561,422,-285,140,649,-232,626,63,-159,0,0
1,69,506,-274,311,-30,-357,-556,411,-309,134,649,-232,621,64,-160,0,0
1,70,504,-266,310,-33,-358,-550,417,-306,126,649,-233,620,62,-156,0,0
1,71,504,-259,311,-35,-357,-550,423,-290,133,649,-231,622,58,-155,0,0
1,72,506,-260,310,-32,-358,-544,414,-290,135,649,-230,620,59,-159,0,0
1,73,507,-260,308,-31,-360,-535,420,-280,135,648,-231,621,62,-157,0,0
1,74,506,-254,310,-35,-359,-539,422,-281,139,649,-230,624,61,-156,0,0
1,75,504,-253,316,-34,-357,-539,413,-289,138,652,-229,617,60,-161,0,0
1,76,503,-257,316,-32,-357,-536,416,-275,144,652,-230,609,63,-161,0,0
1,77,505,-253,312,-35,-360,-543,417,-269,152,650,-231,615,63,-158,0,0
1,78,503,-245,309,-36,-362,-543,415,-282,144,649,-232,624,61,-160,0,0
1,79,502,-243,309,-33,-361,-531,436,-276,137,649,-232,623,63,-161,0,0
1,80,509,-246,311,-32,-355,-536,451,-271,143,651,-232,621,65,-156,0,0
1,81,511,-247,314,-32,-354,-554,437,-294,133,651,-232,624,65,-154,0,0
1,82,503,-247,313,-33,-357,-547,441,-296,124,651,-232,624,64,-157,0,0
1,83,501,-251,308,-33,-353,-527,454,-266,138,651,-232,622,65,-161,0,0
1,84,506,-259,307,-32,-355,-528,433,-267,136,652,-232,622,65,-161,0,0
1,85,505,-259,310,-33,-358,-536,412,-296,122,651,-232,623,65,-161,0,0
1,86,504,-258,312,-33,-354,-533,414,-291,131,651,-232,623,65,-163,0,0
1,87,506,-264,312,-33,-357,-533,417,-273,140,654,-232,624,65,-162,0,0
1,88,503,-267,309,-34,-358,-544,412,-273,134,654,-232,627,64,-156,0,0
1,89,502,-264,310,-35,-355,-548,412,-276,136,652,-232,627,63,-153,0,0
1,90,507,-267,310,-34,-357,-550,410,-306,143,651,-232,623,63,-160,0,0
1,91,505,-277,312,-33,-358,-549,406,-350,136,652,-232,622,63,-164,0,0
1,92,501,-283,315,-33,-354,-539,414,-347,127,651,-232,627,63,-158,0,0
1,93,501,-285,312,-32,-357,-534,415,-310,137,651,-232,619,63,-159,0,0
2,94,504,-280,310,-35,-364,-536,411,-297,146,651,-232,613,63,-163,0,0
2,95,506,-275,313,-35,-359,-534,428,-298,138,651,-232,618,63,-162,0,0
2,96,504,-284,313,-32,-351,-531,446,-286,128,651,-232,618,63,-161,0,0
2,97,502,-290,310,-33,-353,-539,436,-274,136,651,-232,615,63,-161,0,0
2,98,506,-285,314,-33,-362,-550,427,-276,144,651,-232,617,63,-160,0,0
2,99,509,-284,315,-33,-362,-561,437,-292,131,652,-232,617,63,-159,0,0
2,100,502,-289,310,-33,-357,-567,441,-300,126,652,-232,618,63,-162,0,0
2,101,499,-286,310,-33,-362,-562,443,-266,141,650,-232,627,63,-162,0,0
2,102,504,-286,314,-34,-364,-556,444,-234,136,653,-232,625,63,-156,0,0
2,103,507,-291,313,-31,-358,-556,430,-282,124,657,-232,618,62,-158,0,0
2,104,506,-289,312,-26,-357,-560,421,-335,129,655,-232,624,61,-164,0,0
2,105,502,-287,313,-29,-358,-563,439,-299,130,650,-232,625,61,-160,0,0
2,106,503,-290,311,-34,-354,-560,451,-259,127,648,-232,615,61,-157,0,0
2,107,506,-289,309,-34,-354,-551,447,-278,132,649,-232,615,62,-163,0,0
2,108,506,-285,315,-33,-358,-544,447,-281,127,650,-232,624,63,-163,0,0
2,109,504,-285,315,-33,-355,-539,450,-258,123,644,-232,615,63,-160,0,0
2,110,503,-290,309,-32,-354,-536,449,-247,143,633,-232,607,63,-163,0,0
2,111,503,-292,311,-33,-358,-545,449,-238,151,631,-232,610,63,-160,0,0
2,112,503,-287,312,-34,-360,-552,448,-238,134,644,-232,611,63,-159,0,0
2,113,503,-278,309,-32,-358,-552,449,-249,131,656,-232,615,63,-164,0,0
2,114,501,-282,309,-34,-354,-551,449,-270,145,656,-232,625,63,-165,0,0
2,115,503,-295,311,-31,-354,-541,444,-294,144,650,-232,628,63,-159,0,0
2,116,502,-295,310,-28,-362,-530,441,-291,131,650,-232,617,63,-159,0,0
2,117,499,-287,311,-31,-365,-538,434,-274,131,653,-232,613,63,-164,0,0
2,118,504,-287,313,-34,-360,-542,419,-285,134,651,-232,617,63,-161,0,0
2,119,506,-290,313,-33,-359,-529,428,-288,129,651,-233,615,63,-158,0,0
2,120,501,-293,314,-32,-359,-526,453,-246,130,651,-231,612,63,-162,0,0
2,121,500,-292,318,-33,-356,-530,458,-216,135,651,-233,613,63,-161,0,0
2,122,505,-292,316,-33,-358,-533,459,-229,128,651,-233,610,63,-159,0,0
2,123,504,-294,313,-33,-358,-536,468,-244,119,651,-225,610,63,-160,0,0
2,124,501,-293,315,-33,-352,-531,455,-246,126,651,-221,623,63,-155,0,-1
2,125,505,-292,313,-34,-354,-527,440,-248,127,651,-229,627,63,-153,0,0
2,126,506,-296,308,-34,-359,-532,435,-268,122,651,-234,620,63,-163,0,0
2,127,500,-297,311,-32,-357,-539,431,-293,125,651,-230,624,63,-165,0,0
2,128,500,-293,315,-32,-356,-535,436,-285,126,651,-230,628,63,-161,0,0
2,0,504,-298,314,-34,-361,-540,444,-270,125,651,-233,615,63,-162,0,0
2,1,506,-303,312,-34,-360,-553,435,-282,124,651,-232,609,63,-160,0,0
2,2,505,-297,312,-31,-356,-547,442,-271,124,651,-231,619,63,-160,-1,0
2,3,504,-298,312,-31,-359,-533,463,-240,124,651,-230,617,63,-166,0,0
2,4,502,-308,313,-34,-361,-541,454,-253,124,651,-231,606,63,-166,-1,0
2,5,505,-307,313,-33,-359,-549,442,-268,124,651,-231,618,63,-161,0,0
2,6,508,-301,313,-33,-362,-535,441,-260,124,651,-230,628,63,-159,-1,0
2,7,504,-306,314,-33,-363,-527,424,-285,124,651,-231,622,63,-160,0,0
2,8,503,-315,311,-31,-355,-531,410,-305,124,651,-232,622,63,-163,0,0
2,9,505,-309,310,-30,-353,-531,433,-276,124,651,-232,626,63,-160,0,0
2,10,504,-304,312,-32,-356,-528,459,-265,124,651,-232,624,63,-159,0,0
2,11,504,-312,312,-33,-354,-532,449,-285,124,651,-232,625,63,-163,0,0
2,12,505,-315,314,-33,-355,-540,445,-275,124,651,-232,622,63,-166,0,0
2,13,503,-314,314,-33,-360,-540,468,-251,124,651,-232,621,63,-165,0,0
2,14,503,-312,313,-32,-358,-533,474,-246,125,651,-232,623,63,-162,0,0
2,15,508,-317,313,-31,-358,-531,448,-261,123,651,-232,623,63,-164,0,0
2,16,507,-320,312,-32,-362,-538,447,-276,124,651,-232,622,63,-166,0,0
2,17,502,-315,313,-33,-358,-538,468,-256,128,651,-232,623,63,-163,0,0
2,18,504,-312,314,-35,-353,-530,462,-232,126,651,-232,623,63,-161,0,0
2,19,506,-317,311,-34,-360,-531,441,-260,123,651,-232,623,64,-165,0,0
2,20,508,-319,309,-32,-359,-533,439,-299,125,651,-232,622,62,-165,0,0
2,21,506,-316,312,-35,-351,-527,444,-289,125,651,-232,622,61,-162,0,0
2,22,498,-324,313,-34,-353,-531,442,-268,124,652,-232,625,63,-161,0,0
2,23,497,-323,310,-30,-359,-536,449,-266,127,652,-232,618,64,-160,0,0
2,24,503,-320,309,-30,-358,-529,463,-265,126,652,-232,612,63,-161,0,0
2,25,503,-327,309,-31,-356,-534,467,-267,123,652,-232,614,62,-163,0,-1
2,26,502,-325,310,-32,-360,-549,458,-266,123,652,-232,611,63,-162,0,0
2,27,507,-317,310,-34,-363,-540,446,-272,125,652,-232,611,63,-159,0,-1
2,28,509,-316,312,-33,-361,-524,456,-280,127,652,-232,621,63,-165,0,-1
2,29,506,-324,316,-30,-359,-538,474,-259,125,652,-232,625,64,-175,0,-1
2,30,505,-325,315,-33,-357,-546,467,-233,124,651,-232,621,65,-170,0,-1
2,31,504,-318,311,-34,-352,-538,448,-244,129,649,-232,622,65,-163,0,0
2,32,505,-319,311,-32,-353,-551,450,-266,135,648,-232,622,64,-164,0,0
2,33,509,-322,311,-29,-360,-570,452,-274,132,648,-232,623,64,-165,-1,0
2,34,505,-321,310,-30,-364,-557,440,-280,125,648,-232,624,65,-159,-1,0
2,35,501,-321,312,-34,-362,-537,433,-279,125,648,-232,621,64,-161,-1,0
2,36,504,-324,312,-34,-359,-537,436,-275,125,648,-232,622,61,-173,-1,0
2,37,503,-325,310,-30,-358,-538,460,-273,123,648,-232,625,61,-173,-1,0
2,38,500,-326,309,-31,-357,-533,474,-262,124,648,-232,621,64,-161,-1,0
2,39,503,-331,309,-32,-359,-530,455,-260,126,648,-232,622,64,-160,-1,0
2,40,505,-330,311,-33,-359,-527,441,-268,124,648,-232,627,63,-166,-1,0
2,41,502,-329,312,-33,-353,-526,443,-277,124,648,-232,617,63,-161,-1,0
2,42,503,-327,309,-33,-353,-530,441,-306,123,648,-232,606,63,-156,-1,0
2,43,509,-327,313,-31,-359,-532,436,-325,121,648,-232,617,63,-162,0,0
2,44,507,-329,318,-33,-355,-530,441,-294,125,648,-232,626,63,-164,-1,0
2,45,502,-330,313,-33,-352,-529,449,-266,127,649,-232,623,63,-163,0,0
2,46,504,-332,308,-30,-358,-537,446,-284,123,647,-232,622,63,-163,-1,0
2,47,508,-329,311,-30,-360,-537,439,-289,122,648,-232,627,63,-162,0,0
2,48,503,-322,312,-31,-355,-519,438,-274,125,652,-232,629,63,-163,0,0
2,49,501,-325,310,-32,-356,-507,437,-287,121,652,-232,628,63,-166,0,0
2,50,503,-331,312,-32,-361,-507,446,-289,115,651,-232,622,63,-163,0,0
2,51,503,-335,314,-30,-363,-507,470,-254,119,654,-232,619,63,-160,0,0
2,52,502,-338,310,-33,-361,-508,479,-248,122,652,-232,621,63,-161,0,0
2,53,503,-338,311,-37,-358,-510,459,-282,122,649,-232,619,63,-164,0,0
2,54,507,-344,313,-34,-358,-510,444,-301,122,650,-232,619,63,-167,0,0
2,55,508,-346,311,-31,-359,-508,448,-286,121,652,-232,621,63,-169,0,0
2,56,505,-338,311,-31,-360,-513,455,-265,122,651,-232,622,63,-163,0,0
2,57,504,-336,312,-32,-357,-515,459,-268,129,651,-232,622,63,-160,0,0
2,58,504,-342,313,-33,-358,-508,470,-275,130,651,-232,623,63,-165,0,0
2,59,503,-346,315,-33,-360,-505,480,-263,125,651,-232,621,63,-169,0,0
2,60,502,-348,315,-32,-356,-504,475,-237,125,651,-232,620,63,-167,0,0
2,61,503,-348,312,-33,-355,-503,481,-227,125,651,-232,621,63,-161,0,0
2,62,505,-347,313,-33,-360,-505,499,-234,122,651,-232,623,63,-158,0,0
2,63,503,-354,314,-31,-362,-510,487,-250,125,651,-232,628,63,-161,0,0
2,64,501,-352,306,-31,-361,-519,451,-282,118,651,-232,621,63,-161,0,0
2,65,502,-348,305,-34,-361,-523,442,-302,108,651,-232,611,63,-161,0,0
2,66,504,-355,312,-35,-359,-514,464,-275,124,651,-232,617,63,-163,0,0
2,67,503,-360,311,-34,-356,-505,486,-238,141,651,-232,627,63,-165,0,0
2,68,505,-359,309,-33,-357,-507,503,-247,128,651,-232,623,63,-165,0,0
2,69,507,-355,313,-31,-355,-511,499,-252,118,651,-232,622,62,-163,-1,0
2,70,502,-356,313,-31,-354,-520,488,-222,126,651,-232,625,63,-160,0,0
2,71,499,-360,312,-32,-356,-535,493,-231,126,651,-232,623,63,-160,0,0
2,72,503,-362,313,-31,-353,-537,499,-274,122,651,-232,621,61,-161,-1,0
2,73,505,-357,311,-30,-355,-521,502,-259,125,651,-232,625,62,-162,0,0
2,74,503,-356,311,-32,-360,-508,505,-211,126,651,-232,627,64,-163,0,0
2,75,504,-360,313,-33,-359,-514,498,-218,125,651,-232,625,60,-162,0,0
2,76,502,-358,313,-33,-356,-520,496,-245,124,651,-232,624,58,-160,0,0
2,77,500,-357,308,-34,-356,-507,496,-252,124,651,-232,627,63,-159,0,0
2,78,502,-361,308,-32,-355,-505,480,-258,124,651,-232,633,64,-160,0,0
2,79,502,-357,311,-31,-354,-526,469,-254,124,651,-232,636,61,-161,0,0
2,80,505,-352,311,-32,-360,-535,477,-251,124,651,-232,629,61,-160,0,0
2,81,505,-357,310,-33,-357,-530,477,-276,125,651,-232,624,62,-159,0,0
2,82,500,-357,310,-32,-351,-531,464,-286,123,651,-232,628,61,-161,0,0
2,83,502,-352,311,-30,-356,-534,456,-250,123,651,-232,628,61,-161,0,0
2,84,507,-355,312,-32,-360,-534,463,-241,125,651,-232,621,61,-164,0,0
2,85,504,-363,309,-33,-354,-546,468,-276,124,651,-232,623,61,-171,0,-1
2,86,502,-364,307,-34,-353,-561,451,-295,124,650,-232,627,61,-166,0,0
2,87,505,-356,311,-33,-360,-564,428,-299,120,652,-232,625,61,-160,0,0
2,88,504,-360,314,-32,-361,-559,421,-318,116,654,-232,622,61,-166,0,0
2,89,503,-372,313,-33,-355,-551,429,-329,120,652,-232,622,61,-167,0,0
2,90,504,-370,313,-34,-353,-550,439,-329,121,649,-232,624,61,-166,0,0
2,91,504,-357,312,-33,-358,-557,442,-320,117,653,-232,624,61,-166,0,0
2,92,502,-356,313,-33,-359,-565,441,-287,121,656,-232,622,60,-161,0,0
2,93,503,-359,314,-33,-354,-552,448,-266,124,654,-232,624,60,-159,0,0
3,94,504,-357,310,-32,-356,-539,464,-273,121,652,-232,625,61,-164,0,0
3,95,503,-358,309,-33,-362,-552,466,-282,121,651,-232,615,61,-167,0,0
3,96,504,-359,314,-32,-360,-557,446,-297,122,652,-233,613,61,-165,0,0
3,97,508,-358,313,-29,-354,-548,434,-320,118,654,-232,622,61,-162,0,0
3,98,507,-356,307,-30,-354,-545,444,-329,119,652,-231,619,61,-161,0,0
3,99,502,-354,309,-34,-356,-548,442,-328,121,648,-234,617,61,-164,0,0
3,100,501,-355,313,-33,-359,-550,439,-308,116,650,-233,625,60,-163,0,0
3,101,502,-360,311,-32,-359,-560,445,-286,116,652,-225,625,60,-161,0,0
3,102,504,-358,312,-33,-359,-567,441,-302,121,651,-225,620,60,-164,0,0
3,103,505,-348,317,-33,-359,-555,450,-304,122,651,-232,625,60,-165,0,0
3,104,505,-350,313,-33,-357,-548,480,-254,121,651,-230,624,60,-163,0,0
3,105,503,-357,308,-33,-354,-554,483,-236,122,651,-228,618,60,-163,0,0
3,106,503,-353,313,-32,-354,-555,449,-284,121,651,-232,622,60,-164,0,0
3,107,508,-353,313,-31,-359,-542,442,-303,121,651,-231,623,62,-163,0,0
3,108,507,-362,306,-32,-359,-531,457,-283,124,651,-228,616,64,-163,0,0
3,109,500,-362,309,-32,-356,-541,442,-308,122,651,-229,615,64,-163,0,0
3,110,499,-360,314,-31,-356,-543,419,-342,120,651,-229,615,63,-162,0,0
3,111,503,-371,313,-31,-354,-532,427,-326,123,651,-229,614,63,-162,0,0
3,112,505,-376,310,-32,-357,-531,447,-303,124,651,-229,619,63,-164,0,0
3,113,503,-375,308,-33,-360,-541,446,-305,122,651,-229,617,63,-162,0,0
3,114,503,-382,310,-34,-356,-547,438,-303,123,651,-229,617,63,-158,0,0
3,115,505,-386,312,-33,-355,-542,447,-303,125,651,-229,621,63,-160,0,0
3,116,505,-385,309,-32,-360,-532,465,-300,126,651,-229,621,63,-162,0,0
3,117,503,-387,309,-33,-357,-523,474,-269,125,651,-229,619,63,-161,0,0
3,118,502,-392,315,-33,-354,-529,469,-253,124,651,-229,614,63,-161,0,0
3,119,504,-393,313,-32,-358,-529,476,-276,124,651,-229,613,63,-162,0,0
3,120,505,-386,307,-33,-358,-515,475,-296,125,651,-229,612,63,-163,0,0
3,121,504,-389,313,-33,-360,-516,456,-284,125,651,-229,605,63,-164,0,0
3,122,503,-403,317,-34,-364,-535,454,-281,126,651,-229,609,63,-164,0,0
3,123,503,-399,310,-34,-359,-535,461,-314,123,651,-229,613,63,-163,0,0
3,124,503,-395,308,-33,-362,-512,444,-332,118,651,-229,612,63,-163,0,0
3,125,505,-407,312,-33,-371,-509,423,-320,122,651,-229,616,63,-162,0,0
3,126,503,-407,310,-33,-366,-520,432,-326,124,651,-229,618,63,-158,0,0
3,127,500,-400,309,-33,-352,-516,438,-345,122,651,-229,612,63,-159,0,0
3,128,504,-408,312,-33,-353,-517,438,-329,123,651,-229,616,63,-157,0,0
3,0,506,-415,308,-34,-361,-531,462,-291,124,651,-229,619,63,-154,0,0
3,1,503,-413,308,-33,-358,-535,471,-286,121,651,-229,616,63,-159,0,0
3,2,503,-412,311,-34,-351,-533,449,-303,121,651,-229,628,61,-164,0,0
3,3,503,-413,308,-34,-353,-536,449,-309,121,654,-229,625,61,-161,0,0
3,4,504,-419,306,-32,-359,-538,460,-299,121,655,-229,616,61,-159,0,0
3,5,506,-421,312,-32,-360,-539,441,-300,121,652,-229,623,61,-161,0,0
3,6,502,-414,314,-33,-360,-540,449,-302,121,651,-229,626,61,-161,0,0
3,7,501,-417,308,-33,-361,-536,475,-296,119,653,-229,623,61,-163,0,0
3,8,509,-423,307,-32,-359,-539,458,-302,123,653,-229,625,61,-162,0,0
3,9,506,-424,310,-33,-356,-542,440,-307,120,651,-229,629,61,-158,0,0
3,10,498,-426,311,-34,-354,-537,448,-312,107,648,-229,626,61,-160,0,0
3,11,501,-432,310,-33,-355,-532,452,-322,109,648,-229,621,61,-165,0,0
3,12,503,-431,309,-33,-355,-527,460,-310,114,653,-229,621,61,-168,0,0
3,13,502,-421,309,-34,-354,-528,478,-287,111,654,-229,623,61,-165,0,0
3,14,503,-420,309,-35,-359,-531,478,-271,114,649,-229,624,61,-166,0,0
3,15,505,-428,307,-33,-362,-527,456,-259,123,647,-229,622,61,-170,0,0
3,16,507,-429,310,-33,-361,-529,434,-284,123,650,-229,621,61,-167,0,0
3,17,508,-424,315,-32,-360,-535,441,-328,118,649,-229,620,61,-175,0,0
3,18,506,-425,311,-30,-359,-524,470,-321,122,650,-229,624,61,-181,0,0
3,19,505,-430,310,-30,-354,-509,467,-308,122,652,-229,622,61,-175,0,0
3,20,505,-431,314,-34,-354,-521,442,-335,114,651,-229,615,61,-175,0,0
3,21,501,-430,312,-34,-360,-527,445,-346,108,651,-229,616,61,-177,0,0
3,22,500,-429,307,-28,-358,-515,458,-329,118,651,-229,612,61,-176,0,0
3,23,506,-430,308,-29,-352,-522,456,-305,125,651,-229,609,61,-179,0,0
3,24,508,-428,311,-32,-355,-533,451,-271,120,651,-229,622,61,-174,0,0
3,25,503,-426,310,-31,-360,-531,451,-270,119,651,-229,625,61,-171,0,0
3,26,503,-422,309,-30,-356,-527,440,-315,119,651,-229,615,61,-175,0,0
3,27,507,-419,312,-32,-355,-514,441,-338,116,651,-229,617,61,-165,0,0
3,28,504,-427,313,-32,-362,-501,456,-316,121,651,-229,626,61,-155,0,0
3,29,501,-434,312,-31,-360,-510,444,-321,117,651,-229,621,61,-163,0,0
3,30,502,-429,313,-32,-356,-516,425,-359,98,651,-229,616,61,-162,0,0
3,31,502,-419,311,-34,-360,-507,438,-355,104,651,-229,615,61,-157,0,0
3,32,505,-425,309,-35,-358,-516,450,-327,120,651,-229,619,61,-162,0,-1
3,33,506,-432,312,-34,-351,-530,436,-346,106,651,-229,626,61,-162,0,-1
3,34,498,-430,311,-32,-355,-527,433,-365,99,651,-229,625,61,-162,0,-1
3,35,502,-424,310,-33,-361,-521,447,-328,118,651,-229,623,61,-160,0,0
3,36,510,-420,311,-33,-360,-530,446,-306,121,651,-229,627,61,-159,0,0
3,37,506,-420,309,-29,-361,-538,449,-318,115,651,-229,632,61,-158,0,0
3,38,501,-421,308,-31,-362,-526,451,-310,123,651,-229,628,61,-156,0,0
3,39,503,-418,313,-36,-360,-509,443,-293,124,651,-229,625,61,-157,0,0
3,40,502,-416,314,-35,-354,-504,454,-314,117,651,-229,631,61,-159,0,0
3,41,501,-424,310,-32,-353,-504,466,-351,120,651,-229,628,61,-160,0,0
3,42,504,-424,311,-33,-362,-501,451,-357,119,651,-229,619,61,-159,0,0
3,43,503,-414,311,-35,-365,-504,432,-352,108,651,-229,621,61,-160,0,0
3,44,502,-415,311,-35,-355,-505,440,-351,107,651,-229,624,61,-160,0,0
3,45,502,-418,311,-32,-353,-501,459,-335,118,651,-229,623,61,-159,0,0
3,46,504,-416,310,-32,-361,-507,471,-303,122,651,-229,624,61,-159,0,0
3,47,504,-416,311,-35,-361,-514,479,-295,117,651,-229,625,61,-166,0,0
3,48,500,-421,311,-36,-356,-507,481,-304,116,651,-229,622,61,-178,0,0
3,49,500,-422,307,-34,-358,-498,480,-303,116,651,-229,624,61,-172,0,0
3,50,502,-420,308,-33,-357,-512,472,-291,120,651,-229,621,61,-168,0,0
3,51,502,-423,313,-33,-353,-523,469,-282,128,651,-229,608,61,-172,0,0
3,52,501,-424,313,-33,-354,-519,471,-315,123,651,-229,613,61,-171,0,0
3,53,500,-425,312,-33,-359,-521,466,-358,114,651,-229,618,61,-173,0,0
3,54,501,-424,314,-29,-358,-522,467,-346,115,651,-229,612,61,-170,0,0
3,55,504,-424,314,-31,-355,-512,474,-306,120,651,-229,615,62,-167,0,0
3,56,505,-430,311,-34,-358,-506,475,-304,122,651,-229,625,64,-174,0,0
3,57,502,-430,311,-33,-360,-511,471,-314,119,651,-229,624,65,-175,0,0
3,58,502,-429,314,-32,-359,-511,474,-287,121,651,-229,610,64,-173,0,0
3,59,507,-433,314,-33,-357,-509,480,-265,123,651,-229,607,65,-177,0,0
3,60,508,-436,309,-33,-361,-515,476,-283,120,651,-229,612,65,-176,0,0
3,61,501,-431,307,-33,-363,-510,473,-295,118,651,-229,613,62,-170,0,0
3,62,502,-430,311,-34,-357,-509,479,-277,122,651,-229,612,61,-172,0,-1
3,63,502,-437,313,-34,-356,-523,475,-283,123,651,-229,606,63,-176,0,0
3,64,497,-436,313,-33,-362,-526,466,-312,119,651,-229,600,63,-178,0,-1
3,65,502,-434,313,-34,-360,-517,475,-310,119,651,-229,606,63,-177,0,-1
3,66,506,-441,310,-33,-350,-523,474,-307,121,651,-229,613,63,-177,0,0
3,67,502,-444,308,-32,-352,-534,448,-326,119,651,-229,603,63,-181,0,-1
3,68,504,-439,309,-32,-360,-531,447,-332,121,651,-229,594,63,-177,0,0
3,69,508,-442,312,-34,-361,-528,473,-316,122,651,-229,604,63,-171,0,0
3,70,504,-447,313,-35,-358,-519,479,-302,119,651,-229,613,63,-175,0,0
3,71,501,-441,312,-32,-352,-513,468,-300,119,651,-229,606,63,-181,0,0
3,72,505,-445,309,-30,-353,-524,474,-293,123,651,-229,604,63,-178,0,0
3,73,504,-450,310,-33,-358,-532,485,-286,121,652,-229,613,63,-177,0,0
3,74,500,-446,313,-34,-359,-528,470,-304,114,651,-229,611,63,-179,0,0
3,75,500,-444,314,-32,-355,-523,445,-327,115,652,-229,602,63,-174,0,0
3,76,504,-451,312,-33,-351,-520,437,-327,121,654,-229,605,63,-174,0,0
3,77,505,-452,311,-35,-356,-522,448,-323,123,654,-229,606,63,-183,0,0
3,78,505,-448,314,-34,-363,-530,452,-333,117,651,-229,599,63,-185,0,0
3,79,504,-451,314,-32,-358,-524,445,-341,112,651,-229,596,63,-177,0,0
3,80,505,-453,310,-32,-353,-512,443,-336,116,652,-230,598,63,-174,0,0
3,81,507,-451,309,-31,-356,-518,441,-346,116,651,-231,600,63,-182,0,0
3,82,505,-449,311,-31,-356,-531,438,-356,113,651,-231,603,63,-186,0,0
3,83,504,-453,312,-33,-352,-534,441,-332,119,653,-230,601,63,-179,0,0
3,84,507,-464,310,-33,-358,-537,443,-318,117,654,-230,596,63,-174,0,0
3,85,505,-464,309,-32,-363,-538,438,-337,108,651,-231,604,63,-178,0,0
3,86,504,-460,311,-33,-362,-531,440,-343,115,649,-230,615,63,-180,0,0
3,87,506,-464,312,-34,-362,-534,449,-339,124,650,-230,608,63,-183,0,0
3,88,503,-465,313,-34,-355,-540,430,-357,114,650,-230,595,63,-187,0,0
3,89,500,-460,313,-34,-354,-530,420,-348,116,649,-230,595,63,-183,0,0
3,90,506,-459,311,-35,-361,-516,458,-309,125,649,-230,599,63,-188,0,0
3,91,508,-465,311,-33,-363,-514,483,-304,120,650,-230,598,63,-195,0,0
3,92,502,-466,313,-30,-360,-525,460,-322,121,650,-230,598,63,-190,0,0
3,93,500,-465,314,-31,-359,-536,443,-332,122,650,-230,598,63,-188,0,0
4,94,504,-462,314,-32,-357,-532,448,-337,104,650,-230,598,63,-189,0,0
4,95,506,-458,311,-33,-353,-519,450,-338,95,650,-230,595,63,-188,0,0
4,96,504,-461,308,-34,-356,-517,455,-338,105,650,-230,595,63,-188,0,0
4,97,504,-464,309,-32,-360,-523,458,-330,111,650,-230,599,63,-190,0,0
4,98,505,-468,313,-30,-358,-516,456,-324,113,650,-230,597,63,-195,0,0
4,99,504,-468,314,-31,-355,-505,465,-322,114,650,-230,595,63,-194,0,0
4,100,501,-462,312,-32,-355,-510,477,-309,111,650,-230,596,63,-181,0,0
4,101,502,-463,309,-31,-357,-513,476,-298,118,649,-230,597,63,-173,0,0
4,102,503,-468,309,-33,-359,-502,472,-311,124,649,-230,596,63,-177,0,0
4,103,503,-462,313,-34,-359,-504,474,-316,123,650,-230,596,63,-174,0,0
4,104,504,-455,314,-32,-360,-512,470,-313,116,649,-230,597,63,-171,0,0
4,105,506,-468,314,-34,-360,-511,457,-329,105,649,-230,598,63,-177,0,0
4,106,508,-476,313,-35,-356,-510,455,-336,108,651,-230,596,63,-179,0,0
4,107,507,-466,312,-33,-352,-509,467,-326,112,653,-230,597,63,-176,0,0
4,108,504,-464,312,-32,-356,-507,469,-323,104,654,-230,599,63,-174,0,0
4,109,501,-471,312,-32,-358,-514,452,-326,96,653,-230,596,63,-175,0,0
4,110,502,-473,312,-32,-355,-516,444,-330,101,654,-230,593,63,-179,0,0
4,111,502,-472,313,-35,-354,-507,451,-339,111,654,-230,594,63,-180,0,0
4,112,502,-473,312,-35,-357,-512,448,-342,112,653,-230,591,63,-176,0,0
4,113,505,-476,310,-32,-357,-529,445,-336,112,653,-230,576,63,-176,0,0
4,114,507,-474,311,-32,-356,-531,463,-329,111,653,-230,562,63,-183,0,0
4,115,508,-474,312,-34,-358,-527,478,-321,111,653,-230,561,63,-180,0,0
4,116,504,-478,315,-34,-357,-531,459,-314,112,653,-230,564,63,-170,0,0
4,117,501,-483,314,-33,-354,-536,448,-308,112,653,-230,565,63,-172,0,0
4,118,505,-491,309,-30,-362,-527,469,-307,101,653,-230,565,63,-176,0,0
4,119,507,-498,311,-29,-370,-515,477,-318,90,653,-230,566,63,-174,0,0
4,120,503,-501,314,-31,-364,-520,466,-322,97,653,-230,564,63,-180,0,0
4,121,501,-505,311,-32,-355,-533,467,-323,97,653,-230,561,63,-187,0,0
4,122,501,-505,311,-31,-358,-536,476,-326,95,653,-230,561,63,-183,0,0
4,123,498,-504,313,-32,-362,-529,469,-325,102,653,-230,563,63,-177,0,0
4,124,495,-510,312,-34,-356,-520,465,-325,96,653,-230,561,63,-177,0,0
4,125,500,-511,311,-33,-350,-518,473,-315,95,653,-230,560,63,-176,0,0
4,126,508,-504,312,-32,-357,-519,466,-305,108,653,-230,566,63,-178,0,0
4,127,508,-513,314,-33,-359,-512,459,-309,111,653,-230,562,63,-180,0,0
4,128,503,-520,315,-34,-354,-503,472,-315,98,654,-230,553,63,-181,0,0
4,0,503,-512,313,-34,-354,-501,482,-315,92,653,-230,556,63,-180,0,0
4,1,504,-516,311,-32,-361,-499,466,-319,97,653,-230,565,63,-179,0,0
4,2,502,-520,311,-32,-363,-497,447,-337,109,654,-230,565,63,-178,0,0
4,3,502,-517,311,-33,-357,-500,440,-359,117,655,-230,564,63,-178,0,0
4,4,500,-524,310,-33,-354,-504,437,-370,120,653,-230,564,63,-177,0,0
4,5,499,-526,311,-32,-356,-517,439,-361,120,651,-230,560,63,-175,0,0
4,6,504,-518,313,-33,-358,-522,437,-354,115,651,-230,558,63,-174,0,0
4,7,506,-526,313,-34,-363,-513,447,-359,110,651,-230,562,63,-178,0,0
4,8,503,-536,311,-33,-370,-509,471,-347,119,651,-230,559,63,-180,0,0
4,9,504,-528,310,-32,-363,-512,476,-316,126,652,-230,555,63,-181,0,0
4,10,503,-521,310,-33,-352,-509,477,-298,120,652,-230,559,63,-173,0,0
4,11,500,-522,308,-33,-353,-501,483,-295,121,650,-230,557,63,-169,0,0
4,12,505,-525,306,-33,-355,-499,481,-289,124,651,-230,554,63,-173,0,0
4,13,510,-531,309,-32,-355,-505,491,-287,118,656,-230,557,63,-176,0,0
4,14,507,-531,312,-33,-360,-510,494,-317,109,655,-230,549,63,-177,0,0
4,15,504,-533,312,-34,-360,-508,455,-364,115,649,-229,547,63,-177,0,0
4,16,506,-535,312,-31,-357,-517,438,-377,120,649,-229,558,63,-175,0,0
4,17,505,-536,312,-31,-358,-531,469,-359,110,652,-229,558,61,-178,0,0
4,18,501,-537,309,-34,-360,-521,476,-347,110,652,-229,554,62,-183,0,0
4,19,500,-535,312,-33,-361,-502,462,-352,112,651,-229,565,63,-179,0,0
4,20,503,-535,313,-30,-357,-505,464,-351,105,651,-229,564,62,-176,0,0
4,21,505,-535,310,-31,-360,-524,470,-316,115,652,-229,557,63,-178,0,0
4,22,503,-531,309,-33,-361,-533,491,-273,130,652,-229,564,64,-178,0,0
4,23,503,-531,312,-32,-356,-523,500,-279,122,651,-229,563,63,-179,0,0
4,24,505,-537,314,-34,-358,-508,477,-306,118,651,-229,558,62,-181,0,0
4,25,505,-537,311,-34,-362,-503,471,-303,130,651,-229,561,63,-185,0,0
4,26,503,-532,309,-31,-358,-505,481,-318,122,651,-229,559,63,-183,0,0
4,27,503,-534,312,-32,-353,-506,471,-353,103,651,-229,555,63,-181,0,0
4,28,506,-536,317,-33,-355,-510,465,-356,103,651,-229,556,63,-184,0,0
4,29,504,-532,315,-32,-357,-509,468,-348,107,651,-229,561,63,-185,0,0
4,30,499,-534,312,-31,-357,-508,449,-359,103,651,-229,563,63,-188,0,0
4,31,501,-536,314,-32,-357,-507,434,-360,107,651,-229,560,63,-189,0,0
4,32,508,-537,314,-32,-357,-511,446,-340,115,651,-232,559,63,-187,0,0
4,33,506,-539,312,-33,-358,-511,462,-332,118,651,-233,561,63,-188,0,0
4,34,503,-539,313,-32,-360,-507,469,-345,120,651,-232,562,63,-190,0,0
4,35,505,-539,314,-31,-360,-520,468,-364,123,651,-232,561,63,-191,0,0
4,36,504,-540,312,-33,-359,-527,468,-354,120,651,-232,561,65,-186,0,0
4,37,503,-539,309,-34,-359,-510,476,-330,115,651,-232,563,65,-186,0,0
4,38,504,-540,309,-34,-359,-497,470,-337,108,651,-232,563,62,-195,0,0
4,39,505,-546,310,-33,-356,-502,458,-341,103,651,-232,563,62,-200,0,0
4,40,505,-543,312,-33,-353,-504,456,-321,114,651,-232,560,65,-193,0,0
4,41,506,-539,313,-33,-353,-501,447,-329,119,651,-232,557,65,-191,0,0
4,42,503,-549,313,-33,-360,-501,440,-357,107,651,-232,562,62,-197,0,0
4,43,504,-550,311,-32,-362,-497,444,-360,109,651,-232,569,61,-199,0,0
4,44,511,-544,308,-33,-356,-503,445,-353,120,651,-232,568,62,-199,0,0
4,45,506,-546,308,-33,-357,-507,440,-338,109,651,-232,564,64,-201,0,0
4,46,497,-547,311,-33,-361,-498,439,-319,104,651,-232,568,64,-197,0,0
4,47,502,-550,313,-34,-359,-488,453,-328,119,651,-232,569,63,-192,0,0
4,48,509,-556,310,-34,-357,-482,475,-337,123,651,-232,567,63,-193,0,0
4,49,508,-556,312,-32,-360,-478,478,-320,113,651,-232,569,63,-193,0,0
4,50,505,-556,317,-32,-360,-481,463,-327,104,651,-232,566,63,-190,0,0
4,51,505,-563,316,-34,-354,-488,457,-351,106,651,-232,562,63,-191,0,0
4,52,507,-561,311,-33,-356,-488,452,-352,110,651,-232,563,63,-193,0,0
4,53,506,-559,312,-32,-359,-485,444,-347,113,651,-232,569,63,-192,0,0
4,54,504,-567,314,-33,-356,-492,439,-354,114,651,-232,572,63,-193,0,0
4,55,504,-564,307,-34,-354,-502,436,-360,111,651,-232,569,63,-193,0,0
4,56,504,-561,303,-35,-357,-497,445,-354,107,651,-232,566,63,-192,0,0
4,57,504,-564,310,-35,-357,-493,450,-341,118,651,-232,570,63,-191,0,0
4,58,504,-568,315,-34,-356,-493,434,-342,125,651,-232,569,63,-189,0,0
4,59,506,-566,313,-33,-355,-486,446,-336,115,651,-232,562,63,-188,0,0
4,60,506,-564,312,-33,-353,-484,477,-318,119,651,-232,564,63,-189,0,0
4,61,506,-567,313,-33,-356,-493,466,-340,122,651,-232,570,63,-191,0,0
4,62,508,-568,309,-31,-359,-498,439,-369,114,651,-232,567,63,-193,0,0
4,63,506,-568,308,-32,-356,-497,445,-333,117,651,-232,561,63,-193,0,0
4,64,503,-568,313,-31,-357,-496,452,-303,124,651,-232,563,63,-193,0,0
4,65,503,-568,312,-31,-362,-491,441,-341,113,651,-232,566,63,-194,0,0
4,66,505,-569,308,-33,-361,-492,442,-368,95,651,-232,568,63,-193,0,0
4,67,506,-570,307,-34,-356,-504,444,-356,104,651,-232,568,63,-193,0,0
4,68,506,-566,311,-33,-358,-507,435,-352,121,651,-232,567,63,-194,0,0
4,69,504,-563,314,-33,-358,-506,443,-346,117,651,-232,568,63,-193,0,0
4,70,503,-566,312,-33,-356,-507,463,-326,115,652,-233,566,63,-192,0,0
4,71,506,-569,311,-32,-359,-500,473,-316,126,650,-232,573,63,-190,0,0
4,72,506,-567,313,-32,-360,-497,456,-323,125,648,-229,582,63,-187,0,0
4,73,500,-568,316,-32,-359,-502,437,-323,110,649,-228,572,63,-189,0,0
4,74,500,-570,313,-31,-359,-505,453,-322,110,650,-229,571,63,-193,0,0
4,75,507,-569,310,-33,-360,-501,470,-337,118,649,-229,579,63,-190,0,0
4,76,508,-566,312,-34,-361,-498,459,-331,121,649,-229,573,63,-189,0,0
4,77,503,-566,311,-34,-362,-496,443,-319,117,650,-229,573,63,-186,0,0
4,78,504,-568,308,-34,-360,-495,442,-344,106,650,-229,579,63,-185,0,0
4,79,508,-568,311,-34,-359,-508,449,-354,110,650,-229,572,63,-189,0,0
4,80,509,-565,316,-32,-360,-514,452,-332,116,650,-229,563,63,-189,-1,0
4,81,502,-566,312,-33,-362,-507,458,-342,109,650,-229,570,63,-183,0,0
4,82,500,-566,312,-35,-360,-509,467,-360,109,650,-231,577,63,-182,0,0
4,83,507,-561,315,-34,-351,-511,477,-331,118,650,-232,572,63,-188,0,0
4,84,508,-559,313,-32,-354,-506,477,-300,114,650,-232,571,63,-190,0,0
4,85,504,-566,312,-32,-366,-500,473,-314,103,650,-232,578,63,-187,0,0
4,86,505,-564,313,-31,-363,-495,473,-342,104,650,-232,579,63,-186,0,0
4,87,505,-548,316,-32,-356,-495,462,-339,96,650,-232,570,63,-188,0,0
4,88,503,-544,314,-34,-360,-505,457,-318,95,650,-232,573,63,-190,0,0
4,89,507,-547,310,-32,-364,-507,464,-322,101,650,-232,575,63,-190,0,0
4,90,508,-539,307,-31,-361,-500,469,-330,96,650,-232,567,63,-187,0,0
4,91,503,-533,306,-33,-362,-503,470,-321,96,650,-232,567,63,-187,0,0
4,92,504,-536,307,-34,-357,-504,470,-326,99,650,-232,569,63,-190,0,0
4,93,504,-541,309,-32,-355,-499,469,-338,96,650,-232,568,63,-191,0,0
5,94,503,-538,310,-30,-362,-500,470,-332,96,650,-232,569,63,-189,0,0
5,95,506,-536,312,-31,-364,-503,474,-318,109,650,-231,569,63,-187,0,0
5,96,508,-539,313,-33,-361,-495,472,-316,113,650,-229,568,63,-187,0,0
5,97,506,-541,309,-33,-360,-491,474,-323,103,650,-229,568,63,-188,0,0
5,98,507,-541,311,-33,-358,-497,477,-317,98,650,-229,568,63,-186,0,0
5,99,507,-539,317,-33,-359,-496,476,-316,99,650,-229,574,63,-188,0,0
5,100,502,-539,315,-33,-360,-498,471,-327,110,650,-229,581,63,-189,0,0
5,101,500,-548,309,-34,-359,-511,460,-325,113,650,-229,574,63,-186,0,0
5,102,507,-552,308,-35,-360,-505,457,-322,111,650,-229,567,63,-187,0,0
5,103,508,-549,312,-33,-365,-494,469,-319,113,649,-229,570,63,-188,0,0
5,104,502,-549,317,-32,-363,-503,481,-308,114,649,-229,573,63,-186,0,0
5,105,503,-553,314,-34,-358,-499,477,-298,110,650,-229,575,63,-193,0,0
5,106,505,-556,310,-37,-357,-481,473,-307,107,650,-229,580,63,-199,0,0
5,107,503,-550,313,-34,-363,-492,475,-320,102,649,-229,576,63,-194,0,0
5,108,503,-551,315,-30,-359,-507,478,-318,96,650,-229,565,63,-192,0,0
5,109,503,-557,314,-32,-348,-505,478,-301,111,654,-229,570,63,-197,0,0
5,110,504,-552,313,-34,-348,-506,462,-306,119,653,-229,589,63,-197,0,0
5,111,504,-544,310,-32,-358,-510,444,-339,106,651,-229,590,63,-193,0,0
5,112,504,-560,309,-31,-362,-510,438,-337,112,651,-229,579,63,-194,0,0
5,113,506,-569,311,-32,-358,-511,441,-318,117,652,-229,582,63,-199,0,0
5,114,507,-553,312,-32,-358,-504,449,-324,97,651,-229,582,63,-202,0,0
5,115,502,-560,312,-33,-362,-489,465,-325,99,651,-229,567,63,-201,0,0
5,116,501,-566,311,-33,-363,-493,476,-302,122,651,-229,565,63,-195,0,0
5,117,507,-560,310,-33,-363,-500,479,-283,116,652,-230,573,63,-196,0,0
5,118,509,-561,311,-35,-361,-483,478,-288,101,651,-232,569,63,-204,0,0
5,119,507,-563,312,-32,-361,-476,473,-309,109,651,-231,569,63,-202,0,0
5,120,508,-563,312,-30,-360,-493,464,-322,101,654,-230,580,63,-193,0,0
5,121,507,-565,313,-33,-359,-501,468,-306,92,654,-230,582,63,-188,0,0
5,122,503,-565,312,-34,-359,-494,480,-286,102,649,-230,576,63,-185,0,0
5,123,501,-563,312,-31,-356,-500,465,-309,102,649,-230,579,63,-183,0,0
5,124,503,-564,310,-33,-354,-510,443,-344,95,651,-230,574,63,-186,0,0
5,125,504,-565,307,-34,-359,-511,456,-343,94,653,-230,569,63,-182,0,0
5,126,503,-561,310,-30,-360,-507,475,-316,98,654,-230,581,63,-175,0,0
5,127,503,-559,313,-32,-357,-504,475,-297,102,651,-230,586,63,-185,0,0
5,128,502,-562,311,-35,-362,-509,472,-312,96,649,-230,580,63,-192,0,0
5,0,505,-565,307,-33,-362,-514,468,-336,93,650,-230,573,63,-189,0,0
5,1,509,-561,306,-32,-355,-502,463,-325,101,652,-230,573,63,-188,0,0
5,2,506,-561,313,-33,-359,-487,468,-291,102,651,-230,576,63,-189,0,0
5,3,501,-563,312,-33,-363,-489,471,-292,97,650,-230,581,63,-189,-1,0
5,4,505,-562,307,-32,-358,-499,469,-311,95,653,-230,584,63,-189,0,0
5,5,509,-562,310,-35,-357,-500,471,-319,96,654,-230,579,63,-188,0,0
5,6,504,-563,310,-34,-360,-499,467,-325,98,651,-230,577,63,-189,0,0
5,7,499,-562,307,-31,-358,-502,468,-316,98,649,-230,582,63,-191,0,0
5,8,503,-564,309,-30,-353,-503,475,-305,94,651,-230,585,63,-185,0,0
5,9,508,-553,311,-31,-354,-503,478,-317,106,652,-230,576,63,-182,0,0
5,10,508,-548,311,-32,-357,-507,472,-321,114,651,-230,571,63,-190,0,0
5,11,503,-552,314,-34,-357,-500,467,-309,101,651,-230,568,63,-193,0,0
5,12,501,-544,314,-34,-358,-482,484,-300,93,651,-230,560,63,-191,0,0
5,13,504,-544,311,-34,-361,-480,496,-298,100,651,-230,564,63,-189,0,0
5,14,507,-559,311,-34,-363,-485,477,-306,99,651,-230,567,63,-193,0,0
5,15,507,-567,312,-32,-363,-482,467,-300,95,651,-230,562,63,-195,0,0
5,16,503,-556,314,-32,-360,-488,479,-275,101,651,-230,565,63,-191,0,0
5,17,502,-547,318,-35,-354,-499,478,-287,100,651,-230,571,63,-189,0,0
5,18,504,-552,318,-34,-355,-491,471,-317,97,651,-230,574,63,-192,0,0
5,19,506,-562,311,-31,-359,-479,479,-297,98,651,-230,571,63,-193,0,0
5,20,506,-564,307,-34,-361,-487,477,-287,98,651,-230,569,63,-193,0,0
5,21,503,-559,309,-34,-362,-492,462,-331,97,649,-231,569,61,-191,0,0
5,22,502,-559,311,-32,-360,-494,474,-336,97,648,-231,568,61,-190,0,0
5,23,504,-557,312,-31,-355,-506,499,-285,99,648,-228,570,61,-190,0,0
5,24,504,-557,316,-32,-362,-512,492,-268,98,649,-227,572,61,-187,0,0
5,25,503,-563,315,-33,-371,-510,473,-304,97,651,-231,571,61,-189,0,0
5,26,505,-561,311,-33,-368,-517,476,-321,95,652,-231,566,61,-193,0,0
5,27,503,-560,313,-32,-362,-531,481,-300,98,651,-229,565,61,-194,0,0
5,28,504,-561,312,-32,-357,-534,472,-296,101,651,-229,568,61,-191,0,0
5,29,507,-561,311,-34,-353,-529,469,-309,95,651,-229,565,61,-192,0,0
5,30,507,-560,315,-33,-355,-521,476,-310,92,651,-229,562,61,-192,0,0
5,31,507,-559,310,-32,-362,-516,473,-314,99,650,-229,566,61,-191,0,0
5,32,507,-562,306,-33,-361,-510,461,-327,100,652,-229,569,61,-191,0,0
5,33,505,-562,313,-33,-354,-500,462,-323,95,655,-229,567,61,-192,0,0
5,34,508,-563,317,-33,-358,-501,479,-299,98,653,-229,568,61,-190,0,0
5,35,506,-562,313,-34,-370,-512,484,-288,101,649,-229,571,61,-186,0,0
5,36,501,-561,312,-36,-368,-512,474,-308,99,650,-229,567,61,-190,0,0
5,37,501,-561,311,-35,-355,-508,468,-329,99,652,-229,571,61,-191,0,0
5,38,506,-561,310,-33,-356,-512,467,-317,99,651,-229,576,61,-183,0,0
5,39,507,-560,313,-32,-365,-508,473,-294,100,651,-229,570,61,-190,0,0
5,40,502,-561,315,-33,-362,-504,473,-305,99,651,-229,572,61,-199,0,0
5,41,501,-560,314,-33,-353,-518,459,-336,95,651,-229,576,61,-192,0,0
5,42,505,-561,318,-32,-354,-530,456,-337,96,651,-229,574,61,-189,0,0
5,43,506,-563,316,-32,-358,-518,467,-327,98,651,-229,572,61,-198,0,0
5,44,506,-565,311,-34,-355,-504,475,-312,96,651,-229,571,61,-197,0,0
5,45,505,-567,311,-34,-351,-504,478,-286,108,651,-229,571,61,-190,0,0
5,46,505,-567,312,-33,-356,-510,479,-297,113,651,-229,573,61,-190,0,0
5,47,507,-564,313,-33,-359,-509,475,-312,101,651,-229,573,61,-191,0,0
5,48,505,-564,312,-32,-356,-501,473,-289,98,651,-229,568,61,-191,0,0
5,49,498,-565,309,-34,-354,-499,475,-294,102,651,-229,566,61,-192,0,0
5,50,503,-565,307,-35,-355,-506,471,-330,97,651,-229,571,61,-197,0,0
5,51,510,-566,311,-33,-357,-507,469,-316,95,651,-229,576,61,-197,0,0
5,52,502,-564,313,-32,-360,-505,473,-283,100,651,-229,579,61,-195,0,0
5,53,498,-563,311,-33,-357,-509,476,-304,102,651,-229,575,61,-203,0,0
5,54,506,-567,311,-33,-355,-511,473,-329,99,651,-229,572,61,-213,0,0
5,55,506,-567,311,-31,-360,-513,467,-309,102,651,-229,578,61,-205,0,0
5,56,503,-562,311,-31,-360,-511,479,-271,113,651,-231,586,61,-193,0,0
5,57,505,-566,312,-32,-353,-499,497,-264,111,651,-232,580,61,-197,0,0
5,58,505,-570,315,-33,-354,-496,494,-286,96,651,-232,575,61,-200,0,0
5,59,503,-563,315,-34,-360,-507,478,-293,96,651,-232,578,61,-192,0,0
5,60,505,-558,310,-33,-358,-509,474,-286,102,651,-232,576,61,-193,0,0
5,61,505,-564,309,-31,-356,-499,474,-294,96,651,-232,576,61,-201,0,0
5,62,502,-566,309,-32,-358,-508,469,-318,95,651,-232,577,61,-196,0,0
5,63,504,-554,306,-35,-357,-531,468,-327,98,651,-232,566,61,-192,0,0
5,64,504,-555,307,-32,-358,-539,468,-323,94,651,-232,563,61,-197,0,0
5,65,504,-561,312,-29,-358,-520,468,-328,98,651,-232,574,61,-195,0,0
5,66,508,-549,311,-34,-357,-505,473,-315,105,651,-232,577,61,-191,0,0
5,67,507,-539,309,-36,-358,-520,478,-293,105,651,-233,570,61,-195,0,0
5,68,502,-541,310,-33,-360,-534,479,-303,103,651,-231,573,61,-194,0,0
5,69,504,-544,312,-31,-361,-534,480,-319,101,651,-233,579,61,-186,0,0
5,70,510,-539,314,-33,-359,-540,474,-311,96,650,-234,578,61,-185,0,0
5,71,504,-539,314,-37,-358,-550,467,-298,96,649,-227,575,61,-186,0,0
5,72,499,-547,312,-36,-358,-543,484,-289,97,650,-223,572,61,-185,0,0
5,73,504,-549,311,-32,-357,-535,510,-281,99,649,-229,570,61,-185,0,0
5,74,505,-553,311,-32,-355,-549,501,-285,104,649,-233,575,61,-183,0,0
5,75,500,-556,311,-33,-357,-562,476,-293,101,649,-230,580,61,-187,0,0
5,76,497,-549,315,-33,-357,-553,472,-307,92,650,-230,577,61,-189,0,0
5,77,502,-549,316,-33,-355,-538,476,-317,97,649,-230,576,61,-186,0,0
5,78,506,-552,309,-33,-355,-536,469,-311,102,649,-229,574,61,-187,0,0
5,79,504,-552,310,-32,-360,-536,469,-311,98,650,-229,567,61,-187,0,0
5,80,504,-551,315,-33,-363,-534,475,-328,97,650,-229,566,61,-184,0,0
5,81,503,-546,312,-35,-361,-535,477,-331,98,649,-228,572,61,-179,0,0
5,82,501,-545,308,-34,-359,-530,482,-310,97,650,-230,575,61,-181,0,0
5,83,500,-550,311,-33,-359,-526,482,-302,97,655,-232,578,61,-185,0,0
5,84,501,-551,313,-32,-363,-534,475,-309,97,654,-229,578,61,-184,0,0
5,85,504,-547,311,-31,-364,-540,476,-303,97,649,-226,578,61,-185,0,0
5,86,503,-549,312,-31,-357,-534,478,-309,97,649,-230,581,61,-185,0,0
5,87,502,-549,313,-32,-354,-531,473,-330,97,650,-232,580,61,-182,0,0
5,88,505,-558,314,-33,-361,-540,477,-324,97,649,-229,582,61,-179,0,0
5,89,504,-569,312,-33,-361,-540,488,-301,98,649,-228,584,61,-181,0,0
5,90,502,-560,308,-33,-351,-528,495,-306,96,650,-229,577,61,-182,0,0
5,91,505,-561,310,-34,-350,-535,500,-319,96,650,-229,573,61,-173,0,0
5,92,508,-568,311,-33,-358,-549,504,-308,97,650,-229,574,61,-171,0,0
5,93,503,-567,310,-32,-363,-540,511,-292,97,650,-229,573,61,-179,0,0
6,94,500,-566,312,-33,-360,-529,504,-294,98,650,-229,578,61,-182,0,0
6,95,502,-565,312,-32,-354,-537,476,-304,96,650,-229,583,59,-181,0,0
6,96,505,-569,305,-30,-357,-541,469,-299,95,650,-229,578,59,-185,0,0
6,97,505,-572,305,-30,-364,-538,487,-289,100,650,-229,579,61,-188,0,0
6,98,501,-573,310,-33,-364,-539,486,-288,99,650,-229,585,61,-183,0,0
6,99,504,-570,314,-31,-356,-539,473,-292,96,652,-229,581,61,-180,0,0
6,100,509,-568,315,-30,-355,-538,489,-306,98,651,-229,578,61,-186,0,0
6,101,506,-571,313,-33,-361,-537,494,-326,97,648,-229,571,59,-191,0,0
6,102,503,-574,313,-34,-363,-532,478,-322,94,649,-229,565,57,-186,0,0
6,103,504,-574,314,-32,-356,-528,489,-307,97,652,-229,568,57,-182,0,0
6,104,503,-569,315,-32,-353,-528,496,-307,97,652,-229,563,59,-186,0,0
6,105,502,-573,314,-34,-358,-536,476,-309,95,651,-229,559,60,-186,0,0
6,106,504,-578,310,-33,-361,-551,472,-316,96,651,-229,562,61,-182,0,0
6,107,504,-574,308,-31,-360,-559,482,-319,95,651,-229,565,57,-182,0,0
6,108,504,-572,312,-33,-360,-551,476,-309,94,651,-230,566,52,-183,0,0
6,109,505,-573,314,-33,-360,-540,473,-305,97,651,-232,566,61,-181,0,0
6,110,504,-579,312,-33,-360,-541,470,-324,96,652,-233,569,56,-180,0,0
6,111,504,-581,312,-32,-361,-541,474,-342,95,651,-232,567,36,-181,0,0
6,112,504,-577,313,-33,-360,-541,502,-307,97,652,-232,564,45,-180,0,0
6,113,501,-581,310,-35,-359,-552,513,-267,95,653,-232,567,65,-179,0,0
6,114,504,-579,311,-34,-362,-553,501,-287,108,654,-232,565,61,-181,0,0
6,115,510,-577,312,-31,-357,-540,502,-296,123,652,-232,558,56,-182,0,0
6,116,507,-581,311,-33,-352,-536,513,-262,110,650,-232,560,62,-181,0,0
6,117,502,-584,312,-35,-357,-541,512,-270,92,650,-232,561,59,-179,0,0
6,118,502,-582,313,-30,-358,-530,508,-299,95,649,-232,559,57,-181,0,0
6,119,507,-578,311,-30,-357,-522,504,-288,102,649,-232,563,63,-188,0,0
6,120,506,-577,310,-35,-363,-535,499,-293,96,649,-232,563,58,-190,0,0
6,121,499,-580,310,-34,-365,-542,498,-312,96,650,-232,561,55,-186,0,0
6,122,500,-578,313,-32,-356,-536,494,-295,111,649,-232,562,61,-185,0,0
6,123,509,-573,314,-33,-357,-531,491,-292,113,649,-232,562,49,-189,0,0
6,124,509,-579,311,-33,-362,-520,493,-306,98,652,-232,559,38,-191,0,0
6,125,502,-582,312,-33,-358,-508,497,-290,93,655,-232,557,53,-190,0,0
6,126,502,-578,315,-33,-359,-515,515,-267,101,655,-232,558,62,-193,0,0
6,127,504,-576,315,-33,-363,-520,530,-266,99,653,-232,564,50,-197,0,0
6,128,503,-573,312,-32,-361,-514,519,-275,96,651,-232,559,37,-198,0,0
6,0,502,-571,311,-31,-356,-522,505,-282,100,652,-232,545,43,-199,0,0
6,1,503,-573,310,-34,-355,-539,495,-290,97,652,-232,549,55,-202,0,0
6,2,503,-570,307,-35,-358,-536,473,-304,96,651,-232,562,51,-206,0,0
6,3,505,-571,305,-33,-359,-528,456,-319,100,651,-232,563,34,-203,0,0
6,4,506,-570,312,-32,-357,-534,462,-339,98,651,-232,559,32,-203,0,0
6,5,505,-565,317,-33,-356,-539,465,-355,96,651,-232,555,39,-208,0,0
6,6,504,-566,311,-32,-357,-535,467,-331,97,651,-232,555,32,-201,0,0
6,7,505,-569,308,-33,-352,-528,486,-295,95,651,-232,562,33,-199,0,0
6,8,507,-569,309,-34,-354,-530,503,-296,97,651,-232,564,40,-207,0,0
6,9,507,-567,307,-33,-360,-531,505,-293,106,651,-232,559,33,-209,0,0
6,10,505,-568,307,-32,-361,-527,504,-275,102,649,-232,561,39,-207,0,0
6,11,502,-571,312,-33,-361,-529,505,-279,92,648,-232,562,60,-206,0,0
6,12,503,-571,315,-35,-359,-534,501,-295,95,649,-232,557,55,-198,0,0
6,13,505,-569,311,-34,-357,-526,499,-304,99,650,-232,559,38,-195,0,0
6,14,507,-567,309,-32,-357,-510,494,-302,98,649,-232,561,42,-198,0,0
6,15,505,-569,310,-33,-356,-506,480,-292,99,649,-232,557,43,-199,0,0
6,16,501,-571,312,-35,-354,-505,478,-293,98,649,-232,555,30,-198,0,0
6,17,502,-569,312,-32,-356,-511,479,-312,97,649,-232,559,32,-194,0,0
6,18,504,-567,311,-31,-362,-527,471,-314,98,650,-232,561,38,-194,0,0
6,19,503,-569,312,-33,-361,-523,472,-297,97,649,-232,559,34,-200,0,0
6,20,504,-568,312,-33,-357,-507,474,-305,97,650,-232,559,34,-193,0,0
6,21,506,-567,312,-33,-356,-510,469,-327,97,653,-232,562,34,-189,0,0
6,22,505,-579,310,-33,-356,-516,485,-321,97,654,-232,563,35,-192,0,0
6,23,505,-584,309,-32,-356,-508,506,-289,97,651,-232,562,36,-191,0,0
6,24,502,-578,310,-32,-358,-504,502,-287,97,651,-232,566,36,-189,0,0
6,25,502,-585,312,-34,-360,-508,498,-309,97,652,-232,568,37,-189,0,0
6,26,505,-586,311,-34,-361,-506,508,-292,97,650,-232,567,39,-192,0,0
6,27,503,-578,310,-33,-356,-506,511,-262,97,648,-232,567,36,-195,0,0
6,28,501,-584,312,-34,-353,-523,497,-284,97,650,-232,566,33,-191,0,0
6,29,504,-591,312,-36,-356,-533,485,-319,97,652,-232,567,33,-187,0,0
6,30,506,-585,309,-32,-357,-521,476,-309,97,652,-232,567,36,-189,0,0
6,31,504,-591,311,-29,-355,-522,477,-297,98,652,-232,565,36,-192,0,0
6,32,503,-601,314,-33,-358,-539,488,-298,97,651,-232,564,35,-193,0,0
6,33,503,-594,311,-36,-360,-536,499,-277,95,651,-232,565,35,-192,0,0
6,34,504,-594,312,-34,-355,-525,509,-268,101,654,-232,563,37,-188,0,0
6,35,504,-595,313,-33,-355,-527,513,-288,105,652,-232,564,35,-187,0,0
6,36,502,-593,311,-34,-357,-531,506,-292,100,648,-232,568,34,-189,0,0
6,37,504,-596,313,-32,-355,-530,500,-274,96,649,-232,567,37,-187,0,0
6,38,503,-598,311,-31,-359,-526,506,-268,98,652,-232,564,38,-187,0,0
6,39,503,-598,306,-33,-360,-526,509,-277,102,651,-232,567,33,-191,0,0
6,40,506,-598,310,-33,-356,-542,502,-287,102,651,-232,572,33,-188,0,0
6,41,505,-601,314,-32,-357,-545,499,-298,101,651,-232,566,36,-184,0,0
6,42,501,-600,310,-33,-360,-517,497,-307,96,651,-232,556,36,-187,0,0
6,43,502,-600,310,-33,-357,-506,509,-295,90,651,-232,560,35,-191,0,0
6,44,503,-596,313,-32,-356,-529,532,-268,109,651,-232,569,36,-186,0,0
6,45,501,-602,311,-33,-358,-539,539,-255,122,651,-232,570,35,-187,0,0
6,46,505,-607,309,-33,-363,-519,530,-261,106,654,-232,568,35,-194,0,0
6,47,508,-603,314,-33,-361,-505,516,-265,104,653,-232,569,35,-189,0,0
6,48,506,-613,312,-36,-353,-513,503,-263,113,650,-232,567,35,-187,0,0
6,49,506,-618,307,-35,-361,-517,502,-265,109,649,-232,560,36,-193,0,0
6,50,505,-610,311,-31,-375,-508,506,-281,109,651,-232,560,35,-190,0,0
6,51,501,-612,312,-33,-364,-507,499,-304,108,652,-232,564,35,-185,0,0
6,52,498,-613,311,-34,-353,-512,495,-304,93,650,-232,561,36,-186,0,0
6,53,500,-608,311,-31,-358,-509,503,-287,94,651,-232,560,35,-188,0,0
6,54,503,-609,310,-31,-360,-507,503,-294,106,653,-232,564,34,-191,0,0
6,55,505,-613,311,-32,-359,-512,495,-310,96,653,-232,563,31,-186,0,0
6,56,505,-613,312,-32,-362,-521,513,-289,94,650,-232,561,32,-179,0,0
6,57,502,-612,311,-35,-357,-531,533,-260,114,650,-232,564,37,-182,0,0
6,58,500,-608,312,-34,-351,-531,512,-270,117,652,-232,566,37,-186,0,0
6,59,500,-608,313,-32,-356,-525,495,-282,101,651,-232,564,34,-184,0,0
6,60,503,-609,312,-32,-360,-530,512,-269,109,651,-232,566,37,-185,0,0
6,61,503,-599,309,-34,-357,-540,507,-278,122,651,-232,565,37,-184,0,0
6,62,504,-601,309,-33,-356,-537,481,-312,105,651,-232,564,34,-181,0,0
6,63,507,-608,308,-32,-361,-532,489,-317,88,651,-232,567,36,-182,0,0
6,64,506,-598,308,-33,-364,-533,508,-292,100,651,-232,567,37,-185,0,0
6,65,502,-597,310,-33,-362,-533,506,-278,120,651,-232,561,38,-184,0,0
6,66,502,-609,310,-34,-362,-539,504,-280,118,651,-232,562,33,-183,0,0
6,67,506,-610,307,-32,-360,-533,506,-287,111,651,-232,568,34,-187,0,0
6,68,506,-608,308,-31,-356,-515,505,-276,117,651,-232,564,52,-189,0,0
6,69,505,-621,311,-35,-358,-515,505,-241,123,651,-232,563,54,-188,0,0
6,70,508,-629,313,-36,-357,-520,509,-237,120,651,-232,568,33,-190,0,0
6,71,509,-622,314,-32,-355,-517,508,-279,115,651,-232,568,30,-193,0,0
6,72,507,-622,311,-32,-360,-529,504,-301,106,651,-232,561,39,-193,0,0
6,73,504,-629,306,-33,-358,-539,505,-285,90,651,-232,560,34,-196,0,0
6,74,501,-629,309,-31,-352,-526,510,-272,98,651,-232,562,31,-196,0,0
6,75,498,-630,314,-32,-356,-526,509,-276,120,651,-232,561,35,-195,0,0
6,76,499,-628,312,-34,-358,-538,504,-289,112,651,-232,560,31,-196,0,0
6,77,504,-628,310,-32,-361,-524,507,-295,104,652,-232,560,35,-193,0,0
6,78,505,-631,311,-32,-369,-507,508,-286,118,654,-232,563,36,-195,0,0
6,79,504,-630,310,-33,-366,-514,502,-273,116,656,-232,566,34,-198,0,0
6,80,505,-627,309,-33,-359,-532,502,-268,106,653,-232,568,46,-195,0,0
6,81,502,-627,312,-33,-363,-538,504,-280,109,649,-232,569,52,-190,0,0
6,82,500,-629,315,-33,-364,-524,497,-298,104,649,-232,566,37,-195,0,0
6,83,503,-628,314,-33,-355,-508,496,-308,103,652,-232,565,30,-198,0,0
6,84,506,-629,310,-34,-355,-518,501,-320,110,652,-232,566,36,-197,0,0
6,85,505,-633,307,-33,-362,-525,498,-324,100,650,-232,566,35,-197,0,0
6,86,506,-633,309,-31,-356,-518,494,-313,91,654,-232,567,33,-193,0,0
6,87,504,-629,309,-31,-348,-517,497,-308,95,658,-232,567,37,-194,0,0
6,88,499,-629,310,-34,-353,-516,504,-295,102,656,-232,564,36,-199,0,0
6,89,501,-631,312,-34,-358,-509,508,-270,116,651,-232,561,37,-199,0,0
6,90,505,-631,309,-32,-357,-512,504,-284,108,651,-232,564,38,-194,0,0
6,91,503,-630,307,-32,-357,-507,502,-313,88,652,-232,567,37,-194,0,0
6,92,501,-631,308,-33,-356,-499,507,-298,96,651,-232,565,35,-195,0,0
6,93,504,-633,309,-33,-353,-511,507,-280,102,651,-232,565,34,-194,0,0
7,94,506,-631,310,-33,-356,-516,504,-300,89,651,-232,571,37,-194,0,0
7,95,504,-626,314,-32,-358,-504,508,-309,100,651,-232,574,38,-194,0,0
7,96,503,-626,317,-34,-359,-502,512,-290,120,651,-232,569,37,-195,0,0
7,97,504,-627,315,-34,-362,-503,508,-284,110,651,-232,565,38,-195,-1,0
7,98,506,-625,309,-33,-358,-498,501,-308,91,651,-232,568,38,-194,0,0
7,99,507,-629,308,-33,-355,-491,499,-322,94,651,-232,568,38,-191,0,0
7,100,506,-633,311,-33,-361,-482,503,-303,101,652,-232,570,38,-188,0,0
7,101,506,-633,310,-33,-361,-476,506,-289,95,652,-232,571,38,-189,0,0
7,102,503,-637,309,-33,-354,-487,506,-293,97,651,-232,568,38,-191,0,0
7,103,502,-643,312,-33,-352,-499,508,-291,101,651,-232,569,38,-190,0,0
7,104,506,-644,313,-32,-357,-498,509,-287,98,651,-232,568,38,-193,0,0
7,105,507,-651,312,-34,-359,-500,505,-290,95,651,-232,569,38,-194,0,0
7,106,502,-658,310,-36,-355,-507,507,-291,94,651,-232,577,38,-187,0,0
7,107,504,-652,309,-34,-355,-506,500,-298,97,651,-232,578,37,-185,0,0
7,108,505,-650,312,-32,-359,-508,480,-324,97,651,-232,580,38,-191,0,0
7,109,503,-654,317,-32,-357,-520,486,-328,96,651,-232,586,38,-190,0,0
7,110,503,-652,315,-33,-353,-529,505,-304,97,651,-232,581,37,-187,0,0
7,111,500,-652,312,-32,-355,-535,499,-314,97,651,-232,577,39,-185,0,0
7,112,501,-654,313,-32,-356,-535,490,-336,96,651,-232,577,38,-188,0,0
7,113,506,-655,314,-33,-359,-532,500,-316,97,651,-232,581,37,-193,0,0
7,114,504,-656,311,-33,-359,-529,500,-299,99,651,-232,581,36,-191,0,0
7,115,502,-656,310,-33,-353,-529,497,-305,99,651,-232,583,34,-190,0,0
7,116,505,-656,312,-33,-354,-532,504,-305,99,651,-232,586,36,-193,0,0
7,117,503,-656,312,-32,-357,-536,490,-311,99,651,-232,585,39,-193,0,0
7,118,501,-655,311,-32,-355,-529,475,-323,96,651,-232,579,38,-189,0,0
7,119,506,-654,309,-33,-354,-510,490,-319,95,651,-232,582,30,-186,0,0
7,120,505,-654,306,-34,-355,-510,508,-318,98,651,-232,596,29,-187,0,0
7,121,504,-650,308,-32,-355,-527,504,-311,100,651,-232,596,46,-187,0,-1
7,122,507,-653,314,-31,-355,-534,500,-296,96,651,-232,586,53,-186,0,0
7,123,505,-654,313,-34,-355,-527,501,-313,95,651,-232,581,37,-189,0,-1
7,124,501,-639,311,-36,-354,-515,496,-339,100,651,-232,584,30,-189,0,0
7,125,502,-640,315,-34,-353,-503,498,-327,92,651,-232,593,39,-186,0,0
7,126,506,-647,314,-31,-355,-496,504,-304,101,651,-232,593,36,-187,0,0
7,127,505,-642,310,-31,-357,-502,508,-302,120,651,-232,589,33,-185,0,0
7,128,502,-643,311,-34,-357,-508,507,-311,109,651,-232,584,38,-179,0,0
7,0,502,-651,314,-36,-358,-502,498,-326,96,651,-232,584,34,-181,0,0
7,1,504,-652,314,-33,-358,-493,499,-327,113,651,-232,593,32,-183,0,0
7,2,505,-648,311,-31,-355,-497,514,-287,121,651,-232,595,37,-176,0,0
7,3,503,-652,310,-33,-356,-512,514,-275,103,651,-232,588,36,-175,0,0
7,4,498,-654,313,-34,-357,-514,483,-334,92,651,-232,591,33,-181,0,0
7,5,499,-647,314,-34,-355,-507,471,-367,98,651,-232,595,34,-181,0,0
7,6,503,-644,314,-33,-357,-504,493,-351,99,651,-232,576,38,-184,0,0
7,7,502,-645,314,-31,-363,-496,502,-358,92,651,-232,566,37,-186,0,0
7,8,503,-644,313,-34,-368,-484,494,-368,95,651,-232,578,35,-181,0,0
7,9,506,-640,310,-34,-366,-474,499,-336,117,651,-232,583,35,-178,0,0
7,10,503,-639,311,-32,-356,-475,507,-319,122,651,-232,582,35,-177,0,0
7,11,503,-642,314,-33,-357,-487,501,-338,114,651,-232,582,42,-176,0,0
7,12,504,-643,314,-33,-363,-499,499,-340,138,651,-232,579,56,-174,0,0
7,13,502,-636,312,-32,-359,-502,508,-310,183,651,-232,581,63,-162,0,0
7,14,503,-630,312,-32,-356,-505,509,-295,198,651,-232,584,62,-152,0,0
7,15,502,-633,311,-33,-358,-508,506,-313,193,651,-232,573,62,-158,0,0
7,16,501,-629,310,-33,-358,-502,511,-328,193,651,-232,566,64,-158,0,0
7,17,503,-624,311,-34,-353,-502,519,-303,195,651,-232,573,64,-150,0,0
7,18,503,-631,312,-33,-353,-516,514,-277,192,651,-232,571,63,-154,0,0
7,19,503,-632,310,-35,-359,-518,511,-318,189,651,-232,568,63,-155,0,0
7,20,507,-629,309,-35,-360,-505,528,-360,184,651,-232,565,63,-154,0,0
7,21,509,-626,309,-33,-356,-505,540,-322,183,651,-232,565,63,-157,0,0
7,22,506,-624,311,-34,-353,-501,539,-278,191,651,-232,564,63,-158,0,0
7,23,503,-625,312,-35,-355,-484,547,-291,192,651,-232,566,63,-157,0,0
7,24,503,-626,312,-35,-357,-483,554,-300,185,651,-233,571,63,-152,0,0
7,25,504,-625,312,-33,-359,-484,543,-282,189,651,-231,572,63,-156,0,0
7,26,504,-624,312,-32,-358,-476,531,-284,198,651,-229,569,63,-161,0,0
7,27,502,-623,308,-34,-355,-486,529,-302,192,651,-229,565,63,-157,0,0
7,28,501,-612,308,-36,-355,-503,536,-314,181,651,-229,563,63,-155,0,0
7,29,504,-601,314,-33,-357,-505,541,-310,185,651,-229,553,63,-158,0,0
7,30,507,-601,312,-31,-354,-503,533,-301,189,651,-229,546,63,-156,0,0
7,31,505,-602,305,-36,-354,-506,535,-308,184,651,-229,551,63,-156,0,0
7,32,502,-600,310,-37,-360,-504,558,-308,181,651,-229,547,63,-156,0,0
7,33,506,-599,318,-27,-362,-506,571,-281,187,651,-229,548,64,-155,0,0
7,34,507,-597,314,-36,-360,-505,568,-259,194,651,-229,555,62,-156,0,0
7,35,503,-599,310,-53,-361,-487,566,-271,190,651,-229,553,61,-155,0,0
7,36,502,-601,313,-41,-358,-474,570,-281,186,651,-229,549,62,-150,0,0
7,37,502,-599,312,-24,-356,-485,573,-271,189,652,-229,550,63,-153,0,0
7,38,503,-599,309,-33,-365,-491,554,-280,189,653,-229,549,62,-155,0,0
7,39,507,-600,310,-38,-370,-487,532,-307,186,651,-229,544,62,-152,0,0
7,40,507,-600,311,-32,-360,-499,545,-300,188,651,-229,545,63,-159,0,0
7,41,503,-599,312,-34,-355,-504,568,-272,189,654,-229,545,63,-161,0,0
7,42,501,-599,313,-35,-356,-490,567,-268,187,646,-229,546,63,-154,0,0
7,43,505,-600,311,-31,-353,-492,563,-288,186,633,-231,543,63,-151,0,0
7,44,508,-601,310,-33,-355,-505,567,-291,187,633,-233,536,63,-157,0,0
7,45,503,-600,311,-36,-362,-508,563,-271,186,637,-232,543,63,-157,0,0
7,46,504,-600,312,-34,-357,-507,559,-269,187,633,-232,552,63,-151,0,0
7,47,507,-602,311,-31,-355,-506,560,-287,188,633,-232,548,63,-156,0,0
7,48,502,-601,308,-33,-363,-505,557,-298,187,637,-232,538,63,-159,0,0
7,49,502,-601,311,-36,-363,-504,543,-308,185,636,-232,535,63,-152,0,0
7,50,507,-610,314,-34,-357,-501,536,-306,183,636,-232,535,63,-152,0,0
7,51,503,-613,312,-34,-357,-499,542,-304,180,636,-232,532,63,-159,0,0
7,52,499,-606,311,-36,-359,-504,545,-315,179,636,-232,532,63,-157,0,0
7,53,503,-600,314,-34,-359,-507,553,-306,182,636,-232,532,63,-153,0,0
7,54,503,-601,316,-32,-359,-504,571,-270,185,636,-232,525,63,-152,0,0
7,55,499,-609,312,-35,-357,-498,568,-271,183,636,-232,522,62,-154,0,0
7,56,497,-613,308,-35,-355,-487,546,-308,183,636,-232,529,60,-153,0,0
7,57,499,-603,311,-32,-356,-486,535,-319,183,636,-232,533,60,-154,0,0
7,58,503,-594,313,-33,-359,-500,533,-303,177,636,-232,527,60,-155,0,0
7,59,501,-601,310,-35,-363,-509,531,-300,179,636,-232,526,60,-156,0,0
7,60,501,-605,309,-34,-363,-498,524,-326,181,636,-232,523,60,-157,0,0
7,61,506,-595,313,-33,-360,-483,532,-330,176,636,-232,520,60,-150,0,0
7,62,506,-597,312,-34,-357,-479,561,-291,177,636,-232,524,60,-141,0,0
7,63,504,-610,308,-35,-354,-476,564,-295,178,636,-232,520,60,-144,0,0
7,64,506,-608,312,-36,-354,-479,534,-340,177,636,-232,517,60,-148,0,0
7,65,507,-601,314,-33,-357,-493,531,-324,175,636,-232,524,60,-149,0,0
7,66,502,-599,309,-32,-361,-497,562,-281,177,636,-232,529,60,-149,0,0
7,67,502,-603,307,-33,-357,-489,571,-293,182,635,-232,524,60,-151,0,0
7,68,503,-612,312,-33,-353,-495,566,-302,179,637,-232,516,60,-149,0,0
7,69,502,-611,313,-34,-355,-506,563,-282,175,636,-232,513,59,-141,0,0
7,70,504,-613,311,-35,-356,-504,546,-294,173,634,-232,511,58,-144,0,0
7,71,505,-613,311,-34,-361,-496,531,-307,174,643,-232,508,59,-147,0,0
7,72,502,-611,311,-36,-361,-486,541,-290,178,654,-232,510,63,-141,0,0
7,73,502,-613,309,-37,-353,-472,559,-286,180,654,-232,518,62,-139,0,0
7,74,506,-612,308,-30,-351,-472,565,-293,163,651,-232,510,58,-145,0,0
7,75,504,-611,312,-38,-359,-479,566,-304,153,652,-232,503,60,-144,0,0
7,76,501,-619,315,-52,-363,-479,561,-324,161,650,-232,510,62,-147,0,0
7,77,506,-620,313,-42,-356,-478,550,-316,158,650,-232,509,61,-157,0,0
7,78,506,-603,309,-29,-353,-477,566,-273,158,652,-232,507,61,-155,0,0
7,79,505,-598,311,-34,-360,-479,595,-252,162,651,-232,509,61,-154,0,0
7,80,505,-604,313,-35,-365,-482,576,-273,158,651,-232,508,61,-160,0,0
7,81,504,-599,310,-32,-359,-479,531,-306,158,651,-232,504,62,-158,0,0
7,82,504,-598,309,-36,-354,-467,523,-318,159,651,-232,503,59,-157,0,0
7,83,507,-609,311,-35,-358,-455,535,-302,159,651,-232,503,57,-158,0,0
7,84,506,-614,310,-31,-360,-455,535,-301,159,652,-232,504,59,-163,0,0
7,85,503,-609,308,-33,-361,-465,534,-317,159,651,-232,505,61,-162,0,0
7,86,502,-612,307,-35,-362,-474,547,-300,159,651,-232,499,61,-157,0,0
7,87,501,-618,311,-35,-361,-479,565,-268,159,654,-232,495,61,-159,0,0
7,88,503,-622,316,-35,-360,-479,567,-272,159,653,-233,500,61,-163,0,0
7,89,507,-618,315,-34,-361,-474,562,-277,159,651,-229,504,60,-161,0,0
7,90,505,-611,310,-33,-361,-471,573,-255,159,653,-227,502,60,-158,0,0
7,91,502,-611,308,-38,-358,-471,570,-267,158,652,-230,502,61,-158,0,0
7,92,503,-613,309,-38,-356,-469,543,-298,160,648,-232,506,61,-163,0,0
7,93,507,-614,310,-33,-358,-477,527,-291,158,648,-231,491,60,-166,0,0
8,94,508,-616,311,-36,-359,-476,533,-280,157,650,-231,481,61,-163,0,0
8,95,501,-614,312,-38,-358,-458,543,-291,160,652,-231,488,61,-160,0,0
8,96,498,-615,312,-31,-357,-458,534,-297,160,656,-231,487,57,-161,0,0
8,97,506,-617,310,-31,-359,-464,526,-290,165,654,-231,487,57,-163,0,0
8,98,512,-612,309,-36,-357,-457,546,-274,169,650,-231,494,59,-163,0,0
8,99,507,-612,312,-34,-353,-465,557,-262,160,652,-231,490,57,-163,0,0
8,100,501,-620,313,-35,-355,-477,530,-288,154,655,-231,483,57,-162,0,0
8,101,502,-621,314,-35,-360,-471,522,-307,158,653,-231,483,63,-163,0,0
8,102,504,-615,313,-31,-360,-469,542,-283,159,649,-231,485,63,-162,0,0
8,103,504,-611,309,-37,-355,-478,541,-266,155,649,-231,484,60,-160,0,0
8,104,504,-608,308,-37,-357,-478,532,-272,158,652,-231,482,61,-163,0,0
8,105,505,-612,313,-33,-360,-478,536,-281,159,651,-231,484,62,-165,0,0
8,106,506,-611,314,-53,-354,-487,526,-296,154,651,-231,486,61,-160,0,0
8,107,508,-619,308,-59,-353,-482,502,-324,152,651,-231,479,61,-157,0,0
8,108,508,-631,307,-37,-362,-468,496,-324,157,651,-231,478,61,-158,0,0
8,109,505,-625,309,-34,-365,-480,507,-295,160,651,-231,486,61,-157,0,0
8,110,502,-620,310,-42,-356,-494,509,-292,156,651,-231,479,61,-158,0,0
8,111,502,-630,310,-35,-355,-481,501,-315,154,651,-231,472,61,-164,0,0
8,112,504,-640,311,-32,-361,-470,505,-316,155,651,-231,474,62,-164,0,0
8,113,503,-643,312,-38,-360,-476,520,-298,156,651,-231,477,61,-161,0,0
8,114,501,-646,310,-35,-358,-481,525,-294,158,651,-231,477,59,-166,0,0
8,115,505,-649,310,-32,-363,-474,517,-292,159,651,-231,472,59,-166,0,0
8,116,507,-646,314,-47,-361,-468,513,-286,157,651,-231,473,59,-160,0,0
8,117,502,-651,316,-58,-355,-465,506,-292,156,651,-231,477,59,-159,0,0
8,118,503,-659,311,-44,-358,-471,489,-321,154,651,-231,474,60,-166,0,0
8,119,508,-655,308,-30,-362,-471,486,-348,153,651,-231,469,58,-171,0,0
8,120,506,-653,311,-30,-358,-457,499,-322,155,651,-231,475,62,-163,0,0
8,121,503,-662,316,-39,-361,-459,497,-297,156,651,-231,480,55,-160,0,0
8,122,505,-661,315,-48,-364,-474,481,-341,155,651,-231,474,46,-171,0,0
8,123,504,-659,312,-46,-358,-471,475,-364,154,651,-231,468,57,-172,0,0
8,124,502,-663,311,-30,-355,-467,474,-332,151,652,-231,468,55,-163,0,0
8,125,503,-664,310,-21,-365,-474,476,-335,149,655,-231,473,41,-161,0,0
8,126,506,-663,313,-38,-373,-472,492,-343,153,654,-231,474,53,-166,0,0
8,127,505,-664,311,-52,-364,-467,491,-320,156,651,-231,466,68,-170,0,0
8,128,502,-664,307,-44,-353,-477,468,-325,152,651,-231,466,59,-171,0,0
8,0,501,-665,308,-32,-354,-488,461,-344,151,651,-231,473,56,-172,0,0
8,1,503,-668,310,-34,-365,-483,475,-337,154,651,-231,468,60,-175,0,0
8,2,504,-672,309,-40,-362,-470,472,-344,154,651,-231,459,54,-172,0,0
8,3,504,-680,309,-35,-351,-457,457,-354,153,651,-231,465,54,-164,0,0
8,4,503,-688,311,-30,-351,-455,452,-348,152,652,-231,473,58,-165,0,0
8,5,505,-686,312,-42,-360,-463,462,-346,151,650,-231,468,59,-166,0,0
8,6,507,-683,310,-51,-359,-466,471,-332,152,648,-231,463,59,-163,0,0
8,7,503,-686,311,-42,-354,-457,475,-330,152,648,-231,462,59,-164,0,0
8,8,502,-686,311,-37,-353,-451,487,-336,152,648,-231,458,60,-167,0,0
8,9,506,-686,307,-41,-355,-467,487,-316,154,648,-231,458,61,-165,0,0
8,10,507,-686,308,-45,-359,-481,474,-303,154,648,-231,458,61,-161,0,0
8,11,506,-685,313,-42,-361,-478,472,-320,153,648,-231,456,60,-162,0,0
8,12,504,-685,313,-34,-357,-478,477,-342,156,648,-231,457,58,-163,0,0
8,13,502,-685,309,-44,-352,-484,467,-346,157,648,-231,456,59,-163,0,0
8,14,506,-687,308,-57,-355,-470,461,-337,154,648,-231,457,60,-165,0,0
8,15,511,-689,308,-41,-363,-452,457,-339,151,648,-231,459,60,-166,0,0
8,16,505,-688,305,-27,-361,-460,441,-360,153,648,-231,459,58,-165,0,0
8,17,501,-687,308,-41,-353,-474,447,-361,155,649,-231,456,57,-166,0,0
8,18,504,-687,309,-37,-356,-472,462,-341,152,648,-231,457,58,-165,0,0
8,19,506,-686,307,-30,-361,-476,452,-346,152,649,-231,463,58,-164,0,0
8,20,504,-684,309,-39,-358,-483,433,-361,155,652,-231,467,57,-166,0,0
8,21,503,-685,313,-37,-354,-476,441,-355,155,651,-231,470,59,-159,0,0
8,22,504,-688,312,-34,-355,-480,451,-336,153,648,-231,466,64,-157,0,0
8,23,505,-688,309,-38,-358,-491,443,-331,153,649,-231,467,58,-165,0,0
8,24,504,-686,311,-34,-361,-484,440,-346,156,652,-231,473,54,-162,0,0
8,25,503,-686,311,-35,-361,-471,447,-356,156,651,-231,470,62,-158,0,0
8,26,502,-686,308,-50,-360,-474,445,-363,153,651,-231,461,49,-165,0,0
8,27,504,-686,308,-44,-357,-479,436,-365,152,651,-231,460,38,-166,0,0
8,28,507,-686,310,-37,-356,-478,439,-351,151,651,-231,469,49,-160,0,0
8,29,504,-686,311,-43,-359,-476,437,-362,150,651,-231,470,59,-159,0,0
8,30,503,-686,308,-40,-356,-476,423,-401,148,651,-231,459,56,-165,0,0
8,31,508,-689,309,-44,-353,-474,428,-384,147,651,-231,453,48,-175,0,0
8,32,506,-689,311,-51,-354,-476,445,-340,151,651,-231,458,48,-173,0,0
8,33,501,-689,309,-47,-358,-479,441,-368,155,651,-231,460,54,-162,0,0
8,34,503,-692,310,-43,-361,-473,424,-405,147,651,-231,455,59,-160,0,0
8,35,505,-692,312,-42,-360,-475,413,-387,145,651,-231,460,55,-166,0,0
8,36,503,-690,311,-46,-354,-495,401,-384,140,651,-231,464,56,-165,0,0
8,37,505,-690,309,-50,-353,-500,401,-406,135,651,-231,460,60,-161,0,0
8,38,507,-692,311,-50,-359,-496,417,-404,138,651,-231,458,58,-160,0,0
8,39,505,-692,310,-50,-357,-501,422,-395,138,651,-231,457,59,-160,0,0
8,40,502,-691,307,-47,-354,-496,415,-395,139,651,-231,452,57,-161,0,0
8,41,503,-693,309,-40,-360,-484,420,-387,144,651,-231,452,58,-158,0,0
8,42,504,-698,313,-42,-361,-486,428,-373,148,651,-231,450,60,-160,0,-1
8,43,504,-694,311,-50,-355,-495,429,-370,145,651,-231,443,59,-164,0,0
8,44,504,-692,309,-41,-353,-496,428,-373,141,651,-231,448,61,-158,0,0
8,45,502,-694,310,-33,-358,-492,420,-373,145,651,-231,450,60,-152,0,0
8,46,504,-694,311,-44,-362,-498,410,-382,144,651,-231,445,55,-157,0,0
8,47,508,-691,311,-51,-360,-508,411,-409,139,651,-231,449,59,-162,0,0
8,48,507,-691,310,-45,-355,-502,421,-417,141,651,-231,455,61,-153,0,0
8,49,502,-695,311,-43,-356,-484,416,-410,143,651,-231,454,46,-148,0,0
8,50,504,-695,313,-46,-359,-482,399,-416,145,651,-231,445,42,-143,0,0
8,51,507,-695,313,-44,-360,-492,413,-393,148,651,-231,444,60,-136,0,0
8,52,503,-697,314,-41,-361,-503,441,-359,145,651,-232,450,67,-142,0,0
8,53,506,-693,314,-44,-357,-508,429,-382,139,651,-231,450,59,-147,0,0
8,54,508,-702,309,-42,-355,-499,406,-410,141,654,-228,448,59,-145,0,0
8,55,505,-708,309,-36,-359,-485,411,-402,131,654,-228,448,60,-152,0,0
8,56,506,-699,313,-42,-360,-480,406,-407,120,651,-231,449,57,-162,0,0
8,57,509,-698,313,-46,-360,-482,389,-417,131,651,-231,448,61,-156,0,0
8,58,506,-712,312,-40,-359,-475,396,-409,137,652,-231,449,62,-153,0,0
8,59,503,-717,313,-45,-353,-471,410,-416,135,651,-231,447,56,-160,0,0
8,60,505,-706,309,-54,-353,-471,410,-416,142,651,-231,444,58,-162,0,0
8,61,504,-706,309,-47,-360,-473,410,-387,151,651,-231,447,61,-158,0,0
8,62,501,-715,311,-46,-362,-483,413,-374,146,651,-231,451,45,-161,0,0
8,63,504,-705,310,-49,-358,-494,415,-387,127,651,-231,451,40,-167,0,0
8,64,508,-695,310,-44,-358,-493,413,-386,125,651,-231,450,58,-164,0,0
8,65,506,-702,310,-43,-360,-488,413,-378,131,651,-231,447,65,-162,0,0
8,66,502,-713,311,-46,-360,-483,417,-379,123,651,-231,444,57,-165,0,0
8,67,503,-710,312,-45,-360,-468,417,-384,120,651,-231,447,58,-166,0,0
8,68,505,-700,312,-47,-359,-454,412,-388,124,651,-231,448,60,-162,0,0
8,69,507,-702,311,-47,-359,-461,412,-383,123,651,-231,444,56,-159,0,0
8,70,506,-709,312,-42,-363,-474,419,-381,123,651,-231,446,59,-158,0,0
8,71,502,-705,311,-43,-361,-468,418,-384,123,651,-231,451,58,-163,0,0
8,72,503,-702,311,-49,-355,-455,413,-376,121,651,-231,450,56,-167,0,0
8,73,506,-702,311,-50,-363,-463,416,-373,124,651,-231,450,61,-161,0,0
8,74,507,-699,311,-49,-372,-477,414,-385,123,651,-229,453,61,-164,0,0
8,75,505,-703,314,-42,-361,-477,407,-395,119,651,-227,452,56,-174,0,0
8,76,504,-710,313,-43,-351,-474,404,-399,132,651,-230,451,59,-174,0,0
8,77,506,-696,309,-50,-358,-476,408,-389,148,651,-232,448,55,-167,0,0
8,78,508,-691,308,-49,-362,-474,408,-371,152,651,-231,445,46,-161,0,0
8,79,506,-695,311,-46,-360,-469,399,-379,153,651,-231,446,40,-167,0,0
8,80,504,-689,312,-46,-360,-472,396,-407,147,651,-231,447,38,-179,0,0
8,81,507,-692,311,-43,-358,-474,408,-406,146,651,-231,451,57,-175,0,0
8,82,509,-696,312,-45,-359,-466,413,-378,153,651,-231,453,57,-170,0,0
8,83,504,-690,312,-51,-360,-463,409,-378,153,651,-231,452,36,-179,0,0
8,84,501,-688,310,-49,-358,-476,410,-414,149,651,-231,455,46,-178,0,0
8,85,506,-693,308,-45,-358,-492,409,-417,151,651,-231,458,59,-174,0,0
8,86,507,-694,311,-48,-359,-494,408,-376,153,651,-231,458,42,-175,0,0
8,87,502,-691,315,-51,-358,-483,414,-361,149,651,-231,455,47,-169,0,0
8,88,502,-690,313,-52,-360,-475,411,-388,151,651,-231,452,67,-169,0,0
8,89,504,-691,310,-47,-360,-478,407,-395,153,651,-231,451,62,-178,0,0
8,90,505,-691,308,-43,-357,-480,414,-378,145,651,-231,453,49,-182,0,0
8,91,507,-692,308,-43,-360,-476,415,-384,143,651,-231,451,47,-178,0,0
8,92,507,-689,309,-44,-359,-474,404,-396,147,651,-231,446,51,-176,0,0
8,93,507,-689,309,-45,-356,-471,398,-383,145,651,-231,449,58,-174,0,0
9,94,505,-691,311,-45,-357,-472,396,-391,146,651,-231,452,56,-172,0,0
9,95,502,-688,311,-40,-354,-472,397,-414,142,651,-231,449,56,-177,0,0
9,96,503,-686,312,-46,-353,-472,409,-410,138,651,-231,454,64,-184,0,0
9,97,505,-689,313,-46,-362,-489,408,-407,135,651,-231,462,50,-185,0,0
9,98,499,-692,313,-29,-363,-502,393,-404,134,651,-231,461,40,-179,0,0
9,99,499,-691,310,-33,-359,-491,394,-382,139,651,-231,460,52,-179,0,0
9,100,505,-688,305,-54,-360,-489,403,-389,141,651,-231,463,52,-180,0,0
9,101,505,-689,305,-50,-362,-496,389,-429,135,651,-231,456,34,-183,0,0
9,102,503,-691,311,-34,-356,-479,391,-411,131,651,-231,453,25,-188,0,0
9,103,504,-691,311,-42,-350,-468,414,-364,136,651,-231,462,37,-185,0,0
9,104,503,-686,309,-50,-350,-491,407,-374,145,651,-231,463,52,-184,0,0
9,105,504,-692,312,-42,-353,-511,391,-406,149,651,-231,461,60,-185,0,0
9,106,508,-696,312,-38,-356,-502,392,-418,135,651,-231,465,61,-187,0,0
9,107,505,-694,310,-41,-355,-485,394,-422,129,651,-231,467,56,-188,0,0
9,108,501,-707,310,-49,-357,-487,385,-427,145,651,-231,470,47,-183,0,0
9,109,504,-711,309,-48,-359,-502,382,-420,139,651,-231,473,42,-178,0,0
9,110,505,-701,310,-47,-360,-496,393,-411,119,651,-231,472,45,-181,0,0
9,111,502,-708,316,-48,-362,-479,403,-400,129,651,-231,474,38,-184,0,0
9,112,502,-719,313,-49,-358,-475,413,-389,147,651,-231,477,27,-180,0,0
9,113,502,-714,308,-53,-354,-479,420,-378,144,651,-231,477,40,-183,0,0
9,114,502,-716,313,-52,-357,-470,404,-362,146,651,-231,473,53,-187,0,0
9,115,507,-724,315,-48,-360,-464,387,-371,147,651,-231,471,41,-186,0,0
9,116,506,-720,307,-43,-354,-471,398,-410,134,651,-231,471,29,-184,0,0
9,117,499,-720,306,-43,-355,-472,398,-429,122,651,-231,470,47,-185,0,0
9,118,503,-724,310,-47,-358,-458,386,-416,127,652,-231,476,54,-188,0,0
9,119,508,-720,311,-48,-355,-449,403,-402,134,651,-231,478,42,-187,0,0
9,120,503,-723,314,-45,-356,-462,409,-401,126,651,-231,476,50,-183,0,0
9,121,501,-732,313,-39,-360,-467,396,-397,124,654,-231,479,56,-180,0,0
9,122,505,-726,309,-44,-359,-453,411,-383,143,653,-231,481,43,-178,0,0
9,123,507,-728,312,-54,-355,-452,420,-377,149,649,-231,474,38,-176,0,0
9,124,506,-734,314,-51,-355,-475,405,-394,130,649,-231,476,47,-180,0,0
9,125,505,-728,312,-43,-358,-487,392,-407,127,652,-231,485,54,-182,0,0
9,126,503,-735,311,-41,-359,-475,388,-413,139,651,-231,487,62,-179,0,0
9,127,503,-745,312,-40,-357,-470,397,-414,132,651,-231,488,68,-180,0,0
9,128,507,-735,313,-40,-356,-481,405,-399,122,651,-231,483,55,-181,0,0
9,0,507,-734,312,-45,-356,-485,407,-383,129,651,-231,477,41,-185,0,0
9,1,503,-753,311,-48,-357,-478,414,-380,139,651,-231,482,43,-190,0,0
9,2,503,-750,310,-42,-357,-469,417,-380,138,651,-231,484,65,-189,0,0
9,3,508,-743,308,-38,-355,-459,414,-374,135,651,-231,488,72,-187,0,0
9,4,509,-749,306,-44,-355,-447,415,-380,133,651,-231,492,48,-187,0,0
9,5,504,-747,310,-50,-358,-443,411,-392,132,651,-231,494,29,-184,0,0
9,6,503,-745,312,-45,-359,-442,409,-388,138,651,-231,496,47,-179,0,0
9,7,506,-748,310,-42,-357,-439,417,-377,140,651,-231,493,56,-181,0,0
9,8,506,-752,308,-48,-363,-446,410,-380,131,651,-231,486,39,-185,0,0
9,9,505,-754,307,-46,-370,-453,396,-396,127,651,-231,487,32,-185,0,0
9,10,505,-751,307,-39,-363,-448,401,-408,133,651,-231,488,41,-188,0,0
9,11,505,-752,311,-39,-354,-443,407,-410,132,651,-231,484,45,-191,0,0
9,12,503,-755,312,-41,-358,-453,417,-377,134,651,-231,483,45,-184,0,0
9,13,503,-753,308,-47,-361,-467,442,-339,143,651,-231,482,51,-180,0,0
9,14,502,-754,309,-45,-357,-473,445,-353,138,651,-231,488,59,-184,0,0
9,15,501,-756,308,-41,-360,-467,420,-390,138,651,-231,499,63,-184,0,0
9,16,502,-749,306,-50,-358,-455,405,-388,151,651,-231,500,59,-182,0,0
9,17,503,-759,310,-40,-356,-447,413,-360,147,651,-231,492,49,-185,0,0
9,18,501,-771,310,-26,-362,-442,431,-366,130,651,-231,492,47,-184,0,0
9,19,501,-763,307,-34,-361,-448,439,-383,130,651,-231,494,52,-179,0,0
9,20,503,-766,310,-45,-352,-472,432,-370,136,651,-231,494,43,-180,0,0
9,21,505,-767,313,-44,-354,-480,425,-372,132,651,-231,492,35,-184,0,0
9,22,508,-763,310,-33,-362,-467,417,-407,130,651,-231,489,56,-183,0,0
9,23,506,-769,309,-30,-360,-464,413,-407,132,651,-231,486,62,-180,0,0
9,24,504,-770,313,-41,-356,-476,423,-373,136,651,-231,490,49,-180,0,0
9,25,505,-765,313,-38,-357,-473,424,-378,137,651,-231,495,48,-183,0,0
9,26,505,-776,311,-29,-360,-465,407,-394,129,651,-231,498,39,-177,0,0
9,27,505,-780,310,-37,-362,-468,407,-378,125,651,-231,493,28,-174,0,0
9,28,508,-768,310,-47,-362,-477,419,-376,132,651,-231,490,36,-179,0,0
9,29,508,-773,308,-42,-360,-481,420,-400,130,651,-231,494,33,-177,0,0
9,30,506,-780,308,-33,-358,-476,417,-399,129,651,-231,500,32,-175,0,0
9,31,504,-772,309,-33,-356,-468,416,-387,132,651,-231,496,39,-180,0,0
9,32,505,-767,308,-37,-357,-466,424,-387,134,651,-231,492,30,-178,0,0
9,33,505,-772,308,-35,-360,-463,426,-391,139,651,-231,495,34,-173,0,0
9,34,502,-766,309,-33,-361,-460,410,-399,139,651,-231,499,63,-181,0,0
9,35,504,-763,310,-50,-359,-468,402,-410,131,651,-231,500,63,-190,0,0
9,36,507,-767,311,-59,-358,-473,408,-410,136,651,-231,497,39,-189,0,0
9,37,505,-761,316,-41,-359,-456,412,-401,139,652,-231,496,41,-188,0,0
9,38,502,-753,315,-30,-360,-452,426,-387,129,650,-231,500,54,-188,0,0
9,39,503,-756,310,-33,-359,-468,452,-352,138,651,-231,501,55,-191,0,0
9,40,507,-753,310,-41,-363,-474,459,-341,145,654,-231,504,51,-192,0,0
9,41,507,-745,312,-46,-360,-468,444,-373,135,652,-231,501,44,-192,0,0
9,42,502,-750,309,-43,-352,-471,433,-390,134,648,-231,494,29,-194,0,0
9,43,502,-751,307,-45,-354,-474,437,-385,137,649,-231,498,30,-191,0,0
9,44,507,-751,309,-45,-362,-459,448,-371,137,652,-231,505,51,-191,0,0
9,45,507,-751,311,-40,-359,-452,437,-365,142,651,-231,503,47,-193,0,0
9,46,502,-746,310,-43,-352,-459,407,-376,140,651,-231,503,35,-194,0,0
9,47,501,-747,308,-46,-356,-461,399,-383,124,652,-231,504,53,-195,0,0
9,48,505,-748,306,-34,-359,-461,401,-382,127,651,-231,506,62,-193,0,0
9,49,505,-744,308,-32,-358,-458,389,-384,134,651,-231,507,35,-191,0,0
9,50,502,-746,309,-39,-356,-453,378,-380,128,651,-231,507,25,-192,0,0
9,51,501,-749,312,-31,-355,-460,383,-374,127,651,-232,503,38,-193,0,0
9,52,502,-740,312,-32,-356,-466,387,-377,129,651,-229,499,38,-192,0,0
9,53,502,-737,311,-50,-360,-458,379,-385,130,651,-227,503,33,-193,0,0
9,54,504,-741,313,-46,-363,-456,368,-399,128,651,-230,507,36,-194,0,0
9,55,506,-745,314,-32,-360,-454,356,-411,127,651,-232,506,43,-192,0,0
9,56,503,-745,310,-43,-360,-442,358,-404,130,651,-231,509,49,-194,0,0
9,57,503,-732,306,-52,-359,-445,365,-379,130,651,-231,512,50,-197,0,0
9,58,508,-731,309,-37,-358,-449,369,-362,129,651,-231,504,50,-194,0,0
9,59,506,-738,310,-27,-360,-444,369,-371,129,651,-231,503,43,-195,0,0
9,60,501,-730,308,-38,-361,-447,364,-383,129,651,-231,514,32,-199,0,0
9,61,502,-729,307,-49,-361,-454,360,-378,129,651,-231,513,30,-197,0,0
9,62,504,-734,309,-48,-360,-459,358,-394,130,651,-231,510,40,-193,0,0
9,63,501,-731,313,-34,-359,-463,348,-417,129,651,-231,520,49,-195,0,0
9,64,500,-729,311,-31,-356,-466,345,-398,129,651,-231,521,58,-195,0,0
9,65,503,-727,308,-42,-356,-463,355,-373,131,651,-231,517,62,-191,0,0
9,66,506,-726,310,-36,-356,-466,344,-390,128,651,-231,528,51,-191,0,0
9,67,505,-734,310,-30,-356,-471,317,-415,127,651,-231,537,38,-191,0,0
9,68,503,-732,305,-35,-361,-464,318,-415,132,651,-231,524,49,-192,0,0
9,69,504,-731,306,-36,-360,-467,330,-409,130,651,-231,515,68,-193,0,0
9,70,507,-747,313,-36,-357,-482,321,-419,124,651,-231,521,59,-192,0,0
9,71,506,-748,313,-34,-358,-481,321,-421,123,651,-231,517,56,-190,0,0
9,72,504,-741,310,-33,-361,-472,333,-401,126,651,-231,514,64,-188,0,0
9,73,503,-747,309,-38,-358,-474,337,-394,129,651,-231,520,48,-193,0,0
9,74,503,-747,309,-40,-357,-469,344,-403,128,651,-231,517,34,-199,0,0
9,75,504,-746,309,-34,-360,-462,345,-397,125,651,-231,514,35,-194,0,0
9,76,503,-749,310,-42,-359,-470,336,-382,127,651,-231,518,33,-188,0,0
9,77,502,-745,307,-52,-357,-469,335,-374,131,651,-231,519,48,-195,0,0
9,78,503,-743,310,-41,-357,-452,330,-392,129,651,-231,517,59,-198,0,0
9,79,505,-744,312,-31,-354,-452,320,-408,124,651,-231,515,39,-191,0,0
9,80,505,-733,310,-33,-354,-460,323,-397,125,651,-231,512,40,-192,0,0
9,81,505,-720,311,-49,-357,-452,322,-394,127,651,-231,514,53,-196,0,0
9,82,504,-722,312,-55,-356,-447,299,-421,124,651,-231,517,43,-192,0,0
9,83,503,-726,311,-39,-353,-448,287,-424,123,651,-231,507,49,-194,0,0
9,84,501,-718,310,-27,-356,-441,293,-405,125,651,-231,504,62,-198,0,0
9,85,502,-716,311,-31,-361,-443,294,-410,125,651,-231,510,44,-193,0,0
9,86,506,-724,310,-40,-360,-451,288,-415,126,651,-231,513,27,-193,0,0
9,87,506,-723,312,-45,-361,-446,284,-404,127,651,-231,512,38,-194,0,0
9,88,504,-718,315,-42,-361,-445,288,-392,126,651,-231,508,50,-190,0,0
9,89,502,-718,315,-44,-358,-450,289,-385,126,651,-231,509,47,-191,0,0
9,90,503,-720,312,-54,-356,-446,276,-383,126,651,-231,508,47,-196,0,0
9,91,505,-720,313,-44,-358,-445,267,-389,124,651,-231,507,51,-191,0,0
9,92,504,-717,315,-27,-356,-448,271,-401,126,651,-231,505,43,-192,0,0
9,93,501,-715,309,-35,-355,-449,277,-404,130,651,-231,508,29,-197,0,0
