0,113,294,-375,495,132,-208,-360,531,-367,169,757,5,741,34,105,-1,0
0,114,291,-381,491,125,-186,-283,529,-372,210,748,3,734,15,99,-1,0
0,115,302,-377,511,141,-179,-319,548,-353,194,769,0,750,31,112,-1,0
0,116,317,-374,520,152,-199,-366,547,-345,184,784,-2,763,42,121,-1,0
0,117,313,-354,528,152,-213,-317,550,-350,216,788,6,776,48,126,-1,0
0,118,304,-337,543,171,-212,-320,561,-356,197,780,-5,777,55,124,-1,0
0,119,302,-379,509,152,-210,-370,536,-391,154,755,-43,736,26,86,-1,0
0,120,293,-422,457,95,-199,-361,502,-423,156,747,-70,697,-16,34,-1,0
0,121,284,-420,460,83,-198,-366,495,-420,135,759,-81,709,-28,30,-1,0
0,122,289,-402,496,111,-218,-387,509,-410,115,751,-91,730,-20,59,0,0
0,123,299,-401,498,117,-227,-350,521,-408,165,738,-93,724,-8,73,-1,0
0,124,300,-410,478,112,-213,-342,522,-403,189,742,-84,726,0,66,0,0
0,125,293,-398,478,124,-210,-385,515,-396,152,755,-90,746,-3,62,0,0
0,126,290,-388,489,116,-233,-373,507,-402,133,764,-108,743,-11,65,0,0
0,127,289,-410,478,89,-237,-353,495,-421,149,754,-122,719,-31,55,0,0
0,128,297,-428,466,102,-227,-378,497,-422,180,740,-125,721,-31,56,0,0
0,0,302,-404,480,133,-233,-368,513,-405,177,751,-116,748,6,71,0,0
0,1,296,-380,498,131,-237,-354,506,-408,124,764,-113,747,15,70,0,0
0,2,301,-385,493,117,-232,-405,498,-421,119,755,-125,721,-21,54,0,0
0,3,305,-397,475,116,-237,-416,505,-417,164,741,-146,716,-33,50,0,0
0,4,295,-398,473,107,-234,-355,500,-419,160,734,-160,726,-15,52,0,0
0,5,298,-388,494,105,-221,-336,504,-419,143,751,-157,741,-3,57,0,0
0,6,315,-377,506,122,-222,-353,531,-396,179,782,-130,767,9,83,0,0
0,7,322,-369,507,125,-219,-363,530,-383,181,782,-118,773,13,93,0,0
0,8,313,-361,511,125,-209,-375,515,-398,143,756,-134,764,10,77,0,0
0,9,311,-357,513,137,-216,-366,519,-408,155,750,-147,766,14,73,0,0
0,10,312,-377,506,138,-225,-343,514,-410,182,755,-143,762,16,74,0,0
0,11,311,-384,509,130,-215,-344,509,-406,187,763,-131,759,11,73,0,0
0,12,313,-345,530,152,-192,-366,525,-392,165,779,-134,782,20,90,0,0
0,13,320,-311,543,174,-183,-359,538,-380,162,775,-134,796,52,106,0,0
0,14,325,-321,531,165,-188,-344,524,-384,194,765,-123,778,56,95,0,0
0,15,318,-341,509,157,-181,-356,510,-404,193,771,-131,757,25,83,0,0
0,16,317,-347,501,163,-175,-346,522,-403,170,783,-149,752,15,88,0,0
0,17,320,-341,505,164,-193,-294,541,-375,202,792,-130,759,38,99,0,0
0,18,319,-341,496,156,-204,-288,540,-368,226,794,-102,758,46,100,0,0
0,19,319,-356,486,148,-191,-372,526,-392,155,781,-121,745,29,88,0,0
0,20,318,-359,492,141,-182,-398,524,-393,133,781,-133,749,26,97,0,0
0,21,316,-343,503,132,-193,-329,532,-372,213,805,-108,778,41,125,0,0
0,22,318,-339,508,127,-215,-300,547,-365,238,812,-108,792,54,131,0,0
0,23,315,-350,506,129,-213,-344,544,-378,184,787,-140,768,42,107,0,0
0,24,310,-357,501,137,-191,-365,524,-387,174,765,-150,749,24,96,0,0
0,25,313,-353,507,151,-194,-319,534,-376,220,796,-122,775,27,110,0,0
0,26,314,-343,511,153,-211,-309,547,-373,214,817,-113,790,27,106,0,0
0,27,310,-354,503,135,-199,-346,530,-384,196,776,-138,765,10,83,0,0
0,28,317,-359,523,147,-175,-310,542,-370,227,776,-127,774,29,101,0,0
0,29,330,-311,563,198,-165,-282,581,-341,220,826,-89,822,73,151,0,0
0,30,330,-284,563,207,-150,-366,574,-343,175,832,-99,831,78,157,0,0
0,31,320,-328,540,177,-143,-364,560,-345,216,814,-127,805,59,142,0,0
0,32,323,-367,544,160,-152,-250,579,-333,284,808,-109,807,52,147,0,0
0,33,342,-333,567,167,-154,-250,591,-329,271,799,-80,835,59,162,0,0
0,34,343,-303,568,187,-155,-303,584,-319,241,825,-81,840,83,168,0,0
0,35,330,-332,543,185,-158,-297,576,-328,218,862,-99,816,85,159,0,0
0,36,327,-363,533,157,-152,-313,565,-356,199,834,-112,806,51,149,0,0
0,37,326,-362,541,151,-145,-322,563,-361,231,795,-111,809,25,144,0,0
0,38,330,-352,544,183,-153,-271,570,-348,276,809,-110,799,39,136,0,0
0,39,340,-346,548,196,-156,-290,559,-353,234,823,-117,782,64,135,0,0
0,40,348,-322,566,211,-154,-354,569,-347,190,814,-105,792,84,157,0,0
0,41,348,-304,583,228,-169,-305,603,-320,240,809,-81,815,101,176,0,0
0,42,337,-333,561,179,-166,-261,576,-340,256,811,-94,799,82,156,0,0
0,43,328,-370,530,134,-153,-324,526,-381,212,814,-121,758,39,126,0,0
0,44,332,-355,536,173,-159,-344,540,-374,214,813,-126,754,34,125,0,0
0,45,338,-323,548,209,-167,-272,569,-351,242,808,-125,769,46,135,0,0
0,46,339,-336,539,183,-159,-261,559,-363,228,807,-121,760,41,135,0,0
0,47,344,-353,542,180,-154,-319,556,-375,214,812,-113,758,38,144,0,0
0,48,338,-342,550,198,-168,-322,570,-362,234,806,-124,762,45,159,-1,0
0,49,328,-350,526,161,-182,-280,564,-363,244,802,-145,728,41,139,0,0
0,50,337,-363,513,132,-176,-283,557,-376,242,806,-131,707,36,114,0,0
0,51,348,-337,535,172,-152,-332,560,-375,211,801,-102,738,48,133,0,0
0,52,349,-317,554,209,-152,-336,565,-356,209,793,-92,764,68,170,-1,0
0,53,349,-337,539,189,-177,-305,558,-350,246,797,-93,756,72,174,0,0
0,54,350,-354,515,155,-175,-313,543,-372,245,803,-107,735,49,140,0,0
0,55,345,-358,514,148,-165,-311,535,-388,232,802,-131,715,24,120,0,0
0,56,342,-351,527,172,-180,-299,541,-377,220,815,-121,717,32,134,0,0
0,57,353,-329,546,198,-191,-339,562,-359,209,821,-85,740,57,155,-1,0
0,58,356,-331,543,184,-183,-364,558,-368,214,790,-100,737,62,152,0,0
0,59,338,-372,510,131,-179,-323,519,-404,204,769,-157,703,23,127,-1,0
0,60,327,-403,494,107,-192,-310,507,-429,183,782,-172,672,-16,108,0,0
0,61,340,-383,510,143,-202,-349,529,-423,180,788,-154,660,-9,108,-1,0
0,62,355,-347,525,183,-200,-355,538,-402,190,775,-155,663,13,116,-1,0
0,63,352,-337,526,167,-188,-331,533,-396,193,779,-161,674,16,121,-1,0
0,64,344,-343,531,151,-178,-333,536,-399,179,808,-156,687,24,130,-1,0
0,65,349,-316,558,208,-177,-309,562,-365,204,837,-132,708,57,168,-1,0
0,66,366,-272,613,263,-143,-244,610,-301,308,869,-76,750,96,221,-1,0
0,67,374,-253,638,256,-87,-236,637,-277,342,899,-27,782,117,247,-1,0
0,68,372,-252,622,246,-68,-261,615,-298,266,897,-33,779,117,237,-1,0
0,69,371,-256,620,259,-83,-229,596,-309,272,879,-61,772,111,230,-1,0
0,70,382,-243,649,282,-98,-207,618,-284,334,906,-47,794,128,260,-1,0
0,71,390,-224,666,290,-106,-222,634,-270,317,940,-24,816,154,288,-1,0
0,72,377,-239,646,262,-102,-232,618,-287,307,916,-43,795,137,261,-1,0
0,73,367,-262,619,234,-82,-256,607,-301,306,884,-60,767,101,227,-1,0
0,74,376,-243,630,259,-89,-241,624,-280,295,885,-31,785,120,253,-1,-1
0,75,383,-221,653,281,-117,-189,636,-261,325,910,-23,815,158,286,-1,0
0,76,369,-244,633,247,-119,-217,620,-285,338,913,-71,792,124,254,-1,-1
0,77,358,-266,599,221,-98,-289,596,-314,290,881,-90,750,71,218,-1,0
0,78,362,-262,599,234,-100,-280,593,-312,261,877,-67,748,83,224,-1,0
0,79,363,-260,601,239,-121,-236,595,-311,267,885,-78,757,109,228,-1,0
0,80,360,-255,594,244,-116,-261,586,-324,254,870,-102,744,101,225,-1,0
0,81,368,-238,616,273,-115,-286,605,-294,298,893,-63,762,110,259,-1,0
0,82,374,-241,638,268,-127,-237,636,-264,358,928,-30,793,125,275,-1,0
0,83,362,-260,619,241,-103,-190,618,-299,314,884,-67,775,106,238,-1,0
0,84,360,-247,620,262,-71,-192,617,-303,284,849,-81,773,107,239,-1,0
0,85,387,-215,658,304,-65,-195,660,-254,347,894,-31,817,144,294,-1,0
0,86,390,-199,668,315,-72,-172,673,-240,387,926,-6,827,158,319,-1,0
0,87,367,-186,662,315,-69,-199,665,-250,343,923,-13,818,156,313,-1,0
0,88,449,-172,687,329,-65,-240,677,-233,321,925,-2,844,178,327,-1,0
0,89,604,-199,689,320,-73,-189,677,-227,353,913,-14,849,177,331,-1,0
0,90,648,-239,645,286,-79,-163,659,-249,347,873,-61,818,124,303,-1,0
0,91,597,-241,632,269,-70,-244,651,-258,301,857,-91,805,103,285,-1,0
0,92,587,-211,665,285,-80,-239,660,-240,323,895,-73,824,144,303,-1,0
0,93,592,-211,666,291,-99,-124,670,-231,379,920,-58,823,153,307,-1,0
0,94,560,-253,615,263,-73,-142,643,-275,336,865,-101,772,95,258,-1,0
0,95,542,-258,604,260,-63,-230,622,-303,287,829,-121,753,79,243,-1,0
0,96,544,-234,637,274,-94,-215,638,-279,311,869,-88,798,118,276,-1,0
0,97,537,-222,646,277,-97,-201,637,-275,324,888,-69,825,135,290,-1,0
0,98,536,-216,645,296,-86,-224,625,-286,323,877,-75,823,138,288,-1,0
0,99,548,-210,661,312,-96,-230,628,-274,314,886,-76,830,146,295,-1,0
0,100,550,-220,662,286,-95,-232,620,-279,288,873,-90,824,143,299,-1,0
0,101,540,-225,660,274,-96,-220,616,-292,298,831,-103,806,141,306,-1,0
0,102,539,-217,670,300,-119,-204,634,-274,339,834,-88,801,146,316,0,0
0,103,540,-239,656,287,-119,-232,627,-273,323,864,-91,782,125,296,-1,0
0,104,535,-254,649,269,-112,-233,619,-286,305,861,-107,767,115,282,0,0
0,105,538,-234,665,289,-120,-195,634,-286,319,851,-115,770,129,294,-1,0
0,106,532,-232,649,286,-110,-245,612,-315,273,837,-138,757,110,282,-1,0
0,107,538,-217,658,302,-91,-275,609,-311,262,833,-121,772,114,297,-1,0
0,108,558,-182,704,351,-81,-182,655,-250,356,866,-78,814,157,346,-1,0
0,109,556,-185,710,356,-72,-152,668,-235,369,890,-91,807,158,350,-1,0
0,110,547,-202,689,322,-71,-210,650,-263,306,861,-136,769,138,322,-1,0
0,111,547,-200,693,299,-81,-202,659,-256,330,846,-135,762,146,319,-1,0
0,112,540,-208,691,297,-82,-177,664,-242,357,880,-124,764,145,319,-1,0
0,113,531,-229,658,297,-83,-194,640,-268,330,867,-162,728,112,290,-1,0
1,114,534,-227,648,300,-93,-186,641,-283,342,839,-179,705,101,276,-1,0
1,115,537,-201,665,318,-92,-195,662,-269,345,868,-152,725,124,292,-1,0
1,116,534,-193,666,326,-86,-235,653,-271,308,836,-169,714,126,290,-1,0
1,117,530,-209,658,310,-92,-226,631,-290,298,778,-209,677,101,263,-1,0
1,118,529,-227,662,296,-105,-189,634,-291,312,817,-195,677,87,255,-1,0
1,119,530,-228,653,301,-104,-177,635,-282,335,841,-180,682,90,269,-1,0
1,120,525,-216,646,310,-91,-206,627,-273,345,817,-191,670,108,282,-1,0
1,121,529,-201,667,309,-92,-234,644,-265,323,827,-167,678,126,289,-1,0
1,122,531,-206,660,296,-102,-205,661,-280,322,821,-155,673,109,282,-1,0
1,123,528,-222,637,297,-105,-175,657,-288,338,800,-182,655,99,275,-1,0
1,124,532,-215,649,317,-100,-201,656,-264,320,846,-188,668,123,289,-1,-1
1,125,530,-213,653,317,-92,-208,662,-256,309,878,-166,671,116,287,-1,0
1,126,524,-220,640,300,-87,-187,673,-264,335,839,-163,650,102,279,-1,0
1,127,530,-204,646,296,-95,-207,684,-247,354,808,-177,653,130,290,-1,0
1,128,529,-201,650,305,-106,-202,675,-237,354,818,-172,668,141,290,-1,0
1,0,512,-237,614,290,-98,-173,645,-274,325,841,-176,646,114,269,-1,0
1,1,503,-255,585,263,-84,-209,628,-305,288,833,-204,615,87,254,-1,0
1,2,510,-220,617,288,-103,-209,654,-278,335,810,-187,643,95,276,-1,0
1,3,517,-202,650,313,-120,-160,667,-252,398,800,-148,678,125,301,-1,0
1,4,507,-236,629,272,-93,-192,640,-271,354,793,-175,652,129,284,-1,0
1,5,510,-237,624,256,-86,-211,651,-268,319,815,-191,638,125,281,-1,0
1,6,527,-211,654,292,-124,-143,689,-243,362,833,-151,663,136,305,-1,0
1,7,519,-230,639,280,-121,-145,681,-266,360,802,-165,657,130,292,-1,0
1,8,507,-250,610,243,-91,-211,659,-289,314,790,-203,633,110,268,-1,0
1,9,525,-223,634,260,-106,-202,679,-262,329,809,-177,647,129,292,-1,0
1,10,536,-209,660,286,-118,-177,697,-241,367,801,-158,664,154,310,-1,0
1,11,524,-227,643,267,-102,-193,673,-255,350,797,-199,646,131,284,-1,0
1,12,526,-217,640,268,-110,-192,671,-253,322,824,-191,642,126,282,-1,0
1,13,529,-204,661,295,-127,-170,688,-242,344,820,-150,656,153,301,-1,0
1,14,508,-239,629,263,-111,-195,658,-277,356,773,-200,621,114,267,-1,0
1,15,501,-253,603,237,-102,-246,640,-295,319,779,-234,595,90,242,-1,0
1,16,521,-218,649,282,-121,-209,680,-258,327,844,-169,648,152,293,-1,0
1,17,524,-216,664,290,-122,-172,685,-257,356,834,-146,670,163,308,-1,0
1,18,506,-236,641,255,-121,-178,661,-281,358,769,-174,644,127,273,-1,0
1,19,505,-221,651,266,-131,-167,677,-265,376,777,-169,648,142,275,-1,0
1,20,508,-220,644,285,-127,-213,671,-273,354,801,-180,644,144,272,-1,0
1,21,502,-242,615,262,-128,-272,641,-307,307,757,-203,614,109,243,-1,0
1,22,495,-251,605,229,-136,-218,633,-313,320,716,-207,604,102,231,-1,0
1,23,492,-267,590,217,-132,-178,621,-318,319,735,-223,602,99,223,-1,0
1,24,498,-258,598,251,-141,-258,619,-318,286,761,-224,616,97,225,-1,0
1,25,506,-211,644,299,-158,-259,652,-294,321,751,-196,648,118,250,-1,0
1,26,502,-209,637,280,-143,-195,653,-308,345,710,-224,623,98,234,-1,0
1,27,493,-251,595,224,-128,-236,615,-349,290,691,-262,580,58,192,0,0
1,28,492,-253,607,226,-147,-267,614,-345,264,707,-245,601,71,199,-1,0
1,29,496,-245,624,253,-154,-226,634,-333,282,717,-244,615,90,215,0,0
1,30,493,-275,596,230,-145,-235,614,-355,276,716,-268,581,61,187,0,0
1,31,490,-276,580,209,-151,-282,600,-360,270,715,-257,576,53,180,-1,0
1,32,494,-236,602,240,-160,-269,623,-331,287,722,-234,613,102,220,0,0
1,33,498,-231,612,264,-145,-235,630,-327,309,726,-242,610,105,217,0,0
1,34,494,-260,588,248,-134,-223,618,-353,301,724,-261,576,55,173,-1,0
1,35,493,-270,576,230,-143,-220,616,-361,275,719,-271,564,45,166,-1,0
1,36,498,-244,595,242,-148,-249,621,-340,281,716,-252,581,84,194,-1,0
1,37,506,-216,616,271,-151,-281,630,-316,303,737,-212,610,117,215,-1,0
1,38,503,-234,598,252,-158,-271,625,-325,303,748,-226,601,98,200,0,0
1,39,493,-264,584,222,-158,-253,613,-344,305,741,-252,586,77,185,-1,0
1,40,495,-237,623,256,-161,-244,633,-322,306,757,-214,620,97,208,0,0
1,41,502,-223,632,268,-159,-252,638,-319,268,758,-201,627,105,207,-1,0
1,42,498,-257,596,236,-140,-267,605,-357,262,714,-248,596,83,172,-1,0
1,43,496,-246,615,247,-132,-261,607,-345,322,717,-232,625,98,193,0,0
1,44,503,-216,653,268,-145,-241,632,-309,336,773,-179,671,135,240,-1,0
1,45,505,-234,640,246,-154,-233,621,-322,294,773,-197,647,133,229,-1,0
1,46,502,-250,626,229,-150,-246,609,-332,286,737,-227,621,112,206,-1,0
1,47,505,-234,641,248,-139,-252,630,-305,318,741,-222,641,117,215,-1,0
1,48,500,-238,629,260,-125,-246,635,-310,319,755,-237,635,120,203,-1,0
1,49,488,-254,610,251,-130,-253,623,-333,291,751,-242,614,102,178,-1,0
1,50,491,-246,625,249,-151,-259,629,-320,301,748,-215,626,94,182,-1,0
1,51,491,-248,627,246,-162,-231,634,-315,330,746,-236,625,99,190,-1,0
1,52,482,-264,604,234,-157,-229,619,-341,307,742,-279,599,87,172,-1,0
1,53,478,-265,594,217,-147,-278,612,-358,262,751,-272,587,68,154,-1,0
1,54,480,-262,594,211,-151,-306,616,-351,248,751,-263,590,60,151,-1,0
1,55,479,-274,582,218,-165,-277,613,-343,271,724,-278,592,65,156,-1,0
1,56,480,-284,580,218,-164,-229,617,-341,304,720,-273,596,76,171,-1,0
1,57,477,-285,582,201,-159,-236,614,-348,287,741,-266,594,68,171,-1,0
1,58,473,-286,577,192,-169,-268,604,-358,264,741,-280,593,59,163,-1,0
1,59,480,-282,590,200,-175,-273,611,-351,275,742,-269,618,82,175,-1,0
1,60,484,-282,593,201,-169,-279,611,-350,276,747,-254,632,87,174,-1,0
1,61,482,-284,580,204,-173,-273,612,-350,276,739,-273,625,71,160,-1,0
1,62,483,-280,584,216,-176,-252,626,-341,296,740,-284,620,72,163,-1,0
1,63,475,-286,578,213,-161,-267,618,-352,284,734,-278,608,72,157,-1,0
1,64,469,-287,562,211,-167,-264,607,-359,265,709,-271,607,66,141,-1,0
1,65,476,-278,566,206,-186,-233,626,-343,282,716,-282,629,72,140,-1,0
1,66,471,-297,563,178,-170,-269,612,-356,276,726,-308,633,66,131,-1,0
1,67,463,-311,549,179,-157,-290,586,-378,261,699,-309,609,51,117,0,0
1,68,473,-289,561,208,-173,-228,609,-363,280,694,-287,604,54,124,0,0
1,69,480,-270,588,222,-176,-233,627,-345,299,718,-278,622,63,139,0,0
1,70,473,-261,594,220,-169,-279,625,-341,297,717,-268,630,82,157,0,0
1,71,473,-266,587,209,-182,-247,627,-335,294,714,-249,633,101,158,0,0
1,72,475,-299,576,183,-176,-260,601,-357,266,736,-259,616,82,131,0,0
1,73,470,-301,577,189,-146,-340,583,-384,231,737,-269,603,68,127,0,0
1,74,476,-257,597,238,-149,-299,616,-345,280,724,-229,630,95,164,0,0
1,75,480,-256,599,233,-172,-197,631,-307,359,737,-206,647,108,173,0,0
1,76,469,-284,582,193,-173,-221,611,-333,339,747,-229,633,87,148,0,0
1,77,465,-283,583,207,-166,-287,613,-356,272,745,-240,641,84,146,0,0
1,78,470,-278,600,231,-172,-274,618,-343,276,733,-222,661,96,159,0,0
1,79,465,-283,593,211,-174,-266,610,-342,312,719,-217,660,95,149,0,-1
1,80,463,-282,584,201,-173,-267,612,-351,311,729,-225,669,92,145,0,0
1,81,468,-284,596,220,-174,-263,611,-346,287,757,-211,690,95,157,0,0
1,82,466,-293,589,214,-164,-288,604,-342,284,754,-195,693,98,153,0,-1
1,83,465,-282,595,211,-169,-266,624,-324,317,733,-189,714,117,155,-1,0
1,84,470,-261,637,240,-183,-239,640,-308,320,734,-184,759,135,179,0,-1
1,85,472,-254,658,258,-166,-292,621,-326,286,740,-175,776,126,185,-1,0
1,86,475,-234,670,273,-149,-303,632,-322,305,747,-149,793,132,191,0,-1
1,87,481,-217,702,291,-170,-221,660,-292,357,755,-122,834,165,216,0,-1
1,88,477,-243,693,280,-170,-225,638,-316,325,746,-129,839,152,206,0,0
1,89,476,-254,664,266,-147,-304,605,-351,261,738,-145,826,122,180,-1,0
1,90,479,-230,680,272,-161,-283,623,-328,292,748,-136,838,138,191,0,-1
1,91,478,-237,684,264,-179,-216,642,-309,350,761,-132,833,148,197,-1,-1
1,92,475,-265,651,247,-169,-233,624,-327,328,767,-144,805,127,175,0,0
1,93,473,-261,649,253,-170,-294,619,-327,282,772,-138,810,137,178,-1,-1
1,94,478,-242,673,266,-183,-282,643,-306,295,761,-138,831,160,196,-1,0
1,95,480,-243,659,256,-177,-250,646,-316,323,735,-172,818,135,174,0,-1
1,96,477,-252,638,235,-171,-261,629,-338,318,748,-186,810,113,150,-1,0
1,97,474,-271,641,225,-178,-263,620,-336,295,779,-178,818,124,167,0,0
1,98,474,-275,643,228,-182,-260,624,-324,289,769,-177,817,124,183,0,0
1,99,479,-248,651,237,-185,-262,639,-310,302,764,-160,823,134,185,0,0
1,100,483,-250,658,223,-177,-237,649,-310,314,776,-154,840,154,191,0,0
1,101,476,-290,639,191,-160,-217,637,-327,324,762,-184,832,130,177,0,0
1,102,472,-293,623,205,-161,-238,623,-331,325,759,-199,814,94,154,0,0
1,103,476,-269,631,236,-160,-288,622,-326,274,779,-188,819,110,154,0,0
1,104,477,-268,638,227,-158,-312,632,-325,255,771,-191,833,134,167,0,0
1,105,477,-267,637,219,-182,-258,645,-309,339,763,-194,840,121,173,0,0
1,106,480,-271,630,222,-194,-203,642,-301,378,772,-193,834,107,165,0,0
1,107,473,-307,600,191,-178,-238,619,-335,307,762,-209,806,100,143,-1,0
1,108,466,-328,585,165,-177,-290,618,-350,250,772,-208,796,91,126,0,0
1,109,472,-310,601,183,-192,-282,633,-321,280,797,-204,815,103,135,-1,0
1,110,476,-296,611,196,-194,-253,634,-305,330,788,-221,814,119,148,-1,0
1,111,473,-306,596,186,-188,-243,625,-315,322,769,-219,792,110,137,-1,0
1,112,474,-314,580,177,-176,-236,628,-326,301,764,-210,781,83,117,-1,0
1,113,478,-308,583,181,-166,-237,643,-320,324,769,-221,789,86,120,-1,0
2,114,479,-308,600,193,-165,-254,647,-312,341,792,-216,818,103,147,-1,0
2,115,476,-307,612,208,-161,-261,637,-317,316,801,-188,845,102,160,-1,0
2,116,477,-289,623,214,-171,-219,637,-312,328,784,-182,849,111,165,-1,0
2,117,479,-283,626,191,-177,-210,639,-312,331,782,-199,847,127,162,0,0
2,118,474,-300,613,180,-163,-258,625,-321,294,787,-202,853,119,154,-1,0
2,119,469,-316,606,198,-167,-254,622,-318,303,789,-194,844,101,152,0,0
2,120,475,-309,620,213,-195,-229,644,-305,330,798,-187,837,110,163,0,0
2,121,481,-298,626,206,-197,-263,641,-306,329,797,-193,845,128,166,0,0
2,122,473,-317,597,174,-172,-308,612,-324,303,789,-209,823,118,146,0,0
2,123,469,-328,588,163,-176,-279,614,-324,283,790,-209,813,112,140,0,0
2,124,478,-313,601,177,-189,-210,639,-302,319,787,-204,841,124,162,0,0
2,125,475,-314,578,172,-185,-193,634,-286,369,792,-209,834,123,158,0,0
2,126,466,-322,560,166,-183,-239,620,-287,350,813,-205,803,116,131,0,0
2,127,478,-317,568,170,-189,-283,611,-299,312,802,-206,806,112,121,0,0
2,128,498,-334,557,155,-187,-267,590,-326,313,766,-238,800,88,115,0,0
2,0,515,-342,554,158,-186,-247,586,-339,298,778,-242,783,75,103,0,0
2,1,532,-316,573,189,-181,-252,594,-332,282,796,-211,802,92,100,0,0
2,2,536,-324,561,182,-172,-248,587,-342,301,774,-224,809,87,92,0,0
2,3,541,-348,550,165,-172,-266,584,-353,292,774,-240,794,77,91,0,0
2,4,563,-320,590,193,-174,-263,609,-316,296,814,-197,831,117,136,0,0
2,5,570,-295,610,208,-172,-195,633,-275,362,828,-185,871,146,175,0,0
2,6,561,-316,583,177,-175,-176,629,-290,387,818,-237,838,132,147,0,0
2,7,563,-334,568,142,-178,-229,624,-314,352,822,-266,805,134,111,0,0
2,8,565,-325,578,149,-179,-253,630,-310,328,830,-262,838,155,123,0,0
2,9,560,-336,569,167,-178,-259,624,-317,308,810,-285,848,152,126,0,0
2,10,563,-341,558,175,-174,-238,621,-323,316,798,-304,810,140,107,0,-1
2,11,570,-303,590,198,-179,-181,639,-294,373,829,-277,822,158,127,-1,0
2,12,570,-280,615,202,-177,-198,640,-293,375,844,-260,857,168,150,0,-1
2,13,566,-295,605,187,-155,-251,622,-315,341,819,-268,858,163,134,-1,0
2,14,568,-311,598,199,-149,-253,632,-299,340,814,-274,857,180,134,0,0
2,15,565,-309,598,212,-158,-251,654,-285,337,834,-278,870,198,151,0,0
2,16,563,-299,605,210,-166,-217,660,-281,362,847,-261,891,194,156,0,0
2,17,566,-288,620,209,-172,-168,660,-261,400,861,-238,906,197,163,-1,0
2,18,563,-303,616,184,-166,-219,649,-280,367,843,-264,891,193,161,0,0
2,19,556,-324,598,150,-155,-266,634,-317,341,804,-296,877,177,144,-1,0
2,20,566,-294,618,186,-165,-208,650,-277,374,839,-262,909,208,167,0,0
2,21,576,-263,646,232,-182,-172,676,-228,376,881,-240,935,240,203,-1,-1
2,22,568,-287,622,204,-172,-205,658,-273,340,837,-292,906,193,173,-1,0
2,23,559,-323,584,171,-151,-245,630,-324,307,810,-334,873,141,124,0,-1
2,24,560,-311,592,184,-148,-252,637,-304,297,841,-315,878,160,127,-1,0
2,25,568,-290,624,196,-167,-211,658,-280,319,844,-288,897,187,155,-1,0
2,26,572,-298,622,190,-190,-158,668,-277,343,829,-293,897,178,159,-1,0
2,27,567,-302,601,182,-186,-173,667,-281,330,833,-297,889,167,154,-1,0
2,28,560,-305,594,169,-164,-233,652,-300,299,835,-289,884,165,148,-1,0
2,29,563,-315,603,173,-160,-253,642,-307,301,858,-284,883,171,150,-1,0
2,30,569,-305,619,198,-169,-241,658,-275,313,889,-272,908,203,176,-1,0
2,31,564,-293,632,199,-174,-202,664,-260,331,874,-256,934,221,187,-1,0
2,32,559,-310,624,180,-172,-158,653,-286,364,846,-272,913,185,159,-1,0
2,33,560,-315,604,177,-168,-180,653,-301,364,854,-280,889,165,146,-1,0
2,34,563,-296,605,191,-161,-229,648,-303,306,855,-276,901,180,152,0,0
2,35,562,-301,616,207,-161,-220,629,-323,275,837,-307,903,165,134,-1,0
2,36,560,-326,603,205,-170,-194,623,-339,304,839,-337,872,133,114,0,0
2,37,558,-322,593,187,-171,-211,637,-331,307,843,-321,853,135,115,-1,0
2,38,561,-292,618,195,-171,-219,650,-304,300,842,-292,875,158,130,0,0
2,39,563,-296,622,204,-172,-228,640,-309,275,850,-295,888,152,128,0,0
2,40,551,-329,591,184,-168,-254,619,-343,241,835,-312,870,122,104,0,0
2,41,545,-338,585,179,-161,-214,624,-343,284,810,-314,870,109,99,0,0
2,42,561,-312,615,209,-173,-184,654,-303,345,827,-295,899,144,127,0,0
2,43,572,-294,631,222,-190,-218,657,-291,316,848,-279,906,173,136,0,0
2,44,554,-319,610,198,-189,-226,639,-311,279,827,-283,879,148,111,0,0
2,45,543,-353,582,179,-189,-223,644,-316,289,834,-286,867,124,93,0,0
2,46,559,-354,587,171,-188,-231,652,-308,290,872,-288,878,136,94,0,0
2,47,558,-336,599,160,-183,-234,636,-324,268,844,-304,867,133,97,0,0
2,48,541,-341,583,162,-184,-245,616,-347,268,786,-326,839,105,86,0,0
2,49,546,-350,574,172,-188,-227,628,-339,300,811,-303,853,107,84,0,0
2,50,562,-341,596,173,-189,-187,648,-313,314,875,-253,898,130,108,0,0
2,51,563,-336,611,178,-198,-207,643,-318,291,867,-254,912,132,114,0,0
2,52,555,-345,605,189,-205,-234,626,-333,301,832,-282,904,135,101,0,0
2,53,544,-356,580,178,-200,-219,621,-340,316,842,-281,888,129,94,0,0
2,54,544,-355,563,162,-199,-226,626,-359,286,857,-279,875,107,87,0,0
2,55,563,-346,582,176,-196,-233,625,-361,270,850,-282,890,109,92,0,0
2,56,565,-340,605,194,-191,-220,629,-336,302,841,-255,915,130,111,-1,-1
2,57,556,-336,604,192,-195,-226,636,-319,313,858,-229,932,153,125,0,0
2,58,562,-338,596,182,-202,-247,635,-329,273,877,-240,933,164,124,0,0
2,59,565,-360,584,168,-208,-258,622,-349,254,858,-267,906,141,109,0,0
2,60,555,-369,569,147,-221,-232,617,-347,303,852,-265,896,117,95,0,0
2,61,552,-363,563,123,-226,-200,628,-333,328,885,-249,915,125,96,0,0
2,62,549,-374,565,126,-214,-220,630,-343,287,875,-264,909,132,93,0,-1
2,63,543,-377,581,164,-219,-273,626,-352,260,831,-275,899,131,92,0,0
2,64,538,-367,578,169,-230,-287,623,-348,252,838,-257,904,129,93,0,-1
2,65,535,-378,549,127,-226,-259,614,-357,249,842,-261,887,98,71,0,0
2,66,534,-400,541,118,-218,-244,598,-375,278,799,-293,862,71,49,0,0
2,67,538,-379,572,160,-220,-247,603,-363,281,812,-296,882,108,75,0,0
2,68,542,-354,589,168,-223,-235,621,-347,244,851,-284,916,141,101,0,0
2,69,538,-370,570,140,-216,-258,610,-363,236,837,-280,918,113,82,0,0
2,70,536,-382,562,146,-214,-296,594,-376,252,833,-265,907,86,61,0,0
2,71,539,-375,567,163,-225,-244,604,-366,271,846,-255,901,101,64,0,0
2,72,535,-379,555,151,-227,-210,617,-355,283,832,-273,889,115,66,0,0
2,73,528,-387,531,138,-217,-270,613,-357,262,829,-293,868,99,59,0,0
2,74,528,-390,531,132,-221,-279,604,-364,233,856,-290,856,77,46,0,0
2,75,527,-398,536,128,-234,-222,600,-372,237,857,-289,858,64,29,0,0
2,76,520,-397,531,137,-238,-224,603,-377,273,829,-296,861,68,25,0,0
2,77,524,-392,536,143,-237,-280,601,-372,280,820,-301,856,83,35,0,0
2,78,530,-406,537,133,-241,-294,591,-386,221,819,-299,845,83,33,0,0
2,79,530,-408,535,138,-252,-270,585,-405,182,818,-289,850,72,20,0,0
2,80,525,-400,539,152,-253,-274,577,-410,213,819,-292,871,65,21,0,0
2,81,521,-418,531,134,-240,-286,571,-409,245,805,-303,869,64,26,0,0
2,82,527,-424,532,122,-245,-274,585,-390,253,804,-282,863,81,30,0,0
2,83,538,-400,566,148,-267,-269,604,-361,259,863,-252,893,108,52,0,0
2,84,531,-402,557,145,-271,-279,594,-370,232,888,-277,893,90,50,0,0
2,85,511,-434,501,101,-265,-279,573,-408,208,827,-308,846,42,5,-1,0
2,86,507,-457,490,85,-276,-280,576,-415,229,797,-306,835,32,-15,0,0
2,87,514,-460,511,90,-276,-285,594,-405,226,824,-304,859,56,5,-1,0
2,88,511,-458,507,85,-255,-289,596,-404,195,835,-295,856,79,9,0,0
2,89,507,-445,500,103,-252,-291,591,-395,216,828,-285,847,80,0,0,0
2,90,514,-440,506,125,-273,-276,598,-397,257,822,-308,845,47,-4,0,0
2,91,515,-443,512,115,-279,-277,606,-406,236,828,-326,838,25,-6,0,0
2,92,511,-446,508,106,-264,-303,596,-406,191,833,-316,837,41,-7,0,0
2,93,505,-469,482,93,-257,-296,572,-421,186,811,-323,825,40,-20,0,0
2,94,507,-476,480,91,-265,-280,569,-428,195,818,-323,821,29,-24,0,0
2,95,526,-439,526,125,-278,-286,601,-393,209,860,-281,861,67,19,0,0
2,96,529,-429,546,130,-282,-282,608,-386,220,855,-273,876,89,35,0,0
2,97,517,-454,519,103,-273,-297,582,-415,191,831,-301,845,66,2,0,0
2,98,514,-441,519,116,-262,-331,586,-408,154,836,-291,842,75,10,0,0
2,99,523,-424,533,128,-258,-289,599,-392,188,841,-268,860,87,27,0,0
2,100,521,-462,509,93,-257,-229,582,-417,239,838,-293,845,46,-13,0,0
2,101,508,-475,494,92,-252,-288,576,-433,214,845,-309,831,31,-36,0,0
2,102,515,-428,528,144,-258,-335,602,-396,192,857,-274,856,76,-3,0,0
2,103,528,-417,550,156,-265,-263,606,-367,241,850,-260,865,89,8,0,0
2,104,526,-448,534,130,-259,-235,590,-382,245,852,-270,838,70,-6,0,0
2,105,519,-447,530,125,-261,-267,599,-387,218,882,-254,836,87,3,0,0
2,106,519,-433,537,135,-268,-262,610,-372,241,884,-246,852,100,9,0,0
2,107,520,-440,533,139,-258,-279,595,-378,237,849,-255,840,90,-2,0,0
2,108,523,-423,538,156,-250,-304,597,-383,213,854,-242,843,91,2,0,0
2,109,534,-403,562,173,-259,-274,615,-370,248,884,-226,877,100,21,0,0
2,110,533,-426,568,160,-254,-280,596,-393,253,862,-249,867,84,6,0,0
2,111,536,-432,561,159,-247,-300,570,-416,232,833,-250,854,70,-31,0,0
2,112,554,-407,578,191,-261,-270,589,-395,281,858,-208,877,81,-34,0,0
2,113,566,-399,599,205,-269,-285,605,-396,285,869,-198,876,94,-23,0,0
3,114,563,-399,603,187,-265,-316,591,-421,230,845,-226,856,93,-27,0,0
3,115,547,-406,584,179,-266,-276,588,-412,258,842,-227,849,76,-36,0,0
3,116,537,-415,579,189,-266,-245,604,-384,308,864,-206,854,79,-28,0,0
3,117,539,-397,604,194,-266,-276,610,-373,286,871,-193,860,120,-3,0,0
3,118,541,-387,618,189,-270,-293,602,-373,279,886,-181,854,144,12,0,0
3,119,535,-410,597,182,-267,-285,590,-384,303,911,-182,814,120,4,-1,0
3,120,531,-406,589,194,-258,-320,590,-391,268,889,-195,780,106,-2,-1,0
3,121,537,-381,606,208,-263,-340,601,-376,238,811,-187,791,137,13,0,0
3,122,537,-409,591,186,-272,-275,599,-377,287,725,-197,782,128,3,-1,0
3,123,528,-445,564,152,-267,-231,587,-401,312,681,-234,741,72,-26,0,0
3,124,528,-424,568,151,-256,-281,589,-404,267,679,-235,728,65,-29,-1,0
3,125,534,-402,577,161,-255,-306,600,-393,243,694,-220,739,99,-19,0,0
3,126,531,-410,568,158,-260,-289,602,-391,270,720,-234,726,102,-23,-1,-1
3,127,531,-408,563,152,-265,-308,603,-388,280,725,-239,714,89,-29,0,-1
3,128,528,-398,564,145,-266,-306,591,-389,273,700,-223,721,92,-28,-1,-1
3,0,514,-410,554,140,-261,-264,571,-412,281,695,-232,704,87,-35,-1,0
3,1,507,-428,545,132,-261,-252,575,-422,278,719,-241,679,78,-46,-1,0
3,2,511,-430,546,132,-267,-324,586,-410,254,719,-232,678,77,-49,-1,0
3,3,506,-437,540,137,-268,-384,568,-416,246,693,-245,677,71,-58,-1,0
3,4,509,-443,533,125,-272,-302,561,-421,281,684,-258,666,72,-67,-1,0
3,5,521,-424,548,123,-284,-206,593,-392,320,696,-230,663,90,-54,-1,0
3,6,519,-412,562,143,-283,-255,603,-377,300,689,-208,662,101,-44,-1,0
3,7,512,-437,538,136,-266,-328,575,-406,251,647,-240,644,81,-65,-1,0
3,8,515,-454,516,106,-255,-309,569,-423,255,614,-268,624,64,-79,-1,0
3,9,524,-428,546,121,-260,-310,596,-402,285,611,-243,630,83,-65,-1,0
3,10,530,-402,579,154,-263,-322,608,-381,280,610,-227,641,106,-54,-1,0
3,11,527,-415,552,151,-253,-267,599,-387,276,613,-264,616,87,-69,-1,0
3,12,521,-436,510,131,-257,-231,596,-410,278,631,-293,577,45,-97,-1,0
3,13,516,-447,509,119,-273,-261,595,-411,257,630,-289,572,36,-103,-1,0
3,14,513,-452,519,115,-262,-298,586,-400,258,606,-283,593,54,-92,-1,0
3,15,510,-445,520,117,-252,-292,581,-399,285,594,-270,604,69,-87,-1,0
3,16,512,-431,522,121,-267,-282,584,-404,264,611,-264,589,72,-92,-1,0
3,17,511,-432,509,117,-267,-300,572,-417,226,632,-290,554,35,-114,-1,0
3,18,506,-449,490,108,-249,-304,558,-434,245,626,-307,534,-20,-128,-1,0
3,19,509,-459,494,110,-253,-272,567,-425,265,624,-270,554,-23,-107,-1,0
3,20,519,-440,515,128,-267,-278,584,-408,237,634,-235,580,10,-86,-1,0
3,21,519,-418,523,141,-259,-313,584,-412,230,626,-240,584,22,-93,0,0
3,22,508,-442,502,114,-252,-275,570,-415,273,622,-261,570,4,-108,0,0
3,23,504,-470,483,79,-258,-237,579,-408,300,640,-272,557,-16,-117,0,0
3,24,507,-456,487,83,-259,-277,593,-410,282,654,-270,550,-22,-125,0,0
3,25,507,-451,489,101,-256,-309,585,-411,262,661,-265,542,-18,-130,0,0
3,26,505,-467,476,106,-266,-275,573,-403,273,655,-266,548,-21,-133,-1,0
3,27,504,-460,473,105,-274,-268,574,-400,263,646,-274,555,-25,-130,0,0
3,28,507,-443,488,108,-269,-325,573,-406,211,672,-278,550,-26,-122,0,0
3,29,513,-452,495,92,-272,-342,560,-417,222,672,-283,544,-36,-129,0,0
3,30,508,-464,483,67,-270,-297,544,-435,296,624,-297,538,-45,-149,0,0
3,31,502,-460,479,78,-257,-282,544,-433,292,624,-299,533,-35,-146,0,0
3,32,513,-451,496,115,-257,-297,566,-408,245,669,-279,552,-11,-116,-1,-1
3,33,524,-436,522,135,-267,-311,580,-396,249,693,-246,596,12,-86,-1,0
3,34,518,-423,528,128,-269,-321,571,-412,253,694,-230,617,8,-91,-1,0
3,35,504,-446,492,92,-262,-308,552,-437,236,664,-267,568,-48,-134,-1,0
3,36,502,-470,465,62,-255,-301,544,-444,250,633,-308,521,-87,-157,0,-1
3,37,512,-449,494,90,-262,-314,567,-418,286,661,-278,547,-46,-127,-1,0
3,38,508,-448,494,113,-271,-294,576,-407,286,704,-237,561,-30,-113,-1,0
3,39,501,-486,458,93,-257,-280,557,-426,255,706,-253,534,-69,-137,0,0
3,40,508,-479,485,100,-248,-320,560,-420,244,706,-257,550,-49,-123,0,0
3,41,510,-460,515,109,-267,-308,569,-406,260,694,-238,590,-15,-93,-1,0
3,42,501,-481,484,75,-277,-271,558,-427,258,659,-245,586,-38,-102,0,0
3,43,508,-481,482,68,-267,-326,560,-437,236,673,-240,577,-33,-104,0,0
3,44,514,-455,509,85,-260,-364,566,-415,249,717,-218,585,-20,-96,0,0
3,45,487,-460,493,76,-263,-316,555,-409,278,711,-235,578,-57,-114,-1,0
3,46,452,-471,468,68,-265,-306,556,-415,255,699,-254,576,-59,-124,0,0
3,47,444,-472,474,59,-266,-329,560,-416,222,706,-235,586,-29,-115,-1,0
3,48,442,-490,473,36,-262,-283,548,-431,250,665,-243,572,-58,-129,-1,0
3,49,438,-487,474,53,-263,-261,551,-441,275,645,-269,566,-81,-136,-1,0
3,50,446,-446,511,110,-278,-326,577,-415,250,710,-234,616,-29,-92,-1,0
3,51,443,-445,514,92,-283,-334,574,-402,237,718,-205,637,1,-74,-1,0
3,52,427,-493,469,23,-264,-287,539,-429,259,661,-245,587,-38,-112,-1,0
3,53,428,-509,460,15,-263,-317,524,-444,265,665,-266,557,-63,-129,-1,0
3,54,436,-489,492,29,-281,-363,541,-431,235,706,-236,572,-47,-108,-1,0
3,55,430,-477,501,31,-288,-336,565,-407,217,714,-215,584,-27,-90,-1,0
3,56,423,-472,489,39,-293,-311,574,-400,246,705,-216,578,-20,-89,-1,0
3,57,420,-473,487,15,-289,-341,560,-417,257,687,-236,561,-40,-100,-1,0
3,58,422,-466,500,-6,-275,-348,557,-420,239,678,-250,558,-52,-99,-1,0
3,59,435,-456,513,26,-277,-305,575,-401,265,710,-221,575,-36,-77,-1,0
3,60,434,-468,502,28,-285,-304,573,-399,288,719,-195,571,-27,-77,-1,0
3,61,419,-491,482,-2,-284,-352,547,-418,251,696,-204,549,-29,-100,-1,0
3,62,416,-492,474,6,-285,-349,532,-421,240,710,-217,536,-27,-103,-1,0
3,63,418,-480,472,14,-290,-317,538,-416,271,729,-224,539,-34,-92,-1,0
3,64,417,-477,489,9,-293,-343,567,-403,268,706,-215,552,-27,-92,-1,0
3,65,417,-467,503,27,-294,-345,588,-386,268,699,-197,555,0,-93,-1,0
3,66,412,-464,485,34,-284,-306,568,-393,293,738,-206,542,-13,-96,-1,0
3,67,410,-480,469,16,-276,-323,557,-411,283,750,-224,535,-34,-100,-1,0
3,68,412,-470,496,25,-284,-338,588,-403,260,718,-211,536,-4,-94,-1,0
3,69,401,-442,513,45,-279,-310,600,-390,268,711,-194,523,11,-94,-1,0
3,70,391,-448,488,39,-254,-314,583,-388,281,737,-202,516,-12,-102,-1,0
3,71,401,-456,485,37,-246,-324,593,-380,301,745,-203,533,-8,-99,0,0
3,72,403,-446,500,48,-258,-305,599,-381,317,734,-204,534,5,-95,0,0
3,73,398,-444,506,63,-251,-306,589,-390,305,741,-203,526,-8,-102,0,0
3,74,401,-434,519,89,-231,-304,608,-369,308,749,-178,536,-8,-94,0,0
3,75,405,-419,532,104,-228,-273,623,-353,320,738,-163,542,2,-84,0,0
3,76,405,-424,533,98,-242,-263,611,-358,308,754,-166,539,19,-79,0,0
3,77,410,-425,533,95,-247,-273,619,-346,336,781,-163,541,33,-70,0,0
3,78,413,-420,530,89,-225,-295,629,-343,371,761,-170,537,6,-87,0,0
3,79,411,-408,530,90,-196,-298,626,-347,330,743,-181,536,0,-92,0,0
3,80,422,-389,558,130,-190,-250,643,-322,326,774,-162,558,49,-50,0,0
3,81,428,-390,575,145,-200,-225,645,-313,381,801,-145,573,60,-34,0,0
3,82,423,-395,565,125,-203,-261,631,-333,374,778,-147,569,37,-55,0,0
3,83,416,-390,563,124,-203,-267,641,-326,348,766,-143,558,39,-58,-1,0
3,84,414,-397,568,129,-203,-259,651,-305,357,794,-140,550,53,-48,0,0
3,85,418,-400,570,144,-200,-286,652,-307,356,807,-138,551,59,-44,-1,0
3,86,414,-403,554,154,-192,-283,647,-317,351,777,-147,542,45,-53,0,0
3,87,413,-413,542,136,-200,-235,638,-319,379,768,-159,533,28,-63,0,0
3,88,417,-390,560,146,-221,-229,645,-309,388,808,-135,551,48,-44,-1,0
3,89,417,-373,565,166,-216,-270,652,-308,357,815,-120,557,64,-36,-1,-1
3,90,416,-409,532,131,-198,-280,628,-327,345,782,-155,526,33,-77,0,0
3,91,413,-438,507,110,-204,-267,615,-336,353,790,-174,501,7,-105,-1,-1
3,92,413,-422,524,141,-211,-265,642,-320,361,812,-155,510,14,-85,0,0
3,93,416,-402,541,152,-194,-243,652,-309,370,782,-159,520,27,-67,-1,0
3,94,418,-387,545,170,-182,-235,644,-315,372,766,-168,527,30,-66,0,0
3,95,420,-368,566,210,-188,-282,646,-313,364,816,-142,555,48,-48,-1,0
3,96,419,-366,574,189,-185,-304,642,-315,365,840,-122,564,66,-33,-1,0
3,97,414,-388,550,148,-178,-258,627,-325,377,809,-129,534,53,-56,-1,0
3,98,418,-390,556,190,-186,-257,631,-313,378,802,-111,537,43,-61,-1,0
3,99,429,-360,597,237,-191,-299,643,-297,374,823,-84,580,70,-28,0,0
3,100,423,-359,599,218,-187,-283,630,-312,369,823,-105,581,83,-26,-1,0
3,101,421,-373,588,197,-184,-258,625,-322,373,821,-124,562,71,-36,0,0
3,102,434,-359,595,202,-183,-264,639,-306,391,831,-111,571,70,-27,-1,0
3,103,429,-365,577,204,-182,-290,629,-327,360,805,-119,565,64,-45,0,0
3,104,413,-401,546,183,-194,-328,616,-358,303,781,-138,528,48,-73,-1,-1
3,105,414,-408,536,154,-209,-309,635,-331,325,805,-126,518,36,-66,-1,-1
3,106,418,-399,535,147,-211,-245,654,-309,392,810,-128,521,25,-68,-1,-1
3,107,413,-417,528,156,-205,-258,636,-339,370,785,-175,502,27,-92,-1,-1
3,108,415,-406,546,172,-206,-322,624,-347,305,796,-167,510,51,-76,-1,-1
3,109,417,-387,561,173,-218,-305,623,-333,322,807,-123,533,50,-54,-1,0
3,110,415,-408,548,158,-224,-284,605,-355,355,787,-131,522,16,-75,-1,0
3,111,418,-414,542,171,-217,-319,596,-364,329,784,-140,521,24,-80,-1,0
3,112,416,-392,550,206,-207,-322,601,-347,322,777,-125,544,52,-55,-1,0
3,113,415,-398,549,192,-203,-341,593,-354,321,766,-124,538,41,-59,-1,0
4,114,418,-410,554,154,-217,-363,594,-354,300,810,-114,528,35,-70,-1,0
4,115,421,-398,574,169,-223,-303,616,-336,330,844,-100,550,42,-56,-1,0
4,116,416,-404,559,196,-200,-277,612,-349,362,804,-131,557,22,-69,-1,0
4,117,414,-414,540,186,-193,-315,605,-350,343,778,-143,545,17,-87,-1,0
4,118,416,-413,551,167,-210,-282,624,-308,352,806,-116,538,30,-71,-1,0
4,119,412,-417,546,161,-204,-264,635,-305,375,819,-120,535,8,-71,-1,0
4,120,412,-421,535,164,-184,-337,627,-334,343,817,-135,538,-5,-92,-1,0
4,121,418,-416,553,172,-194,-327,628,-328,332,811,-130,537,14,-88,-1,0
4,122,418,-409,566,186,-211,-250,633,-317,372,790,-127,537,18,-72,-1,0
4,123,414,-413,544,182,-202,-271,616,-338,376,790,-132,536,1,-75,0,0
4,124,415,-429,521,161,-188,-326,596,-357,349,801,-139,527,-14,-96,-1,0
4,125,418,-421,543,173,-190,-328,605,-350,317,796,-124,548,-4,-86,0,0
4,126,419,-394,583,210,-200,-302,628,-338,303,796,-100,596,29,-42,0,0
4,127,418,-399,582,208,-194,-281,629,-335,335,808,-115,600,27,-38,0,0
4,128,415,-422,561,175,-184,-268,622,-336,374,807,-135,578,-7,-66,0,0
4,0,426,-407,579,193,-191,-274,646,-318,373,821,-110,604,14,-41,0,0
4,1,435,-367,615,248,-200,-277,676,-278,364,857,-72,658,75,14,0,0
4,2,423,-370,610,236,-196,-264,667,-272,379,845,-73,659,75,3,0,0
4,3,411,-407,589,191,-180,-292,643,-306,379,804,-92,626,31,-34,0,0
4,4,415,-406,596,193,-177,-330,629,-323,343,810,-85,629,32,-34,0,0
4,5,423,-381,615,209,-188,-316,622,-321,314,838,-78,647,52,-27,0,0
4,6,424,-370,632,224,-197,-300,631,-321,343,832,-82,655,51,-25,-1,0
4,7,419,-382,627,239,-192,-302,629,-328,372,811,-82,655,49,-22,0,0
4,8,414,-407,594,215,-186,-286,595,-357,352,810,-88,636,35,-42,-1,0
4,9,415,-406,583,192,-196,-286,592,-368,340,816,-91,625,29,-58,-1,0
4,10,422,-373,614,221,-209,-334,628,-325,327,830,-65,656,70,-22,-1,0
4,11,423,-384,609,226,-213,-346,634,-309,306,839,-59,662,87,-9,-1,0
4,12,416,-432,562,172,-204,-309,615,-346,332,810,-101,620,34,-57,-1,0
4,13,419,-433,556,156,-200,-299,606,-355,378,791,-110,619,6,-74,-1,0
4,14,425,-404,581,201,-205,-329,611,-332,361,823,-72,663,37,-42,-1,0
4,15,419,-400,584,222,-203,-353,613,-335,307,838,-53,676,55,-31,-1,0
4,16,425,-399,585,220,-192,-335,610,-336,316,836,-55,670,62,-34,-1,0
4,17,436,-380,599,233,-186,-311,616,-318,374,861,-57,685,74,-17,-1,0
4,18,422,-386,594,225,-193,-298,616,-323,388,850,-63,679,61,-27,-1,0
4,19,409,-410,573,188,-202,-286,604,-351,341,804,-74,643,33,-62,-1,0
4,20,417,-404,578,189,-194,-306,607,-355,315,816,-77,642,36,-59,-1,0
4,21,424,-395,590,218,-183,-325,625,-334,340,843,-61,665,54,-28,-1,0
4,22,420,-406,585,214,-187,-312,629,-325,340,829,-50,674,68,-26,-1,0
4,23,421,-405,587,196,-199,-314,631,-321,341,840,-62,678,80,-39,-1,0
4,24,429,-391,603,196,-209,-316,643,-303,388,866,-57,684,77,-25,0,0
4,25,430,-399,595,191,-206,-293,639,-302,398,852,-34,678,68,-10,-1,0
4,26,427,-408,573,186,-196,-300,631,-327,335,840,-41,662,73,-20,0,0
4,27,427,-412,564,182,-196,-320,627,-340,322,841,-72,642,65,-37,-1,0
4,28,424,-416,563,178,-199,-316,620,-324,375,829,-81,641,46,-41,-1,0
4,29,426,-409,569,183,-203,-331,617,-312,361,833,-63,661,59,-29,0,0
4,30,434,-406,569,176,-218,-338,621,-318,315,854,-48,669,74,-21,-1,0
4,31,430,-422,564,156,-222,-314,609,-332,332,846,-52,653,47,-37,0,0
4,32,420,-434,561,166,-203,-323,591,-344,364,826,-60,636,26,-56,-1,0
4,33,428,-427,562,191,-199,-352,602,-342,353,836,-52,644,42,-46,-1,0
4,34,433,-407,572,195,-221,-349,628,-325,312,854,-31,664,71,-22,-1,0
4,35,426,-401,578,192,-227,-330,635,-322,297,845,-35,645,68,-26,-1,0
4,36,427,-430,559,171,-204,-331,612,-347,312,826,-67,610,36,-50,-1,0
4,37,437,-437,559,159,-195,-349,598,-345,346,846,-54,640,46,-39,-1,0
4,38,445,-396,604,190,-213,-342,620,-304,383,878,-7,691,95,-1,-1,0
4,39,442,-399,610,192,-220,-292,633,-299,384,864,-8,671,94,-9,-1,0
4,40,430,-434,571,165,-207,-282,614,-321,367,849,-35,637,54,-39,-1,0
4,41,424,-427,562,180,-196,-345,602,-319,346,876,-34,641,49,-43,-1,0
4,42,422,-416,567,194,-199,-373,598,-331,314,874,-40,637,57,-48,-1,0
4,43,422,-426,556,178,-212,-324,590,-354,320,836,-55,631,51,-53,-1,0
4,44,431,-413,561,183,-216,-301,595,-332,369,851,-33,655,62,-33,-1,0
4,45,437,-397,575,194,-202,-327,610,-313,363,877,-16,656,71,-23,-1,0
4,46,425,-423,559,173,-191,-336,606,-337,315,843,-46,616,43,-44,-1,0
4,47,426,-431,559,166,-203,-331,608,-344,323,826,-57,630,29,-46,-1,0
4,48,441,-401,589,187,-222,-330,626,-320,346,855,-24,686,64,-18,0,0
4,49,434,-394,588,186,-212,-337,623,-315,337,877,-18,682,82,-14,0,0
4,50,421,-413,564,164,-198,-350,606,-325,325,872,-41,645,49,-37,0,0
4,51,419,-428,555,154,-214,-336,602,-327,341,848,-51,639,19,-52,0,0
4,52,416,-438,544,155,-227,-319,602,-337,373,828,-60,634,14,-60,0,0
4,53,416,-425,546,167,-222,-344,617,-332,355,842,-52,640,43,-47,0,0
4,54,420,-400,567,184,-216,-352,621,-321,307,868,-29,660,78,-26,-1,0
4,55,416,-421,552,166,-208,-321,576,-349,326,859,-48,627,38,-46,0,0
4,56,411,-447,517,136,-196,-316,559,-378,367,843,-85,580,-24,-83,0,0
4,57,415,-413,527,156,-201,-346,595,-361,327,850,-85,594,-6,-84,-1,0
4,58,415,-399,546,184,-230,-370,590,-350,281,851,-82,607,20,-79,-1,0
4,59,411,-446,518,162,-254,-389,560,-379,292,829,-103,582,-18,-99,-1,0
4,60,418,-476,489,127,-255,-414,564,-402,280,802,-114,565,-44,-111,-1,0
4,61,431,-452,512,128,-262,-409,567,-394,267,812,-99,580,-1,-87,-1,0
4,62,431,-434,532,139,-269,-357,561,-372,317,850,-77,599,26,-68,-1,0
4,63,417,-455,509,137,-253,-357,566,-374,336,853,-71,593,-5,-79,-1,0
4,64,419,-466,505,141,-248,-430,556,-392,270,824,-78,582,-6,-81,-1,0
4,65,427,-445,534,148,-268,-425,540,-385,254,835,-72,608,40,-59,-1,0
4,66,427,-426,546,149,-272,-365,555,-364,315,876,-52,637,44,-51,-1,0
4,67,424,-431,532,140,-257,-388,558,-378,309,875,-66,605,4,-64,-1,0
4,68,415,-447,506,129,-253,-412,535,-407,273,858,-114,557,-2,-79,-1,0
4,69,416,-455,501,121,-264,-364,540,-391,313,867,-121,562,11,-78,-1,0
4,70,434,-442,532,127,-273,-370,580,-359,309,888,-85,585,12,-61,-1,0
4,71,436,-432,544,133,-264,-424,590,-364,242,897,-85,574,14,-55,-1,0
4,72,422,-443,513,113,-260,-403,572,-380,280,889,-105,549,5,-71,-1,0
4,73,422,-454,499,87,-266,-362,568,-382,337,887,-106,547,-11,-83,-1,0
4,74,425,-460,516,96,-267,-362,580,-370,297,899,-108,565,4,-69,-1,0
4,75,430,-443,540,144,-278,-362,600,-339,313,922,-73,606,57,-31,-1,0
4,76,442,-418,557,171,-286,-353,600,-319,382,947,-6,651,95,-4,-1,0
4,77,432,-436,539,147,-262,-387,564,-355,343,951,-18,639,73,-21,-1,0
4,78,410,-464,511,119,-250,-448,533,-399,261,934,-75,588,48,-59,-1,0
4,79,416,-445,521,135,-267,-431,543,-390,264,922,-69,578,67,-67,-1,0
4,80,441,-395,568,197,-253,-348,584,-336,334,947,-17,639,125,-16,-1,0
4,81,454,-352,613,253,-210,-303,633,-282,400,998,18,700,178,47,-1,0
4,82,451,-343,624,252,-191,-294,652,-271,416,1010,16,699,191,54,-1,0
4,83,447,-372,604,213,-188,-275,633,-295,398,983,2,680,178,30,-1,0
4,84,449,-382,591,202,-189,-292,637,-295,375,996,15,697,186,32,-1,-1
4,85,449,-363,606,227,-203,-311,673,-260,373,1035,42,716,209,50,-1,0
4,86,445,-374,596,222,-206,-281,674,-259,410,1010,22,690,182,34,-1,-1
4,87,444,-390,577,205,-203,-284,657,-275,441,977,-6,673,159,20,-1,0
4,88,447,-374,591,215,-210,-324,661,-260,411,993,3,688,180,32,-1,0
4,89,447,-358,605,223,-218,-313,665,-246,395,1003,23,703,191,41,-1,0
4,90,444,-359,592,218,-216,-290,652,-260,422,998,33,707,183,42,-1,0
4,91,444,-369,584,214,-206,-312,635,-275,419,1004,22,687,171,36,-1,0
4,92,444,-378,580,209,-198,-310,635,-274,393,1010,-12,664,161,27,-1,0
4,93,443,-385,575,201,-209,-289,654,-272,395,1003,-33,669,161,29,-1,0
4,94,448,-369,595,212,-235,-282,678,-264,411,1006,-7,692,181,52,-1,0
4,95,448,-366,587,195,-235,-283,666,-274,410,1010,1,673,171,48,-1,0
4,96,438,-395,542,145,-203,-309,634,-305,392,999,-38,622,121,6,-1,0
4,97,439,-394,545,162,-196,-310,651,-294,378,1014,-37,625,127,5,-1,0
4,98,448,-359,576,221,-218,-283,683,-257,378,1037,-12,666,168,39,-1,0
4,99,442,-362,571,217,-223,-300,669,-265,392,1025,-40,663,148,40,0,0
4,100,441,-389,551,176,-220,-316,646,-288,401,1002,-67,636,103,12,-1,0
4,101,444,-387,549,167,-229,-285,648,-281,402,985,-57,644,110,4,0,0
4,102,435,-385,543,169,-223,-294,633,-290,378,974,-63,652,123,12,0,0
4,103,432,-394,545,167,-224,-323,616,-311,353,997,-62,650,124,27,0,0
4,104,436,-390,560,174,-248,-308,634,-295,363,1025,-46,667,134,35,0,0
4,105,436,-386,561,179,-252,-324,649,-277,370,1013,-54,677,133,31,0,0
4,106,435,-397,544,169,-246,-338,639,-289,375,1005,-67,667,122,29,0,0
4,107,434,-402,539,160,-254,-327,624,-295,375,1023,-60,662,129,27,0,0
4,108,433,-387,556,179,-254,-343,625,-285,350,1040,-57,664,150,28,0,0
4,109,440,-384,568,199,-259,-322,639,-275,376,1046,-48,673,148,38,0,0
4,110,443,-409,548,164,-265,-293,629,-285,417,1044,-43,674,116,28,0,0
4,111,439,-420,539,139,-251,-333,605,-302,365,1040,-52,669,113,13,0,0
4,112,444,-383,577,184,-255,-345,617,-288,335,1053,-42,682,148,39,0,0
4,113,446,-372,599,204,-270,-313,630,-277,380,1071,-23,694,151,56,0,0
5,114,440,-407,569,160,-255,-342,609,-305,362,1056,-24,692,135,32,0,0
5,115,440,-415,565,151,-242,-381,599,-320,325,1031,-31,704,150,33,0,0
5,116,446,-379,605,208,-265,-346,635,-280,376,1055,3,743,183,68,0,0
5,117,449,-366,611,230,-280,-305,658,-252,418,1051,37,766,201,75,0,0
5,118,442,-387,586,191,-253,-317,639,-277,393,948,11,749,190,53,0,0
5,119,442,-378,600,194,-242,-342,628,-290,369,879,-1,742,182,56,0,-1
5,120,450,-351,623,234,-264,-326,631,-284,364,905,23,757,184,66,-1,0
5,121,439,-371,603,223,-268,-320,613,-310,359,897,1,733,163,36,0,0
5,122,423,-405,574,187,-252,-356,585,-344,342,848,-38,686,135,4,0,0
5,123,426,-390,585,192,-246,-372,594,-327,312,859,-17,697,160,27,0,0
5,124,441,-353,622,225,-251,-354,625,-296,306,903,14,733,215,69,-1,-1
5,125,449,-340,650,259,-261,-328,647,-286,367,915,18,735,223,80,0,0
5,126,443,-350,641,261,-266,-299,638,-282,413,908,12,724,195,67,0,0
5,127,430,-370,614,221,-253,-314,605,-303,372,892,-5,705,175,41,0,0
5,128,426,-380,605,201,-240,-353,595,-335,334,880,-20,681,163,25,0,0
5,0,429,-375,602,219,-240,-340,607,-330,349,882,-23,675,163,38,0,0
5,1,429,-363,604,223,-243,-330,613,-297,365,891,-18,685,179,52,0,0
5,2,442,-341,624,235,-253,-365,624,-275,360,919,7,695,205,65,0,0
5,3,450,-339,619,240,-248,-355,639,-278,351,932,-7,681,203,73,0,0
5,4,437,-364,591,211,-238,-296,623,-298,349,889,-60,645,165,47,0,0
5,5,437,-364,598,210,-250,-284,610,-307,346,868,-58,637,152,36,0,0
5,6,439,-362,597,226,-254,-330,610,-314,336,891,-49,641,147,37,0,0
5,7,425,-387,567,202,-240,-360,597,-332,331,876,-92,615,118,8,0,0
5,8,427,-383,575,194,-247,-354,604,-312,343,864,-94,603,127,9,0,0
5,9,447,-359,602,213,-267,-331,624,-283,350,902,-55,622,167,50,0,-1
5,10,442,-373,583,190,-259,-329,611,-303,345,901,-66,618,150,39,0,0
5,11,425,-400,555,164,-240,-361,584,-331,336,869,-91,596,119,3,0,0
5,12,431,-392,561,178,-243,-343,589,-314,345,890,-71,604,143,17,0,0
5,13,432,-376,573,181,-253,-306,603,-291,372,916,-48,634,164,41,0,0
5,14,424,-371,589,188,-258,-337,609,-284,365,913,-37,652,179,55,0,0
5,15,425,-375,589,209,-256,-366,612,-289,337,916,-44,636,198,57,0,0
5,16,428,-386,558,197,-247,-337,602,-303,346,937,-66,604,185,41,-1,0
5,17,431,-392,547,160,-245,-324,589,-310,368,956,-64,610,159,39,0,0
5,18,429,-393,566,151,-248,-369,585,-311,339,954,-49,632,157,53,-1,0
5,19,433,-385,583,184,-260,-372,601,-295,323,932,-52,633,177,63,0,0
5,20,438,-399,568,192,-272,-331,601,-281,370,915,-69,621,179,57,0,0
5,21,436,-427,544,141,-288,-352,579,-294,389,922,-74,614,152,46,-1,0
5,22,424,-428,545,105,-313,-392,578,-309,351,922,-77,608,135,42,0,0
5,23,419,-429,546,125,-323,-391,584,-320,318,894,-100,593,142,45,-1,0
5,24,421,-449,524,133,-306,-397,563,-342,302,875,-126,566,124,29,0,0
5,25,415,-459,513,106,-304,-403,551,-358,291,871,-134,547,82,-1,-1,0
5,26,413,-444,537,108,-320,-384,575,-340,297,876,-120,568,93,3,-1,0
5,27,421,-426,556,140,-320,-386,591,-320,304,891,-107,596,136,29,-1,0
5,28,425,-424,550,142,-310,-382,583,-325,313,886,-116,588,128,27,-1,0
5,29,418,-446,530,106,-296,-380,564,-346,319,871,-126,569,95,-7,-1,0
5,30,416,-450,532,108,-289,-426,560,-345,304,875,-115,587,112,-7,-1,0
5,31,424,-430,553,148,-308,-406,572,-319,321,870,-98,610,148,23,-1,0
5,32,420,-436,533,136,-314,-344,572,-320,355,866,-110,584,124,15,-1,0
5,33,411,-450,505,97,-295,-387,563,-335,338,891,-124,562,91,-9,0,0
5,34,417,-442,523,111,-294,-426,565,-326,322,894,-120,564,103,-5,-1,0
5,35,421,-441,531,127,-303,-358,568,-315,355,867,-121,552,114,0,-1,0
5,36,415,-462,502,104,-291,-352,554,-342,326,849,-139,527,94,-20,-1,0
5,37,414,-459,508,111,-284,-421,553,-360,285,846,-141,529,86,-23,-1,0
5,38,415,-438,533,137,-301,-397,563,-336,342,865,-121,547,101,-15,0,0
5,39,414,-446,507,114,-305,-344,552,-338,367,875,-128,536,90,-30,0,0
5,40,411,-458,487,101,-299,-379,548,-352,325,866,-135,527,83,-27,-1,0
5,41,412,-453,509,118,-305,-423,565,-332,333,877,-116,539,104,-12,0,0
5,42,415,-458,505,112,-309,-396,563,-330,342,881,-123,533,100,-29,0,0
5,43,415,-461,492,106,-307,-353,552,-343,322,862,-139,523,90,-35,0,0
5,44,414,-430,522,135,-318,-371,574,-318,342,878,-112,551,119,1,0,0
5,45,414,-413,539,155,-331,-399,585,-302,351,897,-91,567,136,11,0,0
5,46,414,-431,511,144,-338,-364,570,-319,345,879,-116,543,111,-23,0,0
5,47,410,-448,493,135,-354,-313,577,-314,385,872,-128,532,89,-41,0,0
5,48,410,-452,501,135,-351,-345,591,-307,380,883,-125,534,89,-33,0,0
5,49,414,-438,505,135,-321,-404,581,-318,313,871,-145,530,103,-33,0,0
5,50,411,-422,506,131,-309,-366,578,-309,323,868,-146,538,122,-30,0,0
5,51,409,-408,530,151,-327,-284,605,-272,399,908,-88,581,145,4,0,0
5,52,416,-392,565,186,-332,-283,616,-250,431,938,-41,625,178,43,0,0
5,53,420,-394,566,177,-311,-334,587,-279,404,909,-67,615,171,37,0,0
5,54,416,-406,548,150,-295,-372,566,-319,363,879,-95,582,137,14,0,0
5,55,418,-397,556,164,-299,-380,579,-305,353,900,-72,586,149,22,-1,0
5,56,422,-377,572,196,-310,-337,597,-275,364,906,-60,604,178,36,-1,0
5,57,420,-376,569,192,-311,-281,606,-279,365,878,-86,598,165,31,-1,0
5,58,417,-385,558,171,-300,-289,614,-288,375,878,-106,581,137,17,-1,0
5,59,417,-382,550,167,-294,-336,610,-289,394,872,-112,571,128,9,-1,-1
5,60,414,-387,537,165,-296,-357,593,-309,366,811,-123,561,118,-11,-1,0
5,61,409,-407,532,159,-295,-331,590,-324,350,767,-132,552,102,-33,-1,-1
5,62,412,-404,546,169,-299,-294,599,-311,369,786,-122,549,100,-25,-1,0
5,63,416,-376,555,179,-313,-325,597,-306,339,798,-107,561,124,-11,-1,-1
5,64,413,-381,544,169,-319,-371,589,-313,327,771,-113,568,133,-24,-1,0
5,65,410,-403,537,157,-314,-342,586,-312,375,771,-122,560,111,-41,-1,0
5,66,411,-386,542,165,-304,-314,595,-308,372,810,-110,562,119,-28,-1,0
5,67,412,-373,548,158,-299,-314,600,-303,337,804,-101,572,135,-20,-1,0
5,68,414,-392,549,142,-302,-323,589,-307,358,766,-106,579,120,-31,-1,0
5,69,415,-396,548,160,-303,-340,573,-314,392,780,-99,590,115,-21,-1,0
5,70,415,-377,552,181,-289,-333,578,-302,379,837,-79,607,142,0,-1,0
5,71,424,-368,569,178,-281,-315,595,-282,358,876,-71,612,164,9,-1,0
5,72,423,-373,572,178,-295,-330,599,-280,381,896,-69,614,158,5,-1,0
5,73,417,-379,556,181,-298,-362,583,-288,411,903,-68,617,142,-1,-1,0
5,74,429,-380,561,169,-288,-343,573,-291,388,892,-74,610,146,0,-1,0
5,75,433,-385,571,161,-294,-304,583,-294,363,878,-80,611,166,5,-1,0
5,76,427,-385,559,169,-311,-301,597,-287,399,889,-63,622,166,9,-1,0
5,77,428,-376,553,173,-312,-309,609,-274,425,915,-54,625,149,9,0,0
5,78,421,-392,550,153,-296,-335,596,-291,376,902,-89,597,118,-13,-1,0
5,79,417,-414,532,128,-282,-370,571,-314,321,863,-112,574,98,-42,0,0
5,80,432,-395,538,141,-297,-354,585,-289,351,870,-79,603,129,-22,-1,0
5,81,442,-381,563,168,-315,-296,611,-262,423,902,-52,635,160,11,0,0
5,82,452,-395,549,163,-303,-297,588,-286,412,898,-76,614,136,-11,0,0
5,83,472,-393,527,147,-295,-338,562,-311,358,870,-97,589,114,-37,0,0
5,84,485,-392,533,151,-307,-334,568,-314,352,857,-87,589,120,-30,0,0
5,85,494,-400,537,157,-297,-347,570,-326,351,857,-86,580,109,-33,0,0
5,86,503,-391,533,161,-283,-377,564,-326,329,849,-102,583,107,-38,0,0
5,87,500,-395,535,155,-289,-358,564,-321,323,851,-106,597,122,-32,0,0
5,88,503,-400,548,154,-303,-319,581,-312,352,879,-81,604,131,-33,0,0
5,89,516,-368,567,180,-307,-307,604,-283,392,886,-61,629,142,-27,0,0
5,90,514,-361,565,180,-289,-320,586,-292,388,868,-82,638,137,-20,0,0
5,91,510,-393,544,146,-272,-355,549,-339,337,862,-96,616,128,-34,0,0
5,92,517,-394,549,143,-287,-363,564,-324,334,865,-61,636,154,-21,0,0
5,93,523,-376,568,160,-311,-334,594,-282,384,876,-44,666,171,9,0,0
5,94,520,-390,548,149,-312,-349,576,-310,372,879,-86,625,124,-20,0,0
5,95,513,-411,511,130,-304,-360,557,-344,338,855,-112,588,98,-53,0,0
5,96,513,-414,502,120,-303,-311,561,-331,363,840,-98,604,123,-40,0,0
5,97,512,-413,506,118,-303,-324,551,-336,363,850,-94,605,120,-49,0,0
5,98,510,-411,508,134,-310,-392,547,-345,321,862,-81,587,109,-61,0,0
5,99,518,-415,504,136,-320,-370,564,-326,326,858,-77,587,123,-43,0,0
5,100,519,-426,494,120,-316,-314,569,-320,360,840,-105,585,122,-52,-1,0
5,101,516,-422,504,126,-305,-327,563,-323,371,839,-106,589,110,-58,0,0
5,102,519,-416,514,132,-299,-353,553,-320,359,851,-88,596,121,-39,-1,0
5,103,530,-404,510,131,-300,-360,547,-322,331,837,-98,598,133,-30,-1,0
5,104,536,-373,544,168,-308,-362,572,-302,346,843,-80,618,149,-12,0,0
5,105,533,-372,562,179,-321,-355,588,-287,390,871,-52,622,153,5,0,0
5,106,527,-416,513,126,-325,-347,556,-329,375,853,-86,591,111,-26,0,0
5,107,524,-441,478,94,-317,-373,528,-366,331,825,-117,572,88,-54,0,0
5,108,530,-421,507,123,-319,-391,549,-335,361,834,-77,601,130,-25,0,0
5,109,537,-390,535,161,-328,-359,573,-298,415,858,-33,636,176,3,0,0
5,110,538,-385,527,159,-322,-351,554,-308,382,868,-36,628,166,-17,0,0
5,111,535,-412,502,125,-309,-381,524,-334,338,851,-77,590,118,-56,0,0
5,112,530,-421,482,112,-309,-381,525,-341,367,831,-99,579,90,-69,0,0
5,113,533,-402,494,134,-316,-356,542,-332,386,842,-75,611,109,-49,0,0
6,114,537,-412,505,140,-320,-349,555,-318,362,853,-58,621,134,-33,0,0
6,115,541,-420,490,126,-314,-377,567,-307,354,850,-64,604,133,-25,0,0
6,116,544,-400,483,122,-301,-402,565,-316,340,849,-59,608,122,-27,0,0
6,117,544,-393,502,135,-304,-365,554,-320,347,848,-54,625,125,-28,0,0
6,118,540,-405,503,142,-315,-321,547,-306,388,856,-71,617,129,-24,0,0
6,119,538,-413,469,119,-312,-373,533,-328,355,857,-99,573,96,-44,-1,0
6,120,545,-406,475,118,-318,-413,532,-350,310,840,-100,557,68,-63,0,0
6,121,551,-404,507,135,-322,-358,549,-328,347,817,-85,587,83,-57,-1,0
6,122,542,-420,485,115,-304,-328,543,-325,357,785,-102,588,79,-61,-1,0
6,123,528,-419,468,111,-287,-370,530,-348,313,782,-119,570,62,-71,-1,0
6,124,541,-388,509,149,-299,-389,551,-335,316,813,-88,600,86,-40,-1,0
6,125,558,-385,520,142,-314,-357,571,-319,347,807,-78,619,93,-18,-1,0
6,126,544,-404,482,117,-313,-332,561,-329,351,779,-109,584,67,-43,-1,0
6,127,538,-399,489,138,-318,-349,559,-321,351,801,-106,583,72,-48,-1,0
6,128,553,-397,516,146,-318,-376,567,-317,330,827,-84,620,88,-27,-1,0
6,0,546,-399,504,134,-296,-376,559,-331,291,814,-87,627,86,-29,-1,0
6,1,540,-385,494,150,-287,-357,561,-318,318,808,-79,627,94,-33,-1,0
6,2,551,-386,510,158,-292,-338,572,-297,388,831,-49,647,111,-8,-1,0
6,3,555,-393,522,147,-290,-332,571,-296,400,841,-41,658,120,5,-1,0
6,4,549,-379,515,155,-292,-342,566,-306,358,826,-55,645,109,-17,-1,0
6,5,549,-381,502,157,-299,-336,566,-313,340,818,-65,624,83,-34,-1,0
6,6,552,-410,493,134,-292,-320,561,-323,335,825,-72,622,84,-34,-1,0
6,7,552,-411,490,125,-292,-345,554,-331,313,818,-95,632,86,-32,0,0
6,8,546,-402,481,121,-310,-360,548,-338,322,800,-112,616,58,-46,0,0
6,9,540,-419,472,115,-312,-347,542,-336,354,813,-100,593,48,-55,0,0
6,10,550,-420,486,135,-296,-368,547,-326,337,827,-83,601,66,-46,0,0
6,11,558,-394,507,163,-291,-361,564,-310,320,787,-74,627,88,-27,0,0
6,12,557,-389,512,163,-291,-303,573,-296,373,725,-70,633,102,-19,0,0
6,13,562,-396,516,151,-284,-291,569,-300,389,698,-73,617,94,-20,0,0
6,14,566,-389,526,147,-281,-324,570,-303,336,690,-65,620,88,-7,0,0
6,15,568,-384,531,154,-285,-333,575,-296,344,678,-44,632,106,-2,0,0
6,16,564,-392,523,158,-283,-329,570,-305,379,692,-50,612,109,-22,0,0
6,17,558,-406,503,136,-278,-339,557,-328,331,700,-75,586,87,-41,0,0
6,18,559,-408,502,130,-282,-345,555,-329,294,675,-79,597,95,-30,0,0
6,19,565,-379,535,169,-289,-318,574,-302,357,685,-54,615,125,2,0,0
6,20,568,-371,546,189,-291,-287,576,-292,397,724,-45,604,129,8,0,0
6,21,561,-394,528,181,-280,-326,558,-315,344,726,-68,581,114,-11,0,0
6,22,561,-384,533,190,-269,-358,558,-329,316,691,-76,578,106,-12,0,0
6,23,569,-360,545,195,-264,-306,568,-319,346,687,-67,580,108,-2,-1,0
6,24,567,-380,523,179,-252,-319,556,-324,340,711,-81,564,96,-22,-1,0
6,25,561,-387,513,180,-250,-391,560,-325,306,711,-91,561,92,-29,-1,0
6,26,565,-359,533,192,-269,-352,585,-302,308,692,-71,578,112,-3,-1,0
6,27,565,-366,528,184,-279,-262,579,-301,335,668,-74,564,117,-8,-1,0
6,28,562,-392,505,180,-261,-270,558,-324,358,665,-104,533,84,-41,-1,0
6,29,563,-382,514,189,-250,-316,559,-325,369,702,-92,543,70,-42,-1,0
6,30,562,-361,542,209,-256,-313,569,-308,376,735,-48,587,116,-9,-1,0
6,31,565,-353,555,233,-255,-319,569,-306,354,723,-29,609,160,20,-1,0
6,32,573,-341,566,236,-250,-353,561,-320,311,712,-26,610,164,31,-1,0
6,33,569,-332,576,230,-252,-361,553,-329,318,723,-20,620,158,31,-1,0
6,34,559,-352,561,225,-252,-328,553,-323,350,713,-34,623,147,21,-1,0
6,35,562,-370,538,218,-250,-300,567,-302,354,712,-53,601,135,8,-1,0
6,36,564,-365,530,207,-253,-312,580,-286,358,740,-46,588,137,6,-1,0
6,37,561,-370,535,185,-259,-324,580,-283,367,746,-42,597,133,9,0,-1
6,38,563,-391,534,162,-260,-315,574,-296,344,710,-70,592,112,-3,-1,-1
6,39,563,-389,524,172,-257,-297,573,-308,336,672,-81,579,113,-13,0,-1
6,40,563,-361,544,210,-258,-285,589,-288,379,693,-44,601,144,13,0,-1
6,41,565,-354,564,217,-259,-320,591,-278,391,743,-23,617,154,32,0,-1
6,42,565,-376,535,197,-247,-363,563,-309,348,740,-46,595,130,9,-1,0
6,43,562,-388,506,182,-243,-331,559,-323,328,721,-58,579,119,-3,0,0
6,44,561,-369,525,184,-251,-278,593,-289,364,737,-38,592,145,22,-1,0
6,45,564,-348,548,210,-246,-278,609,-264,399,740,-29,608,165,41,-1,0
6,46,566,-354,539,217,-233,-286,594,-279,389,718,-52,595,134,23,-1,0
6,47,564,-366,525,200,-231,-288,588,-293,345,709,-68,561,110,4,-1,0
6,48,562,-373,521,195,-239,-307,590,-293,310,709,-59,541,124,-4,-1,0
6,49,561,-379,518,193,-243,-328,580,-303,329,707,-61,549,120,-6,-1,0
6,50,558,-377,524,190,-244,-330,575,-304,360,721,-79,556,100,-3,-1,0
6,51,559,-382,525,193,-248,-297,582,-292,364,721,-86,541,105,-3,-1,0
6,52,567,-391,512,175,-256,-274,597,-290,356,709,-68,528,118,-3,-1,0
6,53,560,-385,515,164,-255,-310,600,-297,347,723,-56,532,122,1,-1,0
6,54,549,-382,526,185,-246,-332,591,-290,344,733,-58,527,128,5,-1,0
6,55,549,-396,517,170,-240,-294,592,-284,357,722,-61,503,124,3,-1,0
6,56,548,-412,498,127,-239,-264,593,-293,373,722,-67,491,109,-4,-1,0
6,57,541,-421,500,140,-243,-280,594,-293,353,734,-67,497,114,-2,0,0
6,58,538,-410,509,166,-252,-312,598,-282,330,732,-63,501,128,5,-1,0
6,59,540,-392,506,151,-255,-317,594,-282,354,717,-62,500,123,6,0,-1
6,60,540,-397,505,146,-252,-281,596,-285,383,711,-60,498,119,3,0,0
6,61,535,-408,502,157,-249,-256,606,-278,366,729,-55,502,122,3,0,0
6,62,533,-402,497,151,-250,-286,596,-277,337,740,-65,495,117,1,0,-1
6,63,535,-390,502,155,-253,-321,581,-289,340,716,-75,482,115,-2,0,0
6,64,537,-386,514,177,-261,-298,596,-287,365,717,-58,489,126,5,0,0
6,65,534,-398,507,176,-262,-281,591,-282,377,741,-75,485,119,-2,0,-1
6,66,537,-410,491,154,-251,-304,572,-299,365,723,-111,455,95,-19,0,0
6,67,536,-408,494,144,-252,-308,575,-319,347,697,-104,451,83,-21,0,0
6,68,529,-405,500,153,-262,-310,573,-321,324,722,-74,476,92,-17,0,0
6,69,534,-395,503,176,-260,-318,577,-311,308,734,-60,499,122,-8,-1,0
6,70,542,-392,504,182,-254,-291,588,-310,339,695,-59,504,130,-5,0,0
6,71,538,-395,506,179,-255,-295,590,-311,362,706,-53,499,121,2,-1,0
6,72,538,-385,516,184,-253,-330,585,-290,347,760,-44,513,145,24,-1,0
6,73,542,-380,516,178,-241,-297,588,-272,361,749,-43,530,157,25,-1,0
6,74,539,-394,514,164,-234,-270,594,-275,382,713,-48,520,135,11,-1,0
6,75,538,-395,518,172,-234,-308,587,-273,361,741,-38,520,137,20,-1,-1
6,76,542,-375,521,199,-239,-307,579,-266,356,763,-22,541,156,32,-1,0
6,77,543,-361,528,217,-241,-286,586,-272,384,748,-27,551,157,34,-1,0
6,78,539,-367,524,209,-240,-298,591,-293,365,746,-42,535,143,29,-1,0
6,79,534,-389,505,184,-235,-298,567,-322,307,728,-65,514,123,4,-1,0
6,80,532,-392,511,173,-230,-287,557,-328,309,699,-75,517,113,-4,-1,0
6,81,537,-382,541,182,-231,-290,580,-297,365,720,-57,537,130,26,0,0
6,82,546,-369,558,207,-239,-289,600,-262,387,762,-31,554,150,49,-1,0
6,83,546,-353,564,215,-245,-283,600,-255,372,761,-31,566,162,47,0,0
6,84,536,-366,552,184,-234,-293,578,-273,360,749,-47,557,156,35,0,-1
6,85,530,-399,522,164,-219,-326,559,-292,348,747,-44,533,136,23,-1,0
6,86,534,-400,516,171,-228,-333,567,-289,341,733,-40,538,131,26,0,0
6,87,536,-384,526,170,-250,-300,570,-288,337,719,-61,548,128,33,0,0
6,88,533,-384,531,174,-245,-295,562,-306,330,698,-72,532,114,29,0,0
6,89,537,-368,539,207,-236,-326,578,-297,344,692,-49,544,125,33,-1,0
6,90,540,-356,540,205,-247,-342,586,-281,354,712,-48,563,136,38,0,0
6,91,535,-392,531,160,-248,-328,560,-310,331,704,-88,532,112,30,-1,0
6,92,535,-406,538,158,-242,-293,551,-316,329,685,-83,521,98,26,-1,0
6,93,542,-382,551,183,-252,-278,571,-282,332,714,-40,555,118,41,-1,0
6,94,540,-390,539,166,-254,-316,574,-299,312,715,-49,560,121,39,-1,0
6,95,532,-413,520,147,-238,-360,558,-334,306,673,-65,546,115,22,-1,0
6,96,534,-399,527,162,-239,-347,567,-299,313,684,-33,566,135,32,-1,0
6,97,542,-379,548,172,-250,-284,598,-254,353,726,-12,592,157,61,-1,0
6,98,542,-373,560,176,-246,-234,610,-256,404,750,-6,592,160,70,-1,0
6,99,540,-379,542,168,-235,-262,600,-269,373,740,-7,576,158,51,-1,0
6,100,538,-400,508,148,-230,-329,591,-279,308,694,-33,560,149,29,-1,0
6,101,531,-416,491,140,-225,-344,580,-293,316,690,-49,556,128,19,-1,0
6,102,531,-408,516,157,-226,-297,579,-281,359,725,-22,569,126,36,-1,0
6,103,541,-376,554,189,-245,-240,604,-249,374,731,-2,593,156,65,-1,0
6,104,540,-366,550,191,-253,-252,598,-257,357,719,-15,591,165,54,-1,0
6,105,531,-392,519,153,-240,-328,560,-305,309,713,-36,557,142,24,-1,0
6,106,533,-398,522,148,-243,-345,560,-309,304,714,-34,556,136,27,-1,0
6,107,537,-390,538,166,-246,-303,578,-281,348,717,-20,581,140,41,-1,0
6,108,532,-397,532,147,-233,-290,562,-281,354,712,-10,588,138,40,-1,0
6,109,535,-386,536,148,-232,-294,566,-271,341,732,8,596,163,57,0,0
6,110,539,-375,544,176,-235,-284,593,-255,346,765,10,604,180,69,-1,0
6,111,532,-399,526,162,-226,-292,583,-271,352,734,-10,583,153,39,0,0
6,112,528,-403,513,151,-231,-283,575,-274,368,715,8,575,143,37,0,0
6,113,531,-387,509,153,-240,-270,590,-250,375,753,33,582,168,61,0,0
7,114,530,-407,497,124,-236,-324,576,-264,327,752,8,567,169,44,0,0
7,115,527,-411,511,131,-236,-343,562,-279,307,731,-2,574,171,42,0,0
7,116,533,-378,549,188,-240,-263,588,-244,385,746,35,609,193,82,0,0
7,117,540,-368,556,199,-237,-217,609,-222,426,766,47,620,199,94,0,0
7,118,537,-379,536,166,-228,-282,592,-250,363,762,27,594,195,73,0,0
7,119,529,-379,530,162,-214,-333,570,-274,320,753,27,579,196,68,0,0
7,120,527,-371,546,184,-211,-288,572,-261,352,753,33,592,188,78,0,0
7,121,533,-369,551,194,-221,-248,583,-255,389,757,31,605,174,78,0,0
7,122,530,-366,548,196,-224,-278,574,-274,373,757,37,605,178,72,0,0
7,123,515,-374,540,189,-223,-310,556,-290,322,743,27,593,185,59,0,0
7,124,504,-391,516,165,-224,-311,557,-299,286,722,-2,574,172,43,0,0
7,125,507,-397,509,166,-214,-319,574,-297,297,725,2,574,166,43,0,0
7,126,525,-387,545,201,-213,-293,595,-266,339,754,44,610,183,70,0,0
7,127,532,-379,569,201,-223,-234,601,-242,370,748,47,630,194,92,0,0
7,128,511,-408,515,143,-228,-244,568,-279,339,718,4,585,170,57,-1,0
7,0,509,-411,499,147,-207,-295,565,-285,312,748,14,582,174,53,0,0
7,1,528,-369,554,196,-220,-322,587,-243,332,780,58,628,208,93,-1,0
7,2,501,-471,464,81,-354,-402,478,-352,260,673,-57,512,96,-9,0,0
7,3,431,-693,247,-146,-519,-565,287,-580,62,498,-285,278,-131,-223,-1,0
7,4,405,-768,169,-226,-566,-648,232,-664,-68,427,-363,210,-214,-303,0,0
7,5,429,-698,228,-169,-536,-594,294,-603,-46,460,-305,290,-145,-245,-1,-1
7,6,446,-672,256,-142,-538,-554,320,-565,11,503,-271,316,-109,-216,-1,0
7,7,445,-674,264,-137,-538,-574,316,-558,44,521,-253,299,-115,-211,0,-1
7,8,447,-663,272,-134,-512,-582,322,-556,58,518,-233,310,-107,-201,-1,0
7,9,437,-675,248,-162,-504,-599,313,-580,16,501,-247,318,-106,-211,0,-1
7,10,414,-682,234,-172,-507,-618,309,-583,-22,495,-268,307,-105,-218,-1,0
7,11,408,-678,240,-149,-512,-580,326,-558,9,499,-270,288,-113,-215,0,0
7,12,418,-670,245,-123,-515,-545,337,-550,43,509,-268,281,-133,-221,-1,0
7,13,417,-664,234,-128,-511,-556,318,-569,19,498,-284,269,-152,-250,-1,0
7,14,414,-672,230,-136,-503,-559,301,-581,-1,468,-304,264,-158,-261,0,-1
7,15,424,-663,247,-111,-501,-577,319,-568,-14,482,-286,301,-142,-225,0,-1
7,16,430,-647,248,-102,-497,-596,333,-561,-22,508,-272,321,-126,-215,0,-1
7,17,419,-655,242,-124,-503,-540,336,-549,22,499,-288,299,-136,-231,0,-1
7,18,419,-665,256,-134,-523,-526,338,-540,27,504,-287,295,-147,-220,-1,-1
7,19,430,-672,252,-139,-515,-602,331,-562,-29,509,-278,299,-153,-222,-1,-1
7,20,428,-670,239,-142,-493,-583,335,-563,-1,489,-280,301,-155,-236,-1,0
7,21,420,-648,257,-122,-500,-504,346,-534,50,492,-278,317,-140,-223,-1,0
7,22,419,-654,251,-129,-513,-545,323,-555,-15,514,-286,301,-145,-231,-1,0
7,23,416,-687,214,-160,-517,-602,308,-596,-51,490,-307,259,-175,-265,-1,0
7,24,416,-680,223,-151,-530,-562,331,-580,17,465,-301,269,-173,-260,-1,0
7,25,420,-667,243,-134,-532,-542,325,-561,25,482,-292,294,-148,-241,-1,0
7,26,416,-684,233,-136,-511,-593,305,-569,-31,480,-297,288,-149,-249,-1,0
7,27,415,-678,232,-139,-502,-604,317,-566,-21,454,-291,287,-162,-252,-1,0
7,28,416,-664,238,-148,-514,-554,330,-558,30,452,-284,297,-158,-249,0,0
7,29,417,-678,236,-145,-526,-533,336,-551,34,484,-288,304,-149,-244,-1,0
7,30,416,-686,236,-136,-517,-544,349,-543,22,495,-288,311,-137,-231,-1,0
7,31,414,-676,241,-148,-500,-543,362,-532,28,484,-277,324,-121,-223,-1,0
7,32,416,-668,253,-148,-504,-541,376,-523,32,501,-271,340,-114,-217,-1,0
7,33,416,-665,258,-131,-514,-547,373,-537,22,503,-279,338,-131,-223,-1,0
7,34,412,-667,240,-133,-497,-554,346,-565,1,468,-288,330,-151,-240,0,0
7,35,413,-668,229,-145,-483,-584,335,-560,-21,461,-287,334,-148,-243,-1,0
7,36,416,-659,248,-135,-499,-588,355,-540,-9,475,-280,339,-132,-231,0,0
7,37,413,-667,254,-134,-503,-517,363,-546,36,452,-293,330,-152,-243,0,0
7,38,411,-671,248,-134,-486,-518,356,-553,20,459,-294,335,-171,-256,-1,0
7,39,412,-652,263,-103,-482,-602,359,-533,-37,517,-271,358,-134,-224,0,0
7,40,415,-648,268,-93,-484,-575,360,-531,-16,505,-277,359,-119,-219,0,0
7,41,415,-663,243,-123,-477,-481,348,-570,28,425,-306,332,-163,-258,0,0
7,42,402,-663,245,-129,-469,-511,340,-586,12,427,-299,331,-170,-257,0,0
7,43,399,-635,281,-92,-467,-579,350,-554,-5,511,-257,385,-121,-212,0,0
7,44,408,-628,294,-79,-471,-531,365,-526,27,532,-235,420,-105,-200,0,0
7,45,402,-647,283,-93,-471,-477,369,-528,57,485,-244,403,-120,-213,-1,0
7,46,399,-638,289,-80,-466,-501,370,-529,49,486,-234,406,-96,-203,-1,0
7,47,402,-618,295,-60,-464,-540,367,-521,38,531,-211,430,-76,-193,-1,0
7,48,390,-625,283,-68,-466,-547,362,-518,50,529,-213,434,-92,-199,-1,0
7,49,385,-634,279,-87,-468,-536,358,-525,59,503,-223,431,-99,-201,-1,0
7,50,396,-627,292,-82,-475,-525,361,-536,31,512,-208,437,-83,-195,-1,0
7,51,396,-630,300,-73,-474,-515,367,-538,4,525,-204,441,-79,-186,-1,0
7,52,384,-638,292,-85,-458,-525,365,-539,13,507,-232,442,-89,-189,-1,0
7,53,385,-630,300,-77,-441,-519,380,-523,52,501,-230,454,-79,-191,-1,0
7,54,404,-589,345,-27,-420,-473,432,-470,98,549,-173,498,-35,-152,-1,0
7,55,414,-555,371,1,-395,-445,459,-435,105,583,-135,536,-3,-116,0,0
7,56,406,-564,352,-15,-387,-470,435,-447,94,559,-159,519,-20,-125,-1,0
7,57,408,-570,359,-10,-397,-473,424,-449,106,556,-176,503,-30,-130,-1,0
7,58,421,-552,395,13,-398,-445,442,-427,103,586,-148,540,-8,-105,-1,0
7,59,416,-553,400,13,-382,-471,442,-427,84,577,-137,573,8,-92,0,0
7,60,413,-564,391,4,-377,-490,436,-430,101,566,-151,573,5,-91,-1,0
7,61,419,-559,392,2,-394,-441,445,-422,136,592,-154,559,-9,-94,0,0
7,62,413,-563,372,-12,-399,-414,437,-436,127,590,-167,541,-34,-119,0,0
7,63,407,-576,360,-20,-390,-445,422,-447,95,565,-177,544,-37,-124,0,0
7,64,416,-568,384,1,-399,-464,439,-428,87,590,-159,571,1,-97,0,0
7,65,415,-560,385,5,-409,-455,455,-427,91,608,-151,572,11,-95,0,0
7,66,406,-576,359,-12,-404,-452,443,-451,98,576,-167,555,-23,-121,0,0
7,67,408,-590,362,-9,-393,-466,437,-450,104,565,-170,566,-42,-126,0,0
7,68,414,-575,394,5,-391,-486,448,-425,102,585,-160,592,-19,-106,0,0
7,69,413,-560,403,0,-400,-487,439,-422,84,599,-162,600,-5,-94,0,0
7,70,410,-580,380,-10,-405,-466,424,-436,82,594,-163,599,-20,-98,0,0
7,71,408,-602,370,-8,-401,-452,426,-435,105,588,-159,601,-18,-109,-1,0
7,72,409,-590,385,3,-390,-461,427,-429,124,584,-158,614,-8,-107,0,0
7,73,412,-570,391,12,-385,-457,423,-431,126,595,-152,627,-11,-97,-1,0
7,74,416,-569,386,10,-391,-433,437,-423,110,617,-145,618,-8,-101,0,0
7,75,413,-558,394,10,-392,-466,453,-406,109,612,-139,611,5,-102,0,0
7,76,407,-555,392,7,-373,-503,446,-414,113,592,-145,614,0,-100,0,0
7,77,404,-589,368,-17,-365,-429,440,-433,119,592,-160,597,-19,-117,-1,0
7,78,403,-598,370,-22,-380,-364,447,-420,142,598,-153,588,-17,-127,0,0
7,79,405,-564,400,1,-377,-429,446,-411,147,598,-131,608,-7,-110,-1,0
7,80,411,-558,409,6,-362,-490,439,-433,110,605,-137,613,-10,-107,0,0
7,81,416,-572,400,7,-375,-458,444,-436,94,605,-155,601,-10,-121,-1,0
7,82,410,-569,395,15,-384,-441,449,-422,113,590,-153,602,-6,-119,0,0
7,83,409,-573,388,9,-365,-474,440,-437,105,591,-143,596,-20,-120,0,0
7,84,413,-582,381,2,-357,-472,438,-444,104,599,-146,584,-34,-132,0,0
7,85,412,-573,389,11,-359,-434,443,-426,133,599,-141,592,-26,-135,0,0
7,86,413,-565,403,30,-352,-430,435,-429,134,596,-128,607,-23,-128,0,0
7,87,409,-572,407,36,-338,-456,415,-450,90,589,-141,614,-31,-129,0,0
7,88,409,-559,426,44,-337,-467,422,-445,78,589,-142,634,-11,-123,0,0
7,89,415,-529,459,70,-345,-466,447,-426,111,601,-102,657,29,-98,0,0
7,90,415,-534,462,79,-344,-454,436,-438,106,594,-94,649,21,-82,0,0
7,91,416,-546,450,71,-340,-423,422,-447,74,597,-117,641,-1,-91,0,0
7,92,419,-525,454,82,-337,-421,440,-420,87,623,-99,653,20,-94,0,0
7,93,414,-527,454,92,-330,-468,453,-415,103,621,-85,654,27,-83,0,0
7,94,411,-564,445,60,-324,-481,428,-452,77,579,-123,643,-5,-91,0,0
7,95,414,-569,442,34,-339,-426,419,-457,78,562,-135,631,-4,-103,0,0
7,96,403,-555,421,40,-353,-405,436,-437,111,577,-124,611,5,-104,0,0
7,97,398,-550,402,52,-346,-456,439,-439,107,595,-139,605,-12,-101,0,0
7,98,408,-533,425,69,-343,-461,438,-431,87,606,-143,632,5,-90,0,0
7,99,414,-529,449,75,-347,-420,438,-420,94,604,-129,636,34,-84,0,0
7,100,412,-542,439,69,-344,-431,431,-434,96,598,-138,605,8,-101,0,0
7,101,403,-544,416,54,-339,-475,426,-448,73,590,-162,586,-20,-122,0,0
7,102,400,-557,403,31,-344,-486,424,-451,65,582,-173,578,-15,-129,0,0
7,103,407,-560,411,36,-357,-438,430,-438,94,594,-169,578,-12,-124,0,0
7,104,404,-541,424,60,-358,-409,439,-419,117,607,-164,586,-12,-113,0,0
7,105,400,-545,420,60,-345,-459,440,-424,101,600,-170,594,1,-111,0,0
7,106,409,-555,414,45,-346,-471,436,-431,96,591,-171,600,8,-110,0,0
7,107,408,-550,412,33,-353,-413,435,-422,108,597,-173,587,-3,-102,0,0
7,108,398,-556,406,38,-348,-407,443,-426,94,601,-181,573,-8,-98,0,0
7,109,411,-551,424,56,-356,-433,459,-418,80,607,-163,602,12,-81,0,0
7,110,420,-542,436,55,-368,-418,460,-407,66,609,-158,619,18,-76,0,0
7,111,403,-556,408,26,-361,-434,441,-425,37,598,-196,582,-14,-107,0,0
7,112,399,-557,395,23,-354,-461,439,-426,47,591,-195,571,-23,-115,0,0
7,113,404,-549,402,36,-353,-435,447,-410,91,595,-151,605,7,-88,0,0
