0,54,512,-608,307,-22,-346,-380,600,-69,97,651,-218,651,190,-3,-1,-1
0,55,508,-606,307,-23,-350,-381,603,-50,97,651,-225,646,192,-4,-1,-1
0,56,509,-610,310,-28,-351,-383,658,-18,97,651,-230,643,190,-1,-1,0
0,57,512,-610,312,-26,-352,-386,666,-24,97,651,-225,647,184,-1,-1,0
0,58,511,-609,307,-22,-351,-386,618,-46,97,651,-227,648,187,-1,-1,0
0,59,511,-616,303,-22,-350,-384,604,-56,96,652,-223,646,194,0,-1,0
0,60,513,-619,307,-22,-354,-387,628,-40,95,651,-220,646,191,-1,-1,-1
0,61,515,-613,307,-22,-353,-386,640,-14,99,651,-227,651,189,2,-1,-1
0,62,513,-612,303,-25,-348,-380,619,-24,97,653,-230,650,194,4,-1,-1
0,63,510,-610,308,-24,-349,-377,589,-37,92,654,-224,644,196,1,-1,-1
0,64,509,-605,312,-31,-352,-380,585,-31,106,652,-223,648,193,0,-1,-1
0,65,508,-607,307,-34,-353,-386,590,-55,116,652,-226,651,192,-1,-1,-1
0,66,511,-609,309,-26,-352,-387,594,-73,100,654,-226,645,190,1,-1,-1
0,67,512,-611,311,-27,-351,-385,590,-80,91,654,-230,644,190,0,-1,-1
0,68,508,-610,304,-30,-351,-383,587,-85,101,653,-231,648,197,-1,-1,-1
0,69,508,-605,302,-24,-351,-383,601,-51,101,654,-227,649,199,3,-1,-1
0,70,509,-607,304,-23,-349,-382,597,-31,95,653,-225,649,193,0,-1,-1
0,71,511,-612,307,-26,-347,-385,567,-53,99,653,-227,651,191,-1,-1,-1
0,72,514,-613,306,-21,-349,-388,576,-51,100,653,-233,646,196,4,-1,-1
0,73,515,-613,301,-22,-349,-386,603,-35,98,653,-233,643,194,5,-1,-1
0,74,515,-609,305,-25,-343,-381,604,-50,97,653,-227,648,188,2,0,-1
0,75,510,-605,308,-22,-349,-383,620,-46,97,653,-225,644,187,-4,0,-1
0,76,513,-610,311,-22,-363,-385,626,-28,97,654,-230,645,191,0,0,0
0,77,517,-614,315,-21,-360,-383,594,-28,97,654,-234,652,192,8,0,0
0,78,509,-612,307,-24,-349,-382,600,-40,97,653,-229,645,190,3,0,0
0,79,510,-612,308,-25,-348,-382,602,-89,97,654,-226,646,193,1,0,0
0,80,512,-613,317,-22,-351,-384,562,-105,97,654,-230,656,193,3,0,0
0,81,509,-611,312,-22,-349,-386,584,-32,97,650,-228,654,190,0,0,0
0,82,512,-608,304,-23,-345,-381,630,-4,97,648,-221,649,191,1,0,0
0,83,515,-612,301,-25,-346,-379,612,-51,97,651,-224,650,195,-1,0,0
0,84,515,-616,308,-23,-348,-382,587,-70,97,652,-231,654,194,0,0,0
0,85,512,-615,309,-27,-350,-385,583,-65,96,651,-230,652,192,5,0,0
0,86,509,-609,304,-26,-348,-387,586,-69,97,651,-226,648,194,0,0,0
0,87,511,-607,310,-21,-348,-385,608,-55,100,651,-227,649,194,-1,0,0
0,88,513,-612,310,-23,-354,-381,635,-26,95,651,-232,647,191,2,0,0
0,89,514,-611,303,-26,-352,-380,632,-30,97,651,-232,648,188,3,-1,0
0,90,513,-609,304,-26,-349,-382,614,-57,114,651,-221,654,190,0,-1,0
0,91,513,-614,306,-26,-354,-383,595,-71,114,651,-218,651,192,-1,-1,0
0,92,513,-615,307,-24,-353,-383,589,-71,97,651,-233,648,192,-3,-1,0
0,93,511,-614,306,-21,-349,-382,604,-68,94,651,-235,652,191,-7,-1,0
0,94,508,-613,307,-20,-349,-382,608,-60,99,651,-227,654,190,-3,-1,0
0,95,511,-611,311,-19,-352,-382,590,-65,100,651,-230,651,190,3,-1,0
0,96,516,-610,311,-21,-355,-389,590,-66,103,651,-233,647,191,-1,-1,0
0,97,516,-609,308,-25,-352,-393,610,-44,101,651,-232,648,188,-6,-1,0
0,98,512,-608,308,-23,-350,-385,617,-29,98,651,-233,645,186,-7,-1,0
0,99,510,-609,310,-21,-351,-380,597,-38,101,651,-232,646,190,-2,-1,0
0,100,514,-612,310,-23,-347,-388,597,-35,100,649,-232,653,193,3,-1,0
0,101,512,-614,306,-26,-345,-388,631,-32,98,648,-233,654,190,0,-1,0
0,102,510,-614,307,-26,-350,-381,639,-30,99,648,-231,653,190,-3,-1,0
0,103,509,-614,314,-24,-354,-386,608,-19,98,648,-232,654,191,-1,-1,-1
0,104,507,-610,316,-22,-356,-386,592,-33,98,648,-236,651,191,1,-1,0
0,105,507,-607,309,-21,-354,-378,593,-63,99,648,-226,651,191,2,-1,-1
0,106,506,-611,306,-22,-350,-383,566,-71,98,648,-221,652,189,2,-1,0
0,107,506,-611,307,-22,-348,-388,559,-46,99,648,-224,648,189,3,-1,0
0,108,509,-609,306,-23,-354,-383,599,-32,99,648,-226,649,195,0,-1,0
0,109,511,-613,311,-23,-360,-382,612,-57,99,648,-227,650,196,-2,-1,0
0,110,510,-614,311,-21,-356,-387,596,-62,99,648,-224,646,189,3,-1,0
0,111,512,-607,304,-22,-350,-385,575,-59,99,648,-226,647,187,2,-1,0
0,112,516,-606,308,-24,-346,-378,558,-78,98,647,-226,656,193,-1,-1,0
0,113,511,-611,309,-24,-348,-380,582,-68,97,649,-227,656,192,3,-1,0
0,114,509,-610,303,-23,-354,-389,615,-21,98,652,-228,650,189,2,-1,0
0,115,514,-608,307,-23,-355,-387,587,-24,101,653,-224,651,191,-2,-1,0
0,116,513,-610,311,-23,-356,-382,556,-64,98,653,-222,650,190,0,-1,0
0,117,512,-611,308,-24,-358,-389,563,-77,97,654,-222,647,189,-2,-1,0
0,118,513,-609,305,-21,-354,-392,569,-91,119,653,-223,651,191,-9,-1,0
0,119,510,-608,308,-19,-349,-386,581,-83,129,651,-223,653,190,-8,-1,0
0,120,512,-607,313,-20,-356,-381,598,-46,103,650,-228,651,188,2,-1,0
0,121,513,-609,309,-23,-359,-383,594,-46,87,649,-232,649,190,0,-1,0
0,122,507,-610,305,-22,-348,-385,596,-68,96,647,-228,648,191,-6,-1,0
0,123,508,-611,311,-24,-343,-384,588,-70,97,649,-222,648,185,-5,-1,0
0,124,514,-617,311,-26,-351,-383,568,-62,91,653,-221,649,183,-3,-1,0
0,125,514,-617,308,-22,-359,-387,587,-53,94,653,-224,649,190,0,-1,0
0,126,511,-610,310,-19,-355,-384,597,-62,96,648,-226,649,193,-1,-1,0
0,127,510,-608,310,-22,-347,-379,566,-82,95,647,-226,651,190,-1,-1,0
0,128,511,-612,305,-26,-349,-388,580,-61,96,651,-225,652,191,2,-1,0
0,0,512,-615,300,-26,-349,-394,611,-39,95,653,-221,650,192,1,-1,0
0,1,512,-614,305,-23,-347,-385,574,-62,96,650,-228,650,190,-4,-1,0
0,2,510,-614,311,-22,-353,-379,564,-66,95,652,-235,649,191,-10,-1,0
0,3,511,-612,306,-24,-356,-381,594,-64,94,654,-229,648,192,-9,-1,0
0,4,512,-611,305,-24,-349,-385,579,-93,98,651,-228,649,191,-6,-1,0
0,5,510,-614,309,-23,-347,-388,564,-90,92,649,-233,652,189,-7,-1,0
0,6,508,-613,308,-22,-350,-385,574,-74,94,652,-232,652,189,-6,-1,0
0,7,510,-611,306,-21,-355,-380,565,-94,116,654,-223,649,191,-1,-1,0
0,8,518,-613,308,-23,-357,-386,562,-96,118,646,-220,648,189,1,-1,0
0,9,518,-616,308,-24,-348,-388,572,-80,107,634,-229,653,190,3,-1,0
0,10,509,-615,302,-22,-345,-384,556,-95,109,631,-232,652,196,3,-1,0
0,11,507,-614,303,-22,-352,-383,568,-91,104,637,-228,647,194,2,-1,0
0,12,512,-612,305,-24,-353,-382,594,-53,94,634,-230,649,190,2,-1,0
0,13,512,-611,305,-23,-358,-385,575,-55,97,630,-232,652,192,-1,-1,0
0,14,511,-612,304,-21,-359,-388,578,-69,100,645,-228,650,192,-3,-1,0
0,15,508,-611,308,-23,-356,-388,583,-72,96,655,-230,649,191,0,-1,0
0,16,504,-609,312,-24,-356,-383,546,-107,100,650,-228,648,193,2,-1,0
0,17,509,-608,309,-25,-354,-382,530,-144,100,651,-222,649,191,4,-1,0
0,18,512,-611,313,-24,-347,-390,560,-117,97,656,-224,654,190,3,-1,0
0,19,514,-616,317,-21,-347,-394,585,-72,98,649,-231,653,193,1,-1,0
0,20,513,-614,307,-22,-353,-388,596,-79,97,647,-232,647,192,2,-1,0
0,21,509,-610,303,-23,-350,-386,583,-119,97,652,-227,647,188,1,-1,0
0,22,508,-613,310,-21,-349,-390,555,-125,97,649,-222,651,189,-5,-1,0
0,23,513,-613,309,-24,-358,-387,565,-90,97,647,-227,648,189,-8,-1,0
0,24,514,-606,305,-26,-355,-382,578,-89,97,648,-229,646,188,-1,-1,0
0,25,509,-610,306,-22,-349,-385,583,-101,97,648,-223,649,192,-2,-1,0
0,26,510,-617,310,-24,-351,-385,603,-62,97,648,-226,651,195,-4,-1,0
0,27,513,-611,316,-27,-354,-384,593,-55,97,648,-232,650,192,-3,-1,0
0,28,509,-611,311,-23,-350,-390,569,-114,97,648,-231,648,188,-4,-1,0
0,29,506,-615,303,-19,-349,-387,550,-151,97,648,-228,651,190,0,-1,0
0,30,510,-611,307,-22,-352,-382,544,-112,97,649,-221,651,192,1,-1,0
0,31,515,-608,307,-22,-356,-388,558,-58,97,647,-218,647,192,-4,-1,0
0,32,512,-611,304,-20,-357,-392,569,-72,97,649,-232,648,192,-1,-1,0
0,33,509,-613,309,-25,-353,-385,562,-122,97,654,-236,651,189,0,-1,0
0,34,515,-615,312,-31,-347,-381,562,-133,97,654,-231,650,189,-6,-1,0
0,35,517,-614,307,-33,-347,-383,579,-113,97,650,-232,646,192,-9,-1,0
0,36,511,-609,305,-26,-347,-386,573,-95,97,649,-231,647,193,-6,-1,0
0,37,509,-610,311,-22,-350,-387,559,-67,97,650,-230,653,193,0,-1,0
0,38,510,-613,312,-29,-351,-383,577,-61,97,650,-234,652,194,1,-1,0
0,39,509,-609,306,-29,-348,-380,594,-90,97,651,-232,651,192,0,-1,0
0,40,508,-608,297,-21,-349,-385,571,-100,97,651,-230,654,191,-5,-1,0
0,41,509,-615,296,-21,-351,-392,554,-89,97,651,-236,655,191,-4,-1,0
0,42,510,-616,305,-26,-348,-393,578,-82,97,651,-230,652,191,1,-1,0
0,43,511,-613,309,-24,-351,-388,579,-89,97,651,-221,650,191,-6,-1,0
0,44,510,-612,307,-22,-358,-383,557,-97,97,651,-226,649,192,-6,-1,0
0,45,509,-611,305,-24,-354,-384,575,-93,97,651,-224,649,193,9,-1,0
0,46,510,-612,308,-24,-349,-388,597,-87,97,651,-222,650,191,8,-1,0
0,47,514,-612,312,-23,-355,-382,580,-93,97,651,-227,652,191,-5,-1,0
0,48,511,-609,308,-22,-355,-380,561,-96,97,651,-226,651,192,0,-1,0
0,49,510,-607,307,-21,-344,-391,571,-84,97,651,-222,649,194,4,-1,0
0,50,515,-609,313,-22,-342,-393,557,-94,97,651,-231,649,194,-7,-1,0
0,51,515,-609,312,-23,-352,-384,530,-102,97,651,-237,648,193,-8,-1,0
0,52,510,-607,309,-24,-356,-380,557,-68,97,651,-225,648,191,1,-1,0
0,53,511,-611,310,-24,-353,-384,575,-55,97,651,-222,648,187,0,-1,0
0,54,509,-617,307,-26,-356,-385,547,-94,97,653,-229,646,188,-2,-1,0
1,55,506,-617,304,-30,-355,-384,544,-126,97,654,-229,652,191,-6,-1,0
1,56,509,-611,307,-31,-351,-385,561,-133,97,652,-225,656,194,-8,-1,0
1,57,511,-609,307,-24,-356,-387,566,-121,97,649,-227,652,192,2,-1,0
1,58,511,-613,305,-22,-358,-387,590,-95,97,649,-230,650,188,3,-1,0
1,59,512,-614,306,-23,-349,-384,595,-90,97,650,-232,654,190,-5,-1,0
1,60,513,-610,310,-23,-344,-385,567,-102,97,650,-228,656,190,-2,-1,0
1,61,511,-608,312,-25,-347,-387,567,-85,97,650,-225,652,189,0,-1,0
1,62,513,-608,311,-26,-353,-382,574,-75,97,649,-226,649,190,-2,-1,0
1,63,515,-609,309,-24,-358,-380,568,-91,97,652,-222,651,192,2,-1,0
1,64,510,-611,306,-24,-355,-385,590,-86,97,655,-219,652,192,1,0,0
1,65,509,-611,304,-21,-346,-386,608,-57,97,653,-229,652,190,-1,0,0
1,66,513,-611,300,-20,-351,-384,597,-54,95,648,-233,651,190,-2,0,0
1,67,512,-610,300,-23,-359,-384,593,-71,98,650,-226,649,189,-4,-1,0
1,68,510,-608,308,-21,-352,-385,599,-67,100,652,-228,648,190,-3,0,0
1,69,513,-609,311,-19,-349,-384,592,-58,93,650,-230,649,191,-3,-1,0
1,70,515,-614,310,-26,-355,-383,586,-64,102,651,-227,650,190,-3,-1,0
1,71,511,-615,309,-26,-355,-384,598,-63,127,654,-232,651,189,-4,0,0
1,72,510,-611,308,-19,-351,-385,600,-61,122,653,-234,650,190,-2,0,0
1,73,511,-608,304,-25,-351,-381,591,-61,95,652,-227,649,189,-1,0,0
1,74,505,-612,303,-29,-348,-385,594,-59,95,653,-225,650,188,0,0,0
1,75,507,-617,308,-23,-351,-393,600,-59,105,652,-226,651,192,1,0,0
1,76,510,-614,314,-22,-358,-392,602,-58,96,650,-220,649,191,-2,0,0
1,77,505,-607,312,-25,-354,-385,600,-60,91,649,-222,649,189,-5,0,0
1,78,505,-607,311,-21,-347,-382,599,-62,95,649,-227,653,194,-2,0,0
1,79,509,-613,312,-19,-349,-386,618,-60,95,650,-227,651,195,-1,0,0
1,80,510,-616,309,-23,-356,-386,622,-57,94,652,-225,652,192,1,-1,0
1,81,508,-614,308,-23,-358,-382,605,-52,94,651,-224,650,192,-1,-1,0
1,82,511,-611,307,-23,-356,-388,617,-45,93,651,-224,646,192,-1,-1,0
1,83,512,-609,306,-21,-356,-393,616,-52,96,651,-223,648,190,-1,-1,0
1,84,507,-609,304,-24,-359,-386,567,-68,94,651,-221,648,188,-5,-1,0
1,85,510,-613,305,-26,-356,-377,565,-64,92,651,-225,648,189,-9,-1,0
1,86,512,-611,305,-25,-348,-383,596,-68,104,652,-226,649,191,-4,-1,0
1,87,509,-611,305,-25,-347,-388,602,-78,114,649,-221,649,191,-1,-1,0
1,88,507,-617,307,-21,-353,-382,611,-66,103,652,-226,650,190,-2,-1,0
1,89,508,-618,308,-22,-354,-384,602,-66,94,654,-235,651,192,0,-1,0
1,90,511,-610,309,-24,-347,-393,595,-74,99,642,-231,649,192,-2,-1,0
1,91,512,-610,309,-22,-345,-390,614,-71,99,640,-230,649,190,-5,-1,0
1,92,510,-613,305,-23,-352,-386,607,-62,95,653,-230,652,192,-6,-1,0
1,93,507,-607,307,-27,-358,-391,589,-53,97,655,-226,649,192,-5,-1,0
1,94,506,-608,307,-27,-354,-389,596,-60,97,654,-229,643,188,-2,-1,0
1,95,509,-614,304,-22,-348,-383,574,-88,97,655,-229,646,190,-3,-1,0
1,96,512,-614,307,-24,-349,-386,545,-99,97,640,-220,651,194,-4,-1,0
1,97,509,-615,310,-25,-352,-387,578,-84,97,631,-217,652,192,0,-1,0
1,98,510,-615,306,-23,-349,-384,609,-85,97,639,-226,648,188,3,0,0
1,99,512,-612,302,-24,-348,-386,601,-92,97,634,-233,645,188,-7,-1,0
1,100,508,-613,306,-26,-353,-383,591,-97,97,633,-230,648,190,-14,-1,0
1,101,506,-616,307,-25,-355,-382,595,-93,97,651,-227,656,192,-3,0,0
1,102,512,-611,300,-27,-354,-389,597,-68,97,657,-232,654,192,4,-1,0
1,103,516,-612,301,-29,-352,-387,578,-67,97,650,-229,648,190,1,0,0
1,104,513,-614,310,-25,-351,-381,581,-80,97,650,-223,645,187,-1,-1,0
1,105,511,-606,307,-23,-352,-388,595,-67,97,652,-226,649,188,-2,-1,0
1,106,513,-604,304,-22,-354,-395,572,-39,97,650,-226,651,189,-4,-1,0
1,107,510,-613,309,-24,-354,-390,562,-30,97,649,-222,646,188,-3,-1,0
1,108,508,-611,306,-25,-357,-384,595,-59,97,650,-228,646,189,3,-1,0
1,109,511,-606,298,-23,-358,-385,615,-97,97,649,-230,653,192,4,-1,0
1,110,507,-609,297,-23,-349,-391,595,-103,96,649,-226,651,190,-2,-1,0
1,111,503,-609,302,-24,-346,-395,573,-101,98,650,-226,645,190,1,-1,0
1,112,508,-609,306,-22,-353,-388,578,-95,98,649,-230,646,191,4,-1,0
1,113,516,-611,308,-23,-350,-381,606,-70,92,649,-228,649,190,-3,-1,0
1,114,513,-611,306,-25,-346,-383,604,-77,105,651,-222,652,191,-5,-1,0
1,115,506,-611,304,-24,-351,-389,580,-90,117,650,-224,652,192,1,-1,0
1,116,511,-611,309,-23,-352,-391,597,-62,104,649,-228,649,191,3,-1,0
1,117,514,-611,311,-24,-350,-388,605,-66,92,653,-220,651,190,-3,-1,0
1,118,509,-608,305,-23,-349,-382,586,-109,99,655,-216,653,191,-3,-1,0
1,119,509,-605,303,-22,-348,-382,615,-93,102,652,-230,648,190,1,-1,0
1,120,512,-609,306,-26,-350,-391,636,-61,99,651,-234,646,189,-2,-1,0
1,121,511,-611,306,-27,-352,-393,579,-93,100,654,-224,653,191,-4,-1,-1
1,122,509,-612,305,-21,-349,-387,547,-110,98,651,-228,653,191,-2,-1,0
1,123,509,-610,308,-21,-348,-382,593,-94,99,641,-232,648,189,0,-1,0
1,124,512,-609,310,-26,-352,-381,599,-101,101,633,-226,648,190,-1,-1,0
1,125,514,-611,306,-24,-354,-382,555,-115,100,633,-226,648,193,-6,-1,0
1,126,511,-616,302,-18,-350,-383,568,-93,100,637,-229,650,191,-4,-1,0
1,127,507,-614,305,-20,-348,-386,591,-89,101,635,-224,652,189,-5,-1,0
1,128,508,-613,307,-25,-353,-385,568,-105,100,630,-223,649,189,-6,-1,0
1,0,508,-615,303,-21,-355,-384,572,-83,100,640,-225,650,190,2,-1,0
1,1,509,-613,303,-18,-354,-384,599,-78,100,657,-220,651,193,0,-1,0
1,2,509,-612,308,-21,-351,-384,597,-97,100,655,-225,652,194,-8,-1,0
1,3,510,-615,307,-22,-346,-382,593,-81,100,649,-233,653,191,-2,-1,0
1,4,509,-610,302,-22,-349,-381,604,-50,100,656,-221,650,190,-2,-1,0
1,5,510,-606,302,-22,-354,-382,602,-57,100,648,-215,649,193,-9,-1,0
1,6,510,-612,306,-24,-348,-385,592,-87,100,632,-225,649,191,-4,-1,0
1,7,512,-615,309,-25,-343,-384,568,-106,100,635,-228,649,190,3,-1,0
1,8,514,-611,310,-25,-348,-381,556,-106,100,638,-229,647,192,0,-1,0
1,9,507,-611,306,-24,-351,-389,590,-80,100,632,-232,646,192,-2,-1,0
1,10,502,-614,304,-23,-348,-395,601,-83,100,635,-229,649,189,-1,-1,0
1,11,506,-614,310,-24,-350,-388,565,-128,99,637,-232,652,193,-2,-1,0
1,12,506,-612,310,-23,-356,-382,550,-137,99,634,-234,652,196,-4,-1,0
1,13,505,-609,304,-23,-356,-387,574,-98,103,644,-225,647,193,-4,-1,0
1,14,505,-611,305,-23,-350,-386,597,-83,99,656,-226,644,192,-6,-1,0
1,15,509,-611,307,-26,-347,-380,609,-90,98,655,-231,648,195,-4,-1,0
1,16,511,-610,300,-27,-349,-382,612,-66,119,650,-222,652,192,-2,-1,0
1,17,510,-610,300,-22,-354,-387,589,-56,122,652,-222,648,188,0,-1,0
1,18,509,-609,307,-21,-356,-385,570,-76,97,653,-231,647,189,1,-1,0
1,19,508,-609,304,-25,-354,-384,571,-89,92,651,-230,650,193,-4,-1,0
1,20,509,-611,302,-23,-354,-383,563,-107,103,651,-226,651,193,-4,-1,0
1,21,509,-614,304,-20,-356,-383,563,-118,100,651,-227,648,194,1,-1,0
1,22,512,-614,303,-23,-349,-387,604,-91,96,651,-221,644,193,-3,-1,0
1,23,513,-613,305,-23,-344,-393,639,-59,102,651,-215,648,190,-8,-1,0
1,24,505,-611,309,-22,-350,-390,622,-66,98,651,-224,655,189,-9,-1,0
1,25,505,-611,306,-23,-348,-383,600,-88,95,651,-230,653,190,-7,-1,0
1,26,513,-613,302,-22,-343,-384,589,-96,112,651,-223,649,191,-3,-1,0
1,27,508,-612,304,-23,-348,-386,591,-84,120,651,-221,649,192,-1,-1,0
1,28,501,-609,308,-22,-351,-381,615,-61,102,651,-225,653,194,1,-1,0
1,29,508,-612,302,-21,-350,-382,604,-60,89,651,-222,653,190,1,-1,0
1,30,513,-613,300,-23,-353,-387,584,-68,98,651,-224,649,190,-2,-1,0
1,31,512,-609,311,-26,-352,-385,596,-68,99,651,-226,650,193,-4,-1,0
1,32,510,-610,312,-24,-350,-383,584,-75,93,651,-221,649,192,0,-1,0
1,33,506,-613,305,-24,-353,-390,560,-93,95,651,-219,644,191,2,-1,0
1,34,505,-611,306,-25,-356,-389,594,-97,96,651,-226,644,192,-2,-1,0
1,35,513,-611,311,-24,-358,-383,630,-81,95,651,-229,652,193,2,-1,0
1,36,514,-612,312,-24,-354,-383,613,-59,95,651,-226,651,192,2,-1,0
1,37,508,-611,308,-25,-352,-390,583,-58,95,651,-225,645,193,-6,-1,0
1,38,507,-612,307,-24,-354,-396,565,-86,95,652,-228,647,191,-3,-1,0
1,39,510,-615,311,-24,-355,-392,581,-85,95,652,-233,647,191,1,-1,0
1,40,512,-609,310,-24,-351,-385,605,-59,95,650,-228,646,193,-1,-1,0
1,41,512,-604,309,-25,-350,-382,600,-67,95,653,-228,650,191,-1,-1,0
1,42,509,-614,310,-25,-355,-385,602,-78,95,652,-233,652,189,-5,-1,0
1,43,510,-618,310,-24,-354,-388,630,-53,95,642,-227,650,189,-12,-1,0
1,44,510,-613,308,-20,-350,-389,634,-42,95,645,-222,649,190,-6,-1,0
1,45,512,-609,308,-19,-353,-383,603,-73,95,654,-228,646,190,-1,-1,0
1,46,514,-610,307,-21,-352,-381,594,-78,95,655,-228,644,191,-5,-1,0
1,47,511,-608,307,-25,-350,-385,619,-52,95,653,-224,646,192,-6,-1,0
1,48,512,-607,308,-30,-350,-383,631,-46,95,653,-225,648,193,-1,-1,0
1,49,514,-610,309,-27,-351,-383,600,-60,95,650,-220,651,193,3,-1,0
1,50,510,-609,307,-23,-352,-388,588,-69,95,648,-219,652,193,-4,-1,0
1,51,507,-603,306,-23,-354,-393,604,-80,95,650,-227,648,191,-5,-1,0
1,52,511,-606,304,-25,-355,-389,599,-84,95,649,-227,644,189,-2,-1,0
1,53,511,-612,308,-23,-348,-381,611,-69,95,651,-223,646,191,-3,-1,0
1,54,509,-608,308,-20,-343,-380,648,-60,95,652,-222,652,190,-7,-1,0
2,55,510,-608,300,-22,-351,-389,665,-60,95,651,-221,652,188,-6,-1,0
2,56,509,-613,300,-21,-356,-387,655,-53,95,652,-223,649,192,3,0,0
2,57,506,-612,308,-18,-353,-381,628,-67,95,652,-223,647,193,1,-1,0
2,58,510,-611,309,-18,-349,-383,599,-79,95,652,-223,648,190,-10,-1,0
2,59,516,-614,308,-23,-353,-387,596,-67,95,652,-229,650,190,-7,-1,0
2,60,512,-613,306,-24,-352,-386,602,-77,95,652,-231,650,190,-3,-1,0
2,61,511,-611,306,-21,-348,-381,590,-95,95,652,-226,649,191,-4,-1,0
2,62,516,-611,310,-20,-348,-379,592,-93,95,652,-222,649,195,-3,-1,0
2,63,511,-612,309,-22,-346,-382,613,-89,95,651,-224,650,195,-5,-1,0
2,64,504,-613,307,-22,-347,-386,600,-97,95,652,-225,653,194,-10,-1,0
2,65,506,-611,308,-21,-354,-386,587,-101,95,652,-223,650,193,-11,-1,0
2,66,511,-607,309,-22,-354,-383,622,-85,95,651,-226,649,194,-8,-1,0
2,67,511,-608,306,-24,-347,-381,632,-66,95,653,-227,653,192,-8,-1,0
2,68,510,-613,308,-24,-349,-384,603,-61,95,656,-225,648,188,-3,-1,0
2,69,508,-614,309,-24,-353,-385,606,-65,95,655,-229,642,189,2,-1,0
2,70,509,-613,305,-25,-351,-385,615,-61,95,652,-228,648,192,-2,-1,0
2,71,512,-610,309,-23,-353,-385,589,-56,95,650,-218,655,192,-4,-1,0
2,72,511,-610,310,-19,-352,-384,582,-64,95,653,-226,654,190,-3,-1,0
2,73,510,-613,304,-20,-348,-388,604,-81,95,650,-236,650,190,-2,-1,0
2,74,512,-614,307,-23,-347,-392,607,-94,95,639,-224,650,191,-3,-1,0
2,75,508,-611,310,-23,-349,-388,594,-94,95,630,-218,653,191,-3,-1,0
2,76,506,-608,306,-23,-355,-381,588,-101,95,634,-229,654,190,-4,-1,0
2,77,510,-609,305,-22,-356,-382,607,-105,95,647,-231,650,189,-1,-1,0
2,78,509,-610,309,-23,-353,-385,632,-79,95,653,-221,648,192,2,-1,0
2,79,513,-608,307,-23,-347,-383,627,-60,95,652,-222,652,192,-1,-1,0
2,80,517,-609,302,-21,-349,-383,625,-66,95,652,-235,651,189,-8,-1,0
2,81,512,-610,300,-21,-356,-384,625,-66,95,653,-232,647,190,-9,-1,0
2,82,509,-610,305,-25,-355,-384,600,-57,95,653,-220,649,194,-4,-1,0
2,83,509,-610,307,-26,-352,-386,586,-48,95,654,-223,650,193,-2,-1,0
2,84,508,-609,308,-24,-355,-386,596,-57,95,653,-229,648,193,2,-1,0
2,85,507,-610,309,-24,-358,-382,593,-89,95,650,-220,650,197,2,-1,0
2,86,510,-615,308,-24,-355,-382,602,-102,95,652,-217,653,194,-6,-1,0
2,87,511,-615,305,-23,-353,-385,625,-92,95,652,-228,650,188,-7,-1,0
2,88,510,-612,304,-22,-357,-384,612,-95,95,651,-232,646,193,-2,-1,0
2,89,513,-614,303,-20,-357,-379,600,-87,95,651,-227,649,196,-3,-1,0
2,90,510,-616,300,-21,-353,-380,625,-60,95,650,-226,652,191,-7,-1,0
2,91,509,-615,301,-25,-352,-391,626,-62,95,650,-223,649,192,-5,-1,0
2,92,515,-613,310,-22,-351,-392,592,-92,95,650,-216,651,195,2,-1,0
2,93,514,-611,308,-21,-351,-383,586,-102,95,649,-216,651,193,-1,-1,0
2,94,508,-610,303,-30,-352,-386,610,-79,95,650,-225,647,190,-3,-1,0
2,95,509,-610,310,-35,-354,-390,603,-73,95,650,-230,649,194,2,-1,0
2,96,510,-612,315,-28,-354,-386,591,-82,95,648,-231,653,195,-1,-1,0
2,97,506,-611,310,-20,-350,-380,629,-61,95,651,-227,653,191,-4,-1,0
2,98,509,-609,307,-23,-350,-382,667,-42,95,654,-223,648,188,-4,-1,0
2,99,511,-613,310,-24,-354,-388,659,-49,95,652,-224,647,190,-4,-1,0
2,100,509,-617,309,-20,-353,-390,620,-76,95,652,-230,650,190,-4,-1,0
2,101,512,-616,306,-23,-355,-386,579,-97,95,653,-232,650,190,-2,-1,0
2,102,514,-612,307,-25,-358,-383,575,-87,95,650,-226,650,193,0,-1,0
2,103,509,-611,306,-21,-354,-385,598,-73,95,648,-227,649,190,-2,-1,0
2,104,508,-611,304,-20,-349,-385,594,-94,95,651,-230,649,188,-5,-1,0
2,105,512,-613,307,-23,-352,-384,586,-102,95,653,-225,649,193,-6,-1,0
2,106,511,-611,310,-20,-357,-386,600,-87,95,654,-220,649,195,-3,-1,0
2,107,509,-608,309,-22,-353,-386,589,-107,95,653,-224,650,190,0,-1,0
2,108,510,-608,307,-27,-354,-387,596,-96,95,651,-227,648,188,-2,-1,0
2,109,509,-613,306,-23,-362,-385,634,-59,95,651,-224,646,193,-7,-1,0
2,110,508,-613,305,-20,-359,-381,626,-75,95,652,-221,649,196,-7,-1,0
2,111,510,-611,305,-25,-352,-384,605,-71,95,651,-226,649,188,-3,-1,0
2,112,510,-615,304,-24,-353,-387,635,-21,95,651,-229,651,186,-1,-1,0
2,113,509,-613,305,-20,-356,-383,643,-36,95,651,-226,651,193,-2,-1,0
2,114,513,-609,308,-24,-352,-386,582,-103,95,651,-227,646,194,-3,-1,0
2,115,514,-612,308,-26,-351,-393,565,-110,95,651,-225,647,191,-3,-1,0
2,116,507,-615,308,-24,-350,-390,614,-77,95,652,-224,653,188,-7,-1,0
2,117,508,-609,307,-23,-347,-386,623,-76,95,651,-228,648,191,-7,-1,0
2,118,512,-606,306,-23,-349,-389,616,-73,95,650,-225,643,192,-2,-1,0
2,119,508,-611,308,-23,-353,-385,646,-45,95,648,-219,648,190,-3,-1,0
2,120,507,-612,311,-21,-352,-380,635,-65,95,651,-225,651,190,-1,-1,0
2,121,511,-611,311,-20,-352,-385,586,-102,95,654,-230,647,190,-1,-1,0
2,122,513,-614,309,-21,-353,-384,615,-42,95,652,-223,647,191,-6,-1,0
2,123,510,-615,308,-22,-352,-380,675,25,95,649,-218,647,188,-5,-1,0
2,124,507,-610,308,-20,-348,-385,653,-38,95,649,-224,643,184,-5,-1,0
2,125,508,-609,312,-21,-347,-390,608,-85,95,650,-229,646,188,-8,-1,0
2,126,507,-615,310,-29,-350,-387,617,-28,95,649,-223,653,193,-5,-1,0
2,127,509,-613,305,-30,-355,-381,631,-31,95,649,-222,650,189,-4,-1,0
2,128,513,-607,305,-20,-350,-380,622,-89,95,650,-228,648,187,-4,-1,0
2,0,507,-614,307,-20,-344,-387,635,-83,95,649,-221,651,191,2,-1,0
2,1,503,-617,308,-26,-349,-390,659,-54,95,650,-221,651,189,2,-1,0
2,2,507,-609,304,-25,-358,-383,646,-50,95,653,-236,647,190,-8,-1,0
2,3,509,-608,303,-22,-357,-386,621,-35,95,653,-233,647,191,-6,-1,0
2,4,510,-613,307,-21,-349,-396,627,-31,95,652,-229,650,188,4,-1,0
2,5,508,-612,308,-22,-349,-388,633,-59,95,651,-235,650,193,2,-1,0
2,6,505,-606,307,-25,-351,-375,617,-62,95,651,-231,650,196,-3,-1,0
2,7,508,-608,310,-26,-350,-380,617,-35,95,653,-227,651,192,-4,-1,0
2,8,510,-615,312,-23,-350,-386,636,-23,95,655,-235,649,191,-5,-1,0
2,9,507,-616,306,-24,-349,-383,638,-58,95,653,-231,649,193,-2,-1,0
2,10,509,-612,303,-28,-352,-383,621,-96,95,653,-220,651,187,-3,-1,0
2,11,512,-613,309,-25,-356,-383,621,-63,95,654,-226,652,188,-8,-1,0
2,12,510,-613,307,-20,-353,-380,653,-15,95,653,-228,651,196,-4,-1,0
2,13,508,-608,301,-21,-350,-378,662,-24,95,652,-222,650,195,-1,-1,0
2,14,508,-605,308,-22,-354,-381,626,-48,95,653,-219,652,190,-1,-1,0
2,15,508,-612,311,-21,-357,-384,616,-34,95,652,-224,652,190,1,-1,0
2,16,510,-616,304,-24,-354,-382,646,-15,95,651,-229,647,192,4,-1,0
2,17,511,-614,305,-23,-350,-380,659,-8,95,652,-224,644,193,1,-1,0
2,18,508,-611,308,-21,-347,-386,660,7,94,653,-223,644,195,-6,-1,0
2,19,509,-610,307,-24,-346,-393,664,-4,97,651,-227,646,195,-2,-1,0
2,20,508,-609,308,-23,-351,-389,653,-30,95,648,-225,648,193,-1,-1,0
2,21,505,-611,306,-20,-358,-385,652,-31,91,651,-221,647,192,-7,-1,0
2,22,507,-612,306,-22,-355,-387,670,-31,107,652,-223,645,191,-5,0,0
2,23,510,-610,307,-24,-348,-385,653,-50,116,651,-222,647,189,-2,-1,0
2,24,511,-608,308,-24,-348,-378,633,-46,99,651,-222,650,190,-2,0,0
2,25,510,-610,308,-25,-351,-382,647,-25,91,654,-233,646,190,-4,-1,0
2,26,513,-613,308,-23,-355,-386,646,-25,99,652,-236,640,189,-7,0,0
2,27,516,-612,305,-20,-357,-378,630,-27,99,653,-226,646,189,-6,0,0
2,28,511,-610,305,-25,-351,-378,623,-46,96,654,-224,652,189,-3,0,0
2,29,509,-608,310,-27,-345,-386,625,-62,99,645,-228,651,191,2,-1,0
2,30,512,-608,308,-22,-349,-388,649,-20,97,646,-226,646,191,4,-1,0
2,31,510,-612,303,-21,-355,-383,677,9,97,650,-224,645,188,-4,-1,0
2,32,508,-616,304,-24,-356,-379,655,-26,97,638,-226,651,190,-7,-1,0
2,33,511,-614,308,-27,-352,-381,625,-42,97,629,-224,653,193,-5,-1,0
2,34,510,-609,305,-26,-351,-386,636,-42,97,634,-224,650,192,-5,-1,0
2,35,506,-611,304,-20,-356,-386,619,-83,97,635,-227,648,188,-5,-1,0
2,36,507,-616,308,-19,-352,-384,602,-91,97,632,-222,644,187,-7,-1,0
2,37,513,-614,309,-22,-342,-389,624,-56,97,636,-224,646,190,-8,-1,0
2,38,516,-609,304,-21,-351,-391,634,-58,97,636,-237,651,191,-2,-1,0
2,39,513,-608,308,-25,-359,-384,628,-67,97,631,-234,649,190,1,-1,0
2,40,510,-608,312,-28,-349,-378,617,-59,97,638,-226,647,190,-8,-1,0
2,41,508,-611,306,-21,-348,-383,598,-64,97,653,-226,650,190,-14,-1,0
2,42,510,-614,305,-20,-357,-390,603,-73,97,653,-229,650,190,-6,-1,0
2,43,506,-612,308,-24,-355,-385,634,-66,97,647,-233,651,190,-1,-1,0
2,44,504,-607,306,-23,-353,-380,641,-38,97,651,-231,653,190,-4,-1,0
2,45,511,-607,306,-21,-359,-383,628,-18,97,652,-222,651,190,-3,-1,0
2,46,512,-612,306,-24,-352,-389,597,-60,97,648,-220,649,190,-2,-1,0
2,47,508,-614,305,-24,-345,-386,577,-96,97,651,-227,648,188,-2,-1,0
2,48,505,-609,307,-24,-352,-384,608,-71,97,653,-230,648,190,-2,-1,0
2,49,508,-606,307,-24,-353,-387,624,-61,97,651,-229,649,194,-1,-1,0
2,50,512,-610,305,-19,-347,-386,597,-78,97,652,-228,651,194,0,-1,0
2,51,508,-611,304,-19,-349,-385,584,-70,97,651,-229,649,193,-5,-1,0
2,52,503,-609,308,-23,-351,-383,592,-59,97,649,-228,650,190,-8,-1,0
2,53,505,-610,314,-24,-350,-384,619,-58,97,652,-221,653,189,-3,-1,0
2,54,508,-610,310,-24,-351,-385,633,-55,97,654,-222,650,191,-1,0,0
3,55,511,-607,306,-22,-350,-386,607,-66,97,651,-227,651,192,-4,-1,0
3,56,512,-606,309,-24,-351,-386,605,-68,97,649,-225,652,193,-6,0,0
3,57,510,-610,313,-28,-351,-391,620,-58,97,649,-222,646,192,-5,-1,0
3,58,509,-610,312,-29,-350,-391,573,-78,97,652,-227,649,193,-6,-1,0
3,59,511,-610,310,-26,-355,-384,543,-106,97,653,-228,655,197,-10,0,0
3,60,513,-613,309,-23,-352,-383,583,-102,97,650,-228,653,194,-5,0,0
3,61,511,-613,306,-24,-348,-386,606,-82,97,649,-230,649,188,-4,0,0
3,62,511,-610,309,-23,-357,-384,587,-77,96,651,-219,650,190,-7,-1,0
3,63,511,-610,309,-22,-358,-378,584,-74,99,652,-214,654,192,-7,0,0
3,64,508,-612,304,-24,-351,-383,619,-58,96,651,-228,652,189,-5,-1,0
3,65,507,-609,304,-28,-356,-393,634,-70,94,651,-230,646,190,-4,-1,0
3,66,510,-609,305,-28,-357,-390,602,-96,108,651,-219,644,193,-4,-1,0
3,67,507,-612,306,-22,-351,-379,605,-72,112,651,-221,650,189,-4,-1,0
3,68,504,-610,310,-21,-354,-382,636,-40,99,651,-229,653,192,-5,-1,0
3,69,507,-610,309,-24,-355,-384,595,-71,93,651,-229,645,197,-5,-1,0
3,70,509,-611,307,-22,-352,-380,560,-91,97,651,-227,645,192,-2,-1,0
3,71,508,-610,309,-20,-355,-384,605,-60,103,651,-226,651,190,1,-1,0
3,72,506,-612,309,-23,-353,-385,621,-63,105,651,-226,652,195,-3,-1,0
3,73,507,-613,308,-22,-353,-380,585,-113,101,653,-223,650,197,-6,-1,0
3,74,508,-614,310,-21,-356,-386,582,-128,97,654,-220,650,191,-5,0,0
3,75,508,-615,308,-24,-350,-385,595,-89,100,651,-224,651,190,-3,-1,0
3,76,506,-612,303,-27,-345,-377,598,-51,99,652,-229,647,191,-3,0,0
3,77,506,-610,304,-27,-347,-387,597,-63,97,653,-227,648,190,-7,0,0
3,78,509,-615,308,-25,-348,-392,588,-92,99,644,-221,648,190,-8,0,0
3,79,507,-615,304,-25,-350,-384,589,-91,100,631,-218,647,191,-7,0,0
3,80,510,-610,305,-24,-353,-386,595,-88,98,632,-221,649,190,-1,0,0
3,81,510,-609,306,-22,-350,-386,578,-80,97,646,-225,647,188,6,0,0
3,82,505,-610,300,-22,-352,-385,565,-66,97,656,-227,645,189,0,0,0
3,83,508,-607,304,-23,-357,-392,570,-84,97,658,-227,647,191,-8,0,0
3,84,513,-608,309,-24,-355,-390,597,-93,97,659,-229,646,189,-4,0,0
3,85,511,-609,307,-25,-352,-379,620,-69,97,658,-229,644,188,-1,0,0
3,86,508,-608,307,-26,-348,-382,597,-81,97,651,-225,650,190,-7,-1,0
3,87,510,-612,307,-24,-350,-388,572,-107,97,647,-221,652,190,-8,-1,0
3,88,513,-614,305,-22,-354,-384,587,-80,97,650,-224,649,191,0,-1,0
3,89,512,-613,307,-21,-353,-384,601,-47,97,653,-225,650,192,-1,-1,0
3,90,513,-615,308,-21,-354,-388,597,-60,97,652,-220,651,189,-8,-1,0
3,91,512,-613,307,-23,-354,-383,586,-92,97,654,-221,649,189,-5,-1,0
3,92,509,-611,311,-22,-350,-383,575,-89,97,654,-224,644,196,-2,-1,0
3,93,513,-611,311,-22,-347,-392,581,-69,97,642,-223,646,193,-6,-1,0
3,94,514,-611,308,-25,-350,-389,594,-79,97,632,-221,653,187,-3,-1,0
3,95,507,-612,308,-28,-354,-379,598,-90,97,637,-224,648,189,2,-1,0
3,96,506,-612,308,-24,-357,-379,616,-72,97,638,-230,642,192,-3,-1,-1
3,97,512,-611,308,-20,-353,-386,636,-38,97,631,-227,644,194,-12,-1,0
3,98,511,-613,308,-22,-346,-387,632,-22,97,634,-224,649,193,-8,-1,-1
3,99,506,-616,301,-27,-347,-381,609,-58,97,637,-230,652,192,-2,-1,-1
3,100,507,-610,300,-26,-348,-385,561,-113,97,633,-224,652,194,-4,-1,-1
3,101,508,-609,310,-20,-350,-391,558,-91,97,642,-215,650,194,-3,-1,0
3,102,508,-614,309,-22,-352,-388,603,-46,97,655,-221,646,189,-3,-1,0
3,103,512,-610,304,-25,-349,-384,583,-84,97,653,-227,647,188,-3,-1,0
3,104,513,-606,309,-19,-348,-382,562,-97,97,647,-223,647,192,-2,-1,0
3,105,511,-611,308,-23,-350,-386,609,-54,97,649,-226,644,192,-5,-1,0
3,106,515,-614,304,-31,-348,-393,615,-73,97,651,-228,646,193,-6,-1,0
3,107,512,-612,307,-26,-350,-390,586,-110,97,649,-224,648,191,-5,-1,0
3,108,508,-610,307,-23,-358,-379,613,-78,97,650,-222,647,188,-3,-1,0
3,109,513,-611,307,-30,-355,-380,643,-53,97,650,-224,647,190,-4,-1,0
3,110,511,-614,306,-30,-352,-384,628,-66,97,650,-228,649,191,-6,-1,0
3,111,509,-610,305,-22,-357,-378,625,-54,97,650,-226,647,189,-3,-1,0
3,112,512,-609,308,-21,-359,-380,628,-49,97,650,-219,646,187,-2,-1,0
3,113,509,-615,311,-26,-355,-388,617,-71,97,650,-221,647,189,-7,-1,0
3,114,507,-614,308,-29,-351,-388,620,-55,97,650,-229,650,192,-8,-1,0
3,115,511,-610,304,-24,-352,-386,642,-31,97,650,-233,650,193,-5,-1,0
3,116,513,-613,306,-17,-354,-383,647,-54,97,650,-230,648,194,-3,-1,0
3,117,509,-616,307,-22,-352,-383,645,-74,97,650,-223,648,192,-3,0,0
3,118,510,-613,308,-28,-352,-386,650,-63,97,650,-218,650,189,-2,-1,0
3,119,512,-610,308,-21,-352,-387,641,-64,97,650,-223,650,191,-2,-1,0
3,120,510,-610,303,-21,-351,-384,639,-60,97,650,-229,648,193,-4,0,0
3,121,509,-612,304,-33,-347,-382,670,-20,97,650,-228,648,191,-3,-1,0
3,122,510,-614,307,-36,-348,-381,669,-16,97,650,-223,649,188,-3,-1,0
3,123,509,-612,308,-27,-355,-386,623,-59,97,650,-224,648,191,-7,-1,0
3,124,507,-610,307,-22,-359,-390,616,-62,97,650,-227,649,194,-4,-1,0
3,125,509,-612,304,-23,-358,-384,637,-52,96,650,-222,650,190,-6,-1,0
3,126,514,-613,302,-20,-347,-386,627,-86,96,650,-219,651,189,-10,-1,0
3,127,514,-612,302,-23,-341,-393,616,-103,100,651,-233,647,192,-5,-1,0
3,128,510,-612,300,-32,-350,-388,643,-65,96,649,-237,643,192,-2,-1,0
3,0,510,-613,306,-29,-358,-382,664,-45,94,649,-228,648,191,-6,-1,0
3,1,510,-611,310,-22,-354,-385,644,-58,114,653,-231,648,192,-7,-1,0
3,2,508,-607,304,-24,-345,-385,616,-63,120,649,-236,643,193,-7,0,0
3,3,509,-608,308,-24,-346,-382,620,-48,99,642,-227,649,192,-5,0,0
3,4,508,-612,313,-25,-349,-386,655,-19,92,648,-222,654,190,-7,0,0
3,5,507,-611,306,-35,-348,-391,648,-26,101,657,-225,651,192,-7,0,0
3,6,510,-609,302,-32,-353,-392,593,-81,98,654,-221,647,190,-5,0,0
3,7,510,-609,305,-18,-358,-385,593,-95,98,649,-222,647,187,-2,0,0
3,8,508,-606,308,-21,-353,-380,648,-63,105,652,-230,648,192,-4,0,0
3,9,508,-608,307,-29,-350,-384,665,-55,103,655,-227,650,196,-6,-1,0
3,10,510,-613,305,-23,-353,-386,655,-53,103,655,-214,649,195,0,-1,0
3,11,509,-611,304,-19,-351,-383,667,-29,104,650,-216,646,192,2,-1,0
3,12,507,-609,309,-29,-352,-384,667,-28,103,647,-230,646,192,-6,-1,0
3,13,509,-612,310,-30,-354,-389,657,-50,103,650,-229,648,190,-9,-1,0
3,14,510,-613,302,-21,-353,-386,654,-60,103,653,-225,646,189,-4,-1,0
3,15,511,-610,303,-21,-353,-380,639,-60,103,652,-227,646,191,-2,-1,0
3,16,511,-610,306,-31,-354,-379,624,-48,103,650,-228,648,192,-7,-1,0
3,17,507,-613,301,-30,-347,-382,637,-43,103,650,-227,647,190,-6,-1,0
3,18,505,-612,303,-20,-343,-385,660,-58,103,652,-226,647,191,-1,-1,0
3,19,508,-611,312,-24,-349,-389,669,-57,103,653,-221,649,191,-5,-1,0
3,20,512,-611,308,-31,-351,-387,662,-50,103,650,-221,650,190,-5,-1,0
3,21,508,-610,302,-26,-351,-382,650,-66,103,647,-232,649,193,3,-1,0
3,22,503,-610,307,-20,-353,-387,658,-62,103,649,-237,648,195,0,-1,0
3,23,507,-614,311,-22,-351,-391,665,-30,103,652,-229,650,192,-3,-1,0
3,24,514,-613,307,-26,-350,-386,660,-20,103,652,-221,647,190,-3,-1,0
3,25,509,-609,305,-24,-347,-380,665,-31,103,652,-221,644,190,-3,-1,0
3,26,503,-609,307,-22,-344,-382,626,-86,103,654,-226,650,192,-6,-1,0
3,27,505,-611,304,-26,-348,-385,577,-123,103,655,-227,650,196,-9,-1,0
3,28,510,-610,302,-24,-354,-382,628,-52,103,653,-228,644,194,-6,-1,0
3,29,510,-611,305,-20,-352,-385,688,2,103,652,-230,646,190,-2,0,0
3,30,511,-613,308,-22,-346,-389,663,-53,103,652,-227,653,191,-3,-1,0
3,31,514,-610,310,-22,-347,-386,649,-78,103,650,-229,650,192,-4,-1,0
3,32,511,-612,311,-21,-354,-384,657,-62,103,649,-234,640,193,-6,0,0
3,33,508,-614,310,-30,-358,-381,666,-55,103,651,-229,643,193,-7,-1,0
3,34,508,-611,307,-33,-354,-381,682,-37,103,652,-226,648,192,-5,0,0
3,35,509,-611,308,-23,-348,-386,650,-61,103,650,-229,646,192,-7,-1,0
3,36,508,-614,311,-17,-348,-386,631,-89,103,653,-228,646,193,-8,-1,0
3,37,509,-614,308,-24,-353,-381,654,-66,103,655,-230,648,192,-5,0,0
3,38,512,-615,306,-32,-355,-382,625,-70,103,654,-229,649,193,-2,-1,0
3,39,511,-616,309,-38,-348,-385,593,-92,103,653,-224,655,193,-3,0,0
3,40,509,-613,306,-33,-349,-386,635,-62,103,653,-227,653,191,-6,0,0
3,41,512,-612,307,-23,-357,-383,655,-58,103,651,-230,648,191,-4,0,0
3,42,511,-612,311,-20,-357,-383,644,-93,102,648,-229,652,193,-7,0,0
3,43,509,-609,309,-23,-355,-384,656,-75,103,651,-230,647,190,-9,0,0
3,44,512,-609,307,-25,-353,-381,642,-46,106,652,-226,642,189,-4,0,0
3,45,512,-611,310,-24,-352,-379,619,-57,100,651,-221,648,192,-4,0,0
3,46,510,-610,310,-22,-355,-381,618,-85,104,651,-228,652,194,-5,0,0
3,47,511,-613,308,-19,-358,-383,627,-90,119,652,-233,648,193,-7,0,0
3,48,512,-616,311,-21,-350,-386,622,-95,112,652,-228,647,188,-8,0,0
3,49,507,-613,313,-26,-343,-386,608,-107,94,651,-231,650,192,-5,0,0
3,50,506,-611,308,-24,-346,-386,616,-98,97,651,-233,649,201,-3,0,0
3,51,516,-614,305,-19,-351,-386,631,-87,103,652,-228,649,196,-2,0,0
3,52,515,-613,307,-21,-352,-384,637,-84,99,652,-229,645,189,-5,0,0
3,53,506,-613,310,-27,-347,-382,656,-74,100,649,-232,641,197,-9,0,0
3,54,509,-613,308,-26,-344,-384,677,-45,100,649,-225,643,201,-9,0,0
4,55,512,-610,300,-25,-350,-383,653,-29,97,653,-220,643,193,-7,0,0
4,56,509,-607,303,-24,-352,-380,619,-56,100,652,-226,646,191,-5,0,0
4,57,509,-611,308,-19,-347,-384,620,-92,101,651,-232,648,194,-6,-1,0
4,58,509,-617,305,-21,-353,-385,622,-81,100,654,-231,645,193,-5,-1,0
4,59,507,-613,306,-24,-359,-385,628,-49,100,652,-225,647,190,2,-1,0
4,60,508,-611,306,-23,-353,-386,637,-64,101,648,-219,650,189,0,-1,0
4,61,509,-615,306,-20,-351,-382,634,-87,100,651,-224,646,193,-8,0,0
4,62,508,-612,309,-22,-352,-377,639,-70,101,652,-229,644,195,-6,0,0
4,63,508,-608,304,-26,-351,-386,663,-49,101,651,-229,648,193,-1,-1,0
4,64,509,-612,303,-25,-348,-394,664,-55,99,651,-225,649,191,-4,-1,0
4,65,508,-616,312,-21,-347,-389,651,-48,97,651,-219,646,190,-7,-1,0
4,66,512,-609,311,-20,-351,-381,656,-36,97,651,-224,648,191,-4,-1,0
4,67,517,-606,301,-20,-353,-382,656,-43,97,651,-229,651,195,-3,-1,0
4,68,512,-611,302,-22,-349,-387,650,-41,96,651,-228,648,194,-7,-1,0
4,69,506,-612,309,-21,-346,-383,653,-45,97,652,-225,646,191,-7,-1,0
4,70,510,-610,309,-20,-350,-380,660,-60,99,652,-222,649,194,-6,-1,0
4,71,511,-608,305,-24,-355,-390,654,-52,93,650,-220,652,198,-7,-1,0
4,72,507,-608,305,-26,-352,-395,624,-69,100,652,-222,648,194,-4,-1,0
4,73,508,-612,306,-23,-352,-388,613,-93,116,654,-222,644,191,-1,-1,0
4,74,511,-612,308,-23,-358,-383,655,-44,113,641,-222,646,192,-1,-1,0
4,75,510,-609,304,-25,-354,-385,674,-12,108,631,-226,646,191,-4,0,0
4,76,508,-613,303,-23,-352,-382,637,-60,109,634,-227,643,189,-3,-1,0
4,77,508,-615,308,-22,-356,-382,625,-72,100,639,-229,643,189,-1,0,0
4,78,507,-611,306,-24,-356,-384,639,-61,93,635,-231,647,191,-5,0,0
4,79,505,-610,305,-23,-355,-382,624,-84,99,634,-228,647,191,-6,-1,0
4,80,505,-610,312,-26,-358,-381,625,-65,99,643,-230,644,190,-3,0,0
4,81,507,-612,312,-28,-360,-384,652,-18,95,654,-232,645,189,-3,0,0
4,82,510,-616,308,-22,-357,-387,647,-17,99,656,-226,651,190,-2,0,0
4,83,508,-616,310,-18,-349,-386,620,-35,97,653,-224,650,189,-3,-1,0
4,84,508,-610,310,-22,-343,-381,630,-45,97,653,-229,642,188,-6,0,0
4,85,509,-608,307,-26,-350,-383,655,-54,97,653,-228,644,190,-5,-1,0
4,86,512,-614,306,-28,-358,-385,657,-69,97,651,-228,646,192,-3,-1,0
4,87,516,-615,307,-25,-353,-381,658,-67,97,652,-229,646,191,-3,-1,0
4,88,512,-612,307,-17,-354,-381,667,-47,97,652,-226,646,191,-8,-1,0
4,89,508,-609,309,-19,-359,-389,661,-48,97,651,-225,648,192,-8,0,0
4,90,510,-609,313,-27,-355,-386,653,-58,97,651,-222,647,191,-1,-1,0
4,91,510,-613,308,-25,-348,-383,657,-37,97,651,-223,642,189,-3,0,0
4,92,506,-611,304,-22,-349,-388,658,-22,97,651,-225,647,191,-7,-1,0
4,93,507,-608,307,-27,-355,-389,645,-34,97,651,-225,651,195,-3,-1,0
4,94,509,-608,307,-29,-351,-382,662,-23,97,651,-224,647,192,-1,-1,0
4,95,505,-609,303,-24,-344,-380,692,-5,97,651,-224,643,190,-3,-1,0
4,96,504,-612,305,-20,-348,-383,671,-36,97,651,-225,644,193,-6,-1,0
4,97,510,-615,309,-19,-353,-381,639,-54,97,651,-223,646,191,-7,-1,0
4,98,513,-615,309,-22,-351,-379,663,-29,97,651,-221,646,190,-3,-1,0
4,99,508,-612,307,-24,-352,-383,669,-20,96,651,-225,645,192,0,-1,0
4,100,509,-611,309,-21,-353,-387,631,-41,98,651,-226,644,192,-2,0,0
4,101,511,-611,313,-22,-351,-387,646,-35,97,651,-224,646,189,-3,-1,0
4,102,508,-610,312,-26,-353,-384,671,-23,94,651,-225,649,191,-1,0,0
4,103,506,-611,304,-23,-350,-383,630,-50,104,652,-226,652,192,-2,-1,0
4,104,506,-612,305,-21,-343,-384,620,-61,111,654,-223,649,191,-6,0,0
4,105,507,-614,308,-23,-346,-383,659,-37,102,654,-221,648,190,-5,-1,0
4,106,509,-612,298,-28,-351,-385,662,-33,96,651,-221,651,190,-7,-1,0
4,107,514,-607,302,-26,-351,-388,648,-41,99,651,-222,647,192,-10,-1,0
4,108,514,-605,313,-18,-353,-387,661,-28,98,652,-222,642,191,-8,-1,0
4,109,508,-610,308,-22,-356,-381,658,-26,95,651,-221,645,194,-4,-1,0
4,110,507,-615,305,-29,-357,-377,631,-56,99,650,-225,648,194,-4,-1,0
4,111,509,-614,309,-25,-359,-381,619,-71,100,649,-225,644,185,-8,-1,0
4,112,506,-609,307,-21,-355,-390,623,-67,94,650,-222,643,184,-5,-1,0
4,113,505,-608,310,-26,-347,-393,623,-68,105,653,-227,648,194,1,-1,0
4,114,509,-611,314,-26,-351,-387,625,-52,122,652,-230,650,193,-4,-1,0
4,115,513,-610,310,-22,-356,-382,637,-29,109,650,-225,649,188,-6,-1,0
4,116,511,-608,307,-21,-353,-384,635,-55,90,652,-222,648,195,-1,-1,0
4,117,511,-609,312,-21,-346,-385,627,-88,97,652,-225,648,198,-2,-1,0
4,118,513,-611,310,-21,-347,-386,632,-70,102,650,-226,646,193,-5,-1,0
4,119,510,-613,305,-22,-350,-384,632,-56,96,650,-226,643,191,-6,-1,0
4,120,508,-610,304,-23,-348,-379,627,-68,98,652,-226,644,192,-6,-1,0
4,121,511,-610,303,-23,-347,-381,637,-55,99,651,-230,651,191,-7,-1,0
4,122,510,-616,306,-21,-354,-383,632,-44,96,651,-230,651,190,-4,-1,0
4,123,509,-613,310,-21,-356,-381,594,-79,97,652,-229,648,190,-3,-1,0
4,124,509,-610,306,-23,-352,-383,595,-96,97,651,-232,646,189,-5,-1,0
4,125,506,-616,305,-22,-354,-382,638,-55,97,651,-226,642,191,3,-1,0
4,126,506,-615,314,-23,-354,-379,638,-45,97,651,-221,642,196,8,0,0
4,127,510,-610,312,-23,-351,-391,608,-87,97,651,-227,646,196,-3,0,0
4,128,507,-609,304,-22,-355,-394,623,-78,97,651,-229,651,192,-8,0,0
4,0,507,-610,305,-22,-357,-383,636,-60,97,651,-222,648,192,-5,-1,0
4,1,514,-609,310,-24,-356,-383,624,-83,97,651,-225,644,190,-3,0,0
4,2,515,-609,308,-25,-358,-384,638,-65,97,651,-230,647,191,-1,-1,0
4,3,509,-607,304,-24,-355,-381,638,-35,97,651,-227,648,195,-5,0,0
4,4,511,-608,306,-24,-344,-383,610,-58,97,651,-227,648,194,-5,-1,0
4,5,510,-609,306,-23,-348,-385,621,-73,97,652,-229,644,194,1,-1,0
4,6,508,-607,307,-23,-356,-379,641,-62,97,651,-227,643,194,1,-1,0
4,7,509,-607,311,-24,-354,-377,633,-58,97,650,-222,652,190,-2,-1,0
4,8,506,-613,308,-24,-349,-383,636,-56,97,649,-221,651,191,-7,-1,0
4,9,506,-615,306,-23,-349,-382,639,-80,97,649,-220,641,195,-10,-1,0
4,10,510,-612,307,-23,-350,-379,625,-102,97,650,-219,644,191,-6,-1,0
4,11,506,-610,308,-23,-345,-391,628,-75,97,649,-223,651,188,-1,-1,0
4,12,504,-609,305,-24,-347,-391,634,-55,97,650,-230,647,194,-1,-1,0
4,13,511,-611,302,-26,-353,-384,628,-67,97,651,-234,645,194,-6,-1,0
4,14,512,-613,308,-25,-351,-388,626,-72,97,652,-230,652,194,-4,-1,0
4,15,506,-608,309,-25,-347,-390,626,-80,97,652,-223,652,192,0,-1,0
4,16,506,-602,304,-24,-354,-387,615,-89,97,650,-224,649,185,-1,-1,0
4,17,510,-605,307,-18,-356,-391,619,-76,97,652,-230,651,188,-5,-1,0
4,18,510,-614,312,-18,-353,-387,652,-61,97,653,-230,648,192,-5,-1,0
4,19,509,-616,309,-26,-357,-376,663,-58,97,649,-227,645,193,3,0,0
4,20,511,-612,306,-25,-355,-379,633,-64,98,649,-225,643,194,4,0,0
4,21,509,-608,306,-22,-350,-383,625,-63,99,652,-225,643,192,2,0,0
4,22,509,-609,305,-27,-356,-382,639,-65,99,650,-225,649,190,-1,0,0
4,23,510,-611,305,-28,-362,-386,621,-78,99,649,-223,649,191,-8,0,0
4,24,505,-608,307,-23,-354,-385,617,-65,99,651,-223,645,191,-6,0,0
4,25,504,-606,309,-24,-347,-383,632,-54,98,652,-222,647,192,1,0,0
4,26,510,-609,310,-24,-348,-383,605,-95,97,652,-223,648,196,-2,0,0
4,27,511,-607,312,-23,-345,-383,583,-122,97,652,-223,648,193,-1,0,0
4,28,506,-604,309,-25,-345,-385,618,-88,97,650,-224,650,189,2,0,0
4,29,508,-610,307,-23,-355,-384,657,-59,97,651,-226,649,191,-4,-1,0
4,30,511,-612,309,-21,-352,-381,665,-43,97,651,-226,649,192,-5,0,0
4,31,508,-612,304,-27,-347,-382,665,-26,97,649,-224,649,191,-3,-1,0
4,32,508,-614,304,-28,-354,-381,644,-44,97,649,-226,649,191,-5,-1,0
4,33,508,-612,305,-25,-358,-381,617,-49,97,652,-224,650,192,-5,-1,0
4,34,509,-610,304,-24,-353,-383,643,-4,97,654,-221,648,192,-2,-1,0
4,35,511,-614,308,-21,-356,-383,655,-9,97,652,-230,645,191,-2,-1,0
4,36,506,-615,310,-19,-355,-384,605,-68,97,651,-232,646,190,-3,-1,0
4,37,505,-607,307,-20,-345,-381,598,-74,97,652,-223,648,191,-5,-1,0
4,38,510,-606,308,-18,-345,-379,631,-57,97,652,-230,648,194,-8,-1,0
4,39,511,-614,307,-22,-355,-381,637,-58,97,652,-234,648,195,-7,-1,0
4,40,511,-614,304,-23,-355,-382,670,-34,97,650,-225,648,193,-3,-1,0
4,41,512,-610,306,-21,-354,-380,704,-17,96,649,-226,645,192,-5,-1,0
4,42,511,-606,307,-28,-354,-381,665,-36,97,649,-231,648,191,-6,-1,0
4,43,508,-604,307,-31,-352,-384,640,-38,100,649,-223,653,193,-1,-1,0
4,44,506,-611,312,-25,-354,-380,673,-26,94,649,-222,649,196,-3,-1,0
4,45,508,-618,310,-23,-355,-380,669,-29,97,650,-228,650,191,-6,-1,0
4,46,509,-614,301,-25,-350,-384,631,-27,115,650,-223,653,188,-3,-1,0
4,47,506,-610,303,-22,-349,-382,616,-47,113,649,-221,645,195,-3,-1,0
4,48,509,-613,310,-19,-352,-383,621,-91,95,652,-224,635,196,-3,-1,0
4,49,509,-614,307,-22,-352,-387,624,-96,95,655,-225,640,191,-4,-1,0
4,50,508,-610,304,-22,-349,-381,632,-72,102,654,-225,650,192,-6,-1,0
4,51,510,-610,303,-21,-354,-376,653,-70,97,654,-224,646,192,-6,-1,0
4,52,511,-611,303,-22,-357,-388,665,-59,96,653,-225,644,190,-3,-1,0
4,53,506,-611,308,-21,-355,-393,659,-28,99,651,-230,650,188,-4,-1,0
4,54,506,-613,310,-25,-351,-385,652,-27,96,651,-232,650,184,-9,-1,0
5,55,514,-614,308,-35,-346,-384,644,-47,97,653,-226,647,186,-7,-1,0
5,56,512,-612,310,-35,-350,-386,618,-56,97,652,-221,649,194,-5,-1,0
5,57,508,-612,309,-23,-355,-385,606,-59,97,650,-224,652,195,-9,-1,0
5,58,512,-611,306,-19,-352,-383,623,-62,97,651,-227,648,190,-8,0,0
5,59,511,-612,308,-24,-350,-383,631,-68,97,651,-226,644,188,-6,-1,0
5,60,507,-614,310,-23,-348,-382,622,-69,97,650,-225,646,193,-4,0,0
5,61,508,-614,306,-24,-350,-381,628,-63,97,655,-222,650,195,-5,-1,0
5,62,511,-612,304,-28,-354,-381,637,-75,97,649,-222,647,191,-6,-1,0
5,63,511,-611,307,-26,-354,-380,630,-97,97,639,-224,647,191,-3,-1,0
5,64,511,-611,307,-23,-350,-383,651,-68,97,646,-225,653,192,-6,-1,0
5,65,513,-608,307,-23,-349,-383,675,-21,97,654,-226,651,191,-7,-1,0
5,66,514,-607,309,-26,-349,-383,642,-37,97,650,-223,645,191,-3,0,0
5,67,511,-611,309,-27,-352,-386,617,-57,97,650,-222,647,190,-5,0,0
5,68,507,-613,309,-25,-355,-384,628,-32,97,654,-225,649,189,-6,-1,0
5,69,504,-611,308,-25,-352,-381,611,-40,97,650,-223,641,190,-5,0,0
5,70,506,-611,309,-25,-354,-383,583,-85,97,648,-222,640,191,-6,-1,0
5,71,510,-614,307,-24,-359,-381,603,-102,97,651,-234,653,190,-6,-1,0
5,72,510,-614,302,-24,-360,-379,628,-86,97,651,-233,656,189,-7,-1,0
5,73,505,-611,304,-20,-358,-381,627,-68,97,651,-225,648,191,-6,-1,0
5,74,505,-611,309,-18,-355,-384,634,-53,97,651,-232,647,191,-5,-1,0
5,75,510,-614,306,-22,-350,-388,632,-70,97,651,-230,651,187,-3,-1,0
5,76,510,-612,303,-22,-345,-386,615,-106,97,651,-219,653,187,-4,-1,0
5,77,508,-612,307,-25,-347,-387,627,-84,97,651,-225,648,193,-9,-1,0
5,78,511,-615,307,-35,-350,-392,628,-54,97,651,-231,647,191,-7,-1,0
5,79,511,-613,302,-34,-348,-385,599,-74,97,651,-221,650,188,-3,-1,0
5,80,510,-612,301,-21,-345,-385,608,-94,97,651,-218,649,190,-4,-1,0
5,81,510,-613,304,-21,-344,-394,633,-84,97,651,-224,649,190,-3,-1,0
5,82,507,-615,305,-30,-349,-391,629,-62,97,651,-223,649,188,-2,-1,0
5,83,512,-611,304,-31,-353,-378,626,-60,97,651,-226,648,190,-4,-1,0
5,84,515,-608,306,-23,-350,-381,611,-92,97,651,-234,647,192,-5,0,0
5,85,506,-613,310,-20,-355,-389,607,-94,97,651,-233,649,192,-5,0,0
5,86,505,-616,312,-21,-359,-389,629,-53,97,651,-228,648,192,-5,-1,0
5,87,512,-614,308,-20,-353,-386,616,-54,97,651,-225,643,190,-6,0,0
5,88,514,-611,307,-19,-352,-382,594,-79,97,651,-224,645,191,-6,0,0
5,89,510,-612,309,-24,-356,-380,624,-57,97,651,-230,648,193,-5,0,0
5,90,507,-611,306,-31,-355,-379,636,-65,97,651,-234,646,191,-7,-1,0
5,91,509,-609,305,-29,-353,-372,608,-97,97,652,-225,647,189,-6,0,0
5,92,512,-611,306,-25,-354,-376,633,-73,97,653,-220,650,188,-6,-1,0
5,93,509,-611,310,-23,-353,-393,664,-50,97,651,-223,648,191,-6,-1,0
5,94,507,-609,315,-25,-353,-395,646,-65,97,651,-225,646,191,-4,-1,0
5,95,509,-612,310,-26,-354,-385,623,-73,97,653,-228,647,188,-6,-1,0
5,96,509,-614,305,-22,-350,-387,633,-66,97,652,-228,651,190,-5,-1,0
5,97,507,-613,308,-22,-349,-388,636,-77,97,650,-222,651,195,-4,-1,0
5,98,510,-609,312,-26,-352,-380,591,-105,97,651,-225,646,194,-3,-1,0
5,99,511,-610,308,-26,-347,-378,587,-89,97,651,-227,646,191,-3,-1,0
5,100,506,-611,309,-22,-345,-387,632,-49,97,651,-221,650,192,-3,-1,0
5,101,507,-608,311,-22,-352,-390,634,-64,97,651,-224,647,190,-4,-1,0
5,102,512,-608,302,-24,-354,-384,611,-98,97,651,-232,642,186,-9,-1,0
5,103,509,-610,298,-20,-344,-382,625,-73,97,651,-226,643,190,-10,-1,0
5,104,507,-610,309,-20,-341,-383,637,-43,97,651,-222,649,196,-5,-1,0
5,105,508,-612,311,-25,-355,-386,637,-65,97,651,-228,647,194,-5,-1,0
5,106,508,-616,306,-24,-362,-383,655,-78,97,651,-230,646,191,-6,-1,0
5,107,507,-613,307,-25,-357,-379,638,-59,97,651,-228,648,190,-4,-1,0
5,108,512,-609,306,-29,-350,-384,596,-64,97,651,-227,647,188,-4,-1,0
5,109,513,-612,306,-24,-350,-390,599,-89,97,651,-222,647,190,-5,-1,0
5,110,508,-612,310,-20,-352,-389,626,-89,97,651,-224,652,194,-5,-1,0
5,111,509,-608,311,-23,-347,-384,637,-69,97,651,-229,651,191,-9,-1,0
5,112,514,-610,310,-26,-344,-388,628,-78,97,651,-224,648,188,-5,-1,0
5,113,507,-614,313,-28,-352,-393,618,-114,97,651,-219,649,191,1,-1,0
5,114,501,-611,312,-29,-356,-384,621,-107,97,651,-227,649,193,0,-1,0
5,115,506,-611,304,-22,-351,-380,622,-76,97,651,-234,647,190,-8,-1,0
5,116,511,-613,305,-19,-350,-392,615,-80,97,651,-227,646,190,-8,-1,0
5,117,510,-611,308,-23,-353,-393,621,-79,97,651,-220,645,191,-2,-1,0
5,118,510,-613,303,-22,-354,-377,637,-42,97,652,-226,645,191,-3,-1,0
5,119,511,-617,302,-20,-350,-377,623,-44,97,650,-230,648,192,-6,-1,0
5,120,508,-615,304,-19,-351,-391,598,-94,97,649,-220,652,190,-6,-1,0
5,121,508,-608,309,-21,-357,-385,609,-97,97,651,-219,647,189,-5,-1,0
5,122,510,-607,312,-22,-356,-379,626,-79,97,651,-230,641,192,-6,-1,0
5,123,506,-611,305,-25,-351,-383,616,-81,97,649,-233,643,190,-9,-1,0
5,124,506,-613,303,-31,-348,-379,625,-66,97,649,-227,650,189,-9,-1,0
5,125,507,-612,311,-30,-353,-380,663,-46,97,652,-223,650,190,-7,-1,0
5,126,507,-612,309,-22,-356,-385,663,-62,97,653,-224,646,190,-9,-1,-1
5,127,508,-612,304,-23,-349,-382,630,-66,97,653,-227,649,189,-7,-1,0
5,128,506,-614,309,-31,-345,-381,638,-33,97,651,-227,648,190,-5,-1,-1
5,0,504,-613,313,-29,-352,-384,629,-57,97,650,-228,645,186,-6,-1,-1
5,1,506,-610,307,-26,-358,-380,573,-118,97,652,-225,649,187,-4,-1,-1
5,2,506,-611,304,-25,-355,-383,580,-100,97,652,-223,652,195,-3,-1,0
5,3,506,-610,310,-21,-353,-394,645,-40,97,652,-226,650,192,-6,-1,0
5,4,508,-610,309,-22,-354,-391,654,-51,97,653,-223,647,189,-10,-1,0
5,5,507,-616,302,-27,-352,-381,609,-99,97,646,-217,646,190,-7,-1,0
5,6,506,-617,306,-24,-350,-381,597,-100,97,641,-219,647,192,-3,-1,0
5,7,511,-613,310,-21,-354,-387,615,-86,97,650,-227,645,193,-8,-1,0
5,8,511,-613,309,-24,-350,-388,626,-89,97,655,-225,648,192,-6,-1,0
5,9,506,-614,308,-27,-348,-384,632,-80,97,652,-224,652,194,-1,-1,0
5,10,510,-614,308,-25,-356,-382,639,-58,96,653,-229,648,194,-2,-1,0
5,11,516,-614,304,-21,-354,-384,634,-63,99,656,-226,644,190,-4,-1,0
5,12,508,-612,303,-20,-347,-387,596,-88,98,653,-220,646,190,-5,-1,0
5,13,502,-611,307,-23,-352,-386,590,-81,92,653,-222,649,197,-5,-1,0
5,14,506,-613,304,-25,-354,-384,620,-62,107,653,-230,646,191,-3,-1,0
5,15,509,-614,301,-26,-346,-382,613,-70,118,649,-229,647,185,0,-1,0
5,16,511,-611,309,-21,-348,-384,609,-66,103,650,-226,651,191,-4,-1,0
5,17,511,-610,312,-22,-351,-387,615,-61,85,654,-227,648,193,-8,-1,0
5,18,509,-612,308,-28,-346,-383,599,-79,92,653,-228,646,191,-3,0,0
5,19,508,-614,309,-28,-348,-380,608,-77,117,649,-228,647,190,-3,0,0
5,20,508,-609,311,-24,-356,-387,639,-54,119,649,-229,647,191,-6,0,0
5,21,506,-608,307,-23,-356,-390,623,-53,99,650,-227,648,189,-5,0,0
5,22,505,-614,306,-25,-353,-383,614,-66,92,649,-221,651,184,-6,0,0
5,23,509,-613,309,-27,-348,-385,635,-58,104,649,-220,651,183,-6,0,0
5,24,513,-609,307,-27,-347,-391,611,-42,101,650,-226,650,189,-4,0,0
5,25,509,-610,302,-24,-353,-384,596,-49,96,648,-229,648,192,-7,-1,0
5,26,505,-610,303,-21,-355,-377,624,-76,100,650,-226,645,191,-5,-1,0
5,27,507,-612,306,-27,-352,-383,626,-87,99,657,-221,649,193,-2,-1,0
5,28,514,-613,310,-30,-348,-383,624,-55,100,654,-224,652,194,-4,-1,0
5,29,514,-611,309,-21,-348,-377,648,-36,100,649,-231,649,195,-7,-1,0
5,30,507,-612,303,-20,-350,-376,646,-48,100,649,-232,647,195,-7,-1,0
5,31,507,-614,305,-28,-349,-380,619,-60,100,642,-226,652,189,-1,-1,0
5,32,509,-611,310,-27,-347,-385,616,-64,100,632,-221,647,185,-1,-1,0
5,33,503,-612,310,-25,-351,-388,629,-51,100,633,-224,643,188,-5,-1,0
5,34,502,-612,307,-30,-353,-386,634,-30,100,636,-226,647,191,-6,-1,0
5,35,506,-608,304,-26,-348,-385,615,-23,100,631,-223,647,192,-8,-1,0
5,36,509,-610,305,-22,-348,-390,599,-34,100,634,-226,644,195,-6,-1,0
5,37,513,-617,305,-27,-351,-390,616,-29,100,646,-233,641,194,-2,-1,0
5,38,512,-615,305,-26,-352,-382,628,-27,100,653,-230,643,192,-3,-1,0
5,39,504,-608,305,-23,-350,-379,623,-58,100,653,-227,649,195,-5,-1,0
5,40,506,-610,304,-28,-353,-385,624,-73,100,653,-232,647,196,-5,-1,0
5,41,515,-615,309,-27,-355,-387,609,-68,100,648,-231,642,191,-5,-1,0
5,42,510,-614,308,-24,-354,-381,596,-69,100,646,-223,645,186,-6,-1,0
5,43,503,-612,302,-24,-349,-386,625,-50,100,650,-223,647,187,-8,-1,0
5,44,510,-609,306,-24,-347,-392,643,-28,100,653,-231,646,191,-9,-1,0
5,45,512,-610,312,-23,-350,-389,620,-49,100,652,-231,650,190,-8,-1,0
5,46,508,-610,308,-22,-350,-386,597,-70,100,653,-229,653,190,-5,-1,0
5,47,507,-610,310,-20,-346,-387,593,-63,100,651,-227,646,193,-3,-1,0
5,48,507,-611,314,-21,-342,-386,608,-60,100,649,-225,641,195,-5,-1,0
5,49,505,-609,307,-21,-343,-387,634,-49,100,652,-223,648,193,-6,-1,0
5,50,507,-607,302,-21,-347,-389,630,-38,100,652,-227,648,193,-8,-1,0
5,51,511,-608,309,-28,-345,-384,596,-62,100,651,-228,641,196,-6,0,0
5,52,509,-611,310,-24,-344,-379,605,-70,100,651,-229,644,194,-2,-1,0
5,53,504,-612,304,-21,-354,-387,639,-53,100,650,-228,650,189,-7,-1,0
5,54,511,-610,302,-34,-358,-393,603,-85,100,649,-227,649,193,-8,0,0
6,55,513,-609,305,-34,-347,-388,563,-108,100,650,-233,647,196,-3,-1,0
6,56,506,-610,308,-20,-347,-386,602,-68,100,650,-232,649,192,-5,0,0
6,57,504,-613,308,-20,-349,-387,638,-42,100,650,-223,649,189,-5,0,0
6,58,506,-613,306,-27,-347,-386,622,-64,99,650,-225,646,190,-3,0,0
6,59,511,-614,307,-25,-350,-387,607,-75,103,650,-231,646,192,-4,0,0
6,60,512,-614,309,-24,-356,-387,635,-42,99,650,-222,648,191,-7,0,0
6,61,509,-613,308,-25,-358,-381,661,-16,97,650,-220,649,190,-8,-1,0
6,62,506,-612,306,-24,-353,-382,635,-39,113,650,-226,651,191,-6,0,0
6,63,505,-614,306,-26,-352,-386,608,-67,120,652,-224,650,193,-5,0,0
6,64,506,-615,309,-25,-355,-380,625,-57,101,655,-221,647,192,-4,-1,0
6,65,508,-613,303,-22,-356,-376,618,-66,93,656,-225,652,190,-3,0,0
6,66,508,-613,300,-21,-350,-390,582,-99,103,653,-228,647,191,-2,-1,0
6,67,505,-616,308,-22,-347,-392,589,-96,102,650,-224,639,190,-3,0,0
6,68,508,-614,308,-24,-355,-382,597,-87,95,649,-223,644,190,-9,-1,0
6,69,511,-607,304,-24,-358,-388,585,-85,98,649,-229,648,191,-8,0,0
6,70,510,-607,310,-26,-354,-393,607,-67,100,650,-229,644,190,-3,0,0
6,71,506,-614,311,-27,-347,-386,628,-65,100,652,-223,647,189,-4,0,0
6,72,506,-613,306,-22,-343,-387,630,-64,100,651,-224,650,193,-6,-1,0
6,73,506,-611,305,-20,-351,-390,626,-51,100,650,-231,642,193,-7,-1,0
6,74,508,-612,309,-26,-358,-380,597,-87,100,649,-227,643,191,-3,-1,0
6,75,505,-613,310,-28,-351,-381,588,-110,100,650,-223,649,190,-1,-1,0
6,76,503,-614,306,-21,-345,-386,632,-67,100,650,-229,646,188,-6,-1,0
6,77,509,-615,308,-21,-348,-380,626,-65,100,649,-228,645,189,-8,-1,0
6,78,511,-612,311,-26,-347,-384,561,-111,100,649,-222,646,193,-8,-1,0
6,79,506,-610,307,-23,-347,-387,558,-107,100,650,-224,644,191,-8,-1,0
6,80,504,-613,303,-21,-352,-384,605,-79,100,650,-232,644,190,-6,-1,0
6,81,505,-616,307,-26,-350,-385,618,-87,100,650,-234,644,192,-5,-1,0
6,82,508,-612,312,-27,-350,-385,616,-93,100,650,-226,647,191,-6,-1,0
6,83,509,-608,308,-25,-355,-383,627,-76,100,650,-222,653,191,-6,0,0
6,84,509,-609,306,-25,-354,-380,635,-59,100,650,-227,652,192,-6,0,0
6,85,511,-611,309,-25,-351,-381,629,-64,100,649,-225,648,192,-7,0,0
6,86,509,-613,313,-21,-352,-387,616,-66,100,649,-220,647,194,-6,0,0
6,87,506,-611,312,-20,-347,-387,629,-28,100,650,-223,650,191,-3,-1,0
6,88,505,-610,306,-22,-348,-383,633,-13,100,650,-227,648,189,-4,0,0
6,89,504,-613,303,-27,-358,-389,601,-49,100,649,-226,649,193,-6,-1,0
6,90,504,-612,305,-28,-357,-390,596,-70,100,651,-224,647,194,-4,0,0
6,91,506,-612,305,-27,-347,-380,624,-65,100,653,-226,645,191,-8,-1,0
6,92,508,-611,306,-29,-345,-380,632,-61,100,650,-227,647,189,-9,-1,0
6,93,509,-612,307,-26,-348,-382,630,-62,100,650,-223,647,193,-1,-1,0
6,94,512,-613,305,-23,-350,-378,632,-64,100,654,-222,647,195,-3,-1,0
6,95,514,-611,305,-20,-349,-379,623,-69,100,653,-223,650,192,-9,-1,-1
6,96,510,-612,308,-19,-351,-385,638,-70,100,648,-222,646,192,-7,-1,-1
6,97,509,-615,310,-20,-354,-383,666,-48,100,650,-224,644,195,-3,-1,-1
6,98,511,-614,309,-26,-353,-381,634,-29,100,652,-225,650,191,-4,-1,-1
6,99,509,-609,309,-29,-349,-387,586,-45,100,652,-221,651,187,-3,-1,-1
6,100,507,-609,311,-24,-348,-388,588,-69,100,651,-223,647,194,-2,-1,-1
6,101,506,-612,310,-22,-352,-383,601,-65,100,651,-226,643,193,-9,-1,0
6,102,507,-614,308,-23,-352,-384,597,-62,100,651,-220,644,187,-12,-1,0
6,103,511,-613,305,-25,-344,-386,601,-72,100,651,-222,649,189,-6,-1,0
6,104,510,-609,302,-28,-344,-382,630,-65,100,651,-231,648,191,-7,-1,0
6,105,504,-609,304,-24,-352,-380,652,-54,100,651,-227,646,191,-9,-1,0
6,106,506,-611,308,-24,-354,-381,644,-55,100,651,-220,651,191,-6,-1,0
6,107,510,-610,307,-32,-350,-380,628,-59,100,652,-225,651,190,-6,-1,0
6,108,506,-609,308,-34,-353,-382,615,-71,100,650,-228,648,190,-6,-1,0
6,109,506,-610,309,-27,-357,-385,626,-60,100,648,-220,648,194,-6,-1,0
6,110,513,-610,311,-22,-347,-382,656,-30,100,650,-222,648,193,-7,-1,0
6,111,509,-609,310,-25,-341,-379,645,-34,100,652,-235,651,190,-6,-1,0
6,112,505,-611,306,-26,-351,-382,587,-76,100,651,-234,650,193,-5,-1,0
6,113,509,-614,310,-21,-356,-382,581,-88,100,651,-226,648,192,-6,-1,0
6,114,511,-613,310,-24,-350,-384,607,-87,100,651,-226,650,189,-7,-1,0
6,115,513,-609,305,-27,-350,-388,589,-104,100,651,-228,651,191,-5,-1,0
6,116,512,-608,306,-21,-354,-382,595,-73,100,651,-224,644,195,-3,-1,0
6,117,508,-612,311,-17,-355,-381,634,-27,100,651,-218,643,195,-3,-1,0
6,118,510,-614,311,-24,-351,-386,645,-40,100,651,-224,650,190,-4,-1,0
6,119,513,-612,307,-24,-347,-385,620,-79,100,651,-235,646,188,-8,-1,0
6,120,514,-610,308,-17,-351,-383,599,-80,100,651,-232,643,191,-6,-1,0
6,121,514,-610,308,-20,-353,-386,608,-60,100,652,-222,651,192,-3,-1,0
6,122,510,-610,303,-22,-348,-384,627,-59,100,653,-226,650,191,-10,-1,0
6,123,507,-610,305,-24,-350,-378,627,-53,100,652,-226,644,192,-10,-1,0
6,124,508,-610,307,-27,-356,-382,611,-46,100,651,-219,647,190,-2,0,0
6,125,508,-608,308,-23,-355,-385,631,-41,100,651,-224,650,187,-6,-1,0
6,126,510,-608,311,-21,-348,-382,634,-56,100,652,-227,648,191,-11,0,0
6,127,507,-611,305,-27,-347,-383,590,-95,100,651,-220,649,195,-8,-1,0
6,128,503,-612,301,-28,-350,-385,597,-86,100,650,-224,649,192,-3,0,0
6,0,508,-612,306,-20,-353,-382,639,-43,100,654,-228,645,191,-5,-1,0
6,1,511,-611,307,-20,-359,-383,616,-49,100,649,-220,646,193,-7,0,0
6,2,510,-609,303,-23,-360,-385,578,-74,100,634,-223,649,192,-3,-1,0
6,3,510,-611,304,-21,-356,-382,603,-60,100,630,-234,647,189,-4,-1,0
6,4,508,-610,306,-21,-356,-381,603,-71,100,636,-229,648,190,-7,-1,0
6,5,507,-608,307,-24,-353,-382,568,-112,100,631,-224,652,194,-9,-1,0
6,6,507,-611,308,-25,-348,-379,603,-87,100,624,-229,651,192,-8,-1,0
6,7,506,-613,307,-25,-353,-378,653,-46,100,640,-224,648,189,-5,-1,0
6,8,508,-611,304,-23,-358,-383,611,-71,100,658,-220,647,190,-1,-1,0
6,9,514,-608,310,-19,-349,-386,567,-97,100,655,-227,645,190,-3,-1,0
6,10,511,-607,313,-22,-346,-383,609,-70,100,651,-226,649,193,-7,-1,0
6,11,505,-611,308,-24,-357,-385,625,-52,100,655,-223,653,196,-5,-1,0
6,12,506,-613,305,-19,-358,-390,589,-56,100,645,-227,647,192,-3,-1,0
6,13,507,-612,305,-22,-352,-385,599,-46,100,631,-229,646,192,-8,-1,0
6,14,509,-613,309,-27,-353,-377,625,-45,100,634,-225,650,193,-9,-1,0
6,15,512,-614,309,-23,-357,-385,593,-67,100,639,-221,650,192,-3,-1,0
6,16,511,-614,302,-22,-352,-389,594,-65,100,631,-220,647,193,-5,-1,0
6,17,514,-611,304,-25,-348,-380,654,-53,100,632,-226,648,193,-7,-1,0
6,18,514,-610,307,-23,-353,-382,656,-57,100,649,-235,649,191,-6,0,0
6,19,509,-614,303,-21,-354,-386,595,-68,100,656,-233,649,191,-8,-1,0
6,20,505,-614,307,-21,-353,-384,573,-76,100,652,-224,652,191,-8,0,0
6,21,508,-613,312,-20,-358,-383,609,-64,100,651,-224,653,190,-4,0,0
6,22,510,-616,307,-23,-354,-382,624,-51,100,652,-225,650,191,-4,0,0
6,23,509,-616,305,-26,-348,-383,590,-63,100,650,-221,647,193,-10,0,0
6,24,507,-614,310,-24,-353,-382,566,-75,100,651,-221,647,194,-5,-1,0
6,25,506,-614,312,-20,-357,-381,579,-76,100,652,-225,652,193,0,0,0
6,26,509,-614,309,-19,-352,-384,601,-78,100,651,-225,655,189,-8,-1,0
6,27,512,-612,306,-22,-347,-384,611,-74,100,651,-224,650,190,-10,-1,0
6,28,508,-611,304,-24,-350,-379,634,-59,100,651,-224,645,193,-5,-1,0
6,29,508,-609,306,-23,-354,-386,633,-61,100,651,-223,641,192,-6,-1,0
6,30,512,-607,304,-23,-351,-397,601,-75,100,651,-228,641,193,-4,-1,0
6,31,510,-613,300,-24,-347,-391,613,-70,100,651,-234,646,195,-4,-1,0
6,32,513,-614,307,-25,-345,-380,665,-50,100,651,-227,650,190,-7,-1,0
6,33,515,-608,310,-25,-347,-382,668,-27,100,652,-227,647,188,-7,-1,0
6,34,509,-611,305,-22,-346,-389,614,-25,100,651,-233,642,195,-5,-1,0
6,35,507,-614,306,-21,-342,-392,579,-58,100,651,-226,645,197,-5,-1,0
6,36,510,-612,311,-25,-344,-389,599,-70,100,654,-219,647,192,-5,-1,0
6,37,513,-609,309,-26,-350,-385,620,-54,100,653,-227,646,190,-5,-1,0
6,38,515,-610,303,-22,-352,-386,615,-59,100,649,-231,645,193,-6,-1,0
6,39,509,-613,302,-21,-349,-387,627,-68,100,650,-227,645,193,-6,-1,0
6,40,507,-614,307,-27,-349,-381,640,-61,100,652,-225,649,192,-4,-1,0
6,41,510,-611,305,-26,-350,-382,625,-65,100,651,-223,650,192,-3,-1,0
6,42,510,-609,300,-19,-352,-390,622,-67,100,651,-224,648,193,-6,-1,0
6,43,510,-614,306,-23,-358,-389,628,-67,100,651,-230,647,194,-7,-1,0
6,44,510,-616,309,-30,-356,-389,598,-83,100,651,-232,649,194,-6,-1,0
6,45,505,-614,304,-24,-346,-390,587,-86,100,651,-226,649,196,-4,0,0
6,46,503,-614,305,-19,-347,-384,625,-58,100,651,-222,643,193,-5,-1,0
6,47,513,-614,312,-25,-353,-379,634,-40,100,651,-224,642,189,-7,0,0
6,48,519,-611,312,-24,-351,-384,602,-47,100,651,-226,650,191,-8,0,0
6,49,510,-610,305,-22,-346,-388,579,-80,100,651,-228,649,195,-13,0,0
6,50,505,-612,306,-24,-347,-384,574,-121,100,651,-228,641,195,-12,0,0
6,51,511,-611,310,-21,-350,-383,587,-107,100,651,-224,645,193,-6,0,0
6,52,511,-611,309,-20,-355,-384,616,-61,100,651,-223,654,192,-8,0,0
6,53,505,-611,304,-26,-355,-382,617,-59,100,651,-231,650,190,-7,0,0
6,54,509,-613,301,-26,-351,-382,601,-55,100,651,-234,642,190,-5,0,0
7,55,514,-611,305,-20,-349,-383,601,-25,100,651,-228,641,191,-3,0,0
7,56,510,-608,309,-21,-346,-381,594,-35,100,651,-229,646,192,-2,0,0
7,57,504,-609,303,-26,-343,-384,597,-75,100,651,-223,643,192,-5,-1,0
7,58,506,-612,301,-25,-346,-390,625,-54,100,651,-213,640,194,-6,0,0
7,59,509,-610,308,-22,-351,-389,624,-18,100,651,-219,648,194,-7,-1,0
7,60,509,-609,312,-27,-349,-383,599,-48,100,651,-232,649,191,-7,-1,0
7,61,508,-613,307,-31,-348,-382,601,-74,100,651,-228,639,191,-3,-1,0
7,62,507,-615,305,-27,-349,-382,602,-54,100,651,-224,641,192,-1,-1,0
7,63,507,-613,307,-22,-350,-380,590,-48,100,651,-225,650,194,-5,-1,0
7,64,509,-618,306,-21,-354,-380,607,-56,100,652,-223,648,191,-7,-1,0
7,65,514,-615,307,-20,-354,-388,633,-44,100,652,-225,643,186,-5,-1,0
7,66,512,-605,308,-19,-346,-391,634,-22,100,650,-225,647,191,-5,-1,0
7,67,503,-608,307,-20,-345,-387,604,-36,100,653,-221,646,195,-5,-1,0
7,68,505,-613,306,-23,-356,-384,584,-60,100,655,-224,648,193,-2,-1,0
7,69,510,-611,302,-27,-357,-386,611,-46,99,643,-226,651,191,-5,-1,0
7,70,509,-610,302,-28,-345,-385,633,-38,99,631,-223,649,192,-9,-1,0
7,71,508,-613,303,-26,-345,-383,616,-47,103,642,-225,643,193,-4,-1,0
7,72,510,-614,301,-29,-351,-385,615,-14,99,656,-229,643,193,-2,-1,0
7,73,511,-611,304,-30,-348,-386,611,-7,97,653,-228,649,190,-6,-1,0
7,74,509,-609,309,-27,-345,-386,587,-55,119,649,-229,646,189,-8,-1,0
7,75,507,-612,306,-25,-352,-392,609,-53,124,651,-221,644,191,-6,-1,0
7,76,507,-613,303,-22,-356,-391,625,-36,101,651,-213,648,191,-8,-1,0
7,77,507,-611,308,-22,-353,-383,599,-57,96,652,-226,646,191,-10,-1,0
7,78,509,-612,311,-24,-351,-382,607,-42,104,654,-231,644,195,-8,-1,0
7,79,511,-614,308,-23,-352,-382,634,-20,97,652,-220,645,193,-7,-1,0
7,80,512,-609,308,-22,-349,-379,640,-35,93,651,-221,642,187,-7,-1,0
7,81,512,-609,307,-23,-343,-382,656,-33,102,652,-227,645,190,-5,-1,0
7,82,507,-616,304,-25,-347,-384,675,-10,98,652,-224,650,191,-6,-1,0
7,83,507,-615,306,-27,-355,-381,664,2,94,651,-223,650,187,-6,-1,0
7,84,512,-610,308,-31,-352,-379,648,-2,109,651,-228,650,190,-2,-1,0
7,85,512,-612,302,-30,-351,-381,619,-35,118,650,-231,648,197,-2,-1,0
7,86,506,-613,302,-24,-351,-384,596,-64,103,650,-229,647,195,-5,-1,0
7,87,506,-609,303,-22,-354,-386,606,-53,92,652,-225,651,190,-9,-1,0
7,88,510,-607,301,-25,-357,-378,609,-39,98,648,-225,648,188,-10,0,0
7,89,509,-607,307,-24,-351,-378,597,-47,100,645,-227,641,191,-3,-1,0
7,90,506,-610,310,-25,-346,-389,598,-59,95,649,-229,646,194,-6,-1,0
7,91,509,-612,307,-25,-352,-384,620,-46,95,652,-227,652,193,-9,0,0
7,92,513,-609,310,-22,-352,-376,634,-28,96,653,-221,649,191,-7,0,0
7,93,512,-609,310,-20,-348,-384,626,-34,99,655,-223,647,190,-4,0,0
7,94,509,-617,305,-22,-351,-388,627,-34,99,652,-229,651,193,-3,0,0
7,95,508,-615,306,-23,-353,-383,646,-6,96,648,-226,649,193,-7,0,0
7,96,511,-602,307,-26,-355,-382,638,13,97,651,-219,645,191,-9,0,0
7,97,512,-605,305,-27,-358,-382,594,-12,98,652,-224,647,189,-5,0,0
7,98,511,-616,306,-26,-351,-385,582,-44,97,650,-230,647,191,-3,-1,0
7,99,511,-611,308,-23,-346,-392,609,-37,97,651,-223,646,193,-6,-1,0
7,100,510,-607,303,-22,-350,-388,610,-34,97,651,-218,647,188,-7,-1,0
7,101,511,-614,302,-30,-352,-380,587,-58,97,650,-222,647,188,-3,-1,0
7,102,515,-615,307,-35,-350,-381,607,-58,97,649,-228,646,192,-4,-1,0
7,103,510,-611,306,-30,-350,-381,653,-32,97,649,-226,646,191,-8,-1,0
7,104,507,-611,304,-27,-346,-381,664,-35,97,650,-225,649,187,-3,-1,0
7,105,510,-614,304,-28,-345,-385,615,-68,97,649,-232,645,192,0,-1,0
7,106,514,-616,305,-22,-351,-382,589,-67,97,649,-232,644,196,-4,-1,0
7,107,511,-615,309,-20,-352,-381,626,-32,97,650,-225,650,190,-5,-1,0
7,108,505,-610,307,-24,-351,-384,632,-29,97,651,-223,649,188,-5,-1,0
7,109,509,-610,309,-26,-354,-382,594,-46,97,651,-229,647,191,-6,-1,0
7,110,515,-613,312,-24,-356,-380,579,-43,97,651,-229,649,194,-9,-1,0
7,111,510,-610,308,-22,-350,-383,600,-25,97,651,-225,646,192,-9,-1,0
7,112,508,-609,306,-20,-347,-383,613,-35,97,651,-230,641,190,-4,-1,0
7,113,507,-615,308,-20,-352,-387,616,-52,97,651,-231,644,192,-2,-1,0
7,114,504,-613,307,-19,-352,-393,630,-35,97,651,-226,649,193,-8,-1,0
7,115,506,-611,306,-22,-350,-386,634,-30,97,651,-230,647,190,-12,-1,0
7,116,512,-615,303,-26,-351,-383,627,-55,97,651,-232,644,188,-10,-1,0
7,117,511,-612,305,-23,-351,-386,620,-44,97,651,-225,646,191,-7,-1,0
7,118,508,-609,308,-21,-350,-385,637,0,97,651,-225,648,192,-8,-1,0
7,119,509,-614,307,-22,-351,-384,636,-5,97,651,-229,648,189,-7,0,0
7,120,508,-615,307,-21,-350,-386,600,-37,97,651,-223,649,192,-5,0,0
7,121,506,-611,310,-20,-345,-385,591,-38,97,651,-223,650,195,-7,0,0
7,122,507,-609,307,-23,-344,-383,587,-49,97,651,-225,651,193,-4,-1,0
7,123,507,-615,306,-21,-349,-382,566,-71,97,651,-222,651,192,-3,-1,0
7,124,509,-616,311,-20,-346,-380,587,-67,97,651,-225,645,191,-6,-1,0
7,125,510,-613,311,-29,-345,-384,637,-55,97,651,-227,646,190,-4,-1,0
7,126,506,-610,307,-31,-354,-385,636,-55,97,651,-226,649,193,0,-1,0
7,127,505,-607,309,-24,-355,-381,599,-62,97,651,-228,649,195,-2,-1,0
7,128,508,-608,308,-25,-351,-381,592,-62,97,652,-224,648,191,-8,-1,0
7,0,514,-613,306,-26,-355,-383,592,-60,97,650,-217,650,189,-9,-1,0
7,1,515,-613,308,-20,-354,-382,581,-70,97,648,-226,646,190,-5,-1,0
7,2,508,-612,309,-20,-352,-382,610,-53,97,650,-232,639,190,-5,-1,0
7,3,506,-615,307,-23,-355,-383,632,-28,97,652,-225,645,191,-7,-1,0
7,4,510,-613,304,-21,-353,-386,607,-29,97,651,-228,651,190,-7,-1,0
7,5,508,-608,304,-23,-350,-388,600,-34,97,651,-234,651,190,-8,-1,0
7,6,505,-610,302,-25,-350,-380,609,-52,97,651,-227,649,191,-7,-1,0
7,7,507,-613,297,-24,-353,-377,609,-64,97,651,-222,648,189,-5,-1,0
7,8,512,-613,302,-25,-354,-386,621,-37,97,651,-228,650,190,-7,-1,0
7,9,512,-613,311,-31,-353,-388,619,-37,97,651,-230,649,190,-10,-1,0
7,10,508,-612,312,-29,-356,-383,588,-78,97,651,-228,648,187,-10,-1,0
7,11,506,-610,306,-22,-354,-384,575,-78,97,652,-225,649,190,-9,-1,0
7,12,509,-614,307,-23,-349,-384,593,-55,97,652,-222,643,194,-10,-1,0
7,13,512,-615,312,-23,-351,-381,609,-64,97,651,-225,643,192,-7,-1,0
7,14,511,-611,310,-21,-356,-383,603,-76,97,650,-227,651,193,-4,-1,0
7,15,509,-609,306,-22,-352,-381,596,-70,97,651,-227,647,194,-4,-1,0
7,16,510,-611,303,-22,-347,-381,621,-52,97,651,-226,644,190,0,-1,0
7,17,512,-611,302,-19,-345,-387,623,-54,97,650,-223,653,191,-1,-1,0
7,18,511,-611,305,-19,-346,-384,582,-74,97,650,-225,654,194,-9,-1,0
7,19,506,-610,310,-24,-352,-378,595,-51,97,651,-226,647,190,-4,-1,0
7,20,508,-608,306,-26,-353,-382,618,-38,97,651,-224,646,187,3,-1,0
7,21,514,-609,304,-26,-349,-384,598,-54,97,650,-224,647,190,-2,-1,0
7,22,510,-613,306,-23,-356,-380,615,-41,97,652,-225,645,192,-9,-1,0
7,23,509,-611,307,-24,-358,-381,632,-44,97,654,-224,648,191,-5,-1,0
7,24,513,-606,308,-26,-347,-382,600,-69,97,652,-231,649,190,-5,-1,0
7,25,510,-609,305,-23,-347,-384,607,-36,97,648,-235,648,194,-9,-1,-1
7,26,506,-614,304,-22,-360,-387,645,-8,97,650,-228,650,193,-5,-1,0
7,27,508,-613,303,-25,-362,-383,626,-53,97,652,-225,648,188,-1,0,-1
7,28,512,-609,305,-24,-354,-381,615,-63,97,652,-226,645,188,-4,-1,-1
7,29,513,-612,310,-20,-352,-383,660,-2,97,651,-229,647,192,-6,-1,-1
7,30,509,-618,307,-23,-349,-383,665,19,97,651,-229,642,193,-7,-1,-1
7,31,510,-616,306,-23,-345,-380,622,-30,97,651,-225,639,191,-5,-1,0
7,32,514,-611,307,-23,-350,-384,600,-66,97,652,-227,646,190,-4,0,0
7,33,510,-614,304,-24,-352,-383,598,-57,97,651,-233,647,188,-7,0,0
7,34,506,-616,301,-19,-347,-377,599,-53,97,651,-229,644,190,-8,-1,0
7,35,508,-611,306,-21,-351,-381,625,-46,96,654,-218,647,193,-7,0,0
7,36,512,-606,312,-27,-350,-387,640,-33,97,654,-220,650,191,-7,0,0
7,37,512,-609,309,-25,-343,-382,623,-31,100,650,-233,649,189,-6,-1,0
7,38,509,-614,305,-22,-348,-379,639,-32,93,649,-234,649,192,-3,0,0
7,39,508,-612,307,-25,-358,-380,679,-31,100,650,-228,649,194,-3,-1,0
7,40,509,-613,307,-21,-355,-379,673,-20,124,649,-232,648,191,-7,-1,0
7,41,511,-615,307,-18,-350,-385,622,-12,117,650,-233,648,188,-10,-1,0
7,42,512,-612,310,-23,-353,-390,590,-41,92,652,-224,643,190,-8,-1,0
7,43,508,-610,305,-27,-348,-384,616,-51,94,651,-224,641,196,-5,-1,0
7,44,507,-611,303,-25,-342,-381,639,-20,102,651,-228,646,196,-4,-1,0
7,45,510,-613,308,-21,-350,-383,616,-38,96,651,-224,648,189,-5,-1,0
7,46,508,-609,308,-22,-355,-384,614,-71,96,651,-224,649,189,-8,-1,0
7,47,506,-608,304,-24,-349,-383,633,-63,100,651,-231,652,192,-9,-1,0
7,48,509,-611,306,-22,-350,-383,624,-60,96,651,-235,651,191,-10,-1,0
7,49,510,-613,308,-22,-356,-379,629,-52,96,651,-229,649,190,-8,-1,0
7,50,508,-614,305,-24,-352,-379,664,-8,99,651,-222,648,188,-6,-1,0
7,51,507,-614,305,-26,-349,-390,657,8,99,651,-225,644,186,-8,-1,0
7,52,506,-612,307,-29,-351,-394,615,-15,98,651,-228,646,190,-5,-1,0
7,53,507,-611,305,-29,-351,-385,585,-29,99,651,-226,649,192,-5,-1,0
7,54,509,-608,305,-23,-354,-379,589,-42,101,651,-224,647,190,-7,-1,0
8,55,508,-610,309,-24,-357,-385,624,-32,100,651,-223,644,191,-7,-1,0
8,56,508,-615,313,-28,-354,-389,629,-24,100,651,-224,643,191,-5,-1,0
8,57,512,-614,311,-24,-349,-384,602,-61,100,651,-223,648,191,-5,0,0
8,58,510,-609,306,-24,-351,-384,596,-86,100,651,-223,649,191,-7,-1,0
8,59,505,-611,306,-24,-351,-384,613,-71,100,651,-227,649,191,-8,-1,0
8,60,507,-612,310,-20,-351,-380,622,-65,100,651,-226,648,191,-5,0,0
8,61,510,-611,313,-19,-351,-384,628,-52,100,651,-221,646,191,-5,-1,0
8,62,508,-613,311,-22,-348,-392,637,-20,100,651,-221,648,191,-7,-1,0
8,63,507,-612,309,-22,-346,-388,611,-35,100,651,-228,645,189,-7,-1,0
8,64,510,-611,310,-24,-347,-381,564,-76,100,651,-226,642,190,-5,-1,0
8,65,509,-614,306,-27,-348,-389,552,-72,100,651,-220,647,191,-3,-1,0
8,66,504,-615,303,-25,-350,-391,586,-53,100,651,-223,646,189,-7,-1,0
8,67,505,-611,309,-22,-351,-381,599,-59,100,651,-226,638,192,-9,-1,0
8,68,509,-612,308,-22,-352,-381,598,-62,100,652,-223,642,197,-5,-1,0
8,69,510,-612,304,-22,-351,-385,619,-54,100,651,-220,650,193,-3,-1,0
8,70,510,-608,310,-22,-347,-384,606,-66,100,652,-229,648,187,-7,-1,0
8,71,508,-614,314,-24,-351,-380,603,-63,100,654,-234,648,190,-8,-1,0
8,72,507,-615,311,-25,-357,-380,632,-31,100,653,-224,647,190,-4,-1,0
8,73,508,-611,306,-23,-349,-381,616,-26,100,651,-218,641,188,-4,-1,0
8,74,508,-615,306,-23,-345,-378,599,-37,100,646,-227,641,190,-8,-1,0
8,75,507,-616,310,-23,-351,-378,627,-25,100,635,-232,650,191,-8,-1,0
8,76,508,-609,306,-22,-349,-384,615,-35,100,630,-223,649,189,-5,-1,0
8,77,510,-606,300,-24,-347,-385,599,-47,100,641,-224,644,191,-4,-1,0
8,78,508,-612,303,-25,-353,-381,625,-18,100,658,-232,643,193,-7,-1,0
8,79,506,-612,307,-24,-356,-380,614,-26,99,654,-231,645,190,-8,-1,0
8,80,506,-607,309,-22,-348,-381,600,-73,102,638,-226,648,191,-3,-1,0
8,81,508,-609,305,-24,-346,-381,627,-77,99,643,-226,646,194,-5,-1,0
8,82,508,-611,304,-22,-351,-380,639,-54,96,657,-229,644,192,-8,0,0
8,83,509,-609,307,-23,-352,-380,617,-55,114,652,-227,648,190,-5,-1,0
8,84,509,-612,306,-27,-353,-382,599,-63,119,648,-222,649,190,-5,0,0
8,85,508,-616,305,-23,-356,-383,612,-58,100,654,-227,642,190,-3,-1,0
8,86,509,-614,309,-19,-354,-383,619,-60,98,652,-235,641,188,-7,0,0
8,87,510,-611,307,-24,-343,-383,601,-52,108,647,-228,647,190,-14,-1,0
8,88,510,-611,305,-27,-348,-381,598,-26,99,652,-219,650,191,-5,0,0
8,89,508,-610,307,-25,-355,-386,625,-30,93,653,-222,645,189,3,-1,0
8,90,507,-610,306,-24,-349,-391,633,-68,102,647,-224,643,190,-5,0,0
8,91,508,-612,304,-24,-346,-385,611,-99,102,648,-226,648,191,-9,-1,0
8,92,509,-614,307,-22,-354,-381,617,-78,98,655,-227,650,191,-2,-1,0
8,93,511,-615,305,-22,-352,-384,647,-44,100,653,-227,646,190,-1,0,0
8,94,509,-613,303,-25,-350,-384,648,-45,98,645,-230,645,190,-9,-1,0
8,95,507,-611,305,-24,-355,-381,618,-72,101,648,-228,649,190,-8,0,0
8,96,508,-613,304,-23,-353,-380,603,-67,108,655,-219,645,188,-5,-1,0
8,97,508,-615,303,-25,-350,-381,604,-31,106,650,-221,638,190,-9,0,0
8,98,506,-614,310,-22,-355,-383,590,-31,97,651,-227,641,192,-8,-1,0
8,99,504,-614,310,-22,-352,-383,590,-66,97,653,-223,644,188,-4,-1,0
8,100,510,-612,305,-31,-347,-383,601,-78,101,639,-220,645,187,-7,-1,0
8,101,512,-610,307,-31,-352,-384,608,-56,99,637,-225,648,193,-8,-1,0
8,102,506,-610,309,-19,-352,-380,594,-78,98,652,-226,650,194,-6,-1,0
8,103,503,-609,309,-19,-346,-382,557,-129,98,654,-224,651,189,-6,-1,0
8,104,504,-610,306,-29,-352,-387,564,-101,97,647,-224,648,191,-8,-1,0
8,105,508,-610,305,-31,-353,-382,603,-51,97,650,-226,649,197,-6,-1,0
8,106,510,-611,307,-29,-345,-378,608,-60,98,653,-230,653,196,-4,-1,0
8,107,507,-612,308,-27,-347,-390,588,-77,99,649,-233,651,192,-6,-1,0
8,108,507,-610,306,-22,-357,-394,592,-54,99,652,-227,647,193,-6,-1,0
8,109,509,-611,305,-22,-354,-383,605,-40,99,651,-219,648,194,-5,-1,0
8,110,508,-616,308,-26,-349,-380,600,-41,99,651,-224,651,192,-2,-1,0
8,111,506,-614,307,-22,-352,-380,606,-17,99,651,-230,651,190,-2,-1,0
8,112,507,-611,302,-20,-357,-378,630,-12,99,651,-226,649,192,-5,-1,0
8,113,510,-613,302,-29,-354,-381,641,-47,99,651,-226,646,192,-3,-1,0
8,114,508,-614,304,-31,-349,-383,618,-71,99,651,-225,645,190,-7,-1,0
8,115,503,-616,307,-21,-352,-380,589,-66,99,651,-221,648,188,-10,-1,0
8,116,506,-618,306,-21,-356,-380,592,-63,99,651,-224,650,189,-7,-1,0
8,117,514,-613,302,-29,-352,-385,609,-57,99,651,-223,645,192,-7,-1,0
8,118,514,-607,304,-25,-346,-383,588,-54,99,650,-223,644,191,-7,-1,0
8,119,507,-610,306,-22,-349,-379,557,-76,99,653,-233,650,189,-5,-1,0
8,120,510,-615,303,-26,-353,-385,583,-77,99,652,-233,649,188,-7,-1,0
8,121,516,-613,303,-26,-345,-392,625,-50,99,645,-227,644,187,-9,-1,0
8,122,509,-610,305,-23,-345,-385,630,-32,99,647,-233,647,191,-9,-1,0
8,123,503,-610,305,-20,-357,-375,625,-32,99,654,-231,654,194,-6,-1,0
8,124,505,-610,307,-21,-360,-381,626,-29,98,652,-222,652,191,-4,-1,0
8,125,508,-612,307,-26,-352,-387,615,-22,98,649,-226,645,191,-7,-1,0
8,126,510,-613,303,-25,-346,-381,598,-39,101,651,-230,648,192,-7,-1,0
8,127,508,-614,300,-22,-349,-383,595,-55,98,654,-222,650,189,-7,-1,0
8,128,505,-613,306,-26,-350,-386,598,-39,96,652,-222,646,192,-9,-1,0
8,0,507,-613,311,-27,-346,-380,595,-36,114,650,-228,643,196,-10,-1,0
8,1,511,-613,306,-24,-350,-385,584,-70,123,650,-226,643,191,-10,-1,0
8,2,512,-612,306,-24,-355,-396,585,-70,103,652,-225,649,190,-8,-1,0
8,3,509,-613,308,-21,-352,-389,614,-38,91,651,-232,650,192,-10,-1,0
8,4,509,-615,304,-20,-351,-380,632,-48,99,650,-233,645,188,-13,-1,0
8,5,510,-613,307,-23,-352,-383,623,-58,100,649,-222,650,190,-11,-1,0
8,6,507,-612,310,-27,-352,-386,627,-20,95,649,-219,657,195,-7,-1,0
8,7,510,-613,305,-28,-353,-381,641,0,98,650,-226,651,191,-2,0,0
8,8,512,-612,303,-28,-355,-380,627,-22,97,649,-225,643,189,-3,-1,0
8,9,509,-611,305,-27,-358,-382,602,-50,97,649,-221,646,192,-7,0,0
8,10,509,-613,305,-23,-358,-384,585,-51,97,650,-228,650,191,-7,-1,0
8,11,513,-615,308,-25,-353,-386,567,-42,97,650,-235,646,189,-7,-1,0
8,12,511,-612,310,-23,-345,-382,571,-31,97,650,-229,647,194,-7,0,0
8,13,507,-610,308,-20,-346,-380,588,-30,97,650,-220,649,195,-9,-1,0
8,14,509,-614,306,-22,-349,-389,595,-38,97,650,-221,644,191,-10,0,0
8,15,514,-616,305,-24,-348,-393,594,-60,97,650,-226,640,190,-8,-1,0
8,16,515,-612,305,-25,-354,-387,595,-68,97,650,-223,643,189,-11,-1,0
8,17,512,-611,306,-29,-357,-383,611,-26,97,650,-223,649,191,-12,-1,0
8,18,510,-615,305,-32,-354,-381,642,15,97,649,-233,651,195,-3,-1,0
8,19,507,-615,307,-28,-349,-385,647,7,97,649,-233,651,194,-4,-1,0
8,20,506,-607,309,-25,-349,-392,599,-15,97,650,-228,646,190,-11,-1,0
8,21,508,-610,303,-24,-352,-390,563,-36,97,649,-234,643,188,-11,-1,-1
8,22,509,-617,304,-24,-351,-383,581,-44,97,649,-233,644,192,-9,-1,0
8,23,510,-615,311,-26,-346,-382,619,-25,97,652,-224,647,194,-8,-1,0
8,24,510,-611,307,-23,-350,-384,634,-13,97,654,-224,647,190,-6,-1,0
8,25,510,-610,305,-21,-356,-381,626,-31,97,652,-228,645,189,-5,-1,0
8,26,509,-610,311,-25,-352,-381,618,-42,97,650,-229,647,194,-8,-1,0
8,27,511,-613,309,-27,-344,-387,636,-23,97,651,-225,649,195,-10,0,0
8,28,513,-614,306,-27,-344,-387,656,-4,97,652,-222,644,191,-7,-1,0
8,29,507,-613,306,-24,-348,-382,645,0,97,651,-229,642,193,-6,0,0
8,30,507,-613,306,-21,-352,-380,620,-5,97,650,-232,648,194,-6,-1,0
8,31,512,-612,304,-24,-353,-384,598,-20,97,653,-223,649,191,-6,0,0
8,32,513,-612,305,-26,-352,-385,585,-35,97,654,-224,641,192,-6,-1,0
8,33,512,-615,308,-20,-352,-384,592,-36,97,650,-230,641,195,-7,-1,0
8,34,513,-616,305,-24,-351,-384,591,-32,97,648,-229,647,192,-10,-1,0
8,35,513,-614,303,-34,-344,-384,565,-47,97,651,-224,651,191,-4,-1,0
8,36,509,-611,303,-29,-341,-377,558,-66,97,652,-219,648,191,-4,-1,0
8,37,509,-610,303,-22,-351,-378,565,-76,97,652,-221,645,191,-11,-1,0
8,38,511,-614,302,-29,-356,-388,565,-64,97,654,-228,645,192,-5,-1,0
8,39,510,-611,304,-28,-348,-384,593,-26,97,655,-227,643,189,-1,-1,0
8,40,509,-603,309,-18,-344,-375,632,-9,97,651,-218,644,188,-5,-1,0
8,41,510,-608,308,-22,-348,-379,625,-38,97,649,-217,647,191,-5,-1,0
8,42,507,-618,305,-29,-347,-383,587,-61,97,647,-224,649,194,-5,-1,0
8,43,507,-614,309,-22,-343,-381,582,-53,97,648,-227,652,193,-9,-1,0
8,44,513,-610,312,-21,-343,-383,591,-61,96,654,-221,648,187,-12,-1,0
8,45,514,-614,308,-24,-345,-382,599,-60,96,655,-222,646,188,-8,-1,0
8,46,507,-613,311,-26,-346,-383,619,-29,99,653,-230,649,192,-6,-1,0
8,47,502,-613,313,-29,-346,-386,614,-42,96,654,-229,647,191,-11,-1,0
8,48,510,-615,307,-25,-351,-382,571,-96,93,654,-223,649,191,-8,0,0
8,49,512,-611,301,-21,-353,-381,561,-95,112,653,-221,655,191,-6,-1,0
8,50,505,-610,306,-27,-347,-384,609,-48,122,653,-223,645,187,-8,0,0
8,51,508,-613,313,-28,-346,-379,638,-52,103,652,-227,638,189,-7,0,0
8,52,512,-612,307,-21,-348,-381,614,-73,92,651,-225,646,192,-4,-1,0
8,53,512,-613,304,-21,-345,-389,607,-40,100,654,-219,651,193,-8,0,0
8,54,511,-613,309,-25,-348,-386,617,-42,99,654,-220,642,195,-8,-1,0
9,55,509,-610,311,-22,-355,-382,585,-87,95,653,-225,636,196,-4,0,0
9,56,507,-609,305,-20,-355,-388,573,-57,98,654,-225,639,193,-9,0,0
9,57,508,-612,303,-22,-351,-389,618,-12,99,653,-224,644,192,-14,-1,0
9,58,509,-612,311,-23,-345,-380,621,-61,99,654,-227,648,194,-8,-1,0
9,59,509,-611,310,-22,-342,-378,573,-111,99,655,-228,646,193,-6,-1,0
9,60,511,-612,302,-23,-347,-386,568,-89,99,652,-223,642,191,-12,-1,0
9,61,512,-607,306,-22,-346,-390,571,-84,99,651,-226,644,189,-11,-1,0
9,62,508,-611,308,-20,-345,-385,552,-107,99,654,-235,647,191,-6,-1,0
9,63,504,-615,306,-21,-353,-378,578,-81,99,653,-233,644,192,-6,-1,0
9,64,506,-611,310,-25,-353,-380,612,-45,99,652,-224,643,190,-8,-1,0
9,65,509,-610,310,-23,-351,-384,594,-65,99,655,-224,644,190,-8,-1,0
9,66,509,-615,306,-26,-352,-382,557,-106,99,653,-230,641,191,-5,-1,0
9,67,507,-615,307,-31,-349,-383,564,-94,99,649,-231,638,195,-2,-1,0
9,68,507,-612,307,-25,-347,-386,567,-64,99,650,-224,644,197,-6,-1,0
9,69,506,-612,303,-17,-350,-388,552,-66,99,654,-219,651,192,-14,-1,0
9,70,505,-611,303,-27,-348,-386,575,-58,99,653,-224,649,189,-15,-1,0
9,71,509,-612,307,-30,-343,-383,573,-70,99,652,-228,644,191,-9,-1,0
9,72,511,-614,307,-23,-347,-386,535,-100,99,650,-223,645,191,-9,0,0
9,73,509,-612,307,-30,-348,-384,561,-86,99,644,-221,649,189,-10,0,0
9,74,508,-611,309,-36,-349,-378,587,-89,99,637,-227,648,189,-5,0,0
9,75,506,-614,309,-23,-352,-386,544,-133,99,634,-230,645,190,-9,0,0
9,76,506,-615,309,-17,-348,-396,554,-111,99,635,-228,647,191,-11,-1,0
9,77,506,-614,306,-26,-349,-387,618,-46,99,647,-230,651,192,-4,0,0
9,78,507,-609,304,-24,-358,-380,604,-56,99,655,-232,650,190,-4,-1,0
9,79,510,-608,305,-17,-354,-385,559,-88,99,642,-228,645,189,-6,-1,0
9,80,506,-611,304,-25,-348,-385,548,-99,99,625,-222,642,195,-6,-1,0
9,81,505,-609,308,-28,-356,-381,562,-101,99,629,-224,646,194,-6,-1,0
9,82,508,-608,314,-24,-357,-381,601,-64,99,645,-231,649,187,-4,-1,0
9,83,509,-613,311,-25,-349,-388,592,-58,99,653,-233,648,188,-4,-1,0
9,84,509,-613,305,-28,-346,-390,534,-119,99,654,-226,650,192,-6,-1,0
9,85,507,-611,307,-29,-344,-384,527,-138,99,655,-224,647,191,-4,-1,0
9,86,509,-610,312,-23,-344,-378,540,-122,99,654,-225,642,189,-6,-1,0
9,87,512,-611,310,-19,-348,-381,518,-142,99,651,-222,647,191,-12,-1,0
9,88,509,-613,305,-24,-356,-385,501,-169,99,652,-221,649,189,-10,-1,0
9,89,504,-612,307,-30,-358,-383,502,-156,99,653,-223,648,191,-3,-1,0
9,90,507,-611,312,-29,-355,-383,501,-131,99,648,-224,647,192,-9,-1,0
9,91,510,-614,309,-24,-349,-383,514,-126,99,650,-225,645,191,-14,-1,0
9,92,505,-617,304,-25,-349,-380,534,-116,99,653,-230,644,193,-8,0,-1
9,93,503,-617,302,-32,-353,-384,542,-89,99,651,-233,645,196,-5,-1,0
9,94,509,-614,306,-31,-351,-390,527,-95,99,651,-225,644,192,-6,0,0
9,95,509,-613,306,-24,-351,-387,496,-135,99,654,-221,642,189,-10,-1,0
9,96,507,-613,304,-23,-356,-380,500,-126,99,654,-224,645,192,-11,0,0
9,97,510,-615,303,-26,-352,-379,536,-87,99,654,-223,645,190,-6,-1,0
9,98,511,-614,303,-23,-349,-386,546,-92,99,653,-222,643,188,-5,-1,0
9,99,507,-612,306,-23,-354,-388,534,-111,99,651,-224,647,191,-7,-1,0
9,100,506,-615,305,-25,-352,-387,519,-117,99,652,-221,650,194,-9,-1,0
9,101,506,-615,303,-24,-346,-385,520,-109,99,653,-220,648,193,-10,-1,0
9,102,504,-609,308,-20,-350,-387,534,-87,99,652,-227,648,190,-7,-1,0
9,103,506,-610,310,-21,-352,-384,540,-79,99,651,-225,651,191,-5,-1,0
9,104,513,-613,307,-26,-346,-379,541,-87,99,650,-219,651,191,-5,-1,0
9,105,512,-610,304,-26,-345,-379,536,-98,99,649,-220,646,189,-8,0,0
9,106,504,-610,302,-29,-347,-388,522,-111,99,650,-223,645,189,-12,-1,0
9,107,504,-614,305,-31,-350,-393,526,-117,99,650,-225,648,192,-11,-1,0
9,108,508,-612,309,-30,-351,-387,531,-115,99,650,-227,647,191,-9,0,0
9,109,510,-611,308,-28,-347,-383,507,-121,99,650,-228,643,189,-8,0,0
9,110,510,-615,305,-25,-348,-387,503,-119,99,650,-227,646,194,-5,0,0
9,111,509,-615,304,-20,-352,-390,539,-89,99,650,-229,648,196,-9,-1,0
9,112,510,-611,308,-19,-350,-389,545,-75,99,650,-229,645,192,-12,0,0
9,113,509,-612,306,-25,-347,-389,509,-98,99,651,-224,645,193,-9,0,0
9,114,510,-613,307,-25,-352,-387,497,-118,99,652,-222,646,195,-6,0,0
9,115,513,-609,312,-21,-358,-382,519,-122,99,650,-228,645,193,-6,0,0
9,116,509,-609,309,-26,-357,-384,529,-113,99,649,-231,646,190,-4,0,0
9,117,506,-614,304,-29,-354,-389,532,-92,99,651,-223,650,193,-2,-1,0
9,118,507,-616,306,-24,-354,-389,541,-90,99,655,-219,647,191,-8,-1,0
9,119,506,-612,309,-20,-351,-381,517,-118,99,652,-223,641,188,-9,-1,0
9,120,507,-608,306,-20,-344,-375,479,-132,99,651,-223,643,192,-6,-1,0
9,121,509,-611,302,-23,-351,-384,505,-127,99,650,-223,647,193,-9,-1,0
9,122,507,-615,305,-26,-357,-392,552,-116,99,642,-228,648,190,-7,-1,0
9,123,506,-615,311,-25,-353,-387,534,-108,99,641,-225,647,193,-3,-1,0
9,124,510,-611,310,-27,-351,-384,503,-111,99,653,-220,645,196,-4,-1,0
9,125,511,-609,305,-30,-354,-386,502,-125,99,656,-225,643,192,-5,-1,0
9,126,509,-612,303,-30,-351,-385,505,-130,99,650,-227,641,186,-5,-1,0
9,127,508,-608,306,-26,-349,-385,524,-108,99,651,-226,644,190,-4,-1,0
9,128,507,-609,310,-27,-353,-386,545,-84,99,652,-227,647,194,-7,-1,0
9,0,509,-615,305,-26,-353,-379,532,-99,99,649,-222,643,191,-10,0,0
9,1,512,-616,304,-20,-349,-377,519,-120,99,649,-227,643,191,-8,0,0
9,2,509,-611,308,-23,-348,-387,528,-95,99,650,-235,646,195,-9,-1,0
9,3,508,-606,310,-27,-346,-392,536,-83,99,651,-229,642,195,-8,0,0
9,4,509,-608,308,-24,-344,-388,535,-117,99,652,-228,645,192,-9,-1,0
9,5,511,-616,306,-21,-349,-386,519,-135,99,652,-235,649,191,-13,-1,0
9,6,513,-615,309,-19,-353,-389,504,-119,99,652,-231,646,190,-11,-1,0
9,7,510,-607,312,-23,-352,-387,535,-86,99,651,-222,644,189,-9,-1,0
9,8,507,-607,312,-25,-355,-381,547,-85,99,651,-221,647,188,-10,-1,0
9,9,509,-612,306,-21,-355,-380,502,-135,99,651,-230,654,186,-7,-1,0
9,10,509,-617,306,-21,-350,-384,499,-156,99,651,-234,652,189,-9,-1,0
9,11,504,-614,309,-28,-352,-388,518,-138,99,651,-229,643,191,-12,-1,0
9,12,506,-611,306,-27,-361,-386,510,-138,99,652,-228,639,190,-8,-1,0
9,13,507,-613,304,-21,-358,-382,524,-135,99,653,-231,642,191,-7,-1,0
9,14,508,-615,306,-25,-346,-379,547,-114,99,651,-224,647,191,-11,-1,0
9,15,510,-611,305,-27,-348,-387,520,-112,99,651,-224,647,188,-12,-1,0
9,16,513,-610,307,-21,-354,-394,479,-122,99,651,-228,651,190,-5,-1,0
9,17,511,-612,311,-25,-351,-387,473,-118,99,653,-223,652,192,-1,0,0
9,18,510,-611,309,-30,-350,-387,469,-136,99,652,-224,652,191,-4,0,0
9,19,512,-611,308,-23,-356,-391,474,-154,99,651,-226,649,193,-7,0,0
9,20,508,-612,307,-21,-359,-388,502,-129,99,654,-224,644,196,-8,0,0
9,21,505,-610,308,-29,-352,-386,508,-123,99,651,-224,645,194,-7,0,0
9,22,507,-609,311,-30,-347,-391,487,-158,99,638,-226,648,194,-7,0,0
9,23,509,-609,307,-23,-350,-389,503,-153,99,634,-222,645,195,-8,0,0
9,24,509,-608,305,-23,-354,-386,530,-128,99,638,-228,644,192,-5,0,0
9,25,507,-610,308,-25,-352,-386,507,-145,99,635,-236,645,188,-3,0,0
9,26,509,-614,309,-21,-350,-380,506,-134,99,633,-229,646,188,-3,0,0
9,27,512,-614,306,-22,-350,-378,539,-105,99,636,-226,646,192,-6,-1,0
9,28,508,-609,310,-26,-348,-387,524,-125,99,636,-232,645,194,-8,-1,0
9,29,504,-609,312,-23,-352,-390,507,-124,99,637,-229,645,192,-6,-1,0
9,30,506,-614,308,-20,-356,-386,516,-106,99,634,-219,641,189,-8,-1,0
9,31,510,-611,308,-21,-347,-379,479,-153,99,637,-219,640,190,-10,-1,0
9,32,508,-605,308,-24,-345,-379,455,-177,99,652,-226,647,194,-8,-1,0
9,33,503,-609,307,-27,-356,-386,503,-126,99,656,-229,650,194,-10,-1,0
9,34,506,-613,309,-24,-354,-388,527,-111,99,649,-226,645,191,-10,-1,0
9,35,510,-610,305,-23,-350,-386,500,-147,99,648,-225,645,188,-7,-1,0
9,36,506,-611,302,-26,-358,-381,498,-144,99,651,-228,649,189,-6,-1,0
9,37,503,-614,310,-24,-357,-381,515,-119,99,649,-227,645,190,-8,-1,0
9,38,506,-612,311,-23,-349,-386,509,-132,99,649,-221,641,188,-10,-1,0
9,39,511,-607,307,-28,-353,-384,503,-142,99,650,-223,646,190,-9,0,0
9,40,508,-608,305,-28,-352,-381,498,-131,99,649,-233,647,194,-10,-1,0
9,41,507,-613,303,-23,-346,-390,517,-117,99,650,-233,643,192,-12,0,0
9,42,510,-611,306,-21,-351,-392,526,-118,99,650,-226,645,189,-4,-1,0
9,43,507,-612,307,-21,-355,-385,481,-124,99,649,-225,649,193,0,-1,0
9,44,504,-614,303,-23,-353,-383,456,-133,99,650,-228,650,197,-6,0,0
9,45,507,-614,306,-28,-354,-387,489,-158,98,650,-229,647,193,-11,-1,0
9,46,507,-615,308,-26,-355,-393,516,-172,98,649,-227,644,190,-10,0,0
9,47,505,-614,304,-21,-352,-388,514,-143,101,650,-223,643,191,-5,-1,0
9,48,505,-609,304,-22,-349,-383,522,-114,98,653,-220,640,191,-7,-1,0
9,49,507,-609,305,-23,-351,-391,497,-147,96,651,-225,645,189,-11,0,0
9,50,507,-612,306,-21,-351,-391,471,-166,111,651,-229,651,190,-9,-1,0
9,51,507,-611,307,-26,-351,-383,500,-128,114,653,-228,649,193,-8,-1,0
9,52,509,-610,306,-32,-350,-387,507,-126,97,651,-225,643,191,-7,-1,0
9,53,508,-614,305,-28,-354,-388,494,-144,94,648,-224,641,188,-7,-1,0
9,54,513,-611,306,-19,-357,-379,500,-131,103,649,-226,646,190,-10,-1,0
