0,124,508,-604,300,-33,-355,-498,338,-356,99,650,-229,593,128,-172,0,0
0,125,510,-603,302,-33,-356,-498,350,-345,99,650,-229,593,128,-170,0,0
0,126,502,-609,303,-33,-352,-498,360,-334,99,650,-229,587,128,-168,0,0
0,127,504,-606,297,-33,-353,-498,351,-344,99,650,-229,592,128,-168,-1,0
0,128,512,-602,300,-33,-360,-498,345,-375,99,650,-229,592,128,-169,-1,0
0,0,510,-610,305,-33,-363,-498,356,-371,99,650,-229,589,128,-170,0,0
0,1,507,-616,300,-33,-362,-498,357,-345,99,650,-229,594,128,-171,-1,0
0,2,507,-609,295,-33,-358,-498,349,-351,99,650,-229,593,128,-171,-1,0
0,3,506,-600,296,-33,-353,-498,358,-351,99,650,-229,584,128,-171,-1,0
0,4,507,-603,304,-32,-351,-498,375,-337,99,650,-229,584,128,-171,-1,0
0,5,507,-606,310,-33,-353,-498,370,-348,99,650,-229,590,128,-168,-1,0
0,6,505,-601,310,-33,-356,-498,357,-351,99,650,-229,591,128,-169,-1,0
0,7,507,-601,300,-31,-355,-498,356,-331,99,650,-229,590,128,-171,-1,0
0,8,506,-604,294,-30,-353,-498,355,-332,99,650,-229,584,128,-170,-1,0
0,9,505,-605,300,-31,-352,-498,348,-341,99,650,-229,581,128,-169,-1,0
0,10,510,-605,301,-32,-354,-498,347,-346,99,650,-229,588,128,-173,-1,0
0,11,509,-603,298,-31,-357,-498,361,-353,99,650,-229,595,128,-171,-1,0
0,12,504,-604,300,-31,-356,-498,371,-349,99,650,-229,592,128,-167,-1,0
0,13,505,-607,301,-30,-354,-498,360,-342,99,650,-229,581,128,-181,-1,0
0,14,510,-603,306,-29,-353,-498,362,-339,99,650,-229,585,128,-185,-1,0
0,15,512,-604,316,-29,-353,-498,380,-319,99,650,-229,590,128,-166,-1,0
0,16,510,-621,310,-31,-353,-498,377,-314,99,650,-229,583,128,-157,-1,0
0,17,509,-626,295,-33,-355,-498,361,-342,99,650,-229,582,128,-163,-1,0
0,18,511,-607,299,-32,-356,-498,357,-354,99,650,-229,587,128,-164,-1,0
0,19,510,-598,308,-31,-354,-498,353,-351,99,650,-229,587,128,-166,-1,0
0,20,506,-608,303,-31,-354,-498,350,-357,99,650,-229,584,128,-174,-1,0
0,21,508,-606,298,-31,-355,-498,366,-345,99,650,-229,583,128,-172,0,0
0,22,509,-596,299,-31,-353,-498,369,-332,99,650,-229,584,128,-164,-1,0
0,23,509,-610,298,-31,-354,-498,349,-351,99,650,-229,590,128,-165,-1,0
0,24,510,-628,299,-31,-355,-498,345,-357,99,650,-229,596,128,-168,-1,0
0,25,507,-614,301,-31,-353,-498,361,-346,99,650,-229,590,128,-171,-1,0
0,26,507,-599,298,-31,-354,-498,362,-368,99,650,-229,581,128,-171,-1,0
0,27,510,-606,299,-31,-351,-498,351,-392,99,650,-229,583,128,-167,-1,0
0,28,508,-608,304,-31,-347,-498,351,-391,99,650,-229,587,128,-173,-1,0
0,29,507,-602,308,-31,-351,-498,351,-390,99,650,-229,589,128,-179,-1,0
0,30,510,-606,309,-31,-355,-498,353,-369,99,650,-229,588,128,-175,-1,0
0,31,509,-608,305,-31,-353,-498,361,-334,99,650,-229,584,128,-177,-1,0
0,32,508,-604,307,-31,-353,-498,361,-332,99,650,-229,585,128,-178,-1,0
0,33,512,-605,315,-31,-356,-498,347,-360,99,650,-229,589,128,-178,-1,0
0,34,511,-604,308,-31,-355,-498,338,-377,99,650,-229,583,128,-181,-1,0
0,35,504,-604,294,-31,-354,-498,353,-387,99,650,-229,580,128,-171,-1,0
0,36,504,-606,299,-31,-354,-498,379,-386,99,650,-229,590,128,-171,-1,0
0,37,512,-602,310,-31,-353,-498,385,-371,99,650,-229,588,128,-180,-1,0
0,38,516,-605,304,-31,-352,-498,375,-374,99,650,-229,586,128,-170,-1,0
0,39,511,-621,303,-31,-349,-498,363,-380,99,650,-229,594,128,-159,-1,0
0,40,505,-624,315,-31,-349,-498,359,-359,99,650,-229,591,128,-168,-1,0
0,41,510,-622,312,-31,-354,-498,354,-349,99,650,-229,588,128,-167,-1,0
0,42,517,-626,296,-31,-356,-498,353,-360,99,650,-230,593,128,-164,-1,0
0,43,512,-618,297,-31,-354,-498,349,-355,99,650,-233,590,128,-174,0,0
0,44,504,-600,305,-31,-353,-498,350,-348,99,650,-232,589,128,-173,-1,0
0,45,505,-602,303,-31,-353,-498,368,-359,99,650,-229,594,128,-167,0,0
0,46,512,-610,299,-31,-351,-498,388,-354,99,650,-230,591,128,-177,-1,0
0,47,511,-602,299,-31,-353,-498,386,-362,99,650,-233,582,128,-179,-1,0
0,48,505,-602,301,-31,-356,-498,366,-394,99,650,-231,587,128,-170,-1,0
0,49,505,-617,301,-31,-354,-498,353,-380,99,650,-228,596,128,-175,-1,0
0,50,509,-617,301,-31,-353,-498,359,-342,99,650,-229,594,128,-181,-1,0
0,51,510,-602,302,-31,-354,-498,369,-343,99,650,-229,583,128,-163,-1,0
0,52,510,-601,305,-31,-355,-498,368,-355,99,650,-229,584,128,-152,-1,0
0,53,506,-607,308,-31,-355,-498,364,-354,99,650,-229,591,128,-168,-1,0
0,54,506,-604,308,-31,-356,-498,374,-355,99,650,-229,586,128,-174,-1,0
0,55,509,-599,304,-31,-354,-498,386,-349,99,650,-229,584,128,-167,-1,0
0,56,510,-601,300,-31,-352,-498,387,-331,99,650,-229,586,128,-175,-1,0
0,57,509,-613,301,-31,-351,-498,389,-321,99,650,-229,583,128,-179,-1,0
0,58,509,-624,297,-31,-352,-498,397,-325,99,650,-229,587,128,-173,-1,0
0,59,508,-621,298,-31,-352,-498,398,-330,99,650,-229,587,128,-182,-1,0
0,60,505,-619,310,-31,-352,-498,390,-344,99,650,-229,586,128,-182,-1,0
0,61,504,-620,308,-31,-353,-498,384,-356,99,650,-229,586,128,-164,-1,0
0,62,503,-619,302,-31,-353,-498,390,-342,99,650,-229,581,128,-164,-1,0
0,63,504,-621,311,-31,-353,-498,392,-321,99,650,-229,582,128,-174,-1,0
0,64,509,-624,313,-31,-355,-498,389,-320,99,650,-229,585,128,-165,-1,0
0,65,508,-619,299,-31,-356,-498,385,-321,99,650,-229,583,128,-160,-1,0
0,66,507,-620,297,-31,-354,-498,379,-319,99,650,-229,581,128,-177,-1,0
0,67,512,-623,303,-31,-354,-499,391,-326,99,650,-229,587,128,-182,-1,0
0,68,516,-614,305,-31,-356,-497,410,-319,99,650,-229,590,128,-171,-1,0
0,69,509,-603,309,-31,-355,-498,403,-309,99,650,-229,582,128,-175,-1,0
0,70,509,-604,309,-31,-351,-499,398,-316,99,650,-229,580,128,-178,-1,0
0,71,515,-606,297,-31,-350,-494,409,-324,99,650,-229,585,128,-174,-1,0
0,72,512,-605,294,-31,-355,-487,392,-340,99,650,-229,590,128,-175,-1,0
0,73,506,-601,306,-31,-354,-487,360,-368,99,650,-229,589,128,-175,0,0
0,74,503,-610,307,-31,-350,-495,364,-365,99,650,-229,584,128,-176,-1,0
0,75,511,-621,304,-31,-352,-499,381,-331,99,650,-229,584,128,-179,0,0
0,76,519,-614,306,-31,-357,-499,374,-330,99,650,-229,584,128,-173,-1,0
0,77,514,-600,303,-31,-356,-499,362,-354,99,650,-229,586,128,-167,-1,0
0,78,503,-604,300,-31,-352,-498,368,-359,99,650,-229,587,128,-166,0,0
0,79,504,-609,300,-31,-355,-498,382,-352,99,650,-229,587,128,-170,-1,0
0,80,510,-603,304,-31,-355,-498,388,-360,99,650,-229,587,128,-175,-1,0
0,81,505,-603,311,-31,-353,-499,392,-355,99,650,-229,588,128,-176,-1,0
0,82,504,-606,310,-31,-353,-498,392,-336,99,650,-229,585,128,-174,-1,0
0,83,515,-601,304,-31,-355,-499,380,-348,99,650,-229,584,128,-176,-1,0
0,84,516,-610,300,-31,-356,-499,377,-365,99,650,-229,586,128,-168,-1,0
0,85,507,-624,297,-31,-355,-499,387,-344,99,650,-229,587,128,-159,-1,0
0,86,505,-616,302,-31,-355,-499,391,-329,99,650,-229,587,128,-171,-1,0
0,87,510,-600,311,-31,-356,-499,383,-358,99,650,-229,586,128,-183,-1,0
0,88,511,-603,306,-31,-356,-499,375,-380,99,650,-229,585,128,-178,-1,0
0,89,510,-608,295,-31,-357,-499,379,-357,99,650,-229,586,128,-172,-1,0
0,90,510,-603,298,-31,-356,-499,384,-337,99,650,-229,588,128,-176,-1,0
0,91,504,-605,305,-31,-352,-499,382,-344,99,650,-229,584,128,-174,-1,0
0,92,504,-608,305,-31,-350,-499,378,-361,99,650,-229,585,128,-162,-1,0
0,93,508,-606,311,-31,-351,-499,378,-379,99,650,-229,591,128,-169,-1,0
0,94,507,-607,314,-31,-354,-500,381,-381,99,650,-229,589,128,-175,-1,0
0,95,507,-607,310,-31,-355,-497,377,-362,99,650,-229,591,128,-157,-1,0
0,96,510,-607,308,-31,-354,-497,378,-348,99,650,-229,592,128,-157,-1,0
0,97,506,-607,309,-32,-351,-502,385,-350,99,650,-229,588,128,-167,-1,0
0,98,512,-607,314,-28,-348,-489,371,-352,99,650,-229,585,128,-156,-1,0
0,99,525,-607,320,-24,-348,-471,350,-360,99,650,-229,585,128,-163,-1,0
0,100,515,-607,315,-28,-349,-483,349,-372,99,650,-229,593,128,-184,0,0
0,101,501,-607,307,-32,-349,-502,347,-365,99,650,-229,592,128,-176,-1,0
0,102,509,-607,311,-30,-351,-499,336,-358,99,650,-229,588,128,-167,0,0
0,103,512,-606,312,-30,-356,-497,333,-371,99,650,-229,590,128,-178,-1,0
0,104,504,-607,298,-32,-355,-502,336,-365,99,650,-229,595,128,-178,0,0
0,105,509,-609,295,-32,-347,-500,338,-340,99,650,-229,587,128,-175,-1,0
0,106,512,-602,311,-31,-349,-498,336,-344,99,650,-229,581,128,-174,-1,0
0,107,506,-609,311,-31,-356,-500,328,-366,99,650,-229,586,128,-169,0,0
0,108,508,-624,301,-31,-355,-498,318,-372,99,650,-229,588,128,-172,0,0
0,109,509,-614,306,-31,-352,-498,308,-381,99,650,-229,589,128,-177,-1,-1
0,110,505,-603,311,-31,-353,-499,299,-391,99,650,-229,585,128,-178,-1,0
0,111,507,-618,308,-31,-352,-498,305,-384,99,650,-229,584,128,-174,-1,0
0,112,509,-632,311,-31,-352,-498,320,-380,99,650,-229,588,128,-174,-1,0
0,113,503,-625,308,-31,-354,-498,327,-369,99,650,-229,588,128,-170,-1,0
0,114,503,-612,299,-31,-355,-498,323,-352,97,650,-229,585,128,-174,-1,0
0,115,509,-603,305,-31,-357,-498,313,-365,98,650,-229,586,128,-183,-1,0
0,116,509,-603,314,-31,-354,-498,317,-374,99,650,-229,589,128,-177,-1,0
0,117,506,-606,310,-31,-349,-498,336,-353,98,650,-229,586,128,-167,-1,0
0,118,508,-604,307,-31,-353,-498,345,-347,97,650,-229,585,128,-174,-1,0
0,119,505,-606,304,-31,-358,-498,340,-362,97,650,-229,590,128,-180,-1,0
0,120,504,-606,301,-31,-354,-498,337,-350,97,650,-229,591,128,-167,-1,0
0,121,507,-604,300,-31,-349,-498,327,-347,97,650,-229,589,128,-161,-1,0
0,122,506,-605,298,-31,-355,-498,312,-373,97,650,-229,585,128,-171,-1,0
0,123,506,-605,298,-31,-361,-498,321,-371,97,650,-229,581,128,-170,-1,0
0,124,507,-605,300,-31,-355,-498,345,-346,97,650,-229,585,128,-166,-1,0
1,125,506,-605,300,-31,-347,-498,354,-340,98,650,-229,585,128,-173,-1,0
1,126,506,-605,300,-31,-351,-498,346,-361,99,650,-229,580,128,-180,-1,0
1,127,509,-605,302,-31,-359,-498,336,-378,99,650,-229,581,128,-177,-1,0
1,128,509,-605,307,-31,-359,-498,336,-366,99,650,-229,589,128,-176,-1,0
1,0,505,-605,313,-31,-356,-498,335,-348,99,650,-229,591,128,-176,-1,0
1,1,503,-605,307,-31,-355,-498,337,-354,99,650,-229,585,128,-173,-1,0
1,2,505,-605,304,-31,-354,-498,349,-361,99,650,-229,586,128,-175,-1,0
1,3,504,-605,313,-31,-351,-498,350,-349,99,650,-229,588,128,-177,-1,0
1,4,504,-605,315,-31,-350,-498,333,-354,99,650,-229,587,128,-172,-1,0
1,5,507,-605,306,-31,-349,-498,335,-355,99,650,-229,584,128,-169,-1,0
1,6,511,-605,299,-31,-351,-498,349,-340,99,650,-229,586,128,-174,-1,0
1,7,509,-605,301,-31,-353,-498,344,-343,99,649,-229,594,128,-180,-1,0
1,8,507,-605,306,-31,-354,-498,335,-356,99,649,-229,595,128,-175,-1,0
1,9,506,-605,306,-31,-353,-498,326,-363,99,650,-229,582,128,-163,-1,0
1,10,507,-605,307,-31,-352,-498,323,-368,99,650,-229,578,128,-163,-1,0
1,11,506,-605,311,-31,-353,-498,336,-371,99,649,-229,587,128,-172,-1,0
1,12,504,-605,306,-31,-355,-498,338,-361,99,652,-229,589,128,-164,-1,0
1,13,505,-605,306,-31,-355,-498,322,-355,99,653,-229,583,128,-167,-1,0
1,14,508,-605,309,-31,-353,-498,321,-360,99,642,-229,588,128,-175,-1,0
1,15,508,-605,305,-31,-352,-498,330,-359,99,634,-229,591,128,-162,-1,0
1,16,508,-605,304,-31,-355,-498,322,-364,99,637,-229,588,128,-163,-1,0
1,17,510,-605,307,-31,-355,-498,323,-382,99,637,-229,591,128,-184,-1,0
1,18,510,-605,309,-31,-355,-498,346,-377,99,633,-229,596,128,-180,-1,0
1,19,510,-605,307,-31,-355,-498,351,-344,99,635,-229,587,128,-171,-1,0
1,20,510,-605,306,-31,-355,-498,334,-334,99,637,-229,584,128,-180,-1,0
1,21,510,-605,306,-31,-355,-498,340,-348,99,636,-229,591,128,-178,-1,0
1,22,510,-605,310,-31,-355,-498,356,-345,99,636,-229,586,128,-171,-1,0
1,23,510,-605,306,-31,-355,-498,345,-348,99,636,-229,580,128,-174,-1,0
1,24,509,-605,298,-31,-355,-498,329,-377,99,636,-229,586,128,-178,-1,0
1,25,508,-605,301,-31,-355,-498,330,-377,99,636,-229,591,128,-176,0,0
1,26,508,-605,309,-31,-355,-498,332,-348,99,636,-229,588,128,-171,-1,0
1,27,507,-605,312,-31,-355,-498,336,-346,99,636,-229,581,128,-174,-1,0
1,28,509,-605,308,-31,-355,-498,341,-358,99,636,-229,582,128,-174,-1,0
1,29,511,-605,300,-31,-355,-498,340,-341,99,636,-229,586,128,-171,-1,0
1,30,509,-605,302,-31,-355,-498,338,-334,99,636,-229,585,128,-176,-1,0
1,31,509,-605,305,-31,-353,-498,336,-357,99,636,-229,584,128,-179,-1,0
1,32,512,-605,300,-31,-349,-498,335,-354,99,636,-230,587,128,-176,-1,0
1,33,510,-605,305,-31,-347,-498,341,-334,99,636,-230,589,128,-174,-1,0
1,34,507,-605,316,-31,-349,-498,355,-329,99,636,-232,585,128,-173,-1,0
1,35,508,-605,308,-31,-353,-498,353,-341,99,636,-231,582,128,-173,-1,0
1,36,508,-605,300,-31,-355,-498,339,-346,99,636,-225,585,128,-174,-1,0
1,37,509,-605,308,-31,-355,-498,345,-341,99,636,-225,587,128,-171,-1,0
1,38,511,-605,312,-31,-355,-498,356,-344,99,636,-232,584,128,-173,-1,0
1,39,509,-605,306,-31,-354,-498,354,-349,99,636,-230,581,128,-178,-1,0
1,40,505,-605,306,-31,-354,-499,347,-341,99,636,-228,587,128,-178,-1,0
1,41,505,-605,308,-31,-357,-499,345,-336,99,636,-232,588,128,-179,-1,0
1,42,508,-605,305,-31,-358,-498,348,-345,99,636,-231,586,128,-181,-1,0
1,43,508,-605,303,-31,-356,-499,353,-344,99,636,-228,588,128,-177,-1,0
1,44,509,-605,303,-31,-353,-499,353,-327,99,636,-229,586,128,-174,-1,0
1,45,510,-605,304,-31,-350,-492,351,-324,99,636,-229,585,128,-171,-1,0
1,46,508,-605,310,-31,-349,-488,353,-345,99,636,-229,590,128,-166,-1,0
1,47,507,-605,309,-31,-350,-489,354,-350,99,636,-229,589,128,-168,-1,0
1,48,509,-605,306,-31,-349,-486,362,-320,99,636,-229,581,128,-172,-1,0
1,49,509,-605,306,-31,-350,-487,368,-307,99,636,-229,583,128,-172,-1,0
1,50,506,-605,305,-31,-352,-492,358,-326,99,636,-229,589,128,-177,-1,-1
1,51,509,-605,310,-31,-351,-489,351,-323,99,636,-229,584,128,-178,-1,-1
1,52,510,-605,310,-31,-351,-489,356,-322,99,636,-229,582,128,-175,-1,-1
1,53,508,-605,301,-31,-354,-498,356,-350,99,636,-229,589,128,-175,-1,-1
1,54,510,-605,305,-31,-355,-501,349,-347,99,636,-229,589,128,-175,-1,-1
1,55,510,-605,314,-31,-353,-499,344,-323,99,636,-229,586,128,-176,-1,0
1,56,506,-605,306,-31,-353,-494,346,-319,99,636,-229,584,128,-177,-1,0
1,57,508,-605,300,-31,-354,-490,352,-328,99,636,-229,584,128,-172,-1,0
1,58,512,-605,305,-31,-354,-488,347,-334,99,636,-229,593,128,-171,-1,0
1,59,509,-605,307,-31,-353,-487,351,-322,99,636,-229,595,128,-177,-1,0
1,60,504,-605,305,-31,-354,-487,377,-303,99,636,-230,585,128,-176,0,0
1,61,511,-605,308,-31,-354,-490,385,-299,99,636,-228,585,128,-172,-1,0
1,62,519,-605,313,-31,-354,-491,373,-307,99,636,-229,589,128,-174,-1,0
1,63,512,-605,309,-31,-354,-488,378,-303,99,636,-231,584,128,-172,-1,0
1,64,506,-605,301,-31,-354,-489,385,-307,99,636,-225,582,128,-167,-1,0
1,65,511,-605,307,-31,-353,-489,362,-329,99,636,-223,586,128,-170,-1,0
1,66,511,-605,312,-31,-354,-489,341,-332,99,636,-231,590,128,-174,-1,0
1,67,509,-605,305,-31,-354,-489,350,-323,99,636,-233,590,128,-176,-1,0
1,68,511,-605,303,-31,-351,-489,359,-327,99,636,-231,585,128,-174,-1,0
1,69,507,-605,309,-31,-351,-489,349,-337,99,636,-233,582,128,-172,-1,0
1,70,505,-605,306,-31,-354,-489,339,-339,99,636,-233,584,128,-172,-1,0
1,71,510,-605,302,-31,-351,-489,347,-335,99,636,-230,589,128,-175,-1,0
1,72,509,-605,308,-31,-347,-489,365,-329,99,636,-232,591,128,-175,-1,0
1,73,508,-605,309,-31,-348,-489,362,-333,99,636,-233,585,128,-173,-1,0
1,74,509,-605,306,-31,-349,-489,341,-355,99,636,-226,583,128,-174,-1,0
1,75,509,-605,304,-31,-348,-489,334,-352,99,636,-218,590,128,-178,-1,0
1,76,509,-605,305,-31,-348,-489,338,-332,99,636,-217,589,128,-179,-1,0
1,77,508,-605,307,-31,-350,-489,336,-342,99,636,-219,580,128,-175,-1,-1
1,78,508,-605,309,-31,-355,-489,334,-360,99,636,-219,585,128,-171,-1,-1
1,79,510,-605,312,-31,-356,-489,337,-365,99,636,-220,595,128,-171,-1,0
1,80,508,-605,309,-31,-353,-489,340,-368,99,636,-221,590,128,-177,-1,-1
1,81,506,-605,307,-31,-353,-489,335,-370,99,636,-220,584,128,-178,-1,0
1,82,516,-605,309,-31,-354,-489,326,-367,99,636,-220,583,128,-174,0,0
1,83,517,-605,310,-31,-353,-489,338,-363,99,636,-221,586,128,-175,-1,-1
1,84,515,-605,309,-31,-352,-489,352,-355,99,636,-219,589,128,-179,-1,-1
1,85,522,-605,311,-31,-352,-489,342,-347,99,636,-222,588,128,-178,-1,-1
1,86,518,-605,310,-31,-352,-489,332,-366,99,636,-231,592,128,-176,-1,0
1,87,502,-605,302,-31,-352,-489,334,-386,99,636,-234,595,128,-177,0,-1
1,88,504,-605,305,-31,-354,-489,344,-357,99,636,-232,588,128,-177,-1,-1
1,89,513,-605,312,-31,-354,-489,358,-325,99,636,-231,587,128,-177,-1,-1
1,90,507,-605,309,-31,-349,-489,350,-345,99,636,-228,590,128,-176,-1,0
1,91,507,-605,308,-31,-349,-489,334,-368,99,636,-227,585,128,-167,0,-1
1,92,509,-605,309,-31,-354,-489,339,-363,99,636,-231,584,128,-168,-1,0
1,93,507,-605,305,-31,-356,-489,339,-380,99,636,-232,585,128,-176,-1,0
1,94,507,-605,304,-31,-355,-489,336,-393,99,636,-230,583,128,-174,-1,0
1,95,507,-605,304,-31,-355,-489,347,-371,99,636,-230,587,128,-172,-1,0
1,96,507,-605,304,-31,-354,-489,350,-355,99,636,-229,587,128,-178,-1,0
1,97,510,-605,307,-31,-353,-489,340,-365,99,636,-229,582,128,-176,-1,0
1,98,512,-605,305,-31,-352,-489,338,-367,99,636,-229,588,128,-172,-1,0
1,99,509,-605,304,-31,-353,-489,339,-365,99,636,-229,597,128,-176,-1,0
1,100,506,-605,305,-31,-354,-489,334,-383,99,636,-229,588,128,-177,-1,0
1,101,507,-605,306,-31,-352,-489,344,-381,99,636,-229,586,128,-173,-1,0
1,102,509,-605,310,-31,-350,-489,352,-354,99,636,-229,595,128,-178,-1,0
1,103,508,-605,312,-31,-354,-489,340,-354,99,636,-229,593,128,-184,-1,0
1,104,507,-605,307,-31,-356,-489,331,-382,99,636,-229,584,128,-176,-1,0
1,105,508,-605,305,-31,-351,-489,341,-388,99,636,-229,585,128,-169,-1,0
1,106,510,-605,306,-31,-349,-489,353,-362,99,636,-229,588,128,-171,-1,0
1,107,510,-605,306,-31,-354,-489,361,-352,99,636,-229,585,128,-174,-1,0
1,108,508,-605,308,-31,-355,-489,368,-362,99,636,-229,585,128,-173,-1,0
1,109,508,-605,311,-31,-351,-489,368,-356,99,636,-229,588,128,-172,-1,0
1,110,509,-605,309,-31,-352,-489,363,-344,99,636,-229,589,128,-176,-1,0
1,111,510,-605,310,-31,-354,-489,350,-363,99,636,-229,590,128,-181,-1,0
1,112,510,-605,311,-31,-353,-489,338,-383,99,636,-229,595,128,-179,-1,0
1,113,511,-605,306,-31,-353,-489,343,-367,99,636,-229,591,128,-174,-1,0
1,114,510,-605,306,-31,-354,-489,358,-359,99,636,-229,583,128,-175,-1,0
1,115,509,-605,314,-31,-350,-489,358,-372,99,636,-229,586,128,-180,-1,0
1,116,506,-605,312,-31,-350,-489,343,-367,99,636,-229,589,128,-174,-1,0
1,117,509,-605,308,-31,-354,-489,334,-361,99,636,-229,585,128,-164,-1,0
1,118,515,-605,311,-31,-355,-489,334,-383,99,636,-229,583,128,-172,-1,0
1,119,511,-605,311,-31,-353,-489,336,-392,99,636,-229,586,128,-181,-1,0
1,120,505,-605,304,-31,-352,-489,346,-373,99,636,-229,589,128,-176,-1,0
1,121,507,-605,303,-31,-350,-489,361,-363,99,636,-229,590,128,-176,-1,0
1,122,509,-605,309,-31,-352,-488,366,-358,99,636,-229,586,128,-179,-1,0
1,123,509,-605,311,-31,-356,-488,361,-347,99,636,-229,584,128,-175,-1,0
1,124,509,-605,310,-31,-357,-490,354,-360,99,636,-229,583,128,-175,-1,0
2,125,510,-605,312,-31,-353,-487,344,-382,99,636,-229,582,128,-177,-1,0
2,126,509,-605,312,-31,-351,-489,341,-378,99,636,-229,585,128,-178,-1,0
2,127,508,-605,309,-31,-354,-499,341,-382,99,636,-229,589,128,-176,-1,0
2,128,507,-605,308,-31,-357,-505,337,-391,99,636,-229,590,128,-175,-1,0
2,0,509,-605,306,-31,-357,-501,335,-375,99,636,-229,584,128,-178,-1,0
2,1,510,-605,304,-31,-357,-497,332,-370,99,636,-229,581,128,-179,-1,0
2,2,507,-605,305,-31,-359,-500,331,-384,99,636,-229,584,128,-175,-1,0
2,3,506,-605,309,-31,-355,-500,341,-377,99,636,-229,585,128,-171,-1,0
2,4,508,-605,311,-31,-349,-498,348,-361,99,636,-229,582,128,-172,-1,0
2,5,509,-605,308,-31,-352,-498,335,-371,99,636,-229,583,128,-175,-1,0
2,6,507,-605,307,-31,-357,-499,328,-396,99,636,-229,590,128,-179,-1,0
2,7,504,-605,311,-31,-352,-498,340,-402,99,636,-229,591,128,-177,-1,0
2,8,508,-605,312,-31,-348,-498,353,-382,99,636,-229,585,128,-173,-1,0
2,9,513,-605,307,-31,-352,-498,359,-360,99,636,-229,583,128,-175,-1,0
2,10,507,-605,301,-31,-354,-498,361,-358,99,636,-229,584,128,-179,-1,0
2,11,509,-605,308,-31,-352,-498,360,-368,99,636,-229,586,128,-176,-1,0
2,12,524,-605,315,-31,-354,-498,353,-374,99,636,-229,586,128,-177,-1,0
2,13,518,-605,310,-31,-355,-498,348,-363,99,636,-229,586,128,-179,-1,0
2,14,502,-605,305,-31,-353,-498,351,-353,99,636,-229,585,128,-177,-1,0
2,15,506,-605,307,-31,-353,-498,348,-373,99,636,-229,583,128,-178,-1,0
2,16,512,-605,305,-31,-354,-498,337,-390,99,636,-229,582,128,-179,-1,0
2,17,509,-605,303,-31,-355,-498,334,-376,99,636,-229,584,128,-175,-1,0
2,18,509,-605,310,-31,-355,-498,347,-376,99,636,-229,586,128,-176,-1,0
2,19,510,-605,314,-31,-355,-498,357,-386,99,636,-229,584,128,-180,-1,-1
2,20,508,-605,311,-31,-356,-498,356,-374,99,636,-229,581,128,-176,-1,0
2,21,509,-605,309,-31,-354,-498,356,-361,99,636,-229,583,128,-175,-1,-1
2,22,506,-605,308,-31,-352,-498,357,-363,99,636,-229,585,128,-177,-1,-1
2,23,507,-605,307,-31,-352,-498,353,-355,99,636,-229,584,128,-175,-1,0
2,24,510,-604,307,-31,-353,-498,348,-350,99,636,-229,584,128,-175,-1,-1
2,25,511,-605,309,-31,-350,-498,349,-371,99,636,-229,586,128,-179,-1,0
2,26,511,-607,313,-31,-349,-498,353,-381,99,636,-229,584,128,-175,-1,0
2,27,509,-601,313,-31,-353,-498,358,-363,99,636,-229,582,128,-176,-1,0
2,28,509,-607,309,-31,-354,-498,354,-367,99,636,-229,586,128,-184,-1,0
2,29,511,-624,310,-31,-349,-498,342,-383,99,636,-229,588,128,-181,-1,0
2,30,508,-619,312,-31,-348,-498,341,-385,98,636,-229,583,128,-174,0,0
2,31,503,-601,312,-31,-354,-499,351,-380,96,636,-229,581,128,-176,-1,0
2,32,508,-602,312,-31,-358,-498,358,-367,95,636,-229,585,128,-178,0,0
2,33,516,-608,312,-31,-357,-498,359,-352,95,636,-230,584,128,-174,-1,0
2,34,511,-605,306,-31,-355,-500,363,-354,94,636,-228,580,128,-171,-1,0
2,35,504,-606,307,-31,-354,-495,368,-357,95,636,-230,581,128,-179,0,0
2,36,508,-607,311,-31,-353,-488,364,-365,99,636,-231,586,128,-181,-1,0
2,37,513,-604,308,-31,-351,-488,351,-387,99,636,-223,587,128,-172,-1,0
2,38,509,-605,303,-31,-349,-488,357,-382,98,636,-220,582,128,-171,-1,0
2,39,509,-605,304,-31,-348,-486,375,-356,99,636,-227,587,128,-177,-1,0
2,40,512,-605,307,-31,-348,-489,371,-360,100,636,-230,592,128,-175,-1,0
2,41,508,-605,306,-31,-348,-491,370,-368,99,636,-226,584,128,-172,-1,0
2,42,505,-605,309,-31,-350,-489,384,-364,99,636,-227,583,128,-180,-1,0
2,43,508,-605,311,-31,-350,-488,389,-358,99,636,-230,586,128,-183,-1,0
2,44,509,-605,308,-31,-348,-489,386,-341,99,636,-225,581,128,-175,-1,0
2,45,508,-605,304,-31,-349,-489,377,-336,99,636,-222,579,128,-177,-1,0
2,46,507,-605,303,-31,-350,-489,356,-367,99,636,-227,585,128,-184,-1,0
2,47,512,-605,303,-31,-350,-489,350,-386,99,636,-230,588,128,-175,-1,0
2,48,514,-605,299,-31,-351,-489,356,-381,99,636,-228,584,128,-170,-1,0
2,49,506,-605,304,-31,-355,-489,342,-397,99,636,-228,585,128,-176,-1,0
2,50,501,-605,311,-31,-356,-489,332,-405,99,636,-228,589,128,-173,-1,0
2,51,508,-605,309,-31,-354,-489,344,-384,99,636,-228,586,128,-172,-1,0
2,52,510,-605,309,-31,-353,-489,350,-383,99,636,-231,580,128,-178,-1,0
2,53,502,-605,312,-31,-355,-489,346,-397,99,636,-231,581,128,-178,-1,0
2,54,500,-605,307,-31,-354,-489,354,-388,99,636,-228,586,128,-171,-1,0
2,55,507,-605,304,-31,-353,-489,353,-379,99,636,-230,585,128,-170,-1,0
2,56,511,-605,309,-31,-354,-489,341,-388,99,636,-231,584,128,-173,0,0
2,57,509,-605,309,-31,-356,-489,336,-384,99,636,-231,590,128,-172,-1,0
2,58,508,-605,306,-31,-355,-489,334,-371,99,636,-231,589,128,-172,-1,0
2,59,507,-605,309,-31,-355,-489,340,-366,99,636,-231,585,128,-178,0,0
2,60,516,-605,313,-31,-355,-489,357,-369,99,636,-231,588,128,-179,-1,0
2,61,522,-605,309,-31,-355,-489,361,-376,99,636,-231,590,128,-173,-1,0
2,62,511,-605,309,-31,-356,-489,346,-377,99,636,-231,584,128,-173,-1,0
2,63,505,-605,312,-31,-353,-489,344,-368,99,636,-231,580,128,-172,-1,0
2,64,512,-605,313,-31,-351,-489,352,-366,99,636,-232,586,128,-169,-1,0
2,65,511,-605,314,-31,-351,-489,355,-369,99,636,-230,593,128,-178,-1,0
2,66,505,-605,307,-31,-354,-489,355,-365,99,636,-231,588,128,-185,-1,0
2,67,509,-605,301,-31,-355,-489,344,-366,99,636,-232,581,128,-173,-1,0
2,68,507,-605,307,-31,-355,-489,328,-377,99,636,-225,584,128,-169,-1,0
2,69,505,-605,310,-31,-355,-489,336,-380,99,636,-218,584,128,-178,-1,0
2,70,507,-605,307,-31,-354,-489,353,-378,99,636,-217,585,128,-173,-1,0
2,71,507,-605,309,-31,-354,-489,334,-380,99,636,-218,585,128,-165,-1,0
2,72,509,-605,310,-31,-353,-489,316,-376,99,636,-223,584,128,-172,-1,0
2,73,509,-605,306,-31,-355,-489,338,-368,99,636,-232,584,128,-177,-1,0
2,74,509,-605,308,-31,-356,-489,354,-369,99,636,-233,584,128,-175,-1,0
2,75,508,-605,312,-31,-355,-489,348,-375,99,636,-230,584,128,-175,-1,0
2,76,508,-605,309,-31,-355,-489,351,-367,99,636,-230,584,128,-177,-1,0
2,77,509,-605,307,-31,-355,-489,356,-352,99,636,-230,585,128,-175,-1,0
2,78,508,-605,305,-31,-355,-489,353,-349,99,636,-229,585,128,-176,-1,0
2,79,508,-605,299,-31,-355,-489,358,-352,99,636,-229,585,128,-177,-1,0
2,80,509,-605,302,-31,-355,-489,361,-349,99,636,-229,586,128,-177,-1,0
2,81,508,-605,308,-31,-356,-488,353,-354,99,636,-229,583,128,-182,-1,0
2,82,505,-605,307,-31,-355,-489,353,-365,99,636,-229,585,128,-180,-1,0
2,83,505,-605,304,-31,-352,-489,353,-358,99,636,-229,588,128,-171,-1,0
2,84,507,-605,303,-31,-352,-488,349,-347,99,636,-229,584,128,-174,-1,0
2,85,508,-605,304,-31,-352,-492,351,-352,99,636,-229,583,128,-176,-1,0
2,86,509,-605,306,-31,-351,-501,349,-357,99,636,-228,587,128,-174,-1,0
2,87,507,-605,305,-31,-353,-504,344,-358,99,636,-230,585,128,-176,-1,0
2,88,508,-605,304,-31,-358,-501,349,-364,99,636,-232,580,128,-174,-1,0
2,89,509,-605,308,-31,-358,-499,358,-361,99,636,-229,584,128,-170,-1,0
2,90,506,-605,312,-31,-357,-499,361,-342,99,636,-227,589,128,-169,-1,0
2,91,505,-605,310,-31,-354,-498,363,-337,99,636,-230,587,128,-173,-1,0
2,92,508,-605,309,-31,-352,-497,371,-345,99,636,-231,584,128,-178,-1,0
2,93,510,-605,313,-31,-351,-498,366,-358,99,636,-229,584,128,-177,-1,0
2,94,510,-605,313,-31,-351,-499,341,-374,99,636,-228,583,128,-168,-1,0
2,95,510,-605,310,-31,-351,-498,331,-383,99,636,-229,584,128,-165,-1,0
2,96,508,-605,308,-31,-352,-499,354,-371,99,636,-229,587,128,-176,-1,0
2,97,509,-605,308,-31,-354,-499,374,-343,99,636,-229,586,128,-182,-1,0
2,98,511,-605,309,-31,-353,-499,365,-335,99,636,-229,584,128,-177,-1,0
2,99,510,-605,309,-31,-354,-499,356,-341,99,636,-229,583,128,-174,-1,0
2,100,508,-605,312,-31,-356,-499,355,-354,99,636,-229,587,128,-175,-1,0
2,101,508,-605,312,-31,-355,-499,345,-371,99,636,-229,587,128,-178,-1,0
2,102,510,-605,310,-31,-350,-499,340,-377,99,636,-229,585,128,-178,-1,0
2,103,510,-605,312,-31,-350,-499,346,-371,99,636,-229,590,128,-177,-1,0
2,104,509,-605,312,-31,-354,-499,351,-363,99,636,-229,592,128,-176,-1,0
2,105,503,-605,310,-31,-356,-499,349,-357,99,636,-229,586,128,-177,-1,0
2,106,504,-605,313,-31,-355,-499,348,-350,99,636,-229,583,128,-180,-1,0
2,107,514,-605,311,-31,-355,-498,351,-351,99,636,-229,586,128,-179,-1,0
2,108,513,-605,304,-31,-355,-499,353,-351,99,636,-229,589,128,-176,-1,0
2,109,505,-605,301,-31,-355,-499,346,-361,99,636,-229,589,128,-175,-1,0
2,110,506,-605,304,-31,-355,-498,328,-381,99,635,-229,584,128,-176,-1,0
2,111,509,-605,309,-31,-356,-499,321,-375,99,636,-229,581,128,-177,-1,0
2,112,505,-605,307,-31,-355,-500,318,-369,99,637,-229,583,128,-174,-1,0
2,113,504,-605,307,-31,-355,-501,327,-381,99,634,-230,588,128,-174,-1,0
2,114,507,-605,306,-31,-355,-500,348,-378,99,639,-231,588,128,-183,-1,0
2,115,507,-605,303,-31,-354,-500,347,-362,99,652,-231,583,128,-185,-1,0
2,116,510,-605,305,-31,-353,-501,330,-359,99,654,-231,583,128,-176,-1,0
2,117,511,-605,309,-31,-350,-500,334,-370,99,648,-231,585,128,-177,-1,0
2,118,505,-605,308,-31,-352,-498,337,-383,99,649,-231,585,128,-180,-1,0
2,119,504,-605,306,-31,-356,-499,325,-390,99,651,-231,585,128,-172,-1,0
2,120,508,-605,307,-31,-355,-500,341,-370,99,651,-231,587,128,-171,-1,0
2,121,507,-605,310,-31,-352,-499,362,-349,99,651,-231,585,128,-181,-1,0
2,122,504,-605,311,-31,-353,-497,348,-363,99,651,-231,584,128,-183,-1,0
2,123,507,-605,310,-31,-354,-499,330,-387,99,651,-231,585,128,-178,-1,0
2,124,515,-605,309,-31,-351,-499,333,-390,99,651,-231,586,128,-179,0,0
3,125,511,-605,312,-31,-349,-494,336,-384,99,651,-231,587,128,-182,-1,0
3,126,511,-605,315,-31,-350,-488,326,-387,99,651,-231,585,128,-174,-1,0
3,127,523,-605,312,-31,-351,-486,320,-388,99,651,-231,581,128,-172,-1,0
3,128,519,-605,309,-31,-352,-491,325,-379,99,651,-232,592,128,-172,0,0
3,0,505,-605,309,-31,-353,-499,339,-361,99,651,-232,599,128,-169,-1,0
3,1,506,-605,305,-31,-354,-500,354,-354,99,651,-233,587,128,-173,0,0
3,2,511,-605,303,-31,-355,-497,344,-373,99,651,-232,578,128,-180,-1,0
3,3,505,-605,306,-31,-353,-497,320,-391,99,651,-232,585,128,-178,-1,0
3,4,507,-605,307,-31,-350,-500,324,-380,99,651,-233,587,128,-179,-1,0
3,5,511,-605,307,-31,-350,-500,351,-362,99,651,-231,579,128,-182,-1,0
3,6,508,-605,309,-31,-351,-499,359,-364,99,651,-227,579,128,-176,-1,0
3,7,509,-605,309,-31,-349,-498,351,-363,99,651,-229,588,128,-173,-1,0
3,8,512,-605,307,-31,-349,-498,349,-352,99,651,-231,589,128,-180,-1,0
3,9,510,-605,311,-31,-352,-499,352,-370,99,651,-229,587,128,-182,-1,0
3,10,511,-604,313,-31,-352,-498,348,-387,99,651,-228,590,128,-180,-1,0
3,11,517,-605,304,-31,-352,-498,340,-367,99,651,-229,591,128,-176,-1,0
3,12,513,-605,300,-31,-354,-498,334,-363,99,651,-229,588,128,-176,-1,0
3,13,502,-602,304,-31,-356,-498,338,-388,99,651,-229,585,128,-180,-1,0
3,14,501,-610,304,-31,-355,-498,341,-383,99,651,-229,591,128,-179,-1,0
3,15,514,-625,304,-31,-355,-498,335,-373,99,651,-229,596,128,-177,-1,0
3,16,515,-623,306,-31,-355,-498,337,-386,99,651,-229,591,128,-180,-1,0
3,17,505,-618,304,-31,-356,-498,358,-369,99,651,-229,584,128,-180,-1,0
3,18,502,-621,304,-31,-355,-498,357,-347,99,651,-229,587,128,-180,-1,0
3,19,508,-612,307,-31,-350,-498,341,-364,99,651,-229,588,128,-182,-1,0
3,20,507,-599,309,-31,-350,-498,349,-366,99,651,-229,581,128,-181,-1,0
3,21,505,-601,311,-31,-355,-498,353,-356,99,651,-229,582,128,-175,-1,0
3,22,510,-604,309,-31,-354,-498,340,-384,99,651,-229,583,128,-176,-1,0
3,23,513,-603,305,-31,-350,-498,348,-390,99,651,-229,583,128,-174,0,0
3,24,512,-604,303,-31,-354,-497,364,-351,99,651,-229,579,128,-173,-1,0
3,25,510,-605,308,-31,-355,-497,351,-350,99,651,-229,582,128,-171,0,0
3,26,504,-604,312,-31,-350,-498,338,-370,99,651,-229,585,128,-172,-1,0
3,27,502,-605,311,-31,-350,-499,352,-355,99,651,-229,583,128,-177,0,0
3,28,508,-604,307,-31,-354,-498,360,-350,99,651,-229,584,128,-176,0,0
3,29,511,-604,307,-31,-351,-499,356,-367,99,651,-229,586,128,-174,0,0
3,30,509,-606,308,-31,-349,-499,357,-358,99,651,-229,584,128,-173,-1,0
3,31,508,-604,307,-31,-355,-499,360,-345,99,651,-229,583,128,-174,0,0
3,32,509,-602,308,-31,-357,-499,353,-356,99,651,-229,585,128,-177,-1,0
3,33,512,-612,303,-31,-353,-499,354,-358,99,651,-229,586,128,-179,-1,0
3,34,513,-618,291,-31,-352,-499,362,-347,99,651,-229,585,128,-180,-1,0
3,35,510,-607,298,-31,-354,-499,352,-360,99,651,-229,585,128,-177,-1,0
3,36,508,-598,310,-31,-353,-499,345,-364,99,651,-229,585,128,-174,-1,0
3,37,509,-608,308,-31,-353,-499,360,-344,99,651,-229,584,128,-163,-1,0
3,38,510,-621,302,-31,-353,-499,371,-341,99,651,-229,584,128,-161,-1,0
3,39,506,-622,302,-31,-353,-499,366,-357,99,651,-229,581,128,-177,-1,0
3,40,505,-618,305,-31,-353,-499,370,-356,99,651,-229,583,128,-185,-1,0
3,41,513,-618,308,-31,-353,-499,371,-346,99,651,-229,587,128,-174,-1,0
3,42,511,-621,305,-31,-353,-499,351,-369,99,651,-229,586,128,-169,-1,0
3,43,509,-619,305,-31,-352,-499,352,-381,99,651,-229,586,128,-178,-1,0
3,44,515,-618,311,-31,-352,-499,378,-352,99,651,-229,588,128,-174,-1,0
3,45,509,-618,309,-31,-354,-499,374,-342,99,651,-229,587,128,-158,-1,0
3,46,509,-617,304,-31,-354,-499,351,-366,99,651,-229,586,128,-169,-1,0
3,47,521,-620,308,-31,-354,-499,349,-373,99,651,-229,587,128,-180,-1,0
3,48,515,-617,312,-31,-354,-499,356,-368,99,651,-229,589,128,-166,-1,0
3,49,501,-606,309,-31,-354,-499,353,-383,99,651,-229,589,128,-168,-1,0
3,50,505,-601,309,-31,-354,-499,351,-393,99,651,-229,587,128,-188,-1,0
3,51,510,-602,314,-31,-354,-499,353,-380,99,651,-229,588,128,-184,-1,0
3,52,505,-603,310,-31,-354,-499,353,-368,99,651,-229,590,128,-169,-1,0
3,53,504,-603,303,-31,-354,-499,350,-368,99,651,-229,584,128,-175,-1,0
3,54,505,-605,307,-31,-354,-499,353,-370,99,651,-229,579,128,-180,-1,0
3,55,510,-605,307,-31,-356,-499,355,-371,99,651,-229,592,128,-182,-1,0
3,56,513,-604,300,-31,-356,-499,341,-384,99,651,-229,601,128,-179,0,0
3,57,509,-605,301,-31,-351,-499,339,-382,99,651,-229,590,128,-171,-1,0
3,58,507,-605,308,-31,-351,-499,358,-354,99,651,-229,585,128,-175,-1,0
3,59,507,-605,307,-31,-354,-499,362,-343,99,651,-229,589,128,-181,-1,0
3,60,509,-605,307,-31,-352,-499,357,-353,99,651,-229,589,128,-167,-1,0
3,61,509,-605,313,-31,-351,-499,361,-368,99,651,-229,586,128,-158,-1,0
3,62,508,-605,311,-31,-352,-499,361,-378,99,651,-229,586,128,-176,-1,0
3,63,509,-605,306,-32,-350,-499,354,-364,99,651,-229,593,128,-182,-1,0
3,64,510,-605,308,-33,-350,-499,354,-347,99,651,-229,596,128,-174,-1,0
3,65,510,-605,310,-33,-354,-499,353,-351,99,651,-229,583,128,-179,-1,0
3,66,509,-605,306,-33,-356,-499,347,-359,99,651,-229,579,128,-186,-1,0
3,67,508,-605,305,-33,-356,-499,337,-366,99,651,-229,589,128,-172,-1,0
3,68,508,-605,308,-33,-354,-499,331,-378,99,651,-229,587,128,-157,-1,0
3,69,506,-605,308,-32,-353,-499,336,-384,99,651,-229,582,128,-171,-1,0
3,70,505,-605,303,-34,-353,-499,337,-390,99,651,-229,587,128,-179,-1,0
3,71,507,-605,305,-32,-353,-499,339,-383,99,651,-229,582,128,-166,-1,0
3,72,506,-605,307,-27,-353,-499,358,-356,99,651,-229,577,128,-169,-1,0
3,73,506,-605,306,-28,-352,-499,370,-342,99,651,-229,591,128,-184,-1,0
3,74,507,-605,311,-32,-351,-499,359,-358,99,651,-229,596,128,-179,-1,0
3,75,509,-605,312,-31,-352,-499,351,-379,99,651,-229,589,128,-167,0,0
3,76,511,-605,303,-29,-354,-499,353,-381,99,651,-229,592,128,-164,-1,0
3,77,511,-605,301,-29,-356,-499,349,-367,99,651,-229,592,128,-169,0,0
3,78,507,-605,307,-30,-356,-499,349,-363,99,651,-229,589,128,-180,-1,0
3,79,514,-605,306,-29,-355,-499,348,-376,99,651,-229,593,128,-180,-1,0
3,80,521,-605,304,-29,-353,-499,334,-383,99,651,-229,591,128,-170,-1,0
3,81,513,-605,307,-29,-351,-499,332,-375,99,651,-229,584,128,-168,-1,0
3,82,504,-605,306,-30,-351,-499,345,-365,99,651,-229,589,128,-170,-1,0
3,83,505,-605,304,-30,-354,-499,351,-363,99,651,-229,589,128,-176,-1,0
3,84,507,-605,306,-29,-353,-499,352,-368,99,651,-229,581,128,-181,-1,0
3,85,507,-605,306,-30,-349,-499,354,-369,99,651,-229,585,128,-173,-1,0
3,86,507,-605,308,-32,-351,-499,355,-369,99,651,-229,591,128,-164,-1,0
3,87,508,-605,312,-31,-354,-499,360,-365,99,651,-229,588,128,-166,-1,0
3,88,511,-605,309,-31,-351,-499,360,-362,99,651,-229,590,128,-176,-1,0
3,89,507,-605,311,-32,-349,-499,353,-371,99,651,-229,593,128,-175,-1,0
3,90,503,-605,314,-32,-352,-499,357,-370,99,651,-229,588,128,-176,-1,0
3,91,506,-605,307,-31,-354,-499,365,-358,99,651,-229,590,128,-184,-1,0
3,92,509,-605,303,-31,-354,-499,351,-367,99,651,-229,595,128,-179,-1,0
3,93,509,-605,310,-31,-356,-499,335,-382,99,651,-229,584,128,-169,-1,0
3,94,507,-605,310,-31,-356,-499,342,-382,99,651,-229,579,128,-179,-1,0
3,95,502,-605,303,-31,-354,-499,358,-383,99,651,-229,586,128,-182,-1,0
3,96,502,-605,304,-31,-354,-499,359,-371,99,651,-229,588,128,-157,-1,0
3,97,506,-605,306,-31,-356,-499,358,-340,99,651,-229,585,128,-147,-1,0
3,98,508,-604,303,-31,-355,-499,365,-331,99,651,-230,590,128,-167,-1,0
3,99,509,-603,302,-31,-354,-499,357,-349,99,651,-231,594,128,-177,0,0
3,100,508,-605,308,-31,-352,-499,348,-361,99,651,-231,590,128,-176,-1,0
3,101,506,-607,310,-31,-348,-499,359,-376,99,651,-232,592,128,-178,0,0
3,102,513,-601,307,-31,-352,-499,361,-391,99,651,-232,593,128,-179,-1,0
3,103,519,-607,306,-31,-354,-499,358,-385,99,651,-233,588,128,-175,-1,0
3,104,511,-625,307,-31,-350,-499,364,-365,99,651,-233,592,128,-171,0,0
3,105,506,-619,305,-31,-349,-499,367,-351,99,651,-227,595,128,-167,-1,0
3,106,508,-599,304,-31,-353,-499,372,-346,99,651,-226,585,128,-163,0,0
3,107,510,-602,308,-31,-351,-499,380,-345,99,651,-230,584,128,-168,-1,0
3,108,509,-609,310,-31,-351,-499,372,-354,99,651,-230,591,128,-175,-1,0
3,109,505,-603,310,-31,-353,-498,363,-363,99,651,-229,583,128,-174,-1,0
3,110,504,-600,310,-31,-352,-498,368,-365,99,651,-230,581,128,-173,-1,0
3,111,511,-603,313,-31,-352,-499,368,-369,99,651,-231,591,128,-175,-1,0
3,112,511,-604,311,-31,-353,-498,367,-367,99,651,-230,596,128,-176,-1,0
3,113,504,-605,306,-31,-352,-498,367,-370,99,651,-231,591,128,-174,-1,0
3,114,506,-604,307,-31,-352,-500,366,-381,99,651,-231,585,128,-171,-1,0
3,115,511,-605,302,-31,-356,-500,374,-362,99,651,-231,587,128,-175,-1,0
3,116,505,-605,294,-31,-359,-500,374,-332,99,651,-231,586,128,-186,-1,0
3,117,509,-605,302,-31,-356,-500,365,-338,99,651,-231,586,128,-187,-1,0
3,118,518,-605,311,-31,-355,-500,368,-350,99,651,-231,588,128,-170,-1,0
3,119,508,-605,309,-31,-358,-500,371,-346,99,651,-231,585,128,-162,-1,0
3,120,503,-605,309,-31,-353,-500,366,-368,99,651,-231,584,128,-169,-1,0
3,121,510,-605,312,-31,-348,-500,366,-385,99,651,-231,586,128,-180,-1,0
3,122,511,-605,308,-31,-353,-500,372,-355,99,651,-231,587,128,-178,-1,0
3,123,514,-605,308,-31,-354,-500,371,-324,99,651,-231,587,128,-171,-1,0
3,124,518,-605,312,-31,-348,-500,367,-323,99,651,-231,587,128,-174,-1,0
4,125,510,-603,309,-31,-350,-500,366,-332,99,651,-231,590,128,-177,-1,0
4,126,504,-605,299,-31,-353,-500,354,-342,99,651,-231,587,128,-178,-1,0
4,127,508,-607,299,-31,-345,-500,334,-368,99,651,-231,580,128,-180,-1,0
4,128,507,-601,308,-31,-344,-500,335,-389,99,651,-231,581,128,-178,-1,0
4,0,507,-608,306,-31,-354,-500,345,-380,99,651,-231,585,128,-167,-1,0
4,1,510,-621,304,-31,-356,-500,338,-362,99,651,-231,583,128,-163,-1,0
4,2,507,-612,309,-31,-353,-500,334,-353,99,651,-231,583,128,-171,-1,0
4,3,506,-596,312,-31,-355,-500,342,-356,99,651,-231,587,128,-171,0,0
4,4,507,-601,308,-31,-353,-500,336,-370,99,651,-231,587,128,-172,-1,0
4,5,510,-607,306,-31,-349,-500,330,-385,99,651,-231,585,128,-172,0,0
4,6,512,-599,308,-31,-351,-500,338,-390,99,651,-231,584,128,-165,-1,0
4,7,509,-600,308,-31,-354,-500,339,-380,99,651,-231,585,128,-163,0,0
4,8,506,-620,305,-31,-354,-500,339,-359,99,651,-231,589,128,-167,0,0
4,9,507,-626,306,-31,-352,-500,354,-344,99,651,-231,590,128,-167,-1,0
4,10,509,-610,304,-31,-350,-500,357,-351,99,651,-231,588,128,-173,-1,0
4,11,508,-600,302,-31,-349,-500,349,-360,99,651,-231,589,128,-180,-1,0
4,12,506,-607,306,-31,-352,-500,353,-360,99,651,-231,585,128,-179,-1,0
4,13,502,-605,307,-31,-352,-500,357,-366,99,651,-231,578,128,-179,-1,0
4,14,507,-600,307,-31,-353,-500,351,-364,99,651,-231,580,128,-178,-1,0
4,15,514,-610,311,-31,-357,-500,353,-351,99,651,-231,586,128,-173,-1,0
4,16,511,-624,310,-31,-357,-500,358,-346,99,651,-231,584,128,-169,-1,0
4,17,505,-626,307,-31,-354,-500,353,-358,99,651,-231,583,128,-173,-1,0
4,18,507,-616,309,-31,-355,-501,357,-361,99,651,-231,595,128,-177,-1,0
4,19,512,-607,308,-31,-355,-500,375,-349,99,651,-231,597,128,-167,-1,0
4,20,512,-605,305,-31,-352,-500,375,-348,99,651,-231,585,128,-167,-1,0
4,21,509,-602,308,-31,-352,-502,357,-364,99,651,-231,584,128,-181,-1,0
4,22,506,-598,307,-31,-352,-499,352,-370,99,651,-231,588,128,-179,-1,0
4,23,506,-606,303,-31,-352,-489,353,-353,99,651,-231,592,128,-162,-1,0
4,24,513,-620,305,-31,-353,-487,349,-345,99,651,-231,591,128,-169,-1,0
4,25,519,-622,308,-31,-354,-489,358,-352,99,651,-231,587,128,-178,-1,0
4,26,514,-619,309,-31,-352,-487,371,-352,99,651,-231,591,128,-169,-1,0
4,27,504,-619,312,-31,-355,-487,363,-355,99,651,-231,594,128,-163,-1,0
4,28,504,-620,312,-31,-356,-491,354,-369,99,651,-231,588,128,-175,-1,0
4,29,511,-622,311,-31,-353,-490,353,-367,99,651,-231,584,128,-188,-1,0
4,30,510,-615,308,-31,-351,-488,345,-352,99,651,-231,590,128,-175,-1,0
4,31,504,-602,304,-31,-348,-489,353,-350,99,651,-231,596,128,-157,-1,0
4,32,505,-602,307,-31,-348,-489,374,-355,99,651,-231,591,128,-163,-1,0
4,33,512,-606,312,-31,-349,-489,374,-354,99,651,-231,587,128,-168,-1,0
4,34,513,-602,313,-31,-348,-489,363,-349,99,651,-231,594,128,-154,-1,0
4,35,504,-601,310,-31,-348,-489,369,-353,99,651,-231,595,128,-157,-1,0
4,36,500,-605,311,-31,-350,-489,370,-371,99,651,-231,585,128,-181,-1,0
4,37,506,-600,310,-31,-355,-488,362,-376,99,651,-231,583,128,-184,-1,0
4,38,509,-603,305,-31,-357,-489,374,-348,99,651,-231,589,128,-168,-1,0
4,39,506,-620,304,-31,-355,-490,388,-329,99,651,-231,593,128,-165,-1,0
4,40,504,-627,307,-31,-353,-487,388,-343,99,651,-231,592,128,-173,-1,0
4,41,502,-620,305,-31,-358,-491,382,-352,99,651,-231,586,128,-170,-1,0
4,42,509,-617,307,-31,-355,-499,374,-364,99,651,-231,585,128,-168,-1,0
4,43,514,-622,310,-31,-341,-495,371,-379,99,651,-231,590,128,-172,-1,0
4,44,509,-620,309,-31,-343,-486,375,-360,99,651,-231,585,128,-168,-1,0
4,45,508,-608,306,-31,-356,-487,385,-331,99,651,-231,582,128,-169,-1,0
4,46,513,-601,307,-31,-354,-490,387,-341,99,651,-231,592,128,-171,-1,0
4,47,511,-603,311,-31,-347,-490,380,-362,99,651,-231,595,128,-164,-1,0
4,48,507,-608,310,-31,-351,-490,377,-357,99,651,-231,589,128,-172,-1,0
4,49,507,-606,306,-31,-356,-489,378,-360,99,651,-231,591,128,-185,-1,0
4,50,506,-602,308,-31,-352,-488,384,-378,99,651,-231,592,128,-177,-1,0
4,51,510,-614,312,-31,-351,-489,389,-369,99,651,-231,588,128,-175,-1,0
4,52,511,-625,308,-31,-352,-489,388,-349,99,651,-231,594,128,-184,-1,0
4,53,502,-611,302,-31,-351,-489,384,-358,99,651,-231,594,128,-176,-1,0
4,54,501,-596,308,-31,-354,-489,390,-364,99,651,-231,582,128,-167,-1,0
4,55,510,-606,314,-31,-357,-489,386,-360,99,651,-231,581,128,-172,-1,0
4,56,515,-610,309,-31,-352,-489,368,-378,99,651,-232,592,128,-171,-1,0
4,57,511,-601,302,-31,-349,-489,380,-372,99,651,-230,594,128,-166,-1,0
4,58,509,-606,304,-31,-355,-489,399,-334,99,651,-230,588,128,-170,-1,0
4,59,510,-610,311,-31,-358,-489,385,-346,99,651,-233,591,128,-171,-1,0
4,60,510,-603,311,-31,-353,-489,373,-378,99,651,-225,599,128,-172,-1,0
4,61,506,-610,309,-31,-349,-489,378,-369,99,651,-217,590,128,-170,-1,0
4,62,511,-624,311,-31,-351,-489,374,-368,99,651,-225,580,128,-166,-1,0
4,63,518,-615,312,-31,-355,-489,374,-377,99,651,-231,588,128,-171,-1,0
4,64,512,-600,311,-31,-356,-489,393,-350,99,651,-228,589,128,-173,-1,0
4,65,509,-601,310,-31,-356,-489,398,-328,99,651,-228,578,128,-166,-1,0
4,66,514,-609,303,-31,-354,-489,383,-347,99,651,-228,585,128,-172,-1,0
4,67,509,-616,301,-31,-352,-489,374,-367,99,651,-228,597,128,-185,-1,0
4,68,500,-621,309,-31,-356,-489,383,-360,99,651,-231,592,128,-178,-1,0
4,69,504,-624,310,-31,-356,-489,392,-368,99,651,-231,586,128,-176,-1,0
4,70,508,-619,307,-31,-350,-489,392,-384,99,651,-228,595,128,-181,-1,0
4,71,506,-606,309,-31,-350,-489,401,-364,99,651,-229,593,128,-174,-1,0
4,72,510,-602,309,-31,-352,-488,412,-332,99,651,-229,581,128,-163,-1,0
4,73,511,-604,308,-31,-353,-488,413,-331,99,651,-229,581,128,-167,-1,0
4,74,506,-601,308,-31,-354,-489,406,-343,99,651,-229,587,128,-185,-1,0
4,75,511,-611,307,-31,-353,-488,404,-351,99,651,-229,590,128,-183,-1,-1
4,76,517,-627,307,-31,-357,-489,413,-351,99,651,-229,589,128,-171,-1,-1
4,77,511,-625,309,-31,-360,-498,414,-342,99,651,-229,586,128,-178,-1,0
4,78,503,-614,308,-31,-351,-504,393,-345,99,651,-229,587,128,-184,-1,0
4,79,507,-613,305,-31,-349,-502,387,-353,99,651,-229,587,128,-171,-1,0
4,80,512,-609,305,-31,-357,-499,407,-341,99,651,-229,587,128,-162,-1,0
4,81,508,-606,305,-31,-354,-498,418,-332,99,651,-229,587,128,-171,-1,0
4,82,504,-621,307,-31,-348,-498,416,-332,99,651,-229,586,128,-178,-1,0
4,83,506,-627,309,-31,-351,-499,404,-348,99,651,-229,589,128,-178,-1,0
4,84,510,-606,305,-31,-353,-499,387,-382,99,651,-229,589,128,-180,0,0
4,85,511,-593,306,-31,-353,-498,385,-388,99,651,-229,583,128,-180,-1,0
4,86,508,-605,311,-31,-354,-499,385,-361,99,651,-229,583,128,-177,-1,0
4,87,508,-606,311,-31,-353,-499,384,-351,99,651,-229,586,128,-178,-1,0
4,88,512,-594,306,-31,-350,-499,398,-355,99,651,-229,585,128,-176,-1,0
4,89,513,-605,308,-31,-350,-499,402,-353,99,651,-229,584,128,-169,-1,0
4,90,509,-619,311,-31,-352,-498,396,-355,99,651,-229,583,128,-175,-1,0
4,91,509,-613,307,-31,-353,-498,406,-351,99,651,-229,584,128,-180,-1,0
4,92,510,-601,305,-31,-354,-501,399,-352,99,651,-229,585,128,-163,-1,0
4,93,509,-605,306,-31,-352,-494,385,-358,99,651,-229,584,128,-153,-1,0
4,94,506,-608,305,-31,-351,-489,402,-340,99,651,-229,581,128,-165,-1,0
4,95,504,-602,302,-31,-354,-497,418,-332,99,651,-229,581,128,-176,-1,0
4,96,510,-605,307,-31,-354,-503,413,-352,99,651,-229,584,128,-175,-1,0
4,97,518,-609,311,-31,-355,-497,407,-357,99,651,-229,585,128,-162,-1,0
4,98,513,-606,306,-31,-354,-496,398,-347,99,651,-229,583,128,-153,-1,0
4,99,504,-605,302,-31,-354,-500,402,-355,99,651,-229,585,128,-162,-1,0
4,100,505,-605,310,-31,-352,-500,411,-363,99,651,-229,590,128,-171,-1,0
4,101,515,-605,315,-31,-351,-499,413,-342,99,651,-229,585,128,-171,-1,0
4,102,517,-605,309,-31,-352,-498,429,-312,99,651,-229,587,128,-166,-1,0
4,103,513,-605,302,-31,-352,-498,448,-316,99,651,-229,596,128,-161,-1,0
4,104,514,-605,304,-31,-354,-499,440,-337,99,651,-229,589,128,-166,-1,0
4,105,514,-605,306,-31,-353,-498,436,-322,99,651,-229,589,128,-171,-1,0
4,106,506,-605,307,-31,-351,-498,449,-295,99,651,-229,596,128,-169,-1,0
4,107,504,-605,307,-31,-351,-498,447,-302,99,651,-229,586,128,-175,0,-1
4,108,512,-604,307,-31,-352,-498,432,-316,99,651,-229,583,128,-185,-1,0
4,109,512,-604,309,-31,-352,-498,420,-326,99,651,-229,592,128,-176,0,0
4,110,510,-607,311,-31,-350,-498,424,-336,99,651,-229,585,128,-154,-1,-1
4,111,514,-602,309,-31,-350,-498,440,-320,99,651,-229,579,128,-154,0,0
4,112,517,-603,301,-31,-352,-498,440,-305,99,651,-229,585,128,-166,0,-1
4,113,512,-620,302,-31,-353,-498,433,-313,99,651,-229,583,128,-165,-1,0
4,114,504,-619,312,-31,-356,-498,437,-314,99,651,-229,582,128,-165,-1,0
4,115,506,-602,308,-31,-360,-498,437,-315,99,651,-229,585,128,-180,-1,0
4,116,513,-601,304,-31,-356,-498,436,-331,99,651,-229,582,128,-182,-1,0
4,117,512,-610,308,-31,-348,-498,440,-328,99,651,-229,582,128,-167,-1,0
4,118,510,-608,308,-31,-350,-498,446,-297,99,651,-229,590,128,-165,-1,0
4,119,511,-599,306,-31,-354,-498,453,-287,99,651,-229,592,128,-175,-1,0
4,120,514,-606,308,-31,-349,-498,455,-293,99,651,-229,585,128,-172,-1,0
4,121,511,-618,306,-31,-346,-498,443,-298,99,651,-229,587,128,-163,-1,0
4,122,504,-613,303,-31,-352,-498,439,-302,99,651,-229,589,128,-173,-1,0
4,123,507,-600,310,-31,-352,-499,451,-303,99,651,-229,582,128,-185,-1,0
4,124,518,-600,312,-31,-347,-498,451,-314,99,651,-229,581,128,-175,-1,0
5,125,515,-609,308,-31,-350,-499,438,-326,99,651,-229,585,128,-160,-1,0
5,126,507,-617,307,-31,-355,-500,441,-319,99,651,-229,587,128,-164,-1,0
5,127,514,-622,304,-31,-356,-499,443,-316,99,651,-229,587,128,-176,-1,0
5,128,517,-622,303,-31,-353,-497,428,-333,99,651,-229,586,128,-179,-1,0
5,0,512,-616,306,-31,-353,-498,430,-334,99,651,-229,584,128,-178,-1,0
5,1,507,-606,304,-31,-355,-499,448,-317,99,651,-229,586,128,-183,-1,0
5,2,512,-600,305,-32,-354,-498,447,-313,99,651,-229,587,128,-182,-1,0
5,3,517,-605,311,-28,-349,-498,439,-331,99,651,-229,585,128,-174,-1,0
5,4,513,-603,312,-27,-349,-499,445,-342,99,651,-229,585,128,-177,-1,0
5,5,506,-600,310,-30,-352,-499,443,-332,99,651,-229,587,128,-181,-1,0
5,6,506,-604,307,-32,-355,-499,430,-321,99,651,-229,587,128,-178,-1,0
5,7,509,-604,307,-31,-354,-499,436,-312,99,651,-229,589,128,-175,-1,0
5,8,504,-605,310,-32,-352,-499,451,-292,99,651,-229,586,128,-177,-1,0
5,9,503,-604,311,-32,-351,-499,450,-282,99,651,-229,585,128,-172,-1,0
5,10,512,-603,309,-31,-350,-499,449,-302,99,651,-229,590,128,-166,-1,0
5,11,517,-605,310,-31,-349,-499,456,-312,99,651,-229,587,128,-172,-1,0
5,12,513,-607,309,-31,-352,-499,453,-294,99,651,-229,584,128,-181,-1,0
5,13,510,-600,306,-31,-354,-499,440,-287,99,651,-229,589,128,-178,-1,0
5,14,512,-609,308,-31,-351,-499,446,-305,99,651,-229,589,128,-169,-1,0
5,15,508,-627,310,-31,-353,-499,463,-308,99,651,-229,586,128,-166,-1,0
5,16,506,-617,308,-31,-359,-499,474,-283,99,651,-229,588,128,-172,-1,0
5,17,510,-597,306,-31,-357,-499,475,-284,99,651,-229,588,128,-181,-1,0
5,18,510,-603,306,-31,-352,-499,462,-306,99,651,-229,581,128,-180,-1,0
5,19,512,-612,308,-31,-353,-499,452,-304,99,651,-229,585,128,-174,-1,0
5,20,512,-602,311,-31,-354,-499,463,-290,99,651,-229,596,128,-177,-1,0
5,21,508,-605,309,-31,-352,-499,474,-282,99,651,-229,592,128,-178,-1,0
5,22,511,-621,310,-31,-352,-499,476,-276,99,651,-229,579,128,-177,-1,0
5,23,513,-623,312,-31,-355,-499,476,-280,99,651,-229,578,128,-181,-1,0
5,24,507,-621,306,-31,-355,-499,475,-295,99,651,-229,584,128,-177,-1,0
5,25,508,-616,303,-31,-353,-499,472,-294,99,651,-229,587,128,-165,-1,0
5,26,518,-602,309,-31,-353,-499,475,-279,99,651,-229,587,128,-170,-1,0
5,27,518,-606,311,-31,-352,-499,474,-274,99,651,-229,591,128,-182,-1,0
5,28,507,-623,305,-31,-351,-499,470,-276,99,651,-229,592,128,-182,-1,0
5,29,500,-613,306,-31,-352,-499,472,-280,99,651,-229,583,128,-167,-1,0
5,30,506,-597,313,-31,-352,-499,469,-285,99,651,-229,583,128,-159,-1,0
5,31,514,-606,313,-31,-352,-499,468,-294,99,651,-229,587,128,-174,-1,0
5,32,513,-608,308,-31,-354,-499,471,-298,99,651,-229,584,128,-184,-1,0
5,33,505,-602,309,-31,-354,-499,470,-294,99,651,-229,585,128,-176,-1,0
5,34,506,-604,310,-31,-352,-499,474,-292,99,651,-229,588,128,-172,-1,0
5,35,514,-604,308,-31,-351,-499,481,-293,99,651,-229,586,128,-174,-1,0
5,36,511,-601,306,-31,-352,-499,476,-296,99,651,-229,584,128,-175,-1,0
5,37,505,-603,304,-31,-353,-499,471,-304,99,651,-229,592,128,-182,-1,0
5,38,505,-602,307,-31,-354,-499,475,-299,99,651,-229,597,128,-180,-1,0
5,39,508,-602,307,-31,-351,-499,470,-280,99,651,-229,588,128,-171,-1,0
5,40,512,-602,308,-31,-350,-499,463,-281,99,651,-229,580,128,-172,-1,0
5,41,509,-602,308,-31,-356,-499,469,-288,99,651,-229,585,128,-171,-1,0
5,42,505,-602,306,-31,-356,-499,477,-284,99,651,-229,589,128,-169,-1,0
5,43,514,-602,306,-31,-350,-499,474,-291,99,651,-229,587,128,-174,-1,0
5,44,518,-602,308,-31,-352,-499,474,-295,99,651,-229,587,128,-178,-1,0
5,45,506,-602,309,-31,-354,-499,479,-289,99,651,-229,586,128,-175,-1,0
5,46,505,-602,310,-31,-349,-499,465,-309,99,651,-229,583,128,-170,-1,0
5,47,514,-602,308,-31,-350,-499,443,-332,99,651,-229,589,128,-177,-1,0
5,48,508,-602,307,-31,-354,-499,442,-315,99,651,-229,598,128,-181,-1,0
5,49,502,-602,307,-31,-353,-499,452,-302,99,651,-229,593,128,-173,-1,0
5,50,508,-602,307,-31,-353,-499,450,-308,99,651,-229,584,128,-172,-1,0
5,51,519,-602,305,-31,-355,-499,448,-310,99,651,-229,588,128,-178,-1,0
5,52,516,-602,310,-31,-355,-499,452,-317,99,651,-229,590,128,-173,-1,0
5,53,511,-601,313,-31,-353,-499,449,-324,99,651,-229,587,128,-169,0,0
5,54,520,-602,309,-31,-351,-499,445,-312,99,651,-229,587,128,-176,-1,0
5,55,523,-605,309,-31,-352,-499,446,-301,99,651,-229,587,128,-167,-1,0
5,56,508,-599,310,-31,-355,-499,444,-311,99,651,-229,585,128,-162,-1,0
5,57,503,-601,307,-31,-356,-499,444,-321,99,651,-229,588,128,-177,-1,0
5,58,510,-623,306,-31,-353,-499,445,-322,99,651,-229,595,128,-181,-1,0
5,59,508,-618,306,-31,-353,-499,433,-328,99,651,-229,594,128,-178,-1,0
5,60,507,-604,305,-31,-355,-499,420,-343,99,651,-229,585,128,-179,-1,0
5,61,511,-620,308,-31,-354,-499,430,-344,99,651,-229,585,128,-177,-1,0
5,62,510,-624,311,-31,-350,-499,444,-321,99,651,-229,588,128,-177,-1,0
5,63,507,-601,309,-31,-351,-499,441,-316,99,651,-229,580,128,-179,-1,0
5,64,505,-598,308,-31,-355,-498,438,-343,99,651,-229,579,128,-176,-1,0
5,65,508,-607,310,-31,-353,-499,442,-350,99,651,-229,589,128,-173,-1,0
5,66,514,-597,308,-31,-352,-500,446,-333,99,651,-229,591,128,-174,-1,0
5,67,512,-605,308,-31,-356,-493,443,-332,99,651,-229,588,128,-176,-1,0
5,68,508,-626,312,-31,-356,-487,438,-333,99,651,-229,587,128,-177,-1,0
5,69,510,-621,310,-31,-353,-487,440,-325,99,651,-229,584,128,-176,-1,0
5,70,508,-605,306,-31,-350,-489,454,-330,99,651,-229,588,128,-178,-1,0
5,71,513,-597,309,-31,-348,-488,459,-318,99,651,-229,595,128,-175,-1,0
5,72,521,-607,308,-31,-348,-491,445,-303,99,651,-229,591,128,-174,-1,0
5,73,512,-622,303,-31,-353,-490,433,-328,99,651,-229,592,128,-180,-1,0
5,74,505,-611,308,-31,-357,-486,441,-343,99,651,-229,592,128,-179,-1,0
5,75,510,-602,309,-31,-355,-492,449,-323,99,651,-229,589,128,-174,-1,0
5,76,508,-616,304,-31,-353,-501,449,-319,99,651,-229,592,128,-176,-1,0
5,77,502,-618,307,-31,-357,-498,444,-339,99,651,-229,591,128,-176,0,0
5,78,504,-601,311,-31,-359,-487,443,-347,99,651,-229,590,128,-163,-1,0
5,79,512,-600,309,-31,-353,-486,450,-334,99,651,-229,593,128,-162,0,0
5,80,518,-607,306,-31,-351,-497,456,-317,99,651,-229,591,128,-176,0,0
5,81,517,-604,311,-31,-352,-501,455,-317,99,651,-229,583,128,-185,-1,0
5,82,509,-601,312,-31,-352,-491,446,-333,99,651,-229,587,128,-181,0,0
5,83,511,-607,307,-31,-352,-486,439,-345,99,651,-229,594,128,-177,-1,0
5,84,513,-621,305,-31,-353,-491,438,-353,99,651,-229,594,128,-180,-1,0
5,85,507,-625,308,-31,-355,-493,443,-345,99,651,-229,590,128,-179,-1,0
5,86,506,-618,305,-31,-355,-490,447,-329,99,651,-229,585,128,-176,-1,0
5,87,507,-620,306,-31,-352,-488,442,-330,99,651,-229,587,128,-174,-1,0
5,88,506,-621,311,-31,-352,-490,438,-334,99,651,-229,591,128,-168,-1,0
5,89,510,-617,311,-31,-356,-490,451,-322,99,651,-229,594,128,-165,-1,0
5,90,508,-617,309,-31,-355,-480,460,-314,99,651,-229,590,128,-175,-1,0
5,91,507,-618,312,-31,-352,-481,444,-340,99,651,-229,584,128,-183,-1,0
5,92,517,-617,311,-31,-352,-499,437,-352,99,651,-229,586,128,-177,-1,0
5,93,521,-619,308,-31,-353,-504,443,-331,99,651,-229,592,128,-178,-1,0
5,94,509,-617,311,-31,-354,-499,435,-328,99,651,-229,593,128,-180,-1,0
5,95,505,-616,311,-31,-354,-501,434,-336,99,651,-229,590,128,-178,-1,0
5,96,511,-623,305,-31,-352,-502,443,-329,99,651,-229,585,128,-176,-1,0
5,97,508,-620,303,-31,-351,-500,442,-322,99,651,-229,580,128,-174,-1,0
5,98,505,-603,303,-31,-351,-503,437,-332,99,651,-229,586,128,-174,-1,0
5,99,508,-599,304,-31,-350,-503,438,-348,99,651,-229,594,128,-180,-1,0
5,100,505,-606,306,-31,-351,-502,439,-358,99,651,-229,588,128,-179,-1,0
5,101,506,-605,307,-31,-353,-503,441,-353,99,651,-229,588,128,-173,-1,0
5,102,511,-600,309,-31,-352,-502,438,-340,99,651,-229,595,128,-175,-1,0
5,103,511,-602,311,-31,-350,-502,428,-340,99,651,-229,590,128,-179,-1,0
5,104,509,-604,307,-31,-351,-502,424,-336,99,651,-229,580,128,-178,-1,0
5,105,509,-605,304,-31,-354,-502,430,-320,99,651,-229,583,128,-178,-1,0
5,106,506,-604,309,-31,-357,-502,441,-319,99,651,-229,593,128,-178,-1,0
5,107,509,-604,308,-31,-353,-502,446,-340,99,651,-229,594,128,-176,-1,0
5,108,513,-605,304,-31,-349,-502,430,-363,99,651,-229,591,128,-177,-1,0
5,109,512,-603,307,-31,-354,-502,420,-345,99,651,-229,594,128,-176,-1,0
5,110,509,-604,309,-31,-355,-502,438,-311,99,651,-229,591,128,-174,-1,0
5,111,509,-607,307,-31,-351,-502,449,-314,99,651,-229,586,128,-176,-1,0
5,112,510,-602,307,-31,-354,-502,434,-336,99,651,-229,592,128,-178,-1,0
5,113,511,-605,308,-31,-357,-502,415,-341,99,651,-229,590,128,-174,-1,0
5,114,507,-625,307,-31,-352,-502,412,-342,99,651,-229,578,128,-173,-1,0
5,115,505,-627,305,-31,-350,-502,421,-361,99,651,-229,582,128,-177,-1,0
5,116,508,-606,305,-31,-354,-502,423,-362,99,651,-229,593,128,-184,-1,0
5,117,510,-600,305,-31,-355,-502,416,-337,99,651,-230,589,128,-181,-1,0
5,118,507,-607,305,-31,-351,-502,417,-325,99,651,-229,584,128,-175,-1,0
5,119,507,-603,308,-31,-350,-502,426,-334,99,651,-229,592,128,-177,-1,0
5,120,514,-598,310,-31,-355,-502,433,-341,99,651,-229,597,128,-179,-1,0
5,121,512,-603,307,-31,-357,-502,441,-331,99,651,-229,586,128,-176,-1,0
5,122,509,-602,308,-31,-355,-502,444,-319,99,651,-229,579,128,-173,-1,0
5,123,516,-599,311,-31,-357,-502,441,-321,99,651,-229,587,128,-177,-1,0
5,124,516,-611,310,-31,-358,-502,443,-324,99,651,-229,590,128,-179,-1,0
6,125,507,-622,310,-31,-355,-502,445,-320,99,651,-229,587,128,-173,-1,0
6,126,509,-625,309,-31,-354,-502,442,-318,99,651,-229,590,128,-171,-1,0
6,127,514,-625,307,-31,-354,-502,441,-324,99,651,-229,592,128,-175,-1,0
6,128,507,-613,308,-31,-352,-502,440,-326,99,651,-229,589,128,-179,-1,0
6,0,504,-610,311,-31,-351,-502,453,-310,99,651,-229,588,128,-178,-1,0
6,1,514,-623,308,-31,-352,-502,473,-295,99,651,-229,587,128,-181,-1,0
6,2,519,-618,305,-31,-354,-502,468,-316,99,651,-229,587,128,-180,-1,0
6,3,512,-599,309,-31,-355,-502,446,-340,99,651,-229,594,128,-177,-1,0
6,4,507,-603,312,-31,-353,-502,439,-330,99,651,-229,593,128,-177,-1,0
6,5,508,-608,308,-31,-353,-503,437,-318,99,651,-229,588,128,-171,-1,0
6,6,510,-600,304,-31,-352,-503,446,-327,99,651,-229,592,128,-166,-1,0
6,7,511,-607,306,-31,-351,-502,468,-323,99,651,-229,590,128,-174,-1,0
6,8,507,-609,309,-31,-355,-503,466,-306,99,651,-229,580,128,-179,-1,0
6,9,504,-599,308,-31,-354,-503,448,-313,99,651,-229,583,128,-171,-1,0
6,10,509,-612,308,-31,-348,-495,445,-332,99,651,-229,592,128,-171,-1,0
6,11,508,-629,310,-31,-351,-485,449,-329,99,651,-229,593,128,-177,-1,0
6,12,504,-613,307,-30,-353,-486,456,-316,99,651,-229,589,128,-173,-1,0
6,13,510,-603,308,-29,-351,-494,456,-319,99,651,-229,582,128,-177,-1,0
6,14,511,-619,310,-29,-353,-500,441,-327,99,651,-229,584,128,-183,-1,0
6,15,503,-628,303,-29,-354,-500,438,-323,99,651,-229,586,128,-167,-1,0
6,16,509,-619,302,-31,-351,-499,450,-317,99,651,-229,584,128,-158,-1,0
6,17,520,-611,308,-33,-353,-500,447,-318,99,651,-229,586,128,-173,-1,0
6,18,515,-605,308,-31,-355,-500,437,-323,99,651,-229,585,128,-180,-1,0
6,19,506,-599,307,-31,-352,-498,441,-324,99,651,-229,582,128,-179,-1,0
6,20,507,-609,308,-31,-350,-498,448,-323,99,651,-229,582,128,-167,-1,0
6,21,509,-620,308,-31,-352,-498,444,-318,99,651,-229,584,128,-153,-1,0
6,22,505,-614,307,-31,-355,-498,441,-306,99,651,-229,586,128,-160,-1,-1
6,23,508,-601,309,-31,-356,-498,445,-297,99,651,-229,586,128,-164,-1,0
6,24,512,-602,308,-31,-354,-498,443,-305,99,651,-229,580,128,-154,-1,0
6,25,510,-608,304,-31,-354,-498,440,-324,99,651,-229,579,128,-166,-1,0
6,26,510,-605,304,-31,-355,-498,443,-329,99,651,-229,588,128,-188,-1,0
6,27,509,-606,308,-31,-356,-498,437,-329,99,651,-229,590,128,-179,-1,0
6,28,509,-606,311,-31,-358,-498,443,-338,99,651,-229,582,128,-162,-1,0
6,29,511,-603,311,-31,-359,-498,466,-331,99,651,-229,585,128,-168,-1,0
6,30,508,-605,309,-31,-353,-499,462,-315,99,651,-229,587,128,-176,-1,0
6,31,505,-606,309,-31,-352,-498,438,-322,99,651,-229,584,128,-170,-1,0
6,32,507,-602,308,-31,-356,-497,438,-330,99,651,-229,586,128,-168,-1,0
6,33,509,-606,308,-31,-358,-498,447,-321,99,651,-229,588,128,-184,-1,0
6,34,510,-616,315,-31,-355,-499,443,-329,99,651,-229,586,128,-189,-1,0
6,35,512,-624,314,-31,-355,-498,438,-355,99,651,-229,585,128,-172,-1,0
6,36,509,-623,305,-31,-357,-497,437,-353,99,651,-229,590,128,-160,-1,0
6,37,504,-609,303,-31,-349,-499,452,-328,99,651,-229,589,128,-167,-1,0
6,38,505,-605,308,-31,-343,-499,473,-313,99,651,-229,581,128,-182,-1,0
6,39,511,-620,309,-31,-348,-498,464,-321,99,651,-229,583,128,-180,-1,0
6,40,513,-627,306,-31,-354,-499,443,-334,99,651,-229,589,128,-170,-1,0
6,41,509,-618,311,-31,-354,-499,450,-335,99,651,-229,584,128,-174,-1,0
6,42,507,-618,315,-31,-353,-499,468,-322,99,651,-229,580,128,-181,-1,0
6,43,506,-623,304,-31,-353,-499,471,-321,99,651,-229,586,128,-172,-1,0
6,44,511,-621,299,-31,-352,-499,459,-338,99,651,-229,584,128,-161,-1,0
6,45,519,-621,307,-31,-353,-499,446,-339,99,651,-229,579,128,-168,-1,0
6,46,515,-620,309,-31,-355,-499,445,-325,99,651,-229,589,128,-180,-1,0
6,47,510,-619,304,-31,-354,-499,450,-321,99,651,-229,594,128,-179,-1,0
6,48,514,-620,305,-31,-352,-499,443,-326,99,651,-229,586,128,-173,-1,0
6,49,513,-620,304,-31,-353,-499,438,-326,99,651,-229,585,128,-171,-1,0
6,50,507,-620,302,-31,-359,-499,452,-323,99,651,-229,589,128,-177,-1,0
6,51,506,-621,304,-31,-358,-499,450,-336,99,651,-229,586,128,-175,-1,0
6,52,509,-619,306,-31,-353,-499,437,-348,99,651,-229,586,128,-166,-1,0
6,53,513,-621,306,-31,-352,-499,454,-340,99,651,-229,588,128,-170,0,0
6,54,517,-622,306,-31,-353,-499,477,-321,99,651,-229,586,128,-180,-1,0
6,55,512,-611,306,-31,-354,-499,479,-297,99,651,-229,583,128,-176,0,0
6,56,506,-599,305,-31,-351,-499,474,-280,99,651,-229,588,128,-172,-1,0
6,57,511,-603,308,-31,-352,-499,478,-276,99,651,-229,590,128,-177,0,0
6,58,518,-606,310,-31,-360,-499,482,-288,99,651,-229,586,128,-176,0,0
6,59,517,-602,307,-31,-359,-499,470,-305,99,651,-229,594,128,-172,-1,0
6,60,512,-603,305,-31,-350,-499,456,-326,99,651,-229,596,128,-179,0,0
6,61,507,-606,307,-31,-351,-499,462,-333,99,651,-229,589,128,-184,-1,0
6,62,513,-604,307,-31,-357,-499,476,-310,99,651,-229,592,128,-176,-1,0
6,63,518,-605,305,-31,-354,-499,475,-298,99,651,-229,594,128,-172,-1,0
6,64,512,-605,309,-31,-349,-499,472,-320,99,651,-229,585,128,-180,-1,0
6,65,506,-605,309,-31,-350,-499,473,-330,99,651,-229,586,128,-183,-1,0
6,66,510,-604,303,-31,-351,-499,476,-305,99,651,-229,592,128,-167,-1,0
6,67,510,-603,304,-31,-352,-499,478,-298,99,651,-229,587,128,-156,-1,0
6,68,507,-605,309,-31,-354,-499,466,-323,99,651,-229,584,128,-169,-1,0
6,69,512,-607,306,-31,-353,-499,458,-324,99,651,-229,593,128,-185,-1,0
6,70,510,-601,304,-31,-351,-499,470,-299,99,651,-229,593,128,-178,-1,0
6,71,506,-608,309,-31,-352,-499,483,-288,99,651,-229,589,128,-172,-1,0
6,72,512,-625,309,-31,-354,-499,473,-292,99,651,-229,591,128,-179,-1,0
6,73,510,-617,305,-31,-353,-497,468,-295,99,651,-229,591,128,-181,-1,0
6,74,505,-600,305,-31,-354,-500,487,-299,99,651,-229,589,128,-180,-1,0
6,75,515,-601,308,-31,-355,-499,490,-310,99,651,-229,592,128,-181,-1,0
6,76,528,-604,309,-31,-353,-492,470,-311,99,651,-229,589,128,-177,-1,0
6,77,520,-599,308,-31,-354,-492,465,-303,99,651,-229,586,128,-172,-1,0
6,78,507,-603,307,-31,-355,-501,472,-301,99,651,-229,588,128,-178,-1,0
6,79,508,-605,310,-31,-354,-500,474,-294,99,651,-229,590,128,-180,-1,0
6,80,513,-596,313,-31,-352,-496,468,-289,99,651,-229,592,128,-178,-1,0
6,81,517,-607,311,-31,-352,-498,459,-306,99,652,-229,591,128,-177,-1,0
6,82,515,-631,311,-31,-353,-500,461,-322,99,654,-229,587,128,-170,-1,0
6,83,506,-624,313,-31,-354,-499,471,-326,99,652,-229,592,128,-168,-1,0
6,84,505,-601,307,-31,-354,-499,465,-332,99,649,-229,587,128,-180,-1,0
6,85,510,-601,307,-31,-351,-498,462,-313,99,650,-229,581,128,-179,-1,0
6,86,509,-607,309,-31,-349,-498,473,-278,99,651,-229,585,128,-170,-1,0
6,87,506,-602,305,-31,-351,-498,476,-274,99,649,-229,584,128,-177,-1,0
6,88,508,-604,305,-31,-355,-498,467,-294,99,649,-229,582,128,-183,-1,0
6,89,507,-608,310,-31,-353,-498,459,-296,99,650,-229,585,128,-171,-1,0
6,90,510,-605,309,-31,-352,-498,462,-291,99,649,-229,587,128,-167,-1,0
6,91,519,-604,299,-31,-355,-498,466,-311,99,649,-229,588,128,-177,-1,0
6,92,519,-605,297,-31,-353,-498,450,-331,99,650,-229,585,128,-180,-1,0
6,93,505,-604,307,-31,-349,-498,441,-318,99,650,-229,584,128,-173,-1,0
6,94,500,-606,311,-31,-351,-498,464,-292,99,650,-229,584,128,-173,-1,0
6,95,507,-604,306,-31,-356,-498,474,-291,99,650,-229,582,128,-178,-1,0
6,96,509,-601,303,-31,-350,-498,457,-307,99,650,-229,582,128,-182,-1,0
6,97,507,-614,308,-31,-343,-498,446,-310,99,650,-229,582,128,-180,-1,0
6,98,510,-621,313,-31,-349,-498,447,-306,99,650,-229,581,128,-169,-1,0
6,99,508,-611,307,-31,-355,-498,452,-307,99,650,-229,582,128,-170,-1,0
6,100,507,-617,302,-31,-353,-498,446,-328,99,650,-229,584,128,-179,-1,0
6,101,508,-624,308,-31,-352,-498,436,-336,99,650,-229,585,128,-175,-1,0
6,102,507,-610,311,-31,-355,-498,452,-298,99,650,-229,587,128,-175,-1,0
6,103,512,-597,307,-31,-354,-498,464,-273,99,650,-229,589,128,-184,0,0
6,104,520,-606,306,-28,-354,-498,457,-291,99,650,-229,589,128,-180,-1,0
6,105,514,-623,310,-28,-354,-498,453,-299,99,650,-229,587,128,-171,-1,0
6,106,507,-626,311,-30,-351,-498,453,-290,99,650,-229,580,128,-176,-1,0
6,107,508,-609,308,-31,-351,-498,449,-294,99,650,-229,586,128,-180,-1,0
6,108,515,-599,307,-32,-353,-498,447,-306,99,650,-229,599,128,-180,-1,0
6,109,514,-606,303,-32,-354,-498,441,-324,99,650,-229,590,128,-182,-1,0
6,110,506,-606,305,-31,-351,-498,438,-327,99,650,-229,579,128,-177,-1,0
6,111,508,-600,312,-31,-350,-498,453,-296,99,650,-229,586,128,-171,-1,0
6,112,514,-607,312,-31,-352,-498,459,-290,99,650,-229,587,128,-175,-1,0
6,113,511,-621,306,-31,-352,-498,439,-320,99,650,-229,585,128,-182,-1,0
6,114,505,-622,306,-31,-351,-498,431,-334,99,650,-229,589,128,-178,-1,0
6,115,507,-606,310,-31,-352,-498,440,-327,99,650,-229,582,128,-163,-1,0
6,116,508,-597,310,-31,-352,-498,439,-327,99,650,-229,578,128,-162,-1,0
6,117,508,-608,307,-31,-352,-498,437,-317,99,650,-229,590,128,-177,-1,0
6,118,511,-615,305,-31,-353,-498,463,-287,99,650,-229,589,128,-183,-1,0
6,119,510,-603,300,-31,-356,-498,485,-263,99,650,-229,578,128,-178,-1,0
6,120,510,-605,301,-31,-356,-498,483,-276,99,650,-229,589,128,-177,-1,0
6,121,512,-623,310,-31,-352,-498,464,-306,99,650,-229,599,128,-178,-1,0
6,122,510,-617,311,-31,-352,-498,444,-311,99,650,-229,588,128,-178,-1,0
6,123,510,-600,305,-31,-353,-498,448,-300,99,650,-229,579,128,-174,-1,0
6,124,509,-603,305,-31,-354,-498,466,-297,99,650,-229,584,128,-173,-1,0
7,125,504,-609,306,-31,-355,-498,469,-295,99,650,-229,588,128,-179,-1,0
7,126,510,-601,305,-31,-354,-498,463,-289,99,650,-229,585,128,-182,-1,0
7,127,518,-604,307,-31,-352,-498,463,-291,99,650,-229,585,128,-176,-1,0
7,128,512,-614,310,-31,-352,-498,458,-298,99,650,-229,586,128,-178,-1,0
7,0,505,-613,304,-31,-352,-498,445,-306,99,650,-229,586,128,-182,-1,0
7,1,507,-603,298,-31,-351,-498,435,-316,99,650,-229,586,128,-164,-1,0
7,2,508,-601,307,-31,-352,-498,439,-323,99,650,-229,590,128,-157,-1,0
7,3,505,-606,314,-31,-353,-499,445,-321,99,650,-229,587,128,-174,-1,0
7,4,506,-604,310,-31,-352,-500,442,-302,99,650,-229,581,128,-173,-1,0
7,5,511,-601,308,-31,-352,-496,459,-276,99,650,-229,579,128,-164,-1,0
7,6,512,-603,308,-31,-351,-499,477,-265,99,650,-229,588,128,-178,-1,0
7,7,509,-604,307,-31,-351,-502,467,-281,99,650,-229,593,128,-181,-1,0
7,8,509,-605,308,-31,-352,-484,461,-293,99,650,-229,587,128,-165,-1,0
7,9,511,-604,307,-31,-352,-479,464,-296,99,650,-229,591,128,-174,-1,0
7,10,511,-605,306,-31,-352,-494,450,-318,99,650,-229,598,128,-189,-1,0
7,11,512,-605,310,-31,-352,-498,434,-327,99,650,-229,587,128,-170,-1,0
7,12,513,-605,307,-31,-354,-493,439,-300,99,650,-229,582,128,-149,-1,0
7,13,506,-605,303,-31,-354,-493,455,-276,99,650,-229,589,128,-159,-1,0
7,14,503,-605,309,-31,-353,-496,474,-276,99,650,-229,584,128,-164,-1,0
7,15,513,-605,310,-31,-351,-498,480,-275,99,650,-229,579,128,-152,-1,0
7,16,518,-605,303,-31,-350,-502,459,-271,99,650,-229,585,128,-160,-1,0
7,17,508,-605,303,-31,-352,-498,449,-279,99,650,-229,585,128,-171,-1,0
7,18,505,-605,307,-31,-354,-498,466,-292,99,650,-229,581,128,-168,-1,0
7,19,513,-605,309,-31,-353,-502,477,-291,99,650,-229,584,128,-168,-1,0
7,20,512,-605,312,-31,-351,-498,475,-267,99,650,-229,587,128,-167,-1,0
7,21,507,-605,313,-31,-353,-497,472,-246,99,650,-229,586,128,-166,-1,0
7,22,507,-605,311,-31,-353,-500,473,-248,99,650,-229,588,128,-181,-1,0
7,23,508,-605,310,-31,-350,-496,473,-254,99,650,-229,591,128,-180,-1,0
7,24,512,-604,308,-31,-350,-489,475,-245,99,649,-229,588,128,-171,-1,0
7,25,511,-603,307,-31,-353,-487,477,-246,99,649,-229,581,128,-181,-1,0
7,26,505,-606,307,-31,-354,-485,471,-270,99,650,-229,582,128,-179,-1,0
7,27,509,-605,309,-31,-354,-488,460,-278,99,650,-229,588,128,-163,-1,0
7,28,512,-600,310,-31,-353,-499,450,-269,99,649,-229,590,128,-170,-1,0
7,29,510,-613,308,-31,-353,-502,439,-284,99,651,-230,583,128,-177,-1,0
7,30,508,-622,309,-31,-352,-496,427,-299,99,654,-232,583,128,-163,-1,0
7,31,509,-610,310,-31,-353,-498,422,-286,99,653,-233,587,128,-167,-1,0
7,32,509,-616,305,-31,-354,-501,420,-286,99,651,-232,584,128,-182,-1,0
7,33,508,-629,307,-31,-354,-499,412,-300,99,650,-232,585,128,-178,-1,0
7,34,508,-611,308,-31,-353,-499,409,-291,99,648,-233,587,128,-179,-1,0
7,35,508,-596,304,-31,-353,-498,421,-270,99,648,-229,584,128,-183,-1,0
7,36,509,-607,306,-31,-358,-498,431,-246,99,648,-225,584,128,-176,-1,0
7,37,509,-607,307,-31,-358,-498,424,-218,99,648,-229,588,128,-177,-1,0
7,38,511,-600,303,-31,-353,-498,412,-206,99,649,-234,589,128,-179,-1,0
7,39,512,-602,302,-31,-352,-498,406,-213,99,648,-231,587,128,-174,-1,0
7,40,507,-603,306,-31,-353,-498,397,-216,99,647,-230,588,128,-174,0,0
7,41,503,-606,306,-31,-351,-498,387,-223,99,652,-233,586,128,-176,-1,0
7,42,507,-608,306,-31,-350,-498,386,-237,99,655,-231,590,128,-159,0,0
7,43,511,-604,307,-31,-351,-498,389,-239,99,652,-229,596,128,-152,-1,0
7,44,507,-609,307,-31,-352,-498,382,-219,99,652,-231,588,128,-170,0,0
7,45,506,-629,308,-31,-352,-498,381,-191,99,654,-230,578,128,-183,-1,0
7,46,512,-621,310,-31,-352,-498,390,-178,99,650,-227,581,128,-182,0,0
7,47,513,-602,308,-31,-352,-498,391,-182,99,649,-228,591,128,-162,-1,0
7,48,510,-617,308,-31,-353,-498,381,-185,99,650,-230,586,128,-153,-1,0
7,49,514,-624,312,-31,-351,-498,380,-180,99,649,-231,583,128,-165,-1,0
7,50,514,-602,311,-31,-351,-498,381,-184,99,650,-231,594,128,-162,-1,0
7,51,509,-599,306,-31,-354,-498,387,-189,99,651,-231,596,128,-152,-1,0
7,52,505,-610,307,-31,-353,-498,400,-172,99,650,-229,587,128,-169,-1,0
7,53,508,-605,309,-31,-351,-498,400,-151,99,649,-229,584,128,-184,-1,0
7,54,514,-603,303,-31,-351,-498,399,-148,99,649,-229,588,128,-175,-1,0
7,55,511,-609,299,-31,-354,-498,412,-148,99,650,-229,593,128,-179,-1,0
7,56,508,-605,308,-31,-354,-498,405,-147,99,649,-229,594,128,-179,-1,0
7,57,511,-608,311,-29,-353,-498,380,-154,99,649,-229,588,128,-172,-1,0
7,58,509,-604,308,-30,-353,-498,382,-158,99,651,-229,585,128,-178,-1,0
7,59,503,-599,309,-32,-354,-498,393,-149,99,655,-229,590,128,-177,-1,0
7,60,508,-619,309,-32,-354,-498,385,-146,99,656,-229,586,128,-172,-1,0
7,61,511,-623,304,-31,-353,-498,383,-150,99,651,-229,580,128,-171,-1,0
7,62,504,-604,305,-31,-352,-498,385,-137,99,649,-229,586,128,-173,-1,0
7,63,502,-612,308,-31,-353,-498,372,-124,99,650,-229,590,128,-176,-1,0
7,64,514,-628,307,-31,-351,-498,361,-139,99,652,-229,587,128,-176,-1,0
7,65,519,-608,307,-31,-351,-498,368,-160,99,651,-229,590,128,-172,-1,0
7,66,511,-588,310,-31,-351,-498,379,-151,99,651,-229,597,128,-175,-1,0
7,67,507,-606,311,-31,-350,-498,382,-131,99,651,-229,589,128,-186,-1,0
7,68,507,-626,306,-31,-351,-498,382,-137,99,651,-229,582,128,-182,-1,0
7,69,506,-620,302,-31,-354,-498,379,-145,99,651,-229,589,128,-170,-1,0
7,70,510,-610,306,-31,-352,-498,377,-130,99,651,-229,590,128,-172,-1,0
7,71,514,-612,307,-31,-352,-498,378,-116,99,651,-229,585,128,-179,-1,0
7,72,510,-611,306,-31,-356,-498,377,-133,99,651,-229,587,128,-175,-1,0
7,73,508,-601,308,-31,-355,-499,382,-154,99,651,-229,589,128,-173,-1,0
7,74,510,-597,309,-31,-352,-499,389,-147,99,651,-229,587,128,-176,-1,0
7,75,509,-603,308,-31,-354,-500,385,-140,99,651,-230,586,128,-182,-1,0
7,76,507,-615,308,-31,-353,-501,376,-142,99,651,-228,584,128,-180,-1,0
7,77,505,-622,308,-31,-350,-500,376,-143,99,651,-229,584,128,-170,-1,0
7,78,508,-620,310,-32,-353,-498,375,-162,99,651,-231,595,128,-170,-1,0
7,79,510,-621,313,-33,-356,-498,360,-184,99,651,-226,598,128,-182,-1,0
7,80,506,-623,310,-33,-353,-498,356,-174,99,651,-221,584,128,-177,-1,0
7,81,507,-621,306,-33,-352,-497,377,-151,99,651,-227,584,128,-167,-1,0
7,82,514,-621,306,-31,-356,-499,386,-155,99,651,-232,592,128,-177,-1,0
7,83,512,-622,306,-29,-357,-499,377,-162,99,651,-229,584,128,-184,-1,0
7,84,507,-622,307,-29,-353,-498,380,-153,99,651,-226,578,128,-176,-1,0
7,85,508,-622,307,-29,-351,-499,369,-165,99,651,-228,586,128,-176,-1,0
7,86,508,-613,304,-29,-354,-499,350,-173,99,651,-229,588,128,-181,-1,0
7,87,503,-606,305,-30,-357,-499,362,-169,99,651,-228,582,128,-178,-1,0
7,88,503,-605,307,-31,-356,-499,378,-167,99,651,-228,583,128,-177,-1,0
7,89,508,-598,304,-31,-355,-499,368,-160,99,651,-231,585,128,-181,-1,0
7,90,508,-603,305,-31,-352,-499,350,-162,99,651,-232,586,128,-178,0,0
7,91,509,-625,315,-31,-352,-499,356,-177,99,651,-231,585,128,-173,-1,0
7,92,508,-621,315,-31,-353,-499,375,-181,99,651,-231,582,128,-175,0,0
7,93,506,-605,306,-31,-352,-499,373,-176,99,651,-232,589,128,-172,-1,0
7,94,506,-615,306,-31,-351,-499,357,-180,99,652,-231,596,128,-165,0,0
7,95,509,-619,311,-31,-352,-499,361,-181,99,651,-228,588,128,-172,-1,0
7,96,512,-601,311,-31,-353,-499,359,-188,99,649,-227,582,128,-180,-1,0
7,97,512,-602,310,-31,-352,-499,334,-202,99,650,-230,589,128,-178,0,0
7,98,508,-608,309,-31,-352,-499,337,-191,99,652,-230,591,128,-175,-1,0
7,99,508,-600,307,-31,-352,-499,358,-180,99,651,-228,586,128,-177,-1,0
7,100,509,-600,308,-31,-352,-499,349,-186,99,649,-228,587,128,-180,-1,0
7,101,508,-606,311,-33,-353,-499,337,-189,99,649,-230,590,128,-179,-1,0
7,102,517,-601,311,-32,-352,-499,348,-181,99,650,-230,590,128,-175,-1,0
7,103,522,-606,305,-30,-351,-499,360,-178,99,649,-231,587,128,-179,-1,0
7,104,511,-620,304,-30,-352,-499,354,-186,99,649,-232,585,128,-183,-1,0
7,105,512,-625,307,-31,-353,-499,356,-183,99,650,-232,586,128,-175,-1,0
7,106,521,-620,306,-31,-353,-499,376,-156,99,650,-233,585,128,-165,-1,0
7,107,511,-619,305,-31,-353,-499,378,-159,99,650,-232,585,128,-168,-1,0
7,108,503,-620,306,-28,-353,-499,362,-179,99,650,-233,586,128,-178,-1,0
7,109,511,-619,306,-28,-352,-499,357,-172,99,650,-233,583,128,-181,-1,0
7,110,512,-620,308,-31,-353,-499,363,-163,99,650,-230,583,128,-175,-1,0
7,111,508,-624,311,-29,-354,-499,362,-177,99,650,-227,585,128,-175,-1,0
7,112,509,-620,308,-27,-354,-499,361,-187,99,650,-230,588,128,-176,-1,0
7,113,509,-609,305,-31,-355,-499,365,-185,99,650,-230,587,128,-169,-1,0
7,114,512,-616,310,-32,-356,-499,359,-187,99,650,-228,585,128,-165,-1,0
7,115,511,-626,312,-29,-357,-499,352,-185,99,650,-229,582,128,-171,-1,0
7,116,505,-612,307,-29,-356,-499,349,-185,99,650,-229,586,128,-177,-1,0
7,117,507,-594,305,-30,-353,-499,355,-190,99,650,-229,587,128,-180,-1,0
7,118,513,-599,308,-29,-353,-499,368,-178,99,650,-229,584,128,-175,-1,0
7,119,509,-617,313,-30,-356,-499,371,-169,99,650,-229,587,128,-160,-1,0
7,120,507,-624,310,-31,-355,-499,361,-187,99,650,-229,591,128,-165,-1,0
7,121,512,-620,303,-31,-351,-499,368,-198,99,650,-229,585,128,-185,-1,0
7,122,512,-614,305,-31,-351,-499,382,-177,99,650,-229,582,128,-184,0,0
7,123,505,-623,311,-31,-354,-499,362,-171,99,650,-229,586,128,-171,-1,0
7,124,506,-622,313,-31,-354,-499,352,-184,99,650,-229,585,128,-173,0,0
8,125,518,-601,310,-31,-353,-499,373,-183,99,650,-229,582,128,-179,-1,0
8,126,521,-601,308,-31,-356,-499,385,-175,99,650,-229,584,128,-180,0,0
8,127,511,-619,312,-31,-354,-499,380,-175,99,650,-229,591,128,-178,0,0
8,128,506,-614,311,-31,-349,-499,372,-186,99,650,-229,591,128,-175,-1,0
8,0,506,-599,303,-31,-350,-499,356,-204,99,650,-229,582,128,-174,0,0
8,1,506,-604,304,-31,-354,-499,347,-215,99,650,-229,577,128,-179,-1,0
8,2,508,-607,310,-31,-354,-499,357,-205,99,650,-229,582,128,-181,-1,0
8,3,512,-602,310,-31,-352,-499,352,-201,99,649,-229,590,128,-178,-1,0
8,4,512,-604,306,-31,-354,-499,341,-203,99,649,-229,587,128,-175,-1,0
8,5,509,-603,305,-31,-354,-499,356,-187,99,650,-229,582,128,-180,-1,0
8,6,510,-601,309,-31,-354,-499,372,-185,99,650,-229,581,128,-180,-1,0
8,7,513,-605,310,-31,-353,-499,360,-202,99,649,-229,582,128,-175,-1,0
8,8,514,-607,306,-31,-354,-499,351,-195,99,650,-229,588,128,-175,-1,0
8,9,509,-601,305,-31,-353,-499,356,-183,99,653,-229,591,128,-176,-1,0
8,10,509,-605,310,-31,-350,-499,347,-208,99,652,-229,585,128,-177,-1,0
8,11,513,-617,314,-31,-351,-499,333,-226,99,649,-229,579,128,-178,-1,0
8,12,509,-613,312,-31,-352,-499,336,-225,99,650,-229,584,128,-172,-1,0
8,13,508,-601,309,-31,-354,-499,337,-244,99,652,-229,589,128,-167,-1,0
8,14,510,-602,308,-31,-356,-497,330,-259,99,651,-229,586,128,-176,-1,0
8,15,507,-613,304,-31,-355,-500,331,-243,99,651,-229,586,128,-172,-1,0
8,16,509,-618,304,-31,-354,-499,337,-219,99,651,-229,588,128,-160,-1,0
8,17,516,-621,308,-31,-355,-490,346,-209,99,651,-229,585,128,-167,-1,0
8,18,513,-625,308,-31,-351,-492,358,-211,99,651,-229,592,128,-170,-1,0
8,19,505,-616,306,-31,-351,-501,359,-209,99,651,-229,597,128,-166,-1,0
8,20,508,-603,309,-31,-355,-500,352,-207,99,651,-229,587,128,-172,0,0
8,21,512,-612,314,-31,-352,-498,359,-211,99,651,-229,580,128,-177,-1,0
8,22,509,-626,310,-31,-351,-496,361,-213,99,651,-229,585,128,-174,0,0
8,23,508,-622,300,-31,-353,-489,343,-207,99,651,-229,584,128,-176,0,0
8,24,510,-615,303,-31,-349,-488,340,-203,99,651,-229,580,128,-178,0,0
8,25,508,-625,313,-31,-348,-492,357,-207,99,651,-229,582,128,-172,0,0
8,26,507,-622,310,-31,-353,-489,357,-207,99,651,-229,586,128,-177,-1,0
8,27,507,-607,302,-31,-352,-488,344,-216,99,651,-229,591,128,-178,-1,0
8,28,506,-613,304,-31,-350,-489,346,-246,99,651,-229,587,128,-164,-1,0
8,29,511,-626,307,-31,-353,-489,354,-249,99,651,-229,581,128,-166,-1,0
8,30,515,-615,305,-31,-352,-489,340,-223,99,651,-229,584,128,-179,-1,0
8,31,509,-600,304,-31,-353,-489,322,-215,99,651,-229,588,128,-169,-1,0
8,32,505,-599,308,-31,-355,-489,333,-224,99,651,-229,583,128,-163,-1,0
8,33,508,-609,308,-31,-354,-489,358,-218,99,651,-229,582,128,-179,-1,0
8,34,512,-617,303,-31,-350,-489,359,-209,99,651,-229,586,128,-186,-1,0
8,35,510,-616,304,-31,-351,-489,343,-223,99,651,-229,587,128,-181,-1,0
8,36,506,-615,311,-31,-353,-488,337,-244,99,651,-229,597,128,-179,-1,0
8,37,509,-621,311,-31,-355,-488,339,-232,99,651,-229,594,128,-178,-1,0
8,38,512,-623,308,-31,-355,-490,337,-217,99,651,-229,587,128,-178,-1,0
8,39,507,-620,310,-31,-354,-488,333,-227,99,651,-229,593,128,-177,-1,0
8,40,504,-614,310,-31,-354,-488,337,-231,99,651,-229,591,128,-176,-1,0
8,41,509,-602,308,-31,-354,-498,349,-220,99,652,-229,581,128,-180,-1,0
8,42,513,-602,307,-31,-354,-501,352,-224,99,652,-229,583,128,-173,-1,0
8,43,512,-607,310,-31,-352,-490,343,-239,99,650,-229,590,128,-170,-1,0
8,44,507,-603,314,-31,-352,-486,332,-256,99,652,-229,589,128,-180,-1,0
8,45,505,-606,314,-31,-355,-491,339,-250,99,653,-229,588,128,-177,-1,0
8,46,509,-607,310,-31,-355,-490,354,-216,99,642,-229,594,128,-166,-1,0
8,47,508,-600,309,-31,-351,-487,353,-210,99,632,-229,593,128,-168,-1,0
8,48,504,-608,305,-31,-352,-489,351,-230,99,635,-229,589,128,-177,-1,0
8,49,512,-624,302,-31,-353,-489,355,-237,99,637,-229,594,128,-178,-1,0
8,50,517,-622,305,-31,-350,-489,354,-239,99,632,-229,592,128,-175,-1,0
8,51,507,-616,309,-32,-351,-489,351,-247,99,634,-229,587,128,-177,-1,0
8,52,508,-620,301,-28,-353,-489,350,-253,99,637,-229,593,128,-177,-1,0
8,53,518,-626,291,-26,-350,-489,357,-234,99,636,-229,593,128,-173,-1,0
8,54,512,-621,300,-30,-351,-489,368,-211,99,636,-229,578,128,-173,-1,0
8,55,509,-605,312,-32,-359,-489,360,-220,99,636,-229,582,128,-176,-1,0
8,56,518,-606,309,-29,-364,-489,347,-238,99,636,-229,587,128,-175,-1,0
8,57,514,-621,304,-30,-361,-489,352,-230,99,636,-229,581,128,-175,-1,0
8,58,500,-618,308,-32,-361,-489,352,-225,99,636,-229,584,128,-182,-1,0
8,59,502,-599,308,-32,-364,-489,348,-243,99,636,-229,585,128,-181,-1,0
8,60,509,-596,305,-32,-358,-489,347,-246,99,636,-229,584,128,-174,-1,0
8,61,510,-614,302,-31,-349,-489,337,-229,99,636,-229,584,128,-175,-1,0
8,62,508,-623,304,-31,-350,-489,331,-215,99,636,-229,587,128,-176,-1,0
8,63,501,-612,308,-31,-355,-489,339,-217,99,636,-229,588,128,-177,-1,0
8,64,502,-600,309,-31,-354,-489,339,-218,99,636,-229,585,128,-182,-1,0
8,65,507,-601,308,-31,-350,-489,331,-215,99,636,-229,583,128,-179,-1,0
8,66,508,-609,306,-31,-352,-489,335,-215,99,636,-229,585,128,-172,-1,0
8,67,510,-609,308,-31,-355,-489,344,-210,99,636,-229,585,128,-175,-1,0
8,68,514,-604,312,-31,-352,-489,345,-217,99,636,-229,583,128,-184,-1,0
8,69,511,-603,313,-31,-348,-489,341,-218,99,636,-229,586,128,-180,-1,0
8,70,511,-614,312,-31,-350,-489,348,-196,99,635,-229,587,128,-174,-1,0
8,71,516,-623,311,-31,-353,-489,353,-190,99,635,-229,584,128,-177,-1,0
8,72,515,-618,306,-31,-353,-489,342,-211,99,637,-229,582,128,-178,-1,0
8,73,505,-610,302,-31,-355,-489,330,-218,99,635,-229,584,128,-172,-1,0
8,74,501,-604,309,-31,-354,-489,337,-214,99,635,-229,586,128,-174,-1,0
8,75,510,-600,313,-31,-351,-489,356,-213,99,646,-229,586,128,-176,-1,0
8,76,513,-605,310,-31,-350,-489,354,-211,99,655,-229,581,128,-174,-1,0
8,77,507,-617,310,-31,-354,-489,345,-220,99,652,-229,580,128,-173,-1,0
8,78,513,-617,314,-31,-354,-489,345,-224,99,649,-229,585,128,-176,-1,0
8,79,519,-603,310,-31,-350,-489,342,-213,99,652,-229,586,128,-178,-1,0
8,80,511,-599,305,-31,-351,-489,339,-209,99,652,-229,584,128,-183,-1,0
8,81,508,-606,308,-31,-353,-489,348,-204,99,651,-229,584,128,-175,-1,0
8,82,512,-604,311,-31,-353,-489,353,-186,99,651,-229,585,128,-159,-1,0
8,83,508,-599,307,-31,-352,-489,351,-191,99,651,-229,585,128,-167,-1,0
8,84,505,-608,306,-31,-352,-489,348,-218,99,651,-229,585,128,-185,-1,0
8,85,506,-620,309,-31,-353,-489,345,-210,99,651,-229,588,128,-182,-1,0
8,86,504,-625,306,-31,-354,-489,353,-178,99,651,-229,586,128,-173,-1,0
8,87,505,-625,308,-31,-353,-489,360,-169,99,651,-229,584,128,-175,-1,0
8,88,511,-614,314,-31,-351,-489,343,-192,99,651,-229,588,128,-173,-1,0
8,89,509,-606,306,-31,-352,-489,327,-215,99,651,-229,587,128,-170,-1,0
8,90,509,-617,303,-31,-353,-489,334,-210,99,651,-229,584,128,-179,-1,0
8,91,516,-619,314,-31,-355,-489,348,-200,99,651,-229,583,128,-181,-1,0
8,92,515,-604,313,-31,-356,-489,343,-203,99,651,-229,584,128,-178,-1,0
8,93,504,-600,307,-31,-353,-488,335,-196,99,651,-229,587,128,-176,-1,0
8,94,506,-608,310,-31,-353,-489,345,-174,99,651,-229,587,128,-172,-1,0
8,95,513,-613,309,-31,-352,-488,360,-173,99,651,-229,583,128,-174,-1,0
8,96,506,-619,303,-31,-353,-488,348,-195,99,651,-229,581,128,-179,-1,0
8,97,503,-626,305,-31,-355,-495,321,-209,99,651,-229,592,128,-175,-1,0
8,98,509,-616,306,-31,-356,-501,321,-216,99,651,-229,598,128,-179,-1,0
8,99,508,-608,303,-31,-352,-500,343,-207,99,651,-229,587,128,-184,-1,0
8,100,507,-610,307,-31,-346,-499,359,-184,99,651,-229,582,128,-177,-1,0
8,101,507,-608,311,-31,-348,-501,358,-175,99,651,-229,586,128,-178,-1,0
8,102,506,-611,307,-31,-354,-501,354,-185,99,651,-229,586,128,-184,-1,0
8,103,513,-618,304,-31,-355,-500,342,-200,99,651,-229,583,128,-181,-1,0
8,104,518,-615,305,-31,-353,-499,334,-205,99,651,-229,585,128,-179,0,0
8,105,511,-619,308,-31,-353,-497,333,-204,99,651,-229,584,128,-178,-1,0
8,106,511,-619,311,-31,-353,-498,325,-217,99,651,-229,579,128,-176,-1,0
8,107,516,-608,309,-31,-353,-500,325,-229,99,651,-229,587,128,-179,0,0
8,108,512,-613,305,-31,-352,-498,346,-208,99,651,-229,599,128,-182,-1,0
8,109,503,-622,303,-31,-352,-498,358,-176,99,651,-229,593,128,-183,0,0
8,110,502,-603,303,-31,-353,-501,346,-180,99,651,-229,579,128,-179,-1,0
8,111,507,-596,305,-31,-352,-494,334,-202,99,651,-229,582,128,-175,-1,0
8,112,509,-617,305,-31,-350,-489,333,-223,99,651,-229,588,128,-178,-1,0
8,113,510,-626,304,-31,-352,-497,334,-236,99,651,-229,584,128,-181,-1,0
8,114,514,-614,308,-31,-354,-503,340,-221,99,651,-229,583,128,-177,-1,0
8,115,516,-599,314,-31,-353,-497,354,-184,99,651,-229,588,128,-177,-1,0
8,116,507,-600,314,-31,-352,-496,359,-172,99,651,-229,585,128,-179,-1,0
8,117,504,-608,308,-31,-352,-500,351,-187,99,651,-229,586,128,-178,-1,0
8,118,510,-603,306,-31,-353,-500,354,-187,99,651,-229,595,128,-177,-1,0
8,119,512,-596,307,-31,-353,-499,360,-177,99,651,-229,589,128,-176,-1,0
8,120,511,-608,308,-31,-351,-498,345,-205,99,651,-229,587,128,-167,-1,0
8,121,509,-625,311,-31,-351,-498,331,-240,99,651,-229,593,128,-166,-1,0
8,122,508,-617,307,-31,-353,-499,340,-227,99,651,-229,589,128,-177,-1,0
8,123,508,-599,304,-31,-352,-498,351,-201,99,651,-229,590,128,-181,-1,0
8,124,507,-603,308,-31,-352,-498,356,-201,99,651,-229,591,128,-175,-1,0
9,125,508,-607,310,-31,-355,-498,356,-208,99,651,-229,589,128,-176,-1,0
9,126,511,-600,308,-31,-356,-498,340,-222,99,651,-229,590,128,-181,-1,0
9,127,511,-601,309,-31,-352,-498,334,-229,99,651,-229,592,128,-178,-1,0
9,128,507,-604,310,-31,-350,-498,353,-202,99,651,-229,591,128,-174,-1,0
9,0,509,-602,303,-31,-353,-498,362,-187,99,651,-229,590,128,-176,0,0
9,1,511,-606,302,-31,-354,-498,351,-206,99,651,-229,590,128,-180,-1,0
9,2,512,-611,309,-31,-352,-498,337,-219,99,651,-229,593,128,-179,-1,0
9,3,514,-608,309,-31,-353,-498,334,-213,99,651,-229,592,128,-170,-1,0
9,4,513,-603,304,-31,-352,-498,345,-213,99,651,-229,580,128,-163,-1,0
9,5,508,-599,308,-31,-352,-498,349,-219,99,651,-229,583,128,-169,0,0
9,6,507,-609,313,-31,-355,-498,327,-220,99,651,-229,588,128,-180,0,0
9,7,511,-615,310,-31,-354,-498,312,-218,99,651,-229,581,128,-183,0,0
9,8,508,-608,307,-31,-352,-498,328,-217,99,651,-229,583,128,-181,-1,0
9,9,504,-612,308,-31,-352,-498,350,-212,99,651,-229,590,128,-183,0,0
9,10,512,-612,309,-31,-354,-498,348,-211,99,651,-229,590,128,-180,-1,0
9,11,517,-605,306,-31,-353,-498,334,-223,99,651,-229,588,128,-175,-1,0
9,12,511,-615,308,-31,-352,-498,337,-226,99,651,-229,595,128,-174,-1,0
9,13,506,-630,307,-31,-355,-498,336,-218,99,651,-229,594,128,-177,-1,0
9,14,508,-621,300,-31,-357,-498,325,-217,99,651,-229,583,128,-180,-1,0
9,15,507,-608,305,-31,-353,-498,336,-220,99,651,-229,579,128,-176,-1,0
9,16,508,-605,310,-31,-350,-498,351,-215,99,651,-229,588,128,-173,-1,0
9,17,513,-600,308,-31,-351,-498,350,-213,99,651,-229,596,128,-174,-1,0
9,18,508,-604,303,-31,-352,-498,345,-211,99,651,-229,592,128,-173,-1,0
9,19,503,-606,300,-31,-351,-498,348,-196,99,651,-229,584,128,-176,-1,0
9,20,511,-598,307,-31,-352,-498,354,-180,99,651,-229,584,128,-177,-1,0
9,21,515,-601,310,-31,-353,-498,355,-178,99,651,-229,593,128,-174,-1,0
9,22,509,-620,305,-31,-354,-498,354,-178,99,651,-229,595,128,-175,-1,0
9,23,506,-619,305,-31,-354,-498,350,-192,99,651,-229,591,128,-181,-1,0
9,24,508,-603,306,-31,-350,-498,342,-224,99,651,-229,587,128,-183,-1,0
9,25,511,-613,306,-31,-349,-498,340,-230,99,651,-229,587,128,-180,-1,0
9,26,514,-627,308,-31,-351,-498,349,-208,99,651,-229,588,128,-179,-1,0
9,27,510,-622,307,-31,-354,-498,361,-196,99,651,-229,583,128,-177,-1,0
9,28,504,-617,305,-31,-354,-498,374,-185,99,651,-229,583,128,-176,-1,0
9,29,509,-626,306,-31,-354,-499,376,-180,99,651,-229,588,128,-180,-1,0
9,30,513,-624,305,-31,-356,-500,362,-201,99,651,-229,588,128,-182,-1,0
9,31,505,-611,304,-31,-355,-500,361,-212,99,651,-229,586,128,-179,-1,0
9,32,505,-608,305,-31,-353,-500,371,-204,99,651,-229,587,128,-179,-1,0
9,33,512,-607,308,-31,-354,-501,363,-206,99,651,-229,587,128,-178,-1,0
9,34,512,-613,311,-31,-355,-496,361,-209,99,651,-229,585,128,-174,-1,0
9,35,510,-619,312,-31,-352,-488,378,-206,99,651,-229,588,128,-175,-1,0
9,36,507,-612,309,-31,-353,-487,385,-196,99,651,-229,591,128,-180,-1,0
9,37,504,-609,309,-31,-355,-491,376,-181,99,651,-229,585,128,-178,-1,0
9,38,512,-618,307,-31,-355,-491,369,-187,99,651,-229,584,128,-176,-1,0
9,39,519,-612,305,-31,-353,-490,373,-210,99,651,-229,589,128,-182,-1,0
9,40,511,-596,308,-31,-353,-491,368,-223,99,651,-229,590,128,-183,-1,0
9,41,506,-598,310,-31,-354,-491,348,-230,99,651,-229,587,128,-180,-1,0
9,42,507,-609,307,-31,-356,-491,339,-230,99,651,-229,585,128,-178,-1,0
9,43,512,-611,305,-31,-356,-491,356,-217,99,651,-229,584,128,-176,-1,0
9,44,518,-609,307,-31,-352,-491,371,-207,99,651,-229,586,128,-176,-1,0
9,45,513,-602,307,-32,-353,-491,360,-214,99,651,-229,589,128,-177,-1,0
9,46,506,-605,307,-29,-355,-491,348,-235,99,651,-229,585,128,-175,-1,0
9,47,511,-607,306,-30,-351,-491,357,-241,99,651,-229,590,128,-179,-1,0
9,48,508,-605,307,-31,-351,-491,369,-231,99,651,-229,597,128,-185,-1,0
9,49,500,-607,309,-30,-354,-491,365,-239,99,651,-229,591,128,-184,-1,0
9,50,509,-605,308,-29,-355,-491,354,-248,99,651,-229,591,128,-174,-1,0
9,51,515,-604,307,-29,-354,-491,355,-228,99,651,-229,596,128,-170,-1,0
9,52,506,-605,303,-30,-351,-491,359,-213,99,651,-229,588,128,-176,-1,0
9,53,509,-605,304,-30,-349,-491,358,-228,99,651,-229,580,128,-182,-1,0
9,54,520,-605,309,-29,-356,-491,361,-243,99,651,-229,588,128,-182,-1,0
9,55,515,-605,310,-28,-357,-491,359,-247,99,651,-229,588,128,-176,-1,0
9,56,509,-604,308,-30,-350,-490,352,-237,99,651,-229,578,128,-173,-1,0
9,57,512,-605,308,-32,-350,-491,348,-226,99,651,-229,584,128,-178,-1,0
9,58,512,-605,309,-32,-353,-491,351,-234,99,651,-229,596,128,-181,-1,0
9,59,512,-602,305,-32,-351,-489,358,-242,99,651,-229,591,128,-178,-1,0
9,60,514,-610,307,-30,-352,-492,354,-238,99,651,-229,589,128,-182,-1,0
9,61,512,-621,311,-29,-356,-499,345,-234,99,651,-229,594,128,-182,-1,0
9,62,511,-623,308,-30,-352,-501,355,-237,99,651,-229,591,128,-173,-1,0
9,63,510,-621,305,-29,-348,-498,377,-236,99,651,-229,591,128,-172,-1,0
9,64,506,-614,307,-29,-352,-500,387,-227,99,651,-229,591,128,-180,-1,0
9,65,511,-603,308,-30,-357,-501,367,-234,99,651,-229,588,128,-180,-1,0
9,66,516,-601,305,-30,-355,-498,354,-243,99,651,-229,585,128,-181,-1,0
9,67,508,-604,304,-29,-351,-498,369,-226,99,651,-229,588,128,-184,-1,0
9,68,506,-602,307,-29,-349,-500,377,-213,99,651,-229,593,128,-179,-1,0
9,69,508,-598,308,-29,-353,-497,370,-227,99,651,-229,593,128,-178,-1,0
9,70,507,-604,310,-29,-354,-490,373,-230,99,651,-229,590,128,-180,-1,0
9,71,508,-617,312,-30,-351,-485,375,-227,99,651,-229,590,128,-177,-1,0
9,72,507,-625,310,-31,-351,-489,359,-246,99,651,-229,591,128,-180,-1,0
9,73,505,-620,308,-31,-352,-498,348,-258,99,651,-229,587,128,-182,-1,0
9,74,510,-618,307,-31,-351,-500,351,-259,99,651,-229,585,128,-176,-1,0
9,75,511,-624,306,-31,-351,-500,362,-265,99,651,-229,585,128,-166,-1,0
9,76,511,-619,309,-31,-354,-502,370,-255,99,651,-229,589,128,-165,-1,0
9,77,517,-608,309,-31,-356,-502,358,-238,99,652,-229,591,128,-171,-1,0
9,78,517,-602,303,-31,-355,-497,356,-243,99,654,-229,581,128,-175,-1,0
9,79,510,-598,307,-31,-352,-499,372,-249,99,654,-229,582,128,-173,-1,0
9,80,506,-606,311,-31,-351,-501,377,-248,99,652,-231,592,128,-166,-1,0
9,81,510,-622,307,-31,-354,-500,364,-258,99,651,-231,588,128,-163,-1,0
9,82,513,-620,304,-31,-352,-500,361,-260,99,652,-231,585,128,-174,-1,0
9,83,508,-603,307,-31,-352,-500,366,-245,99,651,-231,593,128,-190,-1,0
9,84,507,-597,309,-31,-355,-500,361,-239,99,651,-231,587,128,-189,-1,0
9,85,515,-609,306,-31,-355,-500,352,-243,99,650,-231,583,128,-175,-1,0
9,86,517,-621,307,-31,-353,-500,353,-247,99,649,-231,595,128,-176,-1,0
9,87,509,-611,311,-31,-352,-500,366,-247,99,649,-231,594,128,-180,-1,0
9,88,510,-599,313,-31,-352,-500,376,-231,99,650,-231,590,128,-168,-1,0
9,89,513,-612,311,-31,-351,-500,374,-223,99,649,-231,592,128,-161,-1,0
9,90,508,-629,309,-31,-351,-500,362,-249,99,649,-231,592,128,-175,-1,0
9,91,506,-621,311,-31,-353,-500,349,-261,99,650,-231,592,128,-185,-1,0
9,92,508,-607,312,-31,-353,-500,357,-251,99,650,-231,591,128,-182,-1,0
9,93,509,-601,308,-31,-351,-500,377,-245,99,650,-231,590,128,-184,-1,0
9,94,511,-603,305,-31,-355,-500,374,-230,99,650,-231,590,128,-187,0,0
9,95,509,-606,305,-31,-357,-500,362,-214,99,650,-231,592,128,-179,-1,0
9,96,508,-607,304,-31,-354,-501,367,-224,99,650,-231,593,128,-176,-1,0
9,97,510,-604,306,-31,-353,-499,367,-243,99,650,-231,591,128,-182,-1,0
9,98,512,-606,307,-31,-353,-501,361,-248,99,650,-231,590,128,-181,0,0
9,99,509,-615,306,-31,-353,-501,374,-247,99,650,-231,592,128,-173,-1,0
9,100,506,-613,304,-31,-354,-496,396,-230,99,650,-231,592,128,-176,0,0
9,101,510,-601,305,-31,-354,-494,404,-207,99,650,-231,588,128,-182,-1,0
9,102,513,-602,306,-31,-352,-499,394,-206,99,650,-231,593,128,-173,-1,0
9,103,511,-605,309,-31,-352,-500,384,-220,99,650,-231,590,128,-173,-1,0
9,104,509,-598,311,-31,-352,-497,391,-229,99,650,-231,580,128,-181,-1,0
9,105,512,-597,310,-31,-353,-498,399,-236,99,650,-231,584,128,-178,-1,0
9,106,515,-600,309,-31,-354,-500,384,-247,99,650,-231,585,128,-175,-1,0
9,107,512,-598,308,-31,-353,-499,373,-248,99,650,-231,580,128,-176,-1,0
9,108,507,-598,306,-31,-353,-499,389,-227,99,649,-231,587,128,-178,-1,0
9,109,508,-598,310,-31,-353,-498,401,-209,99,649,-231,594,128,-180,-1,0
9,110,513,-598,308,-31,-353,-498,388,-227,99,650,-231,590,128,-178,-1,0
9,111,513,-601,302,-31,-352,-498,375,-256,99,649,-231,589,128,-163,-1,0
9,112,511,-594,306,-31,-354,-498,375,-273,99,649,-231,594,128,-160,-1,0
9,113,509,-598,312,-31,-355,-498,378,-267,99,651,-231,591,128,-178,-1,0
9,114,511,-618,308,-31,-354,-498,381,-244,99,655,-231,585,128,-184,-1,0
9,115,515,-614,305,-31,-353,-498,383,-238,99,656,-231,586,128,-175,-1,0
9,116,513,-607,308,-31,-351,-498,383,-251,99,652,-231,590,128,-176,-1,0
9,117,511,-625,311,-31,-351,-498,383,-250,99,649,-231,594,128,-179,-1,0
9,118,510,-623,311,-31,-356,-498,383,-240,99,650,-231,592,128,-174,-1,0
9,119,507,-600,308,-31,-355,-498,383,-255,99,652,-231,582,128,-176,-1,0
9,120,504,-595,307,-31,-352,-498,384,-263,99,651,-231,582,128,-183,-1,0
9,121,509,-614,307,-31,-356,-498,378,-250,99,651,-231,587,128,-181,-1,0
9,122,511,-618,307,-31,-356,-498,369,-243,99,651,-231,582,128,-176,0,0
9,123,508,-609,307,-31,-352,-498,367,-249,99,651,-231,584,128,-173,-1,0
9,124,509,-608,305,-31,-353,-498,364,-262,99,651,-231,589,128,-173,0,-1
