F3,FC5,AF3,F7,T7,P7,O1,O2,P8,T8,F8,AF4,FC6,F4,Direction
183.40,237.69,165.02,201.48,181.97,241.68,183.29,219.12,214.21,204.29,165.37,156.90,161.93,153.38,stop
69.77,47.33,94.63,87.69,68.95,96.61,137.97,77.05,47.41,99.28,114.94,100.32,66.39,100.69,stop
63.72,50.19,80.26,81.33,78.50,67.11,35.94,60.32,49.88,34.32,76.21,68.95,60.08,72.93,stop
59.90,49.62,75.25,80.11,78.83,67.11,35.15,59.42,52.51,33.07,72.90,64.69,57.50,69.59,stop
172.41,106.73,104.25,87.53,109.04,134.57,64.54,192.09,115.10,133.46,161.37,127.84,172.21,121.65,stop
104.59,92.11,133.79,82.11,66.12,89.61,92.40,91.51,140.82,207.86,109.69,172.49,114.42,97.26,stop
61.44,68.35,74.81,148.68,122.47,90.15,63.24,82.67,53.21,115.19,127.58,109.07,96.56,93.96,stop
64.47,83.12,83.89,100.60,64.17,178.46,92.14,50.02,87.89,139.86,82.63,84.14,123.81,119.44,stop
195.91,179.63,201.00,177.16,127.50,129.79,59.93,146.92,62.03,119.47,281.19,126.17,162.12,175.05,forward
138.81,95.20,84.89,96.76,98.29,88.57,52.79,82.84,80.77,92.69,104.72,92.52,100.06,118.43,forward
63.41,76.88,79.69,114.05,38.31,58.46,77.23,61.23,66.37,107.40,117.94,96.93,85.36,88.54,forward
94.93,94.16,136.79,137.05,79.22,90.42,100.92,174.25,127.31,187.38,146.31,169.35,116.73,108.97,forward
83.33,70.12,99.59,112.06,89.90,98.85,86.36,106.12,87.16,161.11,97.16,98.16,140.08,91.11,forward
76.84,83.40,107.92,175.78,137.16,97.44,132.04,125.20,140.48,67.71,116.89,110.25,124.79,101.02,forward
99.21,90.23,172.85,152.96,140.61,80.59,364.84,179.09,116.99,125.10,158.96,124.37,85.72,126.51,stop
72.94,64.65,86.39,72.52,63.22,61.07,43.42,38.82,36.93,61.68,80.46,83.68,72.67,71.14,stop
25.96,36.84,46.53,57.17,83.81,32.14,46.41,28.96,27.12,21.70,53.92,45.53,35.02,31.47,stop
44.12,58.85,89.94,61.50,55.39,32.50,185.08,53.99,86.54,54.12,118.96,121.29,67.56,54.37,stop
132.05,130.36,145.97,73.92,146.83,40.19,61.12,71.58,100.70,93.23,79.49,69.00,52.03,117.90,stop
123.48,100.49,127.49,149.65,116.37,143.34,47.62,63.36,59.28,80.58,108.80,138.04,45.40,72.51,stop
122.72,116.79,115.54,107.95,114.55,100.68,97.49,121.86,99.81,125.25,115.08,110.64,111.33,108.71,stop
54.15,143.29,90.03,139.55,121.26,93.04,205.92,98.70,81.77,126.21,120.35,77.70,83.65,50.53,stop
59.63,134.47,84.31,133.83,123.98,95.50,181.20,98.70,81.27,126.32,114.67,72.87,93.94,47.83,stop
121.14,114.66,101.81,156.36,76.48,57.44,80.69,67.19,74.54,69.61,154.99,120.35,75.94,77.27,stop
86.27,102.13,118.85,95.34,131.80,70.75,90.09,111.69,96.54,118.76,99.02,103.61,122.87,96.01,stop
112.28,120.04,129.82,73.91,66.63,75.09,30.44,128.34,154.73,147.37,122.43,108.81,100.33,88.30,stop
97.89,119.59,137.02,108.79,52.55,61.59,69.04,68.39,25.46,74.15,104.81,74.83,73.42,56.67,stop
99.01,126.51,144.54,115.03,52.02,64.50,72.67,69.70,26.05,55.86,103.18,72.27,60.57,57.48,stop
92.38,77.26,95.76,112.37,74.58,56.41,142.55,99.09,81.25,94.52,84.44,108.61,68.62,100.73,stop
93.11,130.61,194.18,111.87,117.59,49.34,68.46,133.53,146.59,151.92,222.50,147.82,164.70,173.92,forward
95.22,105.86,85.35,88.15,94.21,91.39,94.08,100.00,140.71,100.42,102.52,92.13,106.90,86.00,forward
109.08,122.39,114.47,75.47,126.55,107.71,87.12,115.17,99.67,88.11,61.12,88.10,46.17,73.94,forward
116.09,96.48,127.99,111.27,104.79,84.48,116.16,97.61,68.89,117.55,210.45,118.60,137.03,111.41,forward
158.42,79.47,122.41,111.57,107.05,89.55,116.92,129.99,67.34,110.03,198.71,114.42,131.35,139.23,forward
104.54,66.80,101.59,83.30,182.07,48.56,58.69,88.50,90.14,129.48,88.39,107.57,162.11,94.80,forward
135.00,112.66,89.88,83.97,121.15,60.48,80.93,94.59,93.75,98.11,149.79,23.70,169.60,127.14,forward
75.53,99.01,77.28,95.39,100.09,52.55,55.33,59.70,71.38,102.68,192.81,103.11,85.82,74.86,forward
138.44,103.89,123.98,232.76,171.15,97.08,60.18,121.73,208.79,127.59,139.08,136.20,150.06,138.11,right
73.18,71.27,71.28,95.49,104.20,169.81,153.89,65.05,99.42,60.84,71.79,63.33,64.31,67.39,right
80.97,88.26,97.78,86.66,134.10,56.75,91.84,87.72,120.49,163.67,105.05,117.83,84.22,96.41,right
112.78,66.52,73.76,89.72,110.85,142.66,135.00,137.46,124.62,147.49,142.31,138.30,119.67,99.57,right
97.88,89.41,87.73,69.93,89.15,71.43,184.46,95.67,128.74,83.66,99.58,107.10,121.74,101.64,right
92.71,85.41,83.12,67.54,91.33,71.08,192.50,96.67,120.31,84.85,95.46,101.55,118.01,96.95,right
108.58,65.27,112.48,55.78,49.94,88.98,66.45,71.19,78.34,127.58,96.53,119.33,88.30,117.05,right
99.09,161.88,101.43,139.80,48.00,153.22,84.31,75.57,102.88,91.13,194.38,106.26,115.90,121.26,right
90.71,138.98,126.54,85.67,90.97,83.73,84.20,81.22,88.42,73.24,111.19,173.21,99.76,112.84,stop
84.76,76.84,111.41,93.45,110.88,36.89,99.64,109.14,126.41,78.56,100.31,109.94,105.19,93.90,stop
122.10,92.14,101.18,83.63,92.65,115.16,137.89,111.43,103.22,101.68,108.17,108.22,95.30,116.81,stop
117.38,98.14,123.65,84.97,64.65,70.59,49.08,109.73,103.09,65.39,97.82,95.83,68.07,84.41,stop
54.51,59.49,96.77,58.38,58.41,60.98,66.62,53.37,58.34,63.26,106.42,102.85,65.46,53.87,stop
73.42,64.21,105.60,128.44,114.12,28.12,78.90,104.55,81.25,96.87,70.71,90.00,151.24,85.04,stop
80.52,87.46,88.17,106.29,65.48,132.20,38.43,115.23,119.01,77.90,102.29,125.58,79.55,97.58,forward
160.21,161.45,153.85,135.98,89.25,55.81,86.62,149.00,132.56,143.10,131.17,96.15,37.50,126.72,forward
119.63,117.07,120.59,85.50,118.32,66.46,147.61,150.67,100.23,119.20,66.20,88.70,85.59,152.48,forward
142.79,159.69,145.81,140.15,91.66,129.27,63.11,73.85,205.29,72.57,92.54,152.05,119.38,136.21,forward
84.89,88.80,78.05,79.47,171.59,150.00,122.10,117.25,89.60,56.00,40.24,146.60,52.46,83.15,forward
111.35,121.01,104.27,100.69,73.97,148.75,176.10,99.63,166.77,98.92,107.94,109.15,95.95,103.35,forward
86.52,154.71,141.64,129.98,126.35,63.55,51.33,133.26,229.90,221.42,172.36,138.36,130.91,219.45,forward
100.80,101.92,96.50,123.02,82.20,80.93,62.61,58.21,62.55,74.76,97.01,121.31,90.65,89.50,forward
72.32,129.27,92.24,77.43,114.64,22.83,91.00,121.94,89.67,110.21,85.33,141.71,48.74,92.67,forward
120.52,121.43,125.32,134.29,121.64,116.60,110.68,115.11,67.06,158.32,92.21,130.56,89.41,140.50,forward
122.97,126.67,143.04,147.37,85.71,106.47,98.37,95.35,126.51,87.13,109.72,142.20,88.22,107.10,forward
91.63,114.09,93.94,132.18,177.12,58.09,97.89,84.63,90.10,95.41,100.57,106.68,47.69,57.87,forward
84.96,79.51,99.96,109.73,56.92,46.22,60.20,55.03,73.32,77.99,106.59,117.71,113.52,82.12,forward
83.27,73.35,92.85,103.28,55.22,43.04,58.46,51.84,70.39,78.68,102.93,109.85,106.79,76.25,forward
39.17,128.73,40.99,55.96,101.22,67.86,31.34,43.06,74.13,88.19,89.74,55.53,49.68,35.81,left
75.00,37.98,77.89,130.99,76.73,89.79,106.88,66.71,71.11,126.75,105.79,88.05,100.15,76.69,left
90.45,100.88,103.07,318.72,97.82,66.52,125.15,117.73,93.85,120.41,115.38,89.69,108.77,87.53,left
80.92,67.69,93.39,73.45,58.87,117.44,77.53,153.29,155.29,93.18,114.70,124.03,95.00,109.14,left
78.23,65.67,81.60,93.00,107.69,79.95,65.35,95.50,65.44,57.89,125.38,115.40,68.08,68.95,left
79.49,65.99,82.12,101.08,105.34,84.31,69.42,101.27,66.77,57.94,122.94,117.73,68.27,71.27,left
161.11,61.97,121.49,69.46,106.54,153.70,151.64,135.08,129.98,73.31,85.26,87.02,78.65,154.45,left
72.93,83.04,63.74,56.63,73.29,75.70,82.69,118.30,104.65,124.67,102.34,70.70,74.47,55.41,left
112.34,87.51,112.28,77.36,145.33,84.93,100.28,140.45,148.76,105.75,118.98,77.88,169.41,136.19,right
236.23,334.13,160.10,179.45,254.40,285.98,276.68,241.60,218.76,230.00,264.30,218.59,230.93,257.21,right
245.72,337.02,159.83,146.78,261.23,284.55,279.74,251.21,239.61,227.54,282.50,226.63,238.43,259.93,right
58.64,71.78,74.37,78.89,90.54,180.28,132.82,130.33,62.69,71.21,106.61,98.34,83.20,96.27,right
101.43,95.43,106.53,82.64,102.95,77.44,105.68,89.73,135.92,119.96,79.62,113.14,96.49,97.26,right
134.78,83.63,119.74,144.28,104.35,89.02,113.34,103.53,95.83,131.10,142.58,141.63,154.53,111.30,right
115.83,104.98,91.80,127.73,93.47,111.89,72.49,168.86,86.88,90.42,130.40,162.66,168.43,150.85,right
29.06,20.42,112.47,162.44,100.87,91.46,50.31,85.56,65.34,95.83,109.12,102.91,68.62,46.38,stop
125.83,84.93,123.25,163.89,86.61,124.72,49.07,90.40,77.55,100.46,186.79,132.33,132.13,147.21,stop
124.61,85.68,120.10,166.73,87.62,107.12,53.23,92.20,80.30,102.89,184.29,129.39,129.22,146.10,stop
74.90,64.19,93.85,237.78,87.92,108.31,161.57,113.48,97.23,116.45,87.51,88.46,66.27,86.42,stop
97.65,91.12,143.65,178.91,62.73,44.83,51.19,43.59,56.61,56.47,80.11,118.25,77.73,76.35,stop
132.01,84.66,137.69,82.42,93.54,208.40,80.24,147.92,91.38,116.61,129.03,137.26,86.23,117.50,stop
132.15,87.25,140.38,128.80,96.99,28.38,217.72,98.97,124.77,123.13,190.80,193.02,190.95,160.75,stop
69.68,85.97,100.94,73.32,76.76,97.08,83.68,102.82,115.56,50.35,116.46,101.15,88.83,71.57,stop
113.44,102.06,107.38,104.71,107.86,54.32,99.27,84.38,69.61,70.67,68.17,64.19,78.76,75.29,right
62.21,105.91,70.85,80.70,89.14,154.05,84.39,63.01,95.05,76.92,99.96,82.52,84.12,81.46,right
156.88,163.15,112.26,76.14,56.37,55.00,43.27,80.02,89.69,79.78,129.16,133.71,104.48,128.81,right
81.35,80.77,98.44,132.64,85.08,174.17,117.55,64.77,63.19,78.75,110.33,100.25,87.29,119.35,right
83.85,83.86,79.49,103.28,132.53,131.95,194.61,115.29,73.70,122.40,105.28,91.90,114.28,50.10,right
114.55,234.64,142.99,120.39,78.18,57.42,45.26,74.70,85.95,94.66,80.39,89.55,69.87,76.22,right
207.61,48.53,54.97,40.69,90.05,64.04,76.51,82.07,45.98,89.46,58.90,75.10,53.29,54.53,right
81.72,54.53,101.43,109.17,88.36,73.64,83.43,98.11,114.57,98.63,104.76,93.72,74.20,83.94,forward
132.93,99.69,109.06,90.07,130.88,66.14,51.50,167.02,59.38,146.40,146.35,126.41,156.97,167.20,forward
198.50,65.70,173.48,189.98,74.46,95.24,87.44,99.74,74.17,83.15,105.68,150.52,108.97,107.24,forward
84.40,132.94,78.28,141.99,122.20,47.08,88.69,72.04,102.38,84.43,96.77,98.37,53.87,102.26,forward
77.65,107.70,185.79,89.38,89.19,85.46,103.83,87.53,117.56,131.20,207.66,165.12,133.08,91.51,forward
141.58,78.89,108.22,60.58,79.49,106.53,124.25,105.93,111.94,106.11,101.89,66.68,57.55,87.08,forward
82.50,89.71,108.01,77.05,133.69,37.59,60.19,48.79,66.42,71.46,90.75,91.80,73.61,106.34,stop
83.82,59.36,96.83,71.00,107.94,86.91,66.57,59.30,97.48,74.07,100.11,123.71,101.23,78.55,stop
75.34,56.34,106.32,61.08,60.91,119.38,43.12,66.86,97.18,91.50,87.29,89.01,63.05,92.58,stop
83.54,45.30,118.35,108.78,70.55,38.24,63.48,36.74,67.76,42.06,69.43,74.38,63.30,46.60,stop
88.91,102.24,111.10,90.25,55.63,178.11,76.05,116.95,159.90,115.72,113.01,111.55,80.38,102.68,stop
103.45,101.13,95.58,78.15,87.70,193.07,74.97,100.96,50.86,61.19,104.89,93.17,105.27,110.71,stop
70.10,19.57,119.78,94.60,107.15,146.16,101.51,62.30,193.75,79.77,97.26,95.96,150.75,61.51,forward
81.70,90.51,113.07,234.61,113.05,121.18,93.48,122.71,78.00,172.51,99.22,84.43,59.67,72.13,forward
97.40,78.23,81.34,74.99,80.94,112.93,109.09,81.33,75.75,46.52,85.88,102.80,105.39,65.21,forward
101.84,102.59,84.29,99.26,89.56,87.19,75.06,105.79,53.44,95.29,145.26,87.68,58.80,124.73,forward
74.21,48.87,93.13,53.83,74.84,56.79,83.71,62.23,68.16,81.58,145.84,114.74,98.75,69.30,forward
121.38,69.53,72.93,196.98,21.80,124.48,102.01,40.11,47.21,52.56,76.53,86.14,71.14,69.66,forward
72.36,42.57,109.93,108.56,185.81,144.93,89.20,58.48,64.20,88.15,88.46,91.54,93.43,126.54,forward
77.65,41.54,102.25,105.52,179.67,156.11,95.46,57.02,63.71,85.53,82.67,93.36,86.94,121.34,forward
68.68,134.79,126.59,72.23,95.11,88.00,136.46,92.36,69.81,67.96,119.31,98.01,112.18,99.42,forward
76.10,51.12,75.39,55.69,96.55,50.73,158.38,115.01,121.39,108.64,105.39,63.90,78.51,80.37,forward
88.60,63.77,95.41,84.06,66.13,33.83,79.83,73.87,82.89,104.35,91.96,90.21,101.34,89.08,forward
92.23,131.76,121.22,132.55,125.81,64.48,101.38,113.09,81.12,100.63,121.63,143.44,109.72,119.27,forward
82.09,121.60,101.04,74.28,133.50,153.48,164.63,214.97,146.78,101.70,65.07,77.10,58.29,49.17,forward
79.17,117.17,96.63,73.35,134.70,153.76,154.05,226.96,149.96,102.19,63.95,75.02,56.90,47.90,forward
85.69,88.00,104.93,134.64,82.08,97.52,83.18,61.99,162.49,54.87,98.51,113.11,100.51,75.07,forward
124.73,103.06,104.58,80.45,100.21,63.15,99.95,82.30,100.51,220.11,55.15,117.37,95.98,92.23,right
84.81,47.77,119.42,133.72,104.90,92.66,56.38,65.42,60.17,54.71,64.16,48.62,55.04,57.65,right
139.36,84.62,109.25,131.37,110.37,85.58,88.49,90.43,124.17,113.64,60.36,80.61,80.48,91.91,right
69.76,62.07,63.32,146.80,120.54,74.07,103.35,135.46,70.80,122.14,64.48,72.12,181.42,69.54,right
78.07,69.01,73.29,56.73,121.12,47.63,64.81,104.00,80.87,62.90,55.74,81.62,81.81,81.06,right
71.28,70.51,62.80,86.98,71.28,53.51,102.55,81.91,63.76,110.30,78.42,74.55,84.26,80.82,right
117.16,128.24,94.45,109.64,160.64,97.11,93.55,208.03,103.67,142.55,153.86,113.77,128.66,110.70,forward
178.36,200.09,247.16,154.78,269.51,28.46,65.35,120.71,123.26,95.68,183.56,216.13,159.65,130.38,forward
62.98,93.21,73.75,122.74,91.30,24.40,86.70,133.95,117.56,104.00,132.51,99.60,115.87,94.73,forward
46.22,64.94,72.77,59.03,99.15,75.16,84.98,57.53,88.82,71.47,90.30,52.01,84.49,41.56,forward
98.25,80.90,92.05,88.37,70.54,64.66,60.07,68.63,76.59,90.23,41.34,59.55,47.88,105.62,forward
76.02,141.34,81.74,100.18,74.84,108.23,100.09,53.54,44.64,90.03,70.48,55.54,63.08,65.14,forward
63.27,76.12,86.16,113.78,114.93,33.70,108.16,73.83,116.85,89.65,151.29,63.14,94.21,60.82,forward
101.71,224.62,142.58,130.36,97.02,40.24,85.24,82.17,107.21,151.40,123.35,141.30,125.88,178.46,forward
48.91,35.49,49.74,40.76,52.29,105.52,77.36,50.22,54.52,84.74,99.46,67.68,83.26,61.54,forward
66.77,58.19,85.92,69.42,120.37,100.22,58.94,84.68,88.71,106.16,76.43,83.70,63.73,78.80,forward
71.36,138.98,82.37,64.51,103.24,85.39,78.97,61.23,55.72,108.33,40.07,56.45,63.55,55.94,forward
157.00,178.09,186.80,131.11,111.86,56.91,37.18,89.49,117.56,134.54,130.73,134.07,124.65,152.27,forward
116.15,82.44,126.59,113.89,67.86,54.55,71.76,91.58,36.95,92.35,102.17,92.95,77.80,80.94,forward
100.60,106.34,104.35,93.33,185.93,103.32,165.84,49.79,110.73,65.24,62.07,59.63,63.83,50.45,right
118.08,89.95,122.73,103.28,63.66,66.77,56.38,89.87,204.21,108.89,94.58,113.92,70.10,45.42,right
66.51,74.07,70.81,72.75,101.51,54.70,73.01,78.15,80.55,77.45,69.17,76.13,67.69,70.50,right
98.46,73.82,107.70,88.51,100.00,87.85,72.98,51.92,85.32,72.45,78.95,87.40,67.44,74.02,right
81.42,56.26,70.22,80.51,47.77,77.15,85.61,82.58,67.13,66.04,62.15,63.17,61.81,55.72,right
102.63,143.10,74.07,103.66,93.67,101.60,77.22,77.67,102.04,104.47,113.23,89.81,61.49,75.74,right
118.20,68.65,119.35,115.66,145.07,161.47,114.06,91.60,227.63,143.49,100.07,116.62,94.61,130.25,left
59.00,125.74,62.14,95.32,74.52,74.92,108.47,95.77,94.74,134.59,107.17,86.79,90.95,82.90,left
93.79,59.15,90.21,82.82,88.79,177.10,207.23,130.62,137.66,69.60,104.02,98.93,110.09,93.60,left
41.96,84.07,41.50,65.20,90.11,57.03,87.79,66.04,64.33,104.41,146.94,73.16,67.28,48.16,left
78.78,114.03,68.36,53.31,97.10,42.88,55.79,69.16,96.45,79.56,80.38,75.34,73.08,88.34,left
76.49,69.00,89.86,105.32,110.35,91.52,56.60,49.11,56.88,63.52,55.72,67.71,40.87,55.53,left
101.31,96.01,100.59,100.00,90.39,41.43,61.03,123.03,142.18,198.08,91.64,87.74,101.38,89.12,right
22.98,13.36,22.19,9.34,202.17,14.89,17.23,17.23,16.91,17.59,23.76,22.65,18.59,20.13,right
133.26,57.54,142.77,127.70,76.16,85.89,92.56,76.41,121.18,76.93,135.79,159.83,88.25,128.57,right
66.38,76.62,63.76,107.13,37.40,63.69,42.94,64.09,49.67,52.07,88.89,84.55,64.58,64.03,right
134.64,107.77,120.48,93.87,62.91,63.36,68.21,108.09,105.34,59.16,59.45,97.44,60.81,88.51,right
72.48,66.15,77.33,56.67,80.18,84.72,331.33,79.62,146.43,92.31,62.77,216.81,377.10,1178.13,right
63.07,115.27,84.22,103.50,144.74,60.32,64.17,93.19,92.33,123.47,122.56,111.51,126.46,129.84,right
110.54,125.40,105.41,133.08,108.57,127.33,83.02,91.55,112.28,64.82,87.68,88.96,79.61,82.77,right
23.12,25.70,23.87,26.05,47.03,277.54,210.04,38.46,35.66,31.73,22.94,20.68,27.80,22.19,right
104.23,108.40,125.16,132.55,117.43,170.17,137.37,113.46,119.87,131.52,64.48,100.39,105.62,65.14,right
116.09,148.50,147.37,153.06,123.81,89.56,94.82,63.61,87.27,107.49,127.93,134.20,84.37,90.23,right
163.41,125.13,137.65,173.88,96.61,43.05,47.65,69.60,91.93,90.83,86.92,107.42,99.04,73.95,right
88.90,136.77,115.60,153.10,67.09,228.11,165.09,106.39,91.98,113.38,133.23,120.09,112.96,106.55,right
167.88,136.99,172.33,165.46,129.37,70.85,117.79,105.50,107.73,61.46,129.48,128.23,108.99,108.05,forward
118.65,114.20,116.19,127.28,167.89,111.92,107.65,116.44,100.17,127.93,143.50,134.67,141.90,126.12,forward
155.19,115.31,134.82,110.88,198.41,183.73,135.27,127.98,62.99,114.04,97.09,96.60,97.88,111.13,forward
86.23,92.14,111.71,122.96,129.93,51.05,99.37,53.61,68.01,58.86,81.86,86.38,64.24,69.86,forward
101.43,158.65,97.28,46.19,125.32,58.94,113.26,140.87,102.55,148.15,109.58,125.10,108.20,73.52,forward
99.48,97.22,119.68,109.90,124.19,117.37,94.50,80.18,82.81,64.50,75.24,85.60,76.93,87.75,forward
148.43,105.88,104.09,94.51,71.95,146.92,56.45,64.78,62.56,64.33,37.36,65.61,48.30,53.81,forward
80.62,68.98,97.82,63.52,121.27,82.51,66.34,63.91,60.76,79.88,113.23,95.47,100.60,95.66,right
91.84,160.94,114.74,98.11,89.86,75.62,88.82,130.15,130.11,139.15,144.59,120.96,88.29,64.68,right
117.44,118.72,125.99,130.75,147.04,49.86,93.69,56.16,52.37,106.55,149.07,154.40,122.00,157.08,right
105.81,70.61,109.55,56.07,109.35,105.89,127.11,87.35,85.56,128.63,82.13,100.06,71.81,82.87,right
169.78,146.79,191.00,130.24,85.81,71.86,65.58,94.44,110.33,114.91,165.65,141.13,174.85,146.48,right
71.99,88.51,92.60,72.07,117.59,36.37,25.54,56.47,92.76,73.26,106.25,125.95,105.81,79.24,right
43.47,120.51,63.97,91.78,212.50,76.65,96.52,59.27,75.09,54.57,44.90,45.46,43.58,40.99,right
109.96,108.95,115.91,98.54,94.82,40.97,76.51,65.75,81.74,79.75,81.34,84.39,43.66,97.39,left
147.91,145.98,126.28,63.52,118.73,105.51,118.15,169.87,153.10,66.74,119.90,100.00,105.56,181.03,left
39.82,126.15,44.40,65.96,76.69,79.84,39.23,55.18,87.25,77.65,97.35,55.77,90.19,42.30,left
37.77,126.94,42.31,65.57,78.54,78.41,38.11,55.18,91.32,82.83,97.06,54.52,93.61,41.15,left
58.26,139.76,40.35,84.77,110.76,48.59,25.24,35.99,72.53,79.92,62.72,45.50,70.78,47.67,left
70.32,94.48,70.02,57.62,117.46,96.00,72.31,98.08,82.39,66.52,99.00,86.47,94.43,86.52,left
86.59,105.65,85.55,87.76,53.54,304.07,77.88,96.61,95.71,73.11,69.38,92.48,28.52,68.46,left
48.41,64.02,49.85,77.97,63.68,175.57,82.62,39.89,56.26,58.96,46.25,46.68,39.22,43.99,left
131.81,267.11,120.77,112.24,111.94,111.64,72.45,97.58,123.44,115.60,135.27,119.28,113.45,116.73,stop
78.96,63.67,80.94,71.78,66.81,63.03,59.59,54.97,58.31,63.26,65.94,74.85,70.60,75.37,stop
113.40,90.58,153.70,64.30,86.62,38.99,105.00,141.96,146.94,110.17,136.65,161.22,104.44,116.65,stop
97.96,117.01,65.77,102.15,129.43,107.92,113.09,72.60,68.78,65.67,34.89,69.43,56.44,72.81,stop
82.20,67.49,78.06,75.41,132.39,94.82,82.71,90.41,148.89,109.21,98.77,114.79,125.54,66.91,stop
172.11,142.80,147.37,132.36,131.04,141.53,88.00,182.51,126.28,126.26,114.57,104.94,118.56,108.21,stop
83.24,107.31,68.97,127.14,114.32,81.85,83.63,192.07,156.70,109.03,137.12,70.86,156.66,103.37,stop
83.43,129.75,108.40,117.94,111.24,54.95,81.79,83.93,120.26,90.72,127.72,103.61,94.31,74.68,left
36.80,41.68,45.64,77.72,42.17,353.03,357.08,138.36,72.04,81.90,50.64,67.96,66.92,92.82,left
119.13,83.82,100.55,86.54,136.90,199.86,168.15,126.90,122.49,112.93,105.86,143.54,109.43,125.27,left
110.01,80.21,88.12,55.68,100.91,104.10,67.96,63.73,89.10,78.80,110.77,108.64,91.31,92.33,left
46.74,82.31,49.86,46.69,36.63,40.70,43.42,42.00,41.17,59.54,75.45,69.38,73.46,49.37,left
86.81,124.01,104.28,79.93,99.89,66.50,64.21,116.21,76.01,64.37,127.27,123.66,128.00,82.99,left
177.91,181.40,105.84,153.49,79.70,164.32,123.28,79.70,102.59,79.31,75.31,108.70,98.63,115.90,stop
91.96,83.71,138.59,89.23,102.37,87.77,136.87,88.73,130.73,73.99,63.84,123.21,57.88,89.15,stop
130.75,122.70,151.72,135.11,56.07,61.87,39.84,61.40,76.35,74.07,131.55,156.31,132.34,92.46,stop
113.23,111.11,102.78,110.75,88.75,61.53,120.83,92.81,68.27,136.12,92.39,129.19,86.77,119.06,stop
73.94,179.46,105.45,121.10,92.47,27.18,24.39,67.18,110.39,143.80,158.53,149.84,150.67,113.11,stop
126.86,81.91,136.58,84.43,39.53,46.74,81.62,115.10,57.59,101.73,164.76,137.19,117.76,129.33,stop
119.74,78.32,131.48,81.20,41.11,50.61,87.09,115.55,60.57,101.43,161.35,132.77,116.65,124.85,stop
55.73,67.71,98.13,132.71,59.57,121.28,206.52,153.91,74.07,91.08,92.15,66.11,66.98,109.64,stop
163.57,153.53,128.68,118.66,61.17,89.61,228.60,151.84,94.24,109.84,145.14,113.12,153.62,138.44,stop
104.63,95.72,142.83,91.24,85.74,71.12,90.97,67.58,92.66,45.11,109.99,137.97,85.27,111.82,stop
213.74,72.31,98.17,94.75,55.80,89.12,147.09,61.65,147.76,45.92,96.01,77.39,76.71,83.49,stop
207.81,71.51,93.64,91.40,56.54,90.54,159.23,56.98,147.17,41.82,92.27,72.63,74.16,81.26,stop
121.72,69.23,112.50,86.20,88.00,143.37,70.05,67.05,41.38,119.86,130.73,153.65,124.13,129.98,stop
90.20,106.62,104.93,132.18,94.47,91.42,90.80,81.66,84.10,114.16,110.52,107.61,87.56,115.92,stop
109.64,114.25,134.47,239.70,117.38,171.00,104.90,52.86,46.10,80.91,147.43,118.27,105.04,146.30,stop
114.99,188.72,115.89,171.66,76.13,61.87,70.04,96.31,144.76,131.63,172.88,154.85,183.53,131.18,stop
173.43,135.82,164.28,148.41,90.77,116.92,103.88,146.89,100.80,142.61,139.84,141.53,105.83,122.19,stop
117.56,102.00,154.52,109.25,102.73,96.36,48.31,157.12,105.30,113.18,111.01,124.56,132.30,107.07,stop
45.03,44.91,43.62,45.01,43.90,44.75,44.80,40.71,46.61,40.78,43.03,45.00,42.82,44.98,stop
127.23,141.63,131.95,123.18,74.63,70.66,123.26,139.14,19.48,129.11,82.75,135.54,121.81,73.08,stop
158.86,73.17,149.90,81.59,120.87,82.78,83.14,65.65,64.46,71.42,42.18,59.25,54.51,56.90,stop
142.84,74.85,157.97,80.52,123.12,76.43,88.44,65.15,51.61,76.82,45.38,59.84,57.98,61.74,stop
105.52,89.45,97.86,174.94,111.10,74.57,115.99,113.26,118.71,136.26,110.47,126.93,66.12,86.54,forward
108.11,86.23,107.12,103.68,96.71,84.18,67.86,74.53,122.20,141.44,89.88,87.40,83.30,69.17,forward
95.74,89.17,135.00,130.89,48.06,126.95,139.80,64.40,117.82,112.28,87.55,106.65,62.72,88.91,forward
54.79,79.60,70.30,94.33,59.56,124.25,123.09,101.26,79.56,115.17,50.47,72.12,40.61,61.08,forward
113.48,79.90,101.83,137.26,69.96,103.20,83.33,124.71,121.99,127.26,132.70,93.23,133.26,85.69,forward
75.96,91.03,91.94,88.84,68.50,156.22,90.86,64.99,142.46,109.91,64.35,90.60,70.74,46.97,forward
122.30,97.46,111.63,93.12,67.17,105.70,90.21,90.22,61.64,55.23,131.51,101.14,97.46,91.89,forward
86.09,48.49,82.02,87.03,97.80,57.91,38.79,76.17,100.12,33.36,64.80,87.13,79.55,85.59,left
103.88,57.25,110.07,64.60,86.56,94.87,82.81,119.54,85.85,118.70,78.13,74.12,88.61,231.69,left
85.47,198.11,100.77,77.27,92.91,68.24,78.97,101.84,115.60,77.11,78.99,80.97,69.25,101.65,left
123.46,81.59,113.02,120.06,106.88,136.23,99.39,168.29,106.17,152.20,101.88,96.13,116.77,125.25,left
76.25,52.23,65.14,70.91,105.87,66.02,60.30,108.60,125.64,189.14,122.71,86.35,153.03,69.63,left
113.64,92.46,67.27,146.56,89.47,132.19,136.64,104.96,111.77,106.29,79.57,84.65,74.35,129.11,left
112.36,82.88,117.45,56.53,119.04,45.46,116.87,81.85,86.28,125.58,146.35,124.86,113.17,97.46,right
88.16,68.13,85.78,92.48,90.64,126.75,135.97,142.52,128.50,82.65,89.55,76.88,67.90,78.99,right
101.22,116.56,116.00,75.94,162.26,58.86,65.03,77.31,73.80,108.37,109.64,123.81,70.11,69.15,right
85.96,81.64,82.21,73.57,108.19,63.45,83.39,109.01,121.20,145.72,93.69,95.59,123.17,108.49,right
80.72,80.26,78.00,70.15,107.91,60.92,82.40,111.11,128.61,152.85,76.45,96.70,119.86,110.72,right
121.96,134.67,115.35,83.61,101.74,103.88,50.03,78.22,98.50,73.86,97.30,98.78,113.42,117.63,right
63.04,58.73,49.30,60.79,89.18,81.20,48.45,93.78,86.65,95.19,121.33,75.61,109.43,84.35,right
83.46,99.07,91.52,92.22,122.38,34.48,56.11,85.73,87.62,104.17,42.58,51.83,64.74,78.89,right
90.48,61.43,70.61,94.24,141.39,105.66,60.50,117.76,173.62,554.85,113.24,102.03,130.34,116.09,right
70.33,72.62,72.71,69.44,77.36,146.75,89.95,91.22,91.49,96.49,59.38,77.85,48.35,56.07,right
90.42,86.41,84.27,81.25,99.58,109.85,143.14,105.55,98.66,93.34,80.72,96.90,100.22,89.03,right
166.64,155.28,149.89,114.84,65.70,81.13,38.24,44.68,91.59,74.75,140.97,135.37,123.40,172.75,right
67.26,55.90,91.52,80.51,43.69,112.31,79.52,61.67,49.54,58.14,74.95,75.63,49.51,71.02,right
104.72,102.01,141.93,140.63,59.97,62.68,148.89,81.85,100.49,87.79,172.81,140.43,196.12,144.28,stop
62.13,84.41,55.79,65.84,72.74,53.52,56.35,46.11,105.45,53.44,74.88,73.08,53.39,50.59,stop
93.49,87.79,89.18,113.13,127.15,132.10,172.77,138.66,73.49,104.22,62.89,98.39,96.82,106.47,stop
88.82,85.16,83.65,110.28,110.48,137.37,180.70,143.44,75.12,104.48,61.26,92.77,93.06,104.11,stop
101.47,118.87,72.08,101.16,77.86,76.58,154.05,103.65,48.76,86.14,86.22,86.25,75.09,96.93,stop
103.40,61.99,116.69,97.08,103.51,99.39,91.43,130.23,116.24,84.60,181.51,182.67,142.77,154.05,stop
93.57,107.05,96.29,74.81,48.91,58.43,60.96,81.72,33.39,12.69,96.24,87.81,96.47,111.49,stop
101.76,217.03,95.91,134.88,123.64,43.50,28.66,57.71,92.32,119.30,119.35,189.55,113.35,111.60,right
47.48,33.39,79.45,59.51,94.80,156.61,209.29,69.92,95.40,146.49,60.63,85.51,62.19,91.01,right
69.92,78.54,83.23,79.30,92.67,80.42,100.74,89.56,101.19,117.75,98.16,114.94,104.56,71.98,right
64.37,79.69,78.59,74.95,92.19,77.86,98.83,86.95,100.00,113.01,93.15,109.82,101.16,70.18,right
64.01,86.14,65.85,75.23,147.85,113.64,85.28,66.35,107.29,90.43,67.91,62.74,36.58,50.16,right
77.68,80.84,103.58,68.85,57.25,158.77,96.19,83.39,109.14,104.45,107.07,119.50,144.44,101.20,right
73.99,77.51,102.92,62.78,49.40,85.70,33.41,64.34,108.62,72.90,84.48,110.71,92.29,82.66,right
101.23,94.44,129.15,64.77,88.49,110.30,174.68,107.32,87.85,76.36,73.71,115.53,90.64,84.75,stop
95.04,103.47,75.95,108.62,77.22,101.67,108.47,76.03,139.49,113.17,103.14,105.28,95.19,74.32,stop
80.10,85.17,94.38,71.75,139.73,94.39,53.69,75.39,154.05,114.82,114.07,97.20,66.41,142.74,stop
80.99,84.91,93.10,71.15,140.08,96.56,53.92,78.64,163.86,119.07,108.43,94.86,65.58,139.96,stop
26.66,146.24,132.41,112.82,107.96,45.04,80.38,81.81,83.66,81.63,120.29,131.00,140.86,133.40,stop
124.69,85.35,110.59,135.86,98.65,76.38,33.58,113.83,45.18,60.86,106.04,129.23,134.50,101.70,stop
105.24,128.70,116.68,92.11,82.30,123.38,74.38,49.34,105.02,44.35,125.57,113.01,103.02,96.47,stop
110.36,109.17,106.98,113.64,83.29,86.96,98.64,80.99,113.64,151.49,100.57,102.31,143.52,106.77,left
84.85,118.60,91.46,98.43,88.53,104.73,103.83,86.91,97.22,89.55,104.10,106.35,104.59,97.77,left
101.38,116.75,99.52,103.64,118.37,137.84,59.22,79.34,69.95,136.60,117.57,127.89,118.84,107.32,left
102.41,104.35,99.82,103.53,125.03,143.17,59.36,82.24,70.98,158.77,117.92,128.42,121.33,107.77,left
106.49,55.80,132.01,147.98,69.70,19.98,91.78,99.51,82.22,43.16,71.41,108.80,69.86,69.40,left
45.53,66.86,47.96,45.58,69.20,93.98,85.57,145.95,160.82,90.61,69.38,71.54,59.76,50.23,left
52.13,72.33,55.06,99.49,45.66,89.75,85.19,108.78,141.70,151.59,104.53,112.71,87.89,80.58,left
135.13,174.21,112.91,119.71,77.32,257.95,84.16,71.89,88.14,98.82,100.99,166.55,80.69,129.84,stop
110.11,66.06,127.67,80.25,131.43,60.18,70.26,60.75,71.98,84.94,183.34,158.16,154.82,75.22,stop
111.11,157.03,97.81,87.14,101.51,115.72,54.10,121.41,119.95,109.54,92.51,109.96,85.13,68.16,stop
65.70,84.48,60.60,84.64,90.19,108.89,202.96,136.61,78.98,89.64,73.44,76.28,61.83,56.00,stop
105.06,119.41,127.31,108.89,78.13,85.73,25.65,83.88,88.93,63.54,110.50,112.95,96.47,91.22,stop
115.46,45.94,106.25,81.09,91.69,79.10,202.01,60.84,93.81,67.52,138.29,147.16,109.33,91.74,stop
131.91,85.82,119.36,76.35,52.33,125.67,634.26,122.10,93.32,110.45,128.90,143.22,83.53,74.41,stop
86.84,64.98,119.12,130.66,76.20,155.26,72.48,96.51,125.32,79.19,97.27,83.89,88.64,122.20,left
92.27,127.15,103.45,84.10,146.52,120.31,125.60,99.02,83.51,75.00,134.57,109.70,159.07,98.33,left
78.55,77.19,101.83,77.42,120.03,163.92,64.79,128.94,128.52,88.84,85.35,49.91,67.12,52.86,left
84.29,84.11,98.12,62.32,115.19,95.83,84.96,109.55,121.25,131.65,93.19,78.44,102.88,70.58,left
92.45,60.79,111.28,77.07,61.60,165.35,138.61,140.87,111.90,101.83,98.00,106.01,97.55,92.43,left
152.00,97.47,96.98,110.88,47.63,75.95,86.86,115.76,125.27,69.53,138.17,107.92,153.70,157.17,left
64.41,133.06,71.00,58.40,92.03,107.92,83.19,83.33,178.52,114.02,55.89,69.09,65.18,69.50,left
53.05,86.23,70.50,62.27,178.22,57.40,101.10,126.98,55.96,132.32,83.40,86.85,81.07,36.65,left
100.80,67.46,136.37,162.21,63.51,68.24,64.47,85.83,64.91,107.70,111.95,127.15,101.70,112.38,left
58.44,109.98,67.87,97.45,79.96,38.50,45.59,61.33,69.95,160.93,71.85,92.80,119.67,64.17,left
83.29,66.46,60.72,128.69,46.58,34.68,58.76,56.18,82.01,59.41,74.60,73.53,97.36,72.43,left
85.56,68.12,60.57,124.70,43.63,33.58,58.09,56.57,85.96,57.56,78.23,75.25,100.16,74.76,left
86.19,68.37,119.31,108.12,68.08,69.88,109.09,145.16,113.64,107.59,112.63,128.88,78.01,102.51,left
38.62,37.01,46.99,43.64,61.90,116.29,38.49,45.39,37.47,59.44,181.89,71.49,64.23,53.46,left
76.71,27.41,105.23,123.70,130.26,89.68,125.27,107.38,101.38,84.15,83.63,97.34,60.69,125.10,left
73.06,69.09,55.04,62.79,125.72,71.29,60.75,57.84,67.24,67.14,71.93,53.32,57.31,61.15,forward
80.95,113.26,115.71,79.17,79.25,45.91,55.21,101.73,70.65,134.86,67.13,100.92,134.28,100.26,forward
96.57,95.53,118.60,86.90,97.82,36.38,81.31,118.14,80.00,54.14,65.82,86.69,68.63,100.37,forward
102.59,88.00,77.81,50.83,109.54,168.43,133.92,106.58,95.91,99.61,103.04,10.55,112.21,56.60,forward
56.89,50.35,50.11,87.73,163.43,83.68,100.04,72.30,91.22,78.03,47.98,57.25,59.24,68.01,forward
110.18,107.21,87.09,82.97,152.35,49.05,163.10,124.06,154.95,135.00,89.46,94.30,147.68,144.88,forward
78.41,70.29,79.18,89.61,79.75,129.51,124.12,77.57,106.21,70.91,109.30,99.90,99.97,85.03,right
115.28,59.02,120.82,91.39,92.66,110.08,75.70,66.12,109.10,73.27,89.89,77.45,80.70,90.16,right
111.75,46.46,89.43,88.20,104.89,26.07,114.43,101.29,189.18,72.65,86.86,91.41,91.44,103.84,right
57.95,81.96,70.17,71.58,115.06,93.26,79.43,98.90,56.99,100.84,46.67,85.73,98.11,81.55,right
108.08,79.78,96.33,65.14,142.20,85.70,23.74,86.60,115.34,140.64,113.80,115.89,97.26,116.03,right
101.95,74.75,89.77,60.79,146.67,82.95,25.61,83.57,112.48,139.77,107.25,109.44,91.94,109.51,right
127.71,114.39,107.57,113.72,135.37,129.27,109.16,60.08,93.60,104.78,114.29,105.97,120.04,84.97,right
197.50,61.35,211.86,245.84,77.54,73.77,62.44,153.32,167.12,189.17,211.86,175.77,188.81,196.82,stop
105.76,124.63,180.84,130.25,84.31,56.47,250.93,67.18,71.64,125.10,155.63,115.31,136.60,140.96,stop
79.30,116.33,180.74,183.98,95.28,89.12,79.98,78.76,75.68,101.24,83.18,103.28,147.76,81.77,stop
58.94,127.59,78.86,131.25,109.98,91.61,68.72,80.77,70.82,129.10,111.36,68.52,108.08,75.54,stop
148.21,114.14,176.10,158.61,89.15,56.93,78.73,67.06,59.56,101.80,149.94,165.63,128.44,80.39,stop
1205.88,1015.49,1073.28,845.47,886.55,765.32,578.26,855.64,728.05,835.96,828.88,875.02,1052.03,1226.92,stop
47.10,72.41,62.73,99.28,72.79,76.37,45.86,73.62,63.93,71.80,71.70,67.94,50.80,69.93,forward
71.65,70.75,99.53,72.14,105.80,39.93,51.87,82.41,75.30,139.53,87.48,81.86,92.80,81.78,forward
155.07,148.15,108.75,122.65,139.04,131.32,86.79,92.19,68.76,70.23,107.54,89.57,90.15,85.79,forward
151.43,144.30,105.70,122.26,141.03,133.67,88.73,93.32,67.96,72.99,104.55,86.17,87.32,83.63,forward
110.95,109.17,106.14,91.78,86.93,103.20,154.42,100.38,122.61,100.29,58.10,116.33,40.21,135.81,forward
58.38,111.37,61.43,114.51,115.52,59.68,124.18,74.54,87.77,79.23,44.38,53.48,41.53,34.16,forward
64.91,57.47,108.04,126.51,124.88,101.43,65.71,78.85,70.87,93.19,99.14,110.31,128.61,73.12,forward
114.95,125.93,146.83,123.97,61.78,89.42,98.70,97.50,114.25,131.34,127.84,128.16,90.13,29.51,right
99.37,69.42,104.29,87.21,74.31,117.64,79.15,88.78,70.96,86.05,87.61,94.50,84.41,133.11,right
100.64,123.02,86.77,87.63,68.04,60.96,86.83,107.14,102.76,72.73,57.16,59.44,65.87,53.96,right
116.76,98.37,102.27,94.15,89.44,102.27,94.80,174.29,56.18,117.92,142.40,134.46,151.51,120.12,right
129.79,109.15,151.48,141.41,97.55,173.39,163.99,135.60,92.82,110.76,166.38,148.76,166.71,166.67,right
125.74,105.76,146.47,136.97,100.18,177.36,140.47,137.28,93.81,113.27,166.90,146.51,165.41,166.67,right
91.08,98.55,118.21,74.71,69.35,101.37,119.65,112.00,91.86,74.85,157.89,88.74,110.78,102.63,right
87.24,73.26,78.19,57.61,149.06,116.01,105.60,117.14,109.99,118.36,82.62,79.88,92.48,84.93,right
129.47,41.47,108.44,111.53,76.42,49.38,70.38,31.64,103.07,49.02,110.39,120.48,75.05,115.23,left
73.50,59.04,79.42,87.85,111.45,87.74,74.07,100.97,119.66,103.91,117.03,138.17,89.77,126.34,left
84.98,61.64,100.00,76.21,47.25,108.27,103.85,117.20,129.23,44.14,66.27,76.41,59.27,126.97,left
70.03,58.89,77.27,72.53,51.61,108.41,105.96,119.87,131.60,40.90,63.76,75.27,55.92,102.55,left
29.57,57.53,29.95,289.83,27.25,372.05,347.94,23.63,32.68,65.39,39.34,32.74,51.21,28.34,left
92.14,119.99,81.38,81.36,69.65,32.11,44.38,66.72,91.08,115.08,112.28,137.97,196.53,94.40,left
142.27,88.74,153.85,72.91,129.01,113.03,75.29,139.63,111.66,128.67,108.69,100.69,92.35,164.12,left
111.61,76.50,119.73,74.34,69.42,126.25,88.11,108.30,78.71,93.92,78.25,88.26,72.54,86.88,left
47.26,85.23,56.21,83.16,153.63,37.26,35.31,45.13,87.70,133.29,119.29,78.17,102.27,45.43,left
98.18,53.94,104.95,122.39,81.94,103.01,56.47,120.10,71.83,104.82,146.57,126.39,122.27,107.25,left
65.06,95.22,90.88,78.42,44.25,73.82,71.32,67.33,114.20,91.08,92.38,116.87,76.10,64.28,left
110.69,119.63,87.09,80.77,107.77,111.76,64.01,90.79,83.71,68.96,108.42,81.85,100.95,78.45,left
121.68,73.77,128.74,130.17,83.55,92.49,132.17,163.71,172.56,76.04,77.03,96.86,82.52,174.72,left
93.15,122.99,99.55,78.48,105.59,223.52,64.36,78.31,39.41,103.83,106.57,119.19,94.05,72.41,left
104.63,81.49,169.47,113.93,76.77,84.80,84.58,89.35,79.19,48.52,89.15,126.00,65.33,98.14,left
78.38,84.46,72.79,78.33,100.00,115.82,181.13,98.70,79.27,111.13,108.75,118.98,129.71,119.80,left
76.47,65.09,70.57,194.77,40.30,61.93,50.64,91.09,107.85,80.19,80.38,100.94,69.91,78.53,left
110.64,89.60,97.61,110.20,104.87,188.25,192.01,84.47,50.92,105.87,154.60,129.33,125.78,73.17,left
112.12,64.55,103.57,64.59,59.82,117.29,68.29,84.01,76.54,126.86,169.21,73.49,144.91,129.72,left
102.15,102.71,113.12,76.22,100.17,97.74,57.35,93.81,97.92,19.04,147.69,141.28,120.80,95.50,left
54.43,141.56,57.37,82.18,87.46,56.51,56.21,46.22,33.83,119.58,94.64,98.59,116.06,47.68,left
86.83,89.54,82.10,108.35,112.15,54.63,65.28,53.35,67.86,101.82,131.66,97.45,104.08,117.12,stop
39.10,27.29,50.26,42.72,58.37,33.92,72.88,40.03,46.92,40.76,62.14,62.15,20.43,14.78,stop
103.68,135.00,105.80,171.15,95.66,82.33,228.81,91.09,99.91,71.66,167.88,110.41,134.80,97.94,stop
125.72,98.25,101.67,26.78,88.67,67.56,130.07,94.55,72.48,99.85,82.94,102.80,149.28,156.13,stop
104.69,149.47,120.93,125.57,118.29,209.97,186.59,112.17,87.59,140.66,127.34,117.69,110.03,105.02,stop
136.74,220.23,113.51,188.38,135.97,124.56,152.74,228.31,79.41,58.37,113.03,106.86,127.42,119.11,stop
118.32,77.87,119.89,72.42,97.68,43.65,71.87,96.97,100.00,139.90,122.92,126.27,99.03,127.17,right
78.52,77.23,90.48,89.88,107.82,119.53,89.19,59.29,62.95,70.39,119.90,90.51,108.27,113.88,right
103.23,135.88,126.80,131.76,55.37,55.89,74.81,107.06,108.27,154.05,129.54,114.45,109.80,111.13,right
44.84,33.97,44.00,52.64,334.55,35.71,33.90,31.30,30.80,32.95,116.61,54.42,31.79,48.41,right
97.01,91.36,111.21,73.81,60.96,108.96,116.52,88.00,128.63,119.77,148.68,157.83,96.93,115.11,right
154.64,92.04,165.96,100.85,110.61,95.21,113.46,107.25,15.37,81.76,149.73,166.53,126.39,125.03,right
46.16,72.88,54.76,82.11,91.94,43.27,67.37,43.04,48.86,51.84,70.18,68.79,68.23,72.10,right
69.43,143.81,122.67,105.32,70.15,43.09,78.28,108.97,141.57,76.40,200.36,110.03,105.91,97.06,left
110.41,56.19,115.95,115.96,145.72,49.23,93.30,167.10,154.22,152.46,93.06,120.07,98.34,113.50,left
88.09,157.98,79.42,130.26,168.86,59.39,103.93,113.33,102.59,97.76,169.58,142.44,120.86,126.07,left
39.14,120.27,30.94,399.91,25.31,485.62,503.58,40.32,43.91,74.51,41.36,34.02,37.57,30.59,left
117.93,158.48,123.08,95.83,156.31,167.32,169.75,83.98,93.63,103.49,108.61,147.52,133.49,100.23,left
80.72,119.93,99.59,99.10,101.39,87.77,64.42,69.79,53.54,133.50,121.37,99.01,124.54,86.44,left
87.14,106.16,85.17,56.52,116.69,40.24,65.62,57.89,254.15,142.21,79.09,90.22,80.88,62.37,left
152.94,167.60,107.82,91.64,79.65,82.04,111.00,150.61,146.19,116.70,165.06,175.32,198.62,163.59,left
109.71,90.56,106.78,110.75,71.38,90.91,114.55,96.05,118.66,98.10,83.55,113.64,76.18,115.85,left
90.54,88.81,120.40,89.16,93.53,166.62,137.76,76.71,153.32,41.95,71.13,97.72,75.47,77.49,left
103.01,92.08,93.27,107.10,98.06,58.94,71.95,127.02,103.97,126.19,114.28,108.00,114.60,107.03,left
89.80,128.78,82.18,117.58,96.03,151.04,112.98,162.86,117.63,129.96,100.65,108.30,104.17,113.23,left
107.16,80.21,143.05,118.96,184.24,39.73,53.92,38.22,52.56,29.08,130.51,40.08,31.33,35.79,left
73.95,103.37,88.98,69.50,145.57,83.01,79.79,93.87,66.37,134.63,67.66,75.13,83.23,71.87,left
103.09,119.05,55.41,112.13,67.03,49.39,87.80,75.90,98.25,54.42,100.47,124.25,80.41,89.77,left
91.33,29.10,88.73,64.18,76.88,79.99,72.64,108.53,60.58,105.91,90.72,84.44,46.30,95.31,left
83.17,81.11,92.38,94.97,46.78,62.68,70.70,57.44,111.59,69.52,60.60,94.86,75.46,86.19,left
87.01,124.30,60.04,110.34,41.74,62.32,93.15,96.65,123.94,93.03,58.20,66.47,71.52,74.80,left
47.72,76.26,50.01,50.44,67.86,83.82,60.14,79.20,54.99,86.14,59.83,48.45,56.78,42.59,left
46.14,72.70,47.68,47.49,70.55,86.97,59.95,78.15,53.35,84.63,58.74,47.10,56.59,41.47,left
110.79,64.97,34.48,195.93,15.85,364.35,291.82,22.81,25.83,27.88,23.96,23.47,39.41,21.60,left
122.24,118.85,124.20,124.69,139.39,125.37,236.81,95.34,225.52,129.42,116.07,117.24,45.44,126.80,left
119.64,94.01,112.89,79.00,91.42,95.31,90.03,92.32,91.56,73.19,85.63,100.24,38.91,127.45,left
86.81,101.84,96.39,87.30,188.83,95.50,106.03,86.04,96.58,83.91,132.84,120.93,94.99,120.26,left
74.79,81.13,61.66,138.14,80.44,129.38,99.05,92.12,86.81,49.59,188.88,70.37,71.23,74.37,left
39.59,96.28,39.76,65.98,99.26,89.93,107.23,33.99,34.10,48.62,56.28,63.27,28.14,51.94,left
104.09,94.38,63.66,103.92,77.58,40.02,122.63,102.39,92.50,86.98,99.59,76.30,121.45,145.45,right
27.34,21.83,38.38,30.19,17.14,624.38,190.08,27.12,28.92,20.15,30.80,38.86,26.65,30.04,right
57.64,55.74,59.04,66.71,64.68,116.00,55.87,48.69,51.42,68.33,74.85,73.95,69.39,64.17,right
107.18,114.23,133.29,72.06,69.06,74.91,124.50,102.09,54.64,97.52,75.06,83.75,72.34,62.58,right
115.16,117.67,97.41,95.75,93.02,108.66,239.86,60.80,64.46,100.85,81.61,99.20,78.61,84.73,right
76.58,86.75,87.42,72.87,96.06,137.44,74.90,88.00,108.89,144.25,132.64,77.74,104.90,51.78,right
96.59,100.67,103.75,83.32,118.60,36.00,59.46,122.41,67.41,96.24,118.19,98.85,112.54,128.01,forward
46.16,61.48,64.07,105.97,55.39,143.28,59.98,49.29,41.81,53.41,57.59,65.66,52.50,50.45,forward
141.68,143.99,159.35,90.70,136.63,158.01,62.82,93.28,86.43,70.23,141.15,149.89,108.21,137.44,forward
193.95,192.96,150.38,135.84,255.05,256.14,295.16,260.94,236.41,210.34,105.48,211.68,165.59,222.41,forward
126.90,146.73,96.83,115.15,60.99,91.94,87.52,108.67,77.04,68.71,110.57,137.06,103.72,108.48,forward
114.17,89.40,119.26,63.35,71.92,46.79,52.67,88.50,74.28,65.59,103.22,77.61,88.47,100.97,forward
115.37,155.81,101.98,69.19,60.76,69.37,335.19,134.65,71.40,77.57,110.83,113.18,138.31,122.10,forward
64.35,79.20,55.76,135.51,65.49,46.16,77.99,63.76,102.94,115.07,60.78,76.35,78.20,88.44,forward
114.89,108.14,119.58,96.56,110.06,46.87,42.04,89.46,69.69,143.78,73.81,122.73,66.80,56.10,forward
115.44,77.65,102.29,125.84,113.31,163.84,131.38,96.48,77.94,99.73,105.87,120.02,74.71,123.08,forward
90.09,174.77,104.35,95.62,95.16,49.80,37.85,56.83,86.96,86.61,106.12,101.51,98.59,90.38,forward
68.82,91.26,79.09,70.62,94.48,122.90,69.44,53.41,74.38,65.10,83.77,77.44,77.87,69.12,forward
