F3,F3_pos,FC5,FC5_pos,AF3,AF3_pos,F7,F7_pos,T7,T7_pos,P7,P7_pos,O1,O1_pos,O2,O2_pos,P8,P8_pos,T8,T8_pos,F8,F8_pos,AF4,AF4_pos,FC6,FC6_pos,F4,F4_pos,Direction
26.50,4,19.56,0,60.11,36,68.89,40,24.17,0,32.72,4,19.06,22,34.39,40,32.11,4,38.17,36,88.89,36,48.33,35,72.67,36,52.17,40,left
15.56,4,7.00,4,14.67,9,64.83,36,13.50,26,21.67,41,2.94,42,11.72,41,28.33,40,40.67,19,19.33,22,-15.00,0,35.06,22,31.56,22,forward
80.61,14,110.00,44,134.22,14,-27.06,10,37.94,0,19.72,36,15.94,35,5.11,13,-4.83,24,84.22,24,224.94,13,182.72,14,126.39,13,94.00,14,forward
5.94,1,25.17,35,25.67,31,263.50,25,16.83,35,4.00,14,3.44,35,8.72,38,45.28,37,-42.78,1,16.39,2,55.61,30,65.78,3,37.33,3,forward
2.72,29,-40.61,21,33.00,20,273.61,43,0.72,30,10.72,44,31.06,23,38.94,24,17.72,23,33.33,20,47.94,23,99.78,46,33.72,23,19.56,23,left
11.56,45,59.89,43,15.94,45,10.56,5,29.61,44,7.78,44,31.44,44,27.61,44,-4.89,9,27.78,44,35.00,44,13.50,12,29.50,44,28.56,45,left
31.44,4,33.89,4,34.50,5,-54.28,43,29.00,44,31.50,37,47.94,45,58.00,44,26.28,44,4.78,15,42.56,16,36.00,5,42.39,6,26.78,5,left
44.44,28,72.67,36,16.83,25,180.50,29,23.78,44,41.17,38,28.83,43,24.61,42,31.72,42,43.33,0,75.11,13,117.94,43,44.22,13,29.44,28,left
6.39,38,85.39,44,24.94,38,53.78,8,36.56,44,10.50,2,8.44,42,22.94,2,51.94,2,26.00,29,47.39,9,29.67,44,13.39,9,31.50,37,stop
18.78,20,69.72,20,8.56,35,42.50,24,29.94,15,31.11,15,20.11,26,24.06,9,94.22,30,24.22,27,80.72,35,37.56,35,48.61,6,40.33,21,stop
13.89,39,39.78,41,72.67,39,-6.44,1,17.44,6,10.28,36,19.33,11,23.00,36,94.67,37,33.11,37,56.94,38,32.22,40,54.67,28,41.72,37,forward
9.89,10,9.89,17,39.11,16,153.22,42,0.72,40,-5.83,34,17.83,40,-43.22,3,6.28,35,12.67,2,65.89,3,20.00,25,40.22,20,21.83,22,stop
12.50,11,34.17,42,41.17,46,31.78,7,41.00,42,36.06,46,63.17,46,59.28,46,70.72,42,58.33,41,40.50,9,8.72,6,21.61,9,26.61,32,right
40.78,33,14.00,25,37.06,46,24.11,25,34.17,21,51.33,36,40.78,39,39.06,40,66.00,40,62.06,46,48.83,46,49.33,46,46.06,33,22.89,46,right
186.78,7,175.28,7,201.11,7,306.39,11,192.44,7,192.39,7,190.67,7,212.17,7,201.50,7,205.11,8,191.00,9,181.72,7,199.28,8,191.17,7,forward
42.83,0,37.72,14,46.28,40,107.28,14,49.89,14,43.44,15,34.28,40,31.56,17,46.17,7,50.94,7,63.61,27,11.89,7,45.28,7,43.61,41,stop
44.61,35,50.72,9,63.72,35,1.22,29,32.50,12,92.72,29,15.28,11,32.72,29,34.50,29,62.72,29,83.06,32,28.72,36,33.22,31,22.94,36,stop
14.28,16,12.44,16,45.67,16,53.17,22,15.22,36,10.83,0,11.06,0,17.06,0,18.72,31,21.06,8,53.89,29,17.00,16,43.67,29,45.28,31,right
40.61,46,6.56,5,23.89,46,100.11,46,29.50,35,43.06,46,57.94,46,47.72,34,65.56,46,73.72,46,81.94,45,32.00,10,51.83,10,34.94,9,right
53.33,42,-13.28,8,-30.00,11,72.44,45,44.61,45,19.11,40,63.94,46,77.72,46,95.06,46,108.78,46,106.00,42,34.61,46,66.50,43,62.44,46,right
16.33,36,34.06,21,36.06,42,-5.33,4,-10.61,7,19.94,7,4.72,36,15.28,7,54.39,35,25.61,14,62.22,38,38.50,38,24.50,38,38.61,35,left
7.72,0,9.39,26,1.83,26,57.83,17,25.94,9,33.72,14,23.22,38,34.06,17,38.39,16,27.11,5,51.17,17,13.33,16,25.61,17,21.22,16,right
47.89,44,33.78,23,23.33,45,2.61,5,20.06,24,-2.56,4,24.11,25,20.17,18,5.00,19,5.72,24,6.67,0,13.39,23,8.56,39,45.44,45,left
27.28,3,-1.67,4,67.11,36,318.89,44,13.67,43,13.28,17,12.17,1,29.39,32,30.94,32,75.78,43,64.83,43,40.17,2,39.06,36,44.67,36,stop
68.83,28,26.61,19,23.67,26,-0.44,11,10.22,2,26.17,23,18.28,34,40.39,33,34.72,32,6.11,2,4.56,25,-14.44,26,16.17,26,16.28,26,right
9.78,31,0.61,0,47.50,44,17.72,44,20.17,5,19.11,36,19.22,5,33.17,5,17.61,4,-49.50,0,-16.94,0,11.94,44,22.11,11,22.39,44,right
5.94,15,14.22,8,19.44,15,137.06,45,56.11,46,65.06,42,44.00,46,51.89,44,33.61,22,27.39,18,26.11,17,20.56,31,35.17,17,19.89,25,forward
49.83,35,19.67,34,62.00,35,87.72,42,25.11,11,29.22,41,40.39,43,45.89,42,55.56,45,73.28,42,77.22,42,13.56,42,60.39,38,67.72,41,forward
10.22,10,-11.83,23,-6.78,3,119.72,46,30.00,30,-2.28,6,7.56,7,19.83,6,18.78,6,6.06,7,-2.50,4,-10.72,3,-1.44,3,8.50,11,forward
-2.78,18,-15.72,5,43.00,12,547.78,46,-6.94,0,15.56,0,18.56,0,17.50,1,67.72,45,303.78,1,-243.06,0,89.22,28,-25.67,0,4.44,0,right
49.00,42,28.44,40,10.56,42,-21.00,1,30.56,9,30.00,40,-0.61,0,0.28,26,3.72,39,27.00,39,44.17,42,19.00,42,29.39,40,34.11,28,right
16.28,24,37.50,38,11.39,44,25.44,25,67.00,38,10.28,13,29.22,30,34.78,30,35.94,30,16.89,23,22.94,23,6.61,25,33.56,23,26.67,23,left
24.17,16,-12.94,21,31.44,21,30.17,12,-12.11,46,31.67,30,29.72,21,37.89,19,28.50,22,41.50,20,27.44,21,9.44,12,18.00,23,24.50,20,left
29.67,0,-4.94,0,37.61,32,163.17,30,29.50,35,15.50,26,8.61,26,8.06,26,23.06,32,4.28,22,26.06,21,26.89,20,28.11,20,12.56,20,stop
2.39,6,19.11,43,18.94,7,-20.28,0,17.00,45,21.44,8,-2.56,7,-1.56,8,28.72,25,18.06,23,47.72,23,30.00,23,37.50,23,5.17,6,left
17.72,6,25.44,41,61.33,7,21.17,12,19.89,40,33.22,35,30.00,10,46.83,11,43.44,19,53.50,19,42.00,34,19.67,7,33.33,34,36.22,12,stop
76.33,30,36.22,30,41.44,30,36.44,30,78.00,42,37.44,40,52.72,34,69.17,43,51.00,43,52.39,43,37.78,42,63.56,32,64.11,42,62.39,42,forward
7.50,34,8.56,15,-4.94,32,143.94,46,34.28,37,-14.22,38,31.67,28,-2.72,22,6.72,20,1.72,21,-20.94,33,-12.89,32,3.67,34,5.28,31,stop
7.56,35,1.94,19,16.67,36,79.22,20,18.94,7,52.28,46,17.72,25,28.28,19,11.56,19,35.33,3,39.67,35,25.44,36,22.33,3,22.83,26,stop
65.94,34,34.33,14,32.28,14,41.50,14,9.28,40,43.28,14,15.78,16,16.17,32,22.94,14,23.00,4,66.33,14,46.39,35,50.50,14,25.06,14,forward
352.72,43,345.83,46,402.00,39,449.44,46,390.61,46,415.44,46,412.61,46,389.78,46,378.44,46,407.61,46,366.56,39,344.61,39,399.17,39,333.44,43,right
78.72,23,36.28,7,64.11,23,474.28,45,31.17,7,6.61,20,51.44,19,61.33,46,33.83,13,40.72,15,55.00,16,41.89,7,42.33,7,46.00,20,right
4.22,16,2.67,4,29.78,16,136.50,28,16.89,37,7.06,0,22.44,34,12.61,4,30.72,36,19.44,1,24.89,2,24.50,17,14.33,21,9.22,19,left
33.44,17,15.33,17,4.28,6,78.44,17,40.28,20,24.50,46,27.56,19,29.78,16,24.11,16,15.94,16,21.11,20,-16.17,1,29.56,38,31.06,19,stop
22.39,7,93.33,9,14.39,7,36.83,44,35.39,18,6.33,33,14.94,10,61.28,34,35.67,35,54.83,22,38.78,22,-31.33,46,35.72,21,16.17,30,forward
17.94,11,-7.61,0,34.72,10,-5.33,0,74.39,45,7.17,7,43.50,46,68.06,46,56.61,44,27.72,28,59.39,45,37.56,18,55.17,44,22.83,11,stop
11.17,37,-6.78,34,34.33,37,94.72,20,31.39,37,1.06,37,5.56,18,16.17,43,28.44,42,-39.11,0,26.17,33,47.94,37,40.22,35,6.89,37,forward
13.28,24,58.22,25,35.06,39,55.89,45,-4.00,9,22.78,26,14.56,45,9.44,45,28.83,44,37.94,45,37.94,43,41.11,45,20.28,45,-0.94,39,right
73.83,40,41.50,4,82.50,40,269.94,46,18.61,12,164.72,38,35.50,39,45.72,22,28.94,22,32.72,25,55.06,40,75.00,40,41.06,39,33.67,39,forward
17.78,8,43.06,8,12.39,8,-2.00,9,62.56,43,58.06,46,30.39,34,10.83,0,18.78,46,21.56,46,-10.44,45,37.56,46,17.72,45,16.94,44,stop
1.78,9,14.89,12,0.94,37,19.72,46,15.22,11,25.00,36,11.94,28,19.33,9,16.72,9,11.17,9,14.44,32,14.50,46,15.11,10,5.56,20,stop
33.39,22,139.39,23,42.11,23,38.39,46,16.11,1,97.44,44,2.22,6,5.06,7,17.11,1,17.78,23,38.00,22,9.78,1,29.67,23,33.89,23,right
0.17,21,69.83,31,-27.94,2,-3.61,6,54.72,40,63.17,46,23.06,34,35.50,36,43.39,35,21.67,8,-9.89,3,-15.50,2,19.17,3,-1.00,2,left
22.89,7,45.72,11,49.94,27,40.83,9,9.78,2,-11.83,2,13.67,2,20.00,24,36.61,23,58.00,24,70.72,44,39.50,23,52.06,44,41.22,45,left
35.39,31,63.89,46,65.28,46,28.11,31,-0.33,5,35.78,46,44.44,31,46.50,9,39.50,8,52.39,31,84.06,31,66.83,31,51.67,31,58.83,31,forward
57.22,14,6.67,1,40.39,28,21.00,1,-13.72,45,-5.50,2,22.50,17,18.50,30,10.06,21,29.22,30,30.67,13,40.17,15,31.22,21,23.17,14,stop
7.56,17,30.28,36,13.56,36,-3.33,37,25.00,27,-8.94,0,11.33,14,-1.22,0,4.50,5,25.78,35,43.39,35,59.78,36,39.61,17,48.22,36,left
-5.33,16,31.33,38,76.83,38,60.61,38,18.44,38,36.67,32,39.83,28,52.94,38,50.50,39,50.89,39,292.39,38,5185.61,34,54.17,38,50.78,38,left
24.33,9,18.72,39,10.06,11,161.06,44,28.61,36,38.11,39,24.72,9,20.78,8,9.78,3,25.72,8,15.33,8,11.11,11,17.50,11,28.83,11,forward
-2.44,0,13.28,0,24.06,11,7.39,0,10.33,0,21.22,11,9.61,11,29.94,12,25.28,11,52.33,12,53.06,12,34.28,12,18.67,13,14.89,12,right
26.56,15,26.33,0,45.00,0,59.44,44,4.89,6,82.83,39,54.94,19,61.17,18,59.22,19,55.89,19,95.39,6,77.33,0,49.83,1,37.06,0,left
36.33,35,37.83,36,55.61,36,78.83,40,14.22,39,-10.28,9,54.72,35,53.17,35,63.78,35,61.33,26,177.83,45,54.06,33,71.00,35,71.00,35,forward
35.78,16,35.61,16,84.61,16,62.28,32,32.33,28,194.72,41,31.83,1,26.06,30,2.89,30,8.00,30,80.17,12,92.61,12,64.56,12,28.11,15,forward
24.11,29,5.44,29,15.22,33,73.56,45,29.39,20,57.06,29,47.33,29,50.11,29,37.39,21,32.56,36,65.00,32,3.06,9,16.94,32,17.78,23,right
4.11,22,13.22,2,0.78,2,9.44,0,47.22,42,12.11,0,7.56,0,14.33,0,28.89,7,8.56,8,17.89,46,5.06,0,24.44,8,19.17,11,left
21.78,3,21.72,45,33.28,45,-59.56,0,19.33,46,-12.83,0,0.50,2,5.61,0,3.50,0,2.39,44,19.50,44,27.44,39,3.67,45,29.44,2,forward
25.22,8,8.89,24,10.78,9,-23.39,1,47.33,40,67.56,46,26.61,6,25.11,7,32.67,6,11.61,10,12.39,6,26.44,10,7.89,10,13.00,22,left
15.28,32,17.17,38,36.61,39,45.50,39,12.17,0,17.11,7,4.28,46,34.11,38,27.00,2,50.11,38,55.39,38,23.56,38,31.11,38,27.33,4,stop
30.61,42,20.06,43,26.56,1,39.11,29,12.94,37,90.11,46,39.72,46,25.78,46,12.11,30,14.06,30,12.61,2,16.50,1,16.28,43,26.72,43,stop
0.22,0,84.44,45,24.83,45,4.06,5,13.22,0,2.00,11,12.00,0,8.72,44,19.44,45,14.33,45,14.44,5,29.50,24,10.94,45,20.44,45,forward
33.33,20,29.00,20,31.28,46,44.33,46,29.61,18,37.89,20,21.17,46,31.67,16,21.00,44,47.56,44,38.33,46,55.50,46,24.89,46,30.72,45,forward
91.94,46,58.94,42,117.94,36,56.94,37,304.78,46,46.28,35,91.22,38,73.61,41,78.33,43,112.61,46,119.89,46,128.06,43,119.39,44,98.78,36,left
21.06,2,24.83,2,82.11,15,41.67,10,17.89,0,8.50,0,23.39,34,33.56,45,32.17,36,11.89,36,116.44,10,79.56,10,51.28,10,26.50,9,right
40.72,38,9.67,38,-3.94,13,-18.39,18,45.22,33,19.39,32,26.00,7,30.06,4,31.44,4,10.78,6,8.22,5,10.61,17,5.28,6,18.39,18,stop
20.39,20,57.67,46,29.33,20,93.61,21,25.33,45,-15.61,0,33.67,29,39.11,29,19.39,20,23.22,13,20.22,13,29.50,0,33.50,13,35.44,20,left
37.94,29,16.17,20,47.33,29,107.94,29,18.33,0,39.06,32,39.72,33,84.89,26,34.56,25,103.28,28,58.17,18,44.56,29,43.67,29,44.39,28,stop
4.89,26,11.06,26,14.00,46,110.28,46,40.72,30,9.61,17,16.72,27,30.06,16,31.83,46,15.22,25,21.67,38,24.11,29,30.06,25,12.11,26,stop
10.17,8,9.89,0,22.33,7,48.89,38,40.17,44,15.56,3,37.00,3,33.61,4,34.00,35,32.06,36,16.78,8,22.56,0,33.89,36,24.28,36,right
41.89,43,42.39,30,43.11,36,62.00,38,29.39,11,16.39,0,36.50,44,34.28,44,22.78,35,44.06,35,71.89,30,58.44,39,45.50,30,40.72,39,right
43.50,15,16.78,38,33.39,3,-4.94,1,50.61,39,33.50,24,20.39,1,32.72,15,47.39,13,34.33,13,36.78,15,71.89,14,45.17,13,34.00,15,right
37.89,28,19.89,38,40.33,27,36.61,8,9.67,0,-28.83,0,15.22,33,40.06,23,0.00,23,42.78,28,5.22,8,60.11,27,18.00,9,30.39,8,left
42.44,32,11.67,17,53.17,17,5.72,33,-2.06,37,19.89,17,37.11,46,33.17,46,48.89,13,40.39,17,64.94,17,49.22,32,52.56,17,44.56,36,right
25.17,24,39.83,37,34.39,27,17.50,26,22.00,46,-8.28,7,15.00,30,24.61,8,14.39,7,29.56,24,67.39,26,30.00,26,54.83,26,43.33,26,stop
26.50,14,-10.22,1,54.06,15,9.67,14,3.94,35,6.39,14,32.50,26,37.67,14,38.33,14,46.33,15,40.39,14,51.33,15,47.11,15,39.39,14,right
18.56,34,20.56,43,38.33,2,81.28,46,43.33,39,33.56,19,18.78,40,36.72,24,22.78,21,17.56,24,29.06,40,28.11,3,24.22,3,39.72,24,stop
32.89,42,22.06,13,11.72,6,-5.06,4,29.39,15,17.83,20,15.56,20,13.67,6,19.33,6,25.44,5,16.67,5,21.56,5,31.22,5,12.72,42,right
23.22,16,27.50,8,22.50,10,110.50,44,32.50,18,34.33,43,16.67,36,29.33,41,32.89,26,34.72,13,47.39,13,46.50,27,53.06,13,14.39,22,forward
5.28,1,6.33,6,-0.67,2,80.94,43,15.11,7,35.50,43,7.00,1,-5.39,0,-0.17,43,-10.39,6,-7.17,36,-8.94,0,-6.39,0,6.72,0,forward
45.72,30,20.94,31,58.83,30,49.22,46,14.56,45,15.83,24,9.44,27,33.83,31,33.28,30,26.50,30,38.00,30,44.06,30,39.72,30,31.89,30,stop
33.17,30,63.56,30,27.94,30,33.00,9,54.50,45,236.83,30,27.44,9,32.78,14,30.56,13,42.72,14,39.11,30,10.89,30,42.22,13,23.61,28,left
4.06,0,1.67,0,11.44,0,188.39,45,13.28,13,9.11,6,26.44,39,29.17,39,7.78,39,6.17,39,15.33,30,1.94,1,6.28,19,15.44,4,right
9.78,40,23.61,39,19.83,39,-31.11,0,23.28,36,6.06,46,3.39,28,29.44,35,38.56,40,34.67,40,21.78,40,12.11,40,27.67,40,17.72,40,forward
32.94,4,-1.89,0,31.94,38,153.44,45,8.89,11,1.44,36,7.22,10,8.22,13,7.72,14,26.89,44,24.94,35,26.50,35,8.94,44,32.39,4,stop
3.94,11,24.72,1,16.50,1,8.33,1,32.44,43,7.67,37,17.78,1,26.28,1,36.67,1,7.22,1,22.67,1,42.44,40,22.89,1,15.00,1,right
-13.50,2,19.28,15,4.94,46,30.22,41,26.83,9,20.78,8,26.78,8,22.00,7,33.22,7,40.67,2,52.00,46,2.50,46,31.17,46,6.78,2,forward
-3.06,43,-5.61,44,-3.11,3,4.61,18,41.28,44,311.28,46,0.67,37,20.78,37,10.72,33,22.56,27,17.22,11,13.89,44,20.06,10,21.72,46,forward
14.56,33,32.44,46,36.28,26,-3.61,0,1.78,1,9.06,15,37.78,28,19.83,28,7.94,1,33.22,42,30.61,1,29.67,33,22.83,1,26.28,1,stop
-0.11,18,14.89,29,1.33,1,14.33,1,35.17,30,20.72,0,-4.33,3,10.39,2,16.50,9,7.06,1,33.06,10,6.33,1,29.56,1,4.44,0,left
19.00,24,24.50,0,27.22,9,-39.67,0,15.44,1,61.44,46,26.33,6,13.28,8,12.06,41,34.89,41,42.00,9,15.00,12,16.44,9,17.06,46,left
21.06,5,30.39,34,30.11,5,60.39,1,31.67,23,35.89,19,31.28,4,29.72,11,25.56,11,13.06,43,25.72,5,42.33,36,33.17,5,37.06,5,left
41.67,35,21.50,15,7.78,15,6.94,15,74.56,43,39.28,30,44.33,33,74.89,37,51.78,37,138.11,37,-16.72,15,5.33,41,20.11,41,4.11,31,left
-354.39,33,414.50,45,469.06,45,162.89,1,267.00,3,-36.94,45,77.78,45,98.72,46,-80.67,46,1384.11,46,1141.17,3,16.39,45,113.39,46,-2.83,45,left
-76.67,0,-13.67,24,-7.72,0,-19.39,0,41.56,45,2.22,1,-10.22,5,-2.06,9,6.50,0,6.22,0,0.06,0,1.22,22,-14.94,0,4.00,21,forward
31.56,6,56.83,43,32.44,18,97.06,43,25.83,43,11.17,39,28.00,30,25.11,30,27.00,14,50.06,43,22.39,6,16.28,6,43.33,6,44.61,43,left
9.39,9,117.00,46,6.28,8,62.06,33,23.61,13,35.11,32,24.28,32,24.67,46,24.11,20,22.94,13,28.33,20,18.11,9,7.61,33,12.22,32,right
15.44,13,18.33,2,8.56,13,15.94,13,20.33,6,4.67,19,11.00,13,23.72,19,25.06,0,32.89,1,15.83,13,42.67,42,3.61,0,10.56,13,stop
18.56,21,0.22,2,34.94,28,60.72,44,27.61,45,37.17,43,15.39,14,49.00,31,38.33,27,61.61,28,63.78,28,54.28,44,63.89,28,18.56,28,stop
10.00,1,-2.11,1,11.28,1,-2.33,2,13.28,31,11.89,1,13.78,5,10.61,2,29.00,2,10.94,2,16.44,2,31.33,2,7.28,2,14.17,1,forward
25.39,17,132.28,45,23.06,25,51.11,25,30.94,17,31.72,18,23.22,18,13.56,18,49.67,40,36.61,3,57.78,18,32.06,18,47.56,26,106.61,45,stop
72.67,45,-7.56,3,11.61,14,5.78,44,30.50,17,13.72,17,9.94,2,17.67,2,4.56,10,23.56,43,46.72,46,12.72,46,16.50,45,-5.78,2,left
3.72,39,335.94,44,-9.67,39,42.56,27,48.17,44,55.11,34,35.00,32,49.28,34,47.44,37,45.33,25,-15.94,0,-14.11,3,-7.83,27,9.00,27,left
-0.39,13,49.11,44,-6.22,0,-14.67,13,14.33,8,25.06,23,25.50,24,24.78,23,27.11,0,16.22,0,-15.72,0,-20.61,0,-6.61,0,-5.89,0,forward
38.06,34,3.33,4,37.67,46,33.39,35,54.78,43,41.28,45,37.44,35,35.44,15,17.39,15,49.83,15,-121.17,0,20.56,46,11.61,46,35.56,33,right
48.61,9,89.06,46,46.72,29,75.56,45,10.44,10,32.89,3,21.06,16,35.17,16,31.00,13,13.00,17,39.44,11,46.33,9,46.17,11,44.33,30,right
39.61,13,9.11,13,41.94,37,73.56,37,28.33,15,43.00,37,46.00,42,41.39,12,42.28,12,61.56,13,63.78,28,79.22,37,58.61,36,42.72,37,forward
44.06,40,3.50,20,36.28,20,12.28,43,7.28,27,15.67,24,44.78,33,31.83,34,37.33,40,36.56,27,54.67,20,37.39,10,32.89,45,14.78,23,forward
23.61,0,19.44,7,46.06,0,50.39,0,24.50,22,7.89,22,17.39,9,16.72,0,-21.56,38,4.33,19,41.67,0,54.11,0,30.00,0,36.61,0,stop
19.94,1,24.28,45,10.17,2,5.00,12,22.22,14,48.11,33,22.72,32,57.06,33,35.83,34,28.28,34,28.61,34,39.50,34,29.11,34,6.72,0,stop
19.33,5,107.50,2,15.78,3,33.56,37,8.33,0,26.11,0,35.44,5,45.44,5,1.89,3,5.94,46,4.11,0,10.67,4,22.33,4,19.61,3,right
4.06,37,97.83,43,2.94,37,13.11,42,-2.33,38,16.78,8,28.83,17,25.89,44,25.78,7,16.94,8,13.72,43,7.33,38,3.83,43,5.44,43,right
-5.50,8,47.06,32,-24.83,32,22.11,20,0.50,2,-1.50,9,12.00,9,15.28,42,198.06,41,3.50,3,-39.89,0,35.17,46,-27.78,3,-0.28,46,left
38.83,33,4.22,23,56.94,33,50.11,20,27.44,21,14.11,40,30.72,22,46.06,44,17.17,42,26.78,45,57.72,19,94.11,23,10.78,23,32.50,22,stop
32.56,46,63.89,45,11.72,46,28.44,28,35.44,32,16.72,28,30.00,40,33.28,34,32.06,28,20.17,28,28.61,30,2.33,45,28.00,30,-7.78,2,left
59.72,45,-44.61,1,46.44,46,40.50,46,43.11,46,48.50,45,50.72,44,63.50,44,70.72,43,49.28,46,26.78,46,14.67,4,48.50,46,38.94,46,forward
48.22,25,112.22,46,70.11,25,58.11,5,19.50,14,54.22,13,56.56,12,61.56,32,36.17,24,15.83,14,26.83,6,7.17,7,8.78,25,134.39,25,forward
20.17,20,138.39,39,42.78,35,63.11,19,32.06,19,18.28,6,9.89,6,19.06,10,31.94,18,28.78,10,38.72,11,-5.06,3,23.72,14,7.83,6,forward
15.00,0,-1.33,0,34.06,43,31.78,43,21.06,22,22.06,44,23.94,43,19.00,33,52.83,44,34.83,30,43.11,22,43.94,22,46.17,21,27.39,22,right
27.22,13,64.00,44,36.44,0,23.94,0,-10.56,0,3.78,2,9.83,6,26.89,6,27.67,32,18.78,31,28.22,35,42.61,13,0.17,32,9.11,14,left
2.83,13,30.67,43,-2.22,4,-10.11,4,7.89,4,2.89,0,18.72,4,24.22,4,30.61,4,14.61,4,23.72,4,-1.94,4,15.78,4,15.06,4,right
45.67,28,16.44,6,29.56,28,-32.89,6,8.89,6,11.50,10,18.33,34,10.11,34,14.22,6,28.61,29,36.56,42,-0.06,2,43.50,42,40.78,15,left
15.94,34,5.94,2,18.28,44,-9.11,2,34.39,46,29.00,38,31.06,6,33.39,46,31.61,8,37.50,45,23.11,45,46.78,45,42.17,46,35.33,46,right
-12.06,18,20.50,44,-25.28,28,11.56,27,27.50,17,26.39,0,9.06,37,14.83,35,15.56,0,32.06,8,-26.67,0,-40.00,0,-8.72,0,-11.78,0,stop
26.11,11,55.00,34,29.78,9,27.39,10,27.61,10,27.17,44,22.28,44,20.06,43,28.94,5,35.56,18,38.61,19,56.39,18,27.94,19,18.00,16,right
13.72,30,-32.78,0,22.44,42,84.72,35,14.72,31,13.17,0,17.00,5,-1.17,0,7.72,19,20.06,19,32.78,0,26.89,19,30.22,19,82.50,37,stop
25.00,0,77.89,46,49.22,24,45.50,46,26.94,12,29.17,17,26.83,15,24.78,41,8.78,15,14.33,9,45.06,45,39.00,45,32.78,24,20.44,6,right
25.94,2,-77.00,0,17.11,2,-14.22,3,33.06,46,22.33,45,22.33,13,6.61,3,4.94,46,28.00,46,-5.50,46,58.50,46,0.67,22,10.72,2,left
3.78,31,69.11,43,9.61,30,65.22,43,47.61,30,23.78,21,5.00,42,6.06,44,7.22,29,30.78,29,20.11,31,42.00,28,4.33,0,-3.89,28,forward
11.50,3,141.06,30,-7.06,0,54.00,45,5.78,4,9.94,12,-11.94,13,-12.06,13,-18.83,12,-9.17,23,-3.11,18,6.89,26,-7.83,29,20.94,4,forward
36.22,27,-49.39,2,68.11,27,65.00,9,32.00,46,41.56,42,48.89,33,65.39,33,34.50,33,34.11,27,15.00,27,105.89,27,24.56,38,23.56,39,stop
22.39,41,6.44,2,57.28,41,9.17,33,43.39,41,45.61,24,32.33,23,44.89,16,49.50,3,52.72,2,57.22,2,37.89,2,46.00,2,40.50,2,stop
9.11,43,11.67,1,47.89,44,-0.89,0,9.28,0,8.11,6,9.39,28,11.44,5,28.50,20,39.94,22,136.39,44,152.67,46,64.22,46,55.78,46,forward
56.72,22,145.11,46,132.17,16,79.44,13,15.33,6,31.89,40,59.39,37,48.06,29,47.44,29,57.22,39,167.39,16,142.83,16,109.22,16,78.61,41,stop
-35.11,6,-42.00,0,-55.44,38,-16.39,38,-13.83,25,1.39,12,4.83,13,21.06,13,26.22,15,-10.67,16,-82.17,16,-60.50,5,-60.33,15,-46.33,15,forward
30.00,28,150.11,24,75.28,22,-34.56,0,20.94,38,7.22,10,2.28,0,2.11,10,-2.94,5,7.50,2,-559.33,10,85.83,18,42.00,18,8.78,17,left
36.28,28,6.50,3,42.17,8,59.50,3,13.94,16,17.39,34,17.67,35,5.89,28,18.78,36,5.28,37,38.50,42,5.00,0,50.56,42,13.06,42,left
11.72,35,9.83,34,32.28,34,192.39,42,17.61,19,-10.56,16,-0.61,43,-14.61,0,-4.72,1,4.00,1,13.00,46,4.33,18,10.89,15,8.67,19,stop
16.78,16,151.78,39,43.28,39,85.50,16,-1.39,3,2.56,6,23.50,5,15.72,12,4.67,17,0.06,7,-0.50,39,31.83,6,2.00,7,65.00,45,left
-6.94,2,-11.39,0,-12.67,30,56.78,31,8.89,14,26.61,23,17.28,22,33.50,35,18.00,33,0.72,33,-32.06,0,-19.06,0,-24.11,1,-14.94,0,forward
29.28,45,148.83,16,-1.11,2,-6.22,2,-89.83,0,46.50,23,41.11,27,54.89,27,33.44,39,51.33,40,-14.17,3,-19.56,0,16.39,40,13.22,40,stop
9.56,0,22.67,16,4.17,6,4.67,0,13.50,16,4.39,28,-2.78,12,-5.61,29,25.00,31,30.56,31,26.28,31,29.33,44,16.94,31,7.50,5,stop
24.22,6,6.17,6,49.06,2,25.94,0,12.61,18,6.67,17,2.44,17,-0.56,24,7.11,17,27.22,6,89.39,5,113.00,5,64.39,5,31.67,2,left
13.11,4,72.22,29,35.78,4,59.89,27,2.61,3,1.72,2,13.61,14,16.44,4,-1.44,11,-15.06,11,-19.61,4,-14.50,3,4.39,4,34.61,43,stop
37.61,43,-1.33,2,35.56,43,77.78,46,37.11,1,32.00,1,28.94,12,17.94,8,24.89,7,13.17,8,49.89,13,47.22,43,16.44,7,24.17,43,right
24.17,33,38.44,0,3.22,0,-13.33,0,15.83,40,33.00,38,45.78,38,48.78,42,43.33,42,36.72,39,-1.72,39,-19.06,0,21.33,40,48.00,43,forward
22.28,32,79.06,46,30.56,32,41.17,32,17.00,32,9.78,10,16.17,11,32.78,9,16.33,7,17.00,10,17.50,11,76.50,32,26.89,10,35.44,21,forward
7.61,0,-25.22,1,38.94,19,42.56,13,15.17,9,11.33,17,29.67,17,24.06,34,10.72,33,12.11,34,15.33,20,42.17,40,30.50,33,-8.50,0,right
45.44,19,150.06,43,84.72,17,80.94,35,33.89,35,17.22,1,20.83,44,23.61,40,33.89,39,25.11,39,74.72,18,93.83,18,43.22,17,3.44,17,right
73.11,26,64.28,46,130.06,28,131.56,25,29.83,8,23.17,2,16.44,7,36.00,16,24.17,17,28.17,14,100.72,29,101.78,30,75.56,30,92.44,30,left
1.50,12,-6.89,25,11.94,12,48.44,12,15.67,9,9.11,8,6.00,9,31.33,9,7.00,8,6.28,8,2.78,8,-11.06,8,5.39,7,0.67,13,right
6.89,8,28.56,34,26.78,43,22.17,42,33.61,34,40.50,42,36.28,39,36.89,4,36.28,4,28.89,43,3.78,43,-29.33,0,29.22,43,67.94,43,right
15.67,19,4.33,16,21.28,42,68.78,36,19.44,18,7.72,9,3.17,9,7.89,10,9.83,10,27.83,19,26.56,20,144.44,46,17.11,19,27.00,42,right
43.61,42,79.17,37,36.56,41,40.89,5,-1.39,27,-2.22,24,30.83,42,41.78,45,20.33,6,65.44,19,26.78,4,-7.50,3,19.89,4,1.72,6,forward
38.17,7,-17.44,0,12.33,25,617.22,45,-209.56,0,47.06,14,45.39,27,19.78,27,792.72,32,-304.33,0,-102.72,0,334.22,46,-5.67,3,1.11,7,stop
30.44,25,80.28,42,15.39,9,12.89,10,15.22,4,53.39,38,75.22,39,41.06,39,3.22,17,58.72,43,23.61,12,34.89,9,38.56,17,37.83,26,right
-23.94,2,186.00,46,-37.11,0,67.67,7,573.39,15,-9.00,2,-0.33,2,7.28,2,6.17,2,6.61,2,-24.94,2,68.72,46,-20.11,0,0.11,46,stop
40.06,44,11.22,28,46.72,44,-5.39,15,51.61,7,41.78,43,32.78,44,24.44,21,30.61,6,55.00,26,85.44,27,95.39,40,52.56,24,57.28,23,left
41.67,10,-47.83,1,50.89,25,108.56,26,29.67,17,20.22,10,26.39,2,37.56,11,31.22,10,43.56,10,61.67,11,46.61,10,48.00,11,43.67,11,right
56.56,38,14.94,1,81.11,37,38.28,27,23.11,15,17.61,0,12.56,37,56.61,38,28.72,32,12.94,7,50.44,38,54.28,38,61.61,38,65.39,38,right
13.72,8,65.39,18,46.06,39,53.50,25,33.39,20,4.89,0,11.50,0,4.33,1,14.17,18,28.89,18,40.06,17,-6.61,8,29.44,20,-3.22,1,forward
45.22,36,-26.00,0,52.78,37,71.50,8,24.33,5,26.89,27,30.56,3,47.78,15,38.11,32,29.78,33,41.28,40,87.61,40,50.44,41,50.33,33,stop
7.22,2,129.72,46,-0.11,15,3.39,46,-1.56,4,11.83,3,2.33,6,-4.61,3,-1.39,22,0.94,19,12.61,15,22.78,15,19.67,19,-0.44,2,forward
57.39,45,-3.22,0,86.22,37,43.72,38,22.94,44,29.61,39,19.11,21,28.78,21,31.78,44,37.44,44,53.33,44,44.94,27,61.39,44,35.61,39,left
6.61,20,-0.22,1,45.78,22,74.83,9,18.06,1,20.50,1,15.78,0,18.89,1,10.72,0,7.56,1,10.94,22,114.89,44,29.44,1,13.00,23,forward
3.17,2,240.89,31,1.89,32,72.61,46,19.67,43,-10.72,20,-11.22,6,11.44,0,2.72,2,17.00,33,35.61,33,-6.44,33,32.72,33,8.83,0,left
35.78,8,-2.56,8,103.78,35,39.28,35,25.11,27,51.00,36,35.67,36,67.06,35,27.00,9,53.56,14,67.83,36,98.22,45,71.83,36,81.72,45,forward
49.00,39,-25.11,3,58.28,38,170.39,39,17.56,33,17.33,25,12.00,45,28.33,26,28.89,37,32.94,25,46.83,38,46.44,38,40.56,39,24.56,16,right
36.33,18,25.50,46,28.44,27,66.56,26,27.39,20,1.67,19,-5.67,42,-7.22,0,-3.72,0,-1.50,0,12.44,18,21.72,18,9.56,19,39.50,46,left
41.22,43,31.28,28,25.72,43,101.06,41,28.28,38,51.50,41,36.00,44,33.11,43,34.00,41,53.61,28,69.39,28,48.83,28,56.00,28,21.94,7,left
25.28,21,-25.33,1,37.06,39,91.83,30,1.28,5,35.89,42,22.22,18,24.33,22,22.22,43,40.61,46,36.39,46,-14.39,1,36.39,46,36.72,42,stop
72.00,39,2.94,38,59.89,20,108.94,46,88.11,45,81.94,46,78.50,43,40.39,10,72.28,45,90.11,45,83.94,45,30.50,46,86.61,46,72.28,40,stop
20.83,42,31.72,30,41.06,29,44.61,30,53.39,31,52.50,46,48.44,45,42.89,17,65.83,17,1359.56,43,189.78,46,79.11,28,92.28,17,91.44,46,stop
9.61,28,266.83,45,28.67,28,16.50,14,-2.72,12,1.39,0,6.94,1,24.22,28,5.39,28,30.06,42,70.39,42,26.22,6,36.39,42,12.44,8,left
87.50,14,107.33,46,23.11,13,37.28,39,4.06,36,12.78,2,19.94,4,-3.67,12,7.50,11,24.33,43,18.61,4,20.89,14,22.61,14,53.06,13,right
14.11,1,82.22,45,35.00,34,44.56,35,16.00,34,29.78,14,21.33,14,24.56,2,14.44,1,21.56,1,37.17,1,5.33,1,19.56,1,2.44,1,left
35.50,46,9.00,5,49.50,46,58.78,15,37.78,14,31.28,42,20.50,15,-14.39,17,15.33,6,36.33,18,46.06,45,65.67,46,48.33,6,58.83,46,left
1.17,32,263.61,37,27.44,32,98.17,18,14.72,10,21.33,36,-1.83,11,22.22,36,12.06,45,-4.94,18,-0.44,36,61.72,45,4.56,17,-0.33,44,forward
30.83,24,-23.39,0,47.33,24,53.83,2,31.00,0,27.67,1,109.06,45,53.83,31,35.44,31,19.28,31,20.67,31,14.11,31,22.22,31,30.44,31,stop
47.28,15,98.61,45,18.56,14,36.67,22,12.61,21,7.72,19,15.67,16,59.22,23,31.72,37,25.44,21,21.83,20,-3.44,2,7.56,20,-0.28,13,left
12.50,5,-16.94,13,20.11,6,5.78,15,23.17,29,4.28,29,12.50,29,10.39,25,34.06,25,43.33,25,27.78,4,18.61,5,16.89,4,2.78,4,left
6.56,13,-41.00,0,20.61,26,41.00,45,27.22,42,28.28,43,24.44,43,18.50,44,21.11,44,31.94,44,40.72,44,11.56,5,27.72,44,21.28,26,forward
84.11,22,180.22,46,90.17,37,86.56,30,65.44,29,63.83,30,56.06,26,59.00,27,43.78,30,54.50,22,49.22,22,9.50,22,68.61,22,30.22,22,right
-4.17,24,135.06,45,11.89,29,73.06,29,-5.39,5,-10.22,6,-12.78,24,-15.00,9,-6.17,24,-1.00,9,9.72,8,46.50,41,8.39,10,-12.83,8,right
52.11,38,59.33,34,-0.72,1,-18.06,6,24.50,37,10.94,12,6.06,44,15.50,40,19.11,14,45.50,44,18.28,43,12.89,1,17.50,13,23.67,1,right
20.89,10,71.11,35,33.89,45,43.56,44,25.22,34,24.94,30,19.61,6,30.28,18,8.67,29,20.39,16,28.50,34,-66.39,2,30.28,17,76.44,38,right
36.67,40,-39.06,2,33.83,46,32.78,46,15.00,43,27.33,24,2.22,10,7.56,3,54.17,45,26.06,44,73.11,46,44.56,46,38.28,44,3.17,11,forward
24.61,17,27.67,35,40.44,40,20.50,36,31.89,32,27.00,32,16.00,13,20.83,43,17.06,31,24.78,43,7.50,14,-6.61,2,37.83,18,71.94,36,forward
56.33,41,63.89,8,30.28,41,28.06,1,19.56,1,43.61,44,44.06,43,36.78,41,26.28,8,7.28,45,15.94,45,51.28,44,40.94,45,46.33,41,stop
1.50,34,32.67,44,45.50,34,47.33,6,14.22,33,13.94,33,26.00,43,34.61,43,26.83,44,25.00,43,36.17,34,47.33,35,14.94,34,1.44,33,forward
4.83,6,28.50,36,44.78,3,27.17,3,8.61,24,18.17,35,1.28,37,27.67,36,-9.17,36,4.06,1,32.78,2,36.11,2,30.06,1,-58.56,0,stop
-5.78,0,522.89,46,14.11,0,39.67,0,-2.11,2,-2.33,5,-1.72,0,-6.22,0,1.33,0,-13.39,0,-12.50,0,14.83,0,-3.44,0,-11.22,0,stop
