0,85,521,-615,314,-28,-352,-469,503,-239,98,651,-229,570,124,-197,-1,0
0,86,512,-618,308,-31,-352,-470,503,-250,98,651,-229,570,124,-188,-1,0
0,87,504,-617,306,-30,-352,-470,503,-262,98,651,-229,570,124,-186,-1,0
0,88,507,-618,311,-27,-353,-470,519,-246,98,651,-229,567,124,-188,-1,0
0,89,510,-620,312,-29,-355,-470,520,-233,98,651,-229,568,124,-186,-1,0
0,90,506,-611,311,-32,-354,-470,505,-240,98,651,-229,570,124,-187,-1,0
0,91,504,-612,310,-31,-350,-470,490,-256,98,651,-229,569,124,-190,-1,0
0,92,516,-626,310,-31,-352,-470,483,-267,98,651,-229,568,124,-191,-1,0
0,93,522,-612,311,-30,-353,-470,492,-270,98,651,-229,569,124,-187,-1,0
0,94,511,-592,311,-30,-352,-469,504,-275,98,651,-229,570,124,-184,-1,0
0,95,505,-611,311,-31,-354,-468,506,-281,98,651,-229,571,124,-186,-1,0
0,96,513,-627,313,-31,-353,-470,515,-258,98,651,-229,568,124,-187,-1,0
0,97,512,-616,311,-31,-354,-470,521,-226,98,651,-229,567,124,-185,-1,0
0,98,503,-615,308,-31,-357,-469,508,-235,98,651,-229,570,124,-190,-1,0
0,99,509,-612,308,-31,-355,-471,501,-272,98,651,-229,569,124,-195,-1,0
0,100,514,-606,302,-31,-355,-466,501,-281,98,651,-229,568,124,-191,-1,0
0,101,507,-615,299,-31,-355,-456,499,-269,98,651,-229,571,124,-189,-1,0
0,102,502,-619,303,-31,-353,-457,503,-275,98,651,-229,574,124,-193,-1,0
0,103,509,-609,305,-31,-352,-469,508,-278,98,651,-229,573,124,-196,-1,0
0,104,512,-614,309,-31,-352,-476,513,-260,98,651,-229,568,124,-191,-1,0
0,105,511,-630,312,-31,-351,-471,514,-249,98,651,-229,565,124,-187,-1,0
0,106,512,-621,310,-31,-353,-468,499,-261,98,651,-229,567,124,-191,-1,0
0,107,511,-604,310,-31,-355,-471,496,-286,98,651,-229,571,124,-195,-1,0
0,108,509,-604,308,-31,-353,-471,506,-290,98,651,-229,567,124,-192,-1,0
0,109,511,-616,304,-31,-352,-468,504,-265,98,651,-229,565,124,-186,-1,0
0,110,509,-625,304,-31,-351,-468,519,-241,98,651,-229,568,124,-188,-1,0
0,111,507,-623,307,-31,-352,-470,533,-246,98,651,-229,569,124,-193,-1,0
0,112,510,-611,310,-31,-355,-470,510,-263,98,651,-229,569,124,-193,-1,0
0,113,508,-602,309,-31,-354,-469,508,-258,98,651,-229,568,124,-188,-1,0
0,114,507,-613,307,-31,-351,-470,540,-241,98,651,-229,565,124,-184,-1,0
0,115,513,-619,312,-31,-352,-470,544,-235,98,651,-229,566,124,-189,-1,0
0,116,514,-606,314,-31,-353,-470,529,-233,98,651,-229,572,124,-189,-1,0
0,117,507,-598,308,-31,-351,-469,532,-227,98,650,-229,575,124,-187,-1,0
0,118,505,-609,304,-31,-351,-470,534,-234,98,649,-229,570,124,-190,-1,0
0,119,506,-621,306,-31,-353,-470,536,-239,98,649,-229,565,124,-189,-1,0
0,120,506,-622,309,-31,-352,-468,528,-233,98,650,-229,573,124,-186,-1,0
0,121,511,-618,307,-31,-352,-469,504,-243,98,649,-229,578,124,-194,-1,0
0,122,513,-615,304,-31,-354,-470,514,-251,98,649,-229,571,124,-198,-1,0
0,123,506,-611,302,-31,-354,-467,537,-243,98,650,-229,567,124,-188,-1,0
0,124,506,-601,302,-31,-351,-466,536,-247,98,650,-229,568,124,-189,-1,0
0,125,514,-598,306,-31,-351,-471,529,-253,98,650,-229,566,124,-197,-1,0
0,126,512,-610,310,-31,-353,-471,527,-238,98,650,-229,568,124,-195,-1,0
0,127,505,-616,310,-31,-352,-469,533,-236,98,650,-229,574,124,-193,-1,0
0,128,504,-613,308,-31,-351,-470,531,-273,98,650,-229,570,124,-194,-1,0
0,0,505,-617,310,-31,-354,-470,509,-310,98,650,-230,563,124,-189,-1,0
0,1,506,-627,309,-31,-356,-469,503,-307,98,650,-228,571,124,-185,-1,0
0,2,505,-624,301,-31,-353,-470,536,-293,98,650,-229,578,124,-190,0,0
0,3,505,-621,299,-31,-352,-470,539,-296,98,650,-231,570,124,-195,-1,0
0,4,507,-624,308,-31,-353,-467,505,-291,98,650,-224,564,124,-195,-1,0
0,5,511,-622,313,-31,-354,-468,504,-270,98,650,-218,571,124,-190,-1,0
0,6,509,-619,310,-31,-353,-469,530,-253,98,650,-225,576,124,-192,-1,0
0,7,506,-622,306,-31,-352,-467,538,-256,98,650,-232,570,124,-192,-1,0
0,8,512,-624,307,-31,-353,-467,528,-282,98,650,-229,566,124,-187,-1,0
0,9,517,-615,308,-31,-355,-471,515,-308,98,650,-229,568,124,-187,-1,0
0,10,515,-609,307,-31,-355,-472,512,-298,98,650,-231,571,124,-190,-1,0
0,11,509,-608,308,-31,-355,-468,524,-272,98,650,-229,569,124,-188,-1,0
0,12,507,-608,312,-31,-353,-469,541,-260,98,650,-229,566,124,-186,-1,0
0,13,509,-613,306,-31,-354,-470,539,-252,98,650,-229,569,124,-188,-1,0
0,14,506,-610,297,-31,-353,-471,522,-247,98,650,-229,572,124,-187,-1,0
0,15,502,-609,297,-31,-351,-471,514,-260,98,650,-229,567,124,-188,-1,0
0,16,505,-616,306,-31,-352,-471,512,-283,98,650,-229,572,124,-194,-1,0
0,17,509,-616,311,-31,-354,-471,500,-285,98,650,-229,583,124,-193,-1,0
0,18,510,-616,307,-31,-355,-471,502,-268,98,650,-229,576,124,-186,-1,0
0,19,511,-625,307,-31,-354,-470,527,-255,98,650,-229,565,124,-184,-1,0
0,20,514,-624,311,-31,-354,-471,538,-255,98,650,-229,569,124,-190,-1,0
0,21,510,-620,310,-31,-352,-472,536,-250,98,650,-229,570,124,-192,-1,0
0,22,504,-621,308,-31,-352,-468,537,-250,98,650,-229,568,124,-188,-1,0
0,23,507,-605,308,-31,-354,-466,521,-278,98,650,-229,567,124,-186,-1,0
0,24,510,-595,308,-31,-353,-469,499,-301,98,650,-229,565,124,-186,-1,0
0,25,507,-614,309,-31,-351,-472,501,-293,98,650,-229,568,124,-191,-1,0
0,26,507,-624,310,-31,-351,-470,501,-277,98,650,-229,573,124,-193,-1,0
0,27,507,-616,307,-31,-354,-469,501,-271,98,650,-229,569,124,-189,-1,0
0,28,504,-605,304,-31,-355,-470,527,-253,98,650,-229,569,124,-184,-1,0
0,29,507,-601,303,-31,-353,-469,537,-243,98,650,-229,574,124,-188,-1,0
0,30,511,-609,300,-31,-353,-469,513,-274,98,650,-229,569,124,-192,-1,0
0,31,509,-621,303,-31,-354,-469,500,-294,98,650,-229,567,124,-186,-1,0
0,32,509,-621,312,-31,-353,-469,505,-282,98,650,-229,571,124,-185,-1,0
0,33,509,-606,312,-31,-351,-469,508,-280,98,650,-229,564,124,-191,-1,0
0,34,511,-597,309,-31,-352,-469,510,-283,98,650,-229,571,124,-189,-1,0
0,35,514,-609,308,-31,-351,-469,509,-273,98,650,-229,584,124,-189,-1,0
0,36,510,-624,306,-32,-352,-469,513,-270,98,650,-229,574,124,-196,-1,0
0,37,507,-620,303,-30,-355,-469,529,-281,98,650,-229,571,124,-194,-1,0
0,38,509,-611,306,-28,-353,-469,529,-266,98,650,-229,584,124,-189,-1,0
0,39,511,-614,306,-29,-349,-469,508,-251,98,650,-229,576,124,-196,-1,0
0,40,507,-620,301,-31,-350,-469,498,-282,98,650,-229,562,124,-195,-1,0
0,41,507,-624,302,-32,-352,-469,503,-309,98,650,-229,570,124,-184,-1,0
0,42,517,-617,310,-31,-353,-469,506,-291,98,650,-229,576,124,-186,-1,0
0,43,513,-610,310,-30,-352,-469,508,-286,98,650,-229,569,124,-193,-1,0
0,44,506,-610,307,-29,-350,-469,510,-306,98,650,-229,566,124,-191,-1,0
0,45,515,-609,309,-28,-352,-469,513,-290,98,650,-229,567,124,-190,-1,0
0,46,518,-616,312,-30,-353,-469,509,-267,98,650,-229,568,124,-189,-1,0
0,47,508,-621,310,-31,-352,-469,489,-280,98,650,-229,567,124,-188,-1,0
0,48,508,-611,307,-30,-351,-469,481,-300,98,650,-229,570,124,-192,-1,0
0,49,510,-607,305,-30,-351,-469,498,-293,98,650,-229,574,124,-193,-1,0
0,50,507,-624,307,-31,-353,-469,504,-282,98,650,-229,571,124,-189,-1,0
0,51,508,-626,311,-32,-355,-469,500,-299,98,650,-229,568,124,-192,-1,0
0,52,507,-608,312,-31,-352,-469,500,-322,98,650,-229,569,124,-193,-1,0
0,53,504,-606,310,-31,-350,-469,487,-318,98,650,-229,570,124,-188,-1,0
0,54,512,-616,311,-31,-353,-469,469,-301,98,650,-229,571,124,-193,-1,0
0,55,512,-623,311,-31,-353,-469,471,-306,98,650,-229,571,124,-195,-1,0
0,56,505,-625,313,-31,-350,-470,471,-323,98,650,-229,569,124,-185,-1,0
0,57,514,-621,310,-31,-349,-469,468,-318,98,650,-229,571,124,-190,-1,0
0,58,522,-617,298,-31,-351,-468,494,-292,98,650,-229,570,124,-207,-1,0
0,59,512,-619,295,-31,-354,-472,514,-281,98,650,-229,568,124,-201,-1,0
0,60,505,-616,308,-31,-354,-466,499,-286,98,650,-229,573,124,-186,-1,0
0,61,512,-612,314,-31,-351,-457,490,-282,98,650,-229,574,124,-188,-1,0
0,62,513,-618,307,-31,-352,-464,506,-274,98,650,-229,569,124,-193,-1,0
0,63,503,-616,303,-31,-354,-473,520,-271,98,650,-229,569,124,-189,-1,0
0,64,502,-602,307,-31,-354,-470,502,-279,98,650,-229,573,124,-189,-1,0
0,65,509,-599,310,-31,-354,-466,475,-306,98,650,-229,571,124,-193,-1,0
0,66,511,-610,310,-31,-353,-468,485,-309,98,650,-229,568,124,-192,-1,0
0,67,505,-620,310,-31,-351,-468,505,-286,98,650,-229,569,124,-187,-1,0
0,68,505,-620,307,-31,-351,-468,486,-291,98,650,-229,567,124,-186,-1,0
0,69,510,-604,301,-31,-353,-471,473,-305,98,650,-229,564,124,-193,-1,0
0,70,509,-596,302,-31,-350,-467,501,-277,98,649,-229,571,124,-195,-1,0
0,71,506,-614,312,-31,-348,-463,514,-273,98,649,-229,579,124,-190,-1,0
0,72,507,-619,313,-31,-352,-467,503,-306,98,650,-229,573,124,-190,-1,0
0,73,506,-604,299,-31,-353,-470,508,-294,98,650,-229,564,124,-193,-1,0
0,74,504,-612,298,-31,-352,-467,505,-260,98,649,-229,565,124,-190,-1,0
0,75,510,-627,312,-31,-352,-468,479,-282,98,651,-229,569,124,-189,-1,0
0,76,513,-613,315,-31,-352,-471,463,-313,98,654,-229,568,124,-190,-1,0
0,77,506,-596,308,-31,-351,-468,466,-295,98,653,-229,567,124,-189,-1,0
0,78,500,-601,304,-31,-351,-467,485,-276,98,651,-229,568,124,-190,-1,0
0,79,505,-616,308,-31,-355,-468,523,-265,98,651,-229,571,124,-191,-1,0
0,80,514,-618,306,-31,-356,-468,543,-246,98,651,-229,571,124,-193,-1,0
0,81,512,-616,300,-31,-352,-468,536,-239,98,652,-229,569,124,-194,-1,0
0,82,508,-618,303,-31,-353,-468,530,-247,98,654,-229,570,124,-188,-1,0
0,83,507,-613,310,-31,-355,-468,522,-255,98,653,-229,567,124,-184,-1,0
0,84,508,-605,308,-31,-354,-468,504,-266,98,650,-229,568,124,-188,-1,0
0,85,508,-616,308,-31,-353,-468,500,-277,98,650,-229,574,124,-195,-1,0
1,86,508,-621,310,-31,-354,-468,504,-286,98,650,-229,569,124,-190,-1,0
1,87,506,-603,302,-31,-354,-469,504,-295,98,649,-229,564,124,-187,-1,0
1,88,510,-596,304,-31,-353,-466,503,-287,98,649,-229,577,124,-194,-1,0
1,89,512,-612,312,-31,-353,-469,501,-270,98,649,-229,583,124,-196,-1,0
1,90,507,-623,305,-31,-353,-472,510,-263,98,650,-229,574,124,-189,-1,0
1,91,503,-619,303,-31,-353,-464,531,-260,98,650,-229,569,124,-193,-1,0
1,92,507,-601,309,-31,-353,-462,539,-258,98,650,-229,571,124,-193,-1,0
1,93,513,-598,308,-31,-355,-468,527,-260,98,650,-229,569,124,-187,-1,0
1,94,515,-617,306,-31,-352,-468,511,-264,98,650,-229,567,124,-196,-1,0
1,95,511,-624,308,-31,-350,-467,499,-270,98,650,-229,570,124,-200,-1,0
1,96,506,-609,309,-31,-355,-473,493,-279,98,650,-229,569,124,-188,-1,0
1,97,509,-598,311,-31,-356,-472,498,-283,98,650,-229,567,124,-184,-1,0
1,98,517,-604,312,-31,-352,-467,509,-270,98,650,-229,567,124,-188,-1,0
1,99,515,-610,308,-31,-354,-467,512,-263,98,650,-229,567,124,-189,-1,0
1,100,508,-604,308,-31,-353,-468,506,-283,98,650,-229,569,124,-188,0,0
1,101,505,-602,309,-31,-349,-469,503,-288,98,650,-229,572,124,-188,-1,0
1,102,506,-615,306,-31,-352,-470,502,-279,98,650,-229,570,124,-192,0,0
1,103,506,-615,310,-31,-354,-470,497,-287,98,650,-229,567,124,-196,-1,0
1,104,507,-608,316,-31,-353,-471,499,-293,98,650,-229,571,124,-188,-1,0
1,105,510,-617,309,-31,-355,-472,501,-271,98,650,-229,572,124,-188,-1,0
1,106,509,-620,300,-31,-355,-469,502,-255,98,650,-229,566,124,-198,-1,0
1,107,510,-611,306,-31,-352,-465,519,-262,98,650,-229,568,124,-194,-1,0
1,108,510,-617,311,-31,-354,-468,528,-263,98,650,-229,574,124,-182,-1,0
1,109,508,-625,298,-31,-354,-470,514,-249,98,650,-229,571,124,-188,-1,0
1,110,510,-622,294,-31,-353,-468,499,-238,98,650,-229,568,124,-192,-1,0
1,111,511,-619,308,-31,-353,-468,503,-255,98,650,-229,569,124,-189,-1,0
1,112,507,-617,314,-31,-353,-469,520,-265,98,650,-229,568,124,-194,-1,0
1,113,509,-614,310,-31,-352,-467,523,-253,98,650,-229,567,124,-193,-1,0
1,114,512,-623,311,-31,-355,-468,509,-265,98,650,-229,574,124,-185,-1,0
1,115,508,-623,313,-31,-353,-468,499,-287,98,650,-229,571,124,-189,-1,0
1,116,509,-604,311,-31,-350,-467,506,-285,98,650,-229,563,124,-195,-1,0
1,117,512,-608,309,-31,-351,-468,512,-263,98,650,-229,567,124,-188,-1,0
1,118,511,-626,309,-31,-353,-470,512,-265,98,650,-229,572,124,-183,-1,0
1,119,509,-617,308,-31,-351,-469,502,-283,98,650,-229,569,124,-189,-1,0
1,120,510,-604,308,-31,-352,-469,500,-282,98,650,-229,566,124,-188,-1,0
1,121,511,-614,307,-31,-354,-470,517,-276,98,650,-229,575,124,-188,-1,0
1,122,507,-623,303,-31,-354,-472,517,-274,98,650,-229,581,124,-193,-1,0
1,123,504,-618,301,-31,-353,-471,505,-266,98,650,-229,571,124,-194,-1,0
1,124,509,-613,306,-31,-354,-469,506,-252,98,650,-229,569,124,-188,-1,0
1,125,510,-604,309,-31,-353,-468,507,-256,98,650,-229,579,124,-184,-1,0
1,126,510,-597,310,-31,-355,-468,499,-276,98,650,-229,577,124,-187,-1,0
1,127,511,-613,309,-31,-354,-468,496,-274,98,650,-229,565,124,-188,-1,0
1,128,508,-626,308,-31,-349,-468,499,-262,98,650,-229,568,124,-186,-1,0
1,0,505,-613,312,-31,-350,-468,500,-270,98,650,-229,573,124,-187,-1,0
1,1,508,-605,314,-31,-353,-468,502,-282,98,650,-229,570,124,-192,-1,0
1,2,509,-617,310,-31,-352,-468,505,-267,98,650,-229,571,124,-190,-1,0
1,3,507,-628,310,-31,-352,-468,507,-249,98,650,-229,575,124,-187,-1,0
1,4,509,-621,314,-31,-354,-468,508,-264,98,650,-229,575,124,-186,-1,0
1,5,508,-608,308,-31,-354,-468,506,-274,98,650,-229,569,124,-188,-1,0
1,6,507,-607,304,-31,-353,-468,502,-269,98,650,-229,565,124,-190,-1,0
1,7,511,-619,307,-31,-354,-468,501,-284,98,650,-229,569,124,-189,-1,0
1,8,509,-617,306,-31,-353,-468,492,-296,98,650,-229,568,124,-188,-1,0
1,9,504,-599,308,-31,-350,-468,483,-283,98,650,-229,566,124,-188,-1,0
1,10,511,-598,312,-31,-350,-468,496,-269,98,650,-229,569,124,-187,-1,0
1,11,518,-619,310,-31,-350,-468,509,-276,98,650,-229,570,124,-191,-1,0
1,12,509,-626,309,-31,-351,-468,502,-288,98,650,-229,565,124,-194,-1,0
1,13,506,-615,308,-31,-350,-468,500,-293,98,650,-229,564,124,-188,-1,0
1,14,513,-613,305,-31,-351,-469,508,-290,98,650,-229,571,124,-189,0,0
1,15,513,-621,308,-31,-354,-467,502,-281,98,650,-229,577,124,-194,-1,0
1,16,507,-613,310,-31,-353,-467,498,-279,98,650,-229,569,124,-193,-1,0
1,17,506,-596,308,-31,-350,-470,505,-281,98,650,-229,565,124,-191,0,0
1,18,506,-601,311,-31,-353,-465,510,-275,98,650,-229,575,124,-191,-1,0
1,19,510,-616,312,-31,-356,-461,509,-267,98,650,-229,581,124,-191,-1,0
1,20,512,-620,312,-31,-353,-467,491,-281,98,650,-229,572,124,-191,-1,0
1,21,505,-624,310,-31,-352,-472,470,-313,98,650,-229,566,124,-189,-1,0
1,22,504,-625,305,-31,-352,-469,483,-304,98,650,-229,573,124,-185,-1,0
1,23,511,-610,306,-31,-352,-466,498,-271,98,650,-229,575,124,-189,-1,0
1,24,511,-607,309,-31,-354,-468,478,-273,98,650,-229,567,124,-190,-1,0
1,25,507,-624,310,-31,-353,-468,473,-286,98,650,-229,565,124,-187,-1,0
1,26,509,-620,312,-31,-351,-468,504,-276,98,650,-229,569,124,-189,-1,0
1,27,512,-598,310,-31,-352,-469,501,-274,98,650,-229,570,124,-187,-1,0
1,28,509,-594,302,-31,-353,-467,471,-281,98,650,-229,567,124,-183,-1,0
1,29,505,-608,303,-31,-352,-466,476,-274,98,650,-229,570,124,-188,-1,0
1,30,507,-621,310,-31,-352,-469,497,-275,98,650,-229,572,124,-190,-1,0
1,31,508,-620,305,-31,-354,-470,506,-277,98,650,-229,571,124,-185,-1,0
1,32,505,-614,303,-31,-354,-468,503,-267,98,650,-229,564,124,-189,-1,0
1,33,511,-620,308,-31,-353,-468,497,-269,98,650,-229,566,124,-194,-1,0
1,34,514,-629,310,-31,-353,-467,495,-270,98,650,-229,576,124,-191,-1,0
1,35,509,-617,306,-31,-352,-465,496,-261,98,650,-229,575,124,-185,-1,0
1,36,505,-602,296,-31,-352,-468,501,-269,98,650,-229,565,124,-183,-1,0
1,37,507,-607,301,-31,-353,-468,501,-278,98,650,-229,565,124,-186,-1,0
1,38,510,-621,316,-31,-353,-467,491,-270,98,650,-229,571,124,-186,-1,0
1,39,512,-626,316,-31,-354,-468,471,-293,98,649,-229,567,125,-189,-1,0
1,40,511,-620,305,-31,-355,-468,465,-317,98,649,-229,566,126,-195,-1,0
1,41,508,-615,307,-31,-352,-467,491,-287,98,649,-229,570,126,-192,0,0
1,42,509,-606,311,-31,-350,-470,500,-262,98,650,-229,571,124,-189,-1,0
1,43,511,-597,311,-31,-353,-473,478,-272,98,649,-229,569,124,-193,-1,0
1,44,510,-605,312,-31,-353,-471,461,-279,98,649,-229,567,126,-190,-1,0
1,45,510,-621,308,-31,-351,-467,476,-272,98,653,-229,569,126,-190,-1,0
1,46,509,-626,307,-31,-353,-467,489,-267,98,655,-229,571,126,-198,0,0
1,47,507,-621,309,-31,-352,-469,464,-283,98,651,-229,569,126,-194,-1,0
1,48,510,-617,309,-31,-348,-470,443,-293,98,648,-229,571,126,-184,-1,0
1,49,514,-623,308,-31,-352,-469,458,-277,98,651,-229,574,126,-190,-1,0
1,50,510,-624,305,-31,-355,-468,476,-271,98,652,-229,574,126,-193,-1,0
1,51,504,-613,304,-31,-354,-467,467,-282,98,651,-229,568,126,-184,-1,0
1,52,507,-614,311,-31,-355,-469,469,-268,98,651,-229,566,126,-185,-1,0
1,53,512,-620,312,-31,-355,-469,491,-256,98,651,-229,572,126,-191,-1,0
1,54,510,-612,303,-31,-354,-462,492,-273,98,651,-229,576,126,-193,-1,0
1,55,509,-613,303,-31,-352,-462,481,-278,98,651,-229,570,126,-192,-1,0
1,56,510,-616,312,-31,-351,-465,472,-273,98,651,-229,567,126,-190,-1,0
1,57,507,-607,312,-31,-352,-462,468,-274,98,651,-229,570,125,-185,-1,0
1,58,506,-611,309,-31,-354,-464,471,-277,98,651,-229,569,124,-185,-1,0
1,59,510,-626,311,-31,-350,-471,473,-284,98,651,-229,565,124,-186,-1,0
1,60,512,-623,312,-31,-348,-473,474,-299,98,651,-229,567,124,-187,-1,0
1,61,507,-613,311,-31,-352,-468,476,-296,98,651,-229,570,124,-191,-1,0
1,62,504,-613,313,-31,-353,-466,481,-269,98,651,-229,568,125,-189,-1,0
1,63,509,-619,308,-31,-351,-468,477,-259,98,651,-229,566,126,-185,0,0
1,64,509,-625,297,-31,-351,-472,470,-277,98,652,-229,569,126,-190,-1,0
1,65,503,-622,309,-31,-353,-468,471,-290,98,651,-229,573,125,-191,0,0
1,66,506,-619,315,-31,-353,-462,475,-297,98,652,-229,568,126,-186,0,0
1,67,511,-623,297,-31,-352,-466,459,-318,98,655,-229,566,127,-189,0,-1
1,68,506,-622,295,-31,-353,-467,439,-327,98,654,-229,572,124,-192,-1,0
1,69,504,-620,307,-31,-352,-460,445,-309,98,650,-229,573,122,-186,0,0
1,70,507,-624,309,-31,-352,-461,473,-302,98,650,-229,566,125,-188,-1,0
1,71,509,-621,307,-31,-354,-470,483,-309,98,651,-229,565,126,-191,0,-1
1,72,511,-614,310,-31,-352,-469,462,-313,98,650,-229,569,124,-191,-1,-1
1,73,510,-617,307,-31,-351,-466,450,-297,98,649,-229,568,123,-193,-1,0
1,74,510,-621,308,-31,-354,-470,466,-288,98,650,-229,567,124,-193,0,0
1,75,515,-619,310,-31,-353,-472,480,-303,98,649,-229,568,125,-190,-1,0
1,76,514,-618,309,-31,-350,-471,476,-303,98,649,-229,566,126,-192,-1,0
1,77,505,-612,309,-31,-353,-465,471,-282,98,650,-229,565,126,-191,-1,0
1,78,506,-600,308,-31,-352,-460,476,-276,98,650,-229,568,126,-187,-1,0
1,79,512,-597,308,-31,-351,-467,484,-288,98,649,-229,572,126,-185,-1,0
1,80,509,-612,310,-31,-356,-472,480,-294,98,649,-229,569,126,-185,-1,0
1,81,509,-622,309,-31,-357,-468,470,-287,98,650,-229,568,126,-188,-1,0
1,82,508,-619,309,-31,-352,-467,473,-274,98,649,-229,574,126,-191,-1,0
1,83,506,-616,310,-31,-351,-470,474,-271,98,649,-229,573,126,-189,-1,0
1,84,509,-624,312,-31,-351,-469,476,-282,98,650,-229,568,126,-190,-1,0
1,85,511,-626,307,-31,-352,-469,488,-275,98,651,-229,569,126,-191,-1,0
2,86,507,-612,308,-31,-353,-470,490,-268,98,651,-229,567,126,-187,-1,0
2,87,505,-605,313,-31,-355,-470,479,-282,98,651,-229,571,126,-188,-1,0
2,88,506,-605,308,-31,-356,-470,478,-298,98,651,-229,579,126,-192,-1,0
2,89,507,-601,304,-31,-355,-470,479,-289,98,651,-229,573,126,-192,-1,0
2,90,505,-611,307,-31,-353,-470,473,-277,98,651,-229,563,126,-190,-1,0
2,91,504,-624,306,-31,-353,-470,475,-279,98,651,-229,568,126,-186,-1,0
2,92,509,-612,303,-31,-354,-469,493,-274,98,651,-229,571,126,-185,-1,0
2,93,509,-608,308,-31,-352,-468,506,-262,98,651,-229,570,126,-192,-1,0
2,94,510,-616,309,-31,-352,-469,507,-257,98,651,-229,570,126,-192,-1,0
2,95,519,-613,303,-31,-354,-470,503,-253,98,651,-229,567,126,-188,-1,0
2,96,517,-613,304,-31,-354,-470,500,-262,98,651,-229,570,126,-192,-1,0
2,97,506,-619,311,-31,-354,-470,502,-288,98,651,-229,573,126,-195,-1,0
2,98,506,-604,312,-31,-354,-470,499,-290,98,651,-229,568,126,-189,-1,0
2,99,510,-594,306,-31,-356,-469,484,-273,98,651,-229,567,126,-185,-1,0
2,100,506,-614,306,-31,-356,-469,478,-274,98,651,-229,570,126,-186,-1,0
2,101,505,-626,313,-31,-354,-471,487,-281,98,651,-229,571,126,-190,-1,0
2,102,506,-622,310,-31,-352,-468,494,-277,98,651,-229,569,126,-192,-1,0
2,103,505,-621,303,-31,-351,-464,496,-272,98,651,-229,570,126,-192,-1,0
2,104,504,-623,305,-31,-352,-468,499,-273,98,651,-229,570,126,-190,-1,0
2,105,505,-617,304,-31,-351,-472,500,-276,98,651,-229,569,126,-189,-1,0
2,106,507,-603,306,-31,-351,-470,501,-273,98,651,-229,569,126,-192,-1,0
2,107,511,-600,310,-31,-350,-468,505,-273,98,651,-229,569,126,-192,-1,0
2,108,513,-608,302,-31,-351,-469,504,-275,98,651,-229,568,126,-191,-1,0
2,109,510,-616,299,-31,-353,-469,499,-260,98,651,-229,567,126,-193,-1,0
2,110,510,-621,312,-31,-352,-464,500,-250,98,651,-229,569,126,-194,-1,0
2,111,512,-624,315,-31,-352,-462,498,-254,98,651,-229,572,126,-190,-1,0
2,112,512,-619,305,-31,-353,-468,480,-265,98,651,-229,572,126,-188,-1,0
2,113,508,-616,302,-31,-354,-470,471,-285,98,651,-229,570,126,-192,-1,0
2,114,504,-621,310,-31,-353,-467,476,-293,98,651,-229,571,126,-194,-1,0
2,115,504,-620,314,-31,-353,-469,475,-277,98,651,-229,573,126,-191,-1,0
2,116,508,-618,309,-31,-353,-470,484,-273,98,651,-229,569,126,-190,-1,0
2,117,509,-618,306,-31,-355,-469,491,-280,98,651,-229,566,126,-192,-1,0
2,118,505,-611,312,-31,-355,-470,487,-257,98,651,-229,569,126,-190,-1,0
2,119,504,-613,311,-31,-352,-470,500,-238,98,651,-229,570,126,-187,-1,0
2,120,506,-621,306,-31,-349,-469,508,-246,98,651,-229,570,126,-195,-1,0
2,121,508,-620,308,-31,-348,-470,500,-244,98,651,-229,569,126,-196,-1,0
2,122,510,-614,311,-32,-351,-471,504,-231,98,651,-229,567,126,-185,-1,0
2,123,509,-613,306,-29,-354,-466,500,-246,98,651,-229,565,126,-184,-1,0
2,124,505,-615,303,-28,-350,-465,473,-275,98,651,-229,569,126,-188,-1,0
2,125,510,-620,309,-30,-350,-469,470,-278,98,651,-229,578,126,-186,-1,0
2,126,517,-623,309,-32,-354,-472,483,-274,98,651,-229,579,126,-190,-1,0
2,127,514,-622,304,-33,-354,-469,474,-268,98,651,-229,571,126,-196,-1,0
2,128,509,-619,306,-29,-352,-468,466,-247,98,651,-229,567,126,-196,-1,0
2,0,508,-614,311,-25,-352,-470,475,-241,98,652,-229,569,126,-190,-1,0
2,1,513,-619,312,-28,-352,-470,482,-252,98,654,-229,571,126,-185,-1,0
2,2,513,-628,310,-31,-354,-471,473,-263,98,652,-229,569,126,-191,-1,0
2,3,508,-619,308,-31,-354,-471,465,-285,98,649,-229,566,126,-196,-1,0
2,4,506,-605,308,-31,-352,-470,473,-283,98,650,-229,573,126,-191,-1,0
2,5,510,-611,310,-30,-351,-470,481,-249,98,652,-229,579,126,-190,-1,0
2,6,512,-615,311,-30,-352,-472,476,-239,98,651,-229,570,126,-192,-1,0
2,7,507,-609,307,-34,-352,-469,472,-261,98,651,-229,564,126,-190,-1,0
2,8,507,-617,308,-32,-352,-471,473,-268,98,651,-229,568,126,-190,-1,0
2,9,510,-624,310,-29,-352,-469,474,-266,98,651,-229,570,126,-190,-1,0
2,10,511,-617,307,-33,-352,-461,473,-274,98,651,-229,567,126,-190,0,0
2,11,512,-615,311,-32,-352,-462,473,-274,98,651,-229,568,126,-191,-1,0
2,12,509,-626,315,-28,-353,-471,475,-258,98,651,-229,569,126,-189,-1,0
2,13,505,-625,305,-28,-354,-469,472,-257,98,651,-229,570,126,-192,-1,0
2,14,505,-614,301,-31,-354,-466,467,-272,98,651,-229,570,126,-193,-1,0
2,15,510,-612,310,-31,-356,-470,472,-274,98,651,-229,570,126,-190,-1,0
2,16,513,-611,311,-30,-354,-470,480,-270,98,651,-229,572,126,-192,-1,0
2,17,512,-607,306,-31,-353,-469,477,-269,98,651,-229,572,126,-193,-1,0
2,18,512,-605,311,-32,-352,-470,467,-263,98,651,-229,569,126,-184,-1,0
2,19,508,-605,313,-30,-351,-470,466,-255,98,651,-229,566,126,-184,-1,0
2,20,505,-613,309,-27,-352,-470,483,-245,98,651,-229,566,126,-192,-1,0
2,21,506,-620,309,-29,-353,-470,493,-241,98,651,-229,569,126,-186,-1,0
2,22,507,-616,313,-32,-352,-470,479,-256,98,651,-229,569,126,-187,-1,0
2,23,506,-613,310,-31,-352,-470,466,-265,98,651,-229,563,126,-197,-1,0
2,24,506,-616,309,-30,-353,-470,474,-265,98,651,-229,570,126,-196,-1,0
2,25,507,-619,312,-32,-352,-470,480,-284,98,651,-229,582,126,-189,-1,0
2,26,511,-619,309,-32,-351,-470,474,-293,98,651,-229,577,126,-190,-1,0
2,27,511,-614,307,-31,-351,-470,478,-285,98,651,-229,565,126,-193,-1,0
2,28,506,-609,314,-31,-353,-470,498,-279,98,651,-229,567,126,-195,-1,0
2,29,507,-616,317,-31,-355,-470,510,-260,98,652,-229,572,126,-193,-1,0
2,30,509,-624,309,-31,-355,-470,496,-242,98,651,-229,567,126,-189,-1,0
2,31,508,-619,307,-31,-355,-470,482,-252,98,649,-229,564,126,-191,-1,0
2,32,506,-612,310,-31,-354,-470,478,-268,98,654,-229,573,126,-192,-1,0
2,33,509,-608,310,-31,-354,-470,474,-272,98,650,-229,572,126,-190,-1,0
2,34,510,-613,312,-30,-352,-470,486,-269,98,634,-229,568,126,-192,-1,0
2,35,509,-627,312,-31,-347,-470,502,-271,98,637,-229,578,126,-193,0,0
2,36,510,-624,310,-33,-350,-470,500,-282,98,653,-229,581,126,-192,-1,0
2,37,511,-609,308,-30,-357,-470,496,-276,98,655,-229,566,126,-190,0,0
2,38,510,-607,308,-28,-353,-470,505,-257,98,650,-229,567,126,-187,-1,0
2,39,508,-619,307,-30,-350,-470,501,-267,98,651,-229,574,126,-185,0,0
2,40,508,-625,308,-32,-354,-470,490,-273,98,651,-229,565,126,-190,0,0
2,41,508,-622,312,-30,-356,-470,494,-258,98,650,-229,571,126,-191,0,0
2,42,507,-618,305,-28,-353,-470,498,-260,98,652,-229,582,126,-190,-1,0
2,43,508,-613,298,-31,-351,-470,502,-263,98,651,-229,577,126,-191,0,0
2,44,511,-617,306,-31,-350,-470,504,-251,98,651,-229,575,126,-194,-1,0
2,45,510,-629,311,-30,-353,-470,500,-253,98,651,-229,573,126,-194,-1,0
2,46,507,-625,308,-30,-355,-470,498,-272,98,651,-229,560,126,-193,-1,0
2,47,509,-621,311,-30,-352,-470,503,-281,98,651,-229,565,126,-195,-1,0
2,48,510,-626,311,-28,-353,-470,503,-275,98,651,-229,585,126,-190,-1,0
2,49,508,-623,307,-30,-355,-470,500,-271,98,652,-229,581,126,-189,-1,0
2,50,508,-611,310,-33,-353,-470,503,-274,98,650,-229,567,126,-201,-1,0
2,51,507,-601,310,-32,-354,-470,503,-269,98,649,-229,566,126,-203,-1,0
2,52,507,-600,308,-30,-354,-470,501,-262,98,651,-229,568,126,-196,-1,0
2,53,512,-610,310,-31,-352,-470,502,-260,98,651,-229,565,126,-202,-1,0
2,54,511,-620,307,-31,-352,-470,501,-262,98,649,-229,567,126,-202,-1,0
2,55,504,-623,304,-31,-353,-470,502,-273,98,649,-229,569,126,-189,-1,0
2,56,507,-624,306,-31,-356,-470,508,-276,98,650,-229,567,126,-189,-1,0
2,57,515,-622,309,-31,-356,-470,510,-261,98,649,-229,569,126,-197,-1,0
2,58,509,-620,311,-31,-353,-470,506,-264,98,649,-229,568,126,-196,-1,0
2,59,505,-624,312,-31,-352,-470,501,-279,98,650,-229,570,126,-192,-1,0
2,60,516,-619,305,-31,-355,-470,496,-279,98,649,-229,574,126,-191,-1,0
2,61,517,-612,301,-31,-353,-470,496,-273,98,649,-229,572,126,-195,-1,0
2,62,508,-616,308,-31,-348,-470,503,-255,98,650,-229,569,126,-194,-1,0
2,63,507,-622,312,-31,-350,-470,506,-241,98,650,-229,567,126,-189,-1,0
2,64,511,-622,310,-31,-353,-470,505,-253,98,648,-229,570,126,-192,-1,0
2,65,510,-618,309,-31,-354,-470,507,-273,98,650,-229,574,126,-196,-1,0
2,66,507,-615,307,-31,-353,-470,503,-287,98,654,-229,570,126,-188,-1,0
2,67,506,-618,305,-31,-351,-470,501,-283,98,651,-229,565,126,-182,-1,0
2,68,508,-625,300,-31,-351,-470,519,-253,98,648,-229,568,126,-190,-1,0
2,69,509,-619,299,-31,-354,-470,527,-236,98,652,-229,569,126,-190,-1,0
2,70,504,-607,311,-31,-355,-470,511,-247,98,655,-229,565,126,-185,-1,0
2,71,503,-603,314,-31,-352,-470,500,-244,98,656,-229,567,126,-192,-1,0
2,72,513,-601,306,-31,-353,-470,501,-254,98,657,-229,569,126,-195,-1,0
2,73,514,-605,306,-31,-353,-470,504,-285,98,647,-229,568,126,-187,-1,0
2,74,508,-603,311,-31,-354,-470,503,-279,98,633,-229,568,126,-190,-1,0
2,75,510,-598,310,-31,-356,-470,507,-249,98,633,-229,569,126,-195,-1,0
2,76,513,-611,310,-31,-354,-470,523,-242,98,636,-229,569,126,-191,-1,0
2,77,511,-629,308,-31,-352,-470,530,-246,98,633,-229,568,126,-191,-1,0
2,78,505,-616,299,-31,-353,-470,513,-257,98,634,-229,569,126,-193,-1,0
2,79,507,-605,298,-31,-353,-470,498,-276,98,637,-229,569,126,-191,-1,0
2,80,510,-615,307,-31,-351,-470,513,-261,98,636,-229,569,126,-192,-1,0
2,81,507,-617,309,-31,-353,-470,525,-235,98,636,-229,569,126,-190,-1,0
2,82,505,-618,304,-31,-353,-471,512,-238,98,636,-229,566,126,-187,-1,0
2,83,510,-616,306,-31,-351,-467,503,-241,98,636,-229,566,126,-193,-1,0
2,84,513,-612,311,-31,-352,-460,508,-243,98,636,-229,568,126,-191,-1,0
2,85,510,-611,309,-31,-351,-458,507,-262,98,635,-229,567,126,-184,-1,0
3,86,507,-614,310,-31,-351,-457,499,-276,98,635,-229,566,126,-187,-1,0
3,87,507,-619,313,-31,-354,-460,509,-270,98,637,-229,566,126,-187,-1,0
3,88,513,-618,311,-31,-354,-467,516,-264,98,634,-229,567,126,-188,-1,0
3,89,515,-612,309,-31,-352,-471,501,-262,98,635,-229,570,126,-191,-1,0
3,90,508,-611,311,-31,-354,-469,502,-258,98,647,-229,572,126,-189,-1,0
3,91,505,-624,309,-31,-355,-463,525,-243,98,655,-229,569,126,-186,-1,0
3,92,507,-624,306,-31,-353,-457,535,-230,98,651,-229,569,126,-187,0,0
3,93,514,-618,308,-31,-354,-459,527,-240,98,649,-229,570,126,-186,-1,0
3,94,513,-610,312,-31,-353,-462,523,-248,98,653,-229,568,126,-187,0,0
3,95,505,-599,312,-31,-351,-457,527,-245,98,652,-229,567,126,-191,0,0
3,96,511,-607,308,-31,-351,-456,530,-248,98,651,-229,566,126,-191,0,0
3,97,518,-611,306,-31,-352,-461,533,-248,98,651,-229,570,126,-189,-1,0
3,98,509,-599,310,-31,-352,-460,536,-242,98,651,-229,574,126,-187,0,0
3,99,501,-606,311,-31,-351,-457,536,-246,98,651,-229,570,126,-184,-1,0
3,100,510,-626,309,-31,-351,-464,537,-240,98,651,-229,571,126,-188,-1,0
3,101,518,-616,312,-31,-351,-469,539,-221,98,651,-229,571,126,-192,-1,0
3,102,515,-601,314,-31,-354,-470,536,-223,98,651,-229,567,126,-189,-1,0
3,103,508,-613,310,-31,-355,-470,540,-226,98,651,-229,566,126,-185,-1,0
3,104,505,-627,308,-31,-352,-463,558,-212,98,651,-229,572,126,-186,-1,0
3,105,509,-624,311,-31,-353,-461,552,-207,98,651,-229,570,126,-187,-1,0
3,106,510,-615,311,-31,-355,-468,531,-215,98,651,-229,565,126,-186,-1,0
3,107,507,-613,310,-31,-353,-471,531,-235,98,651,-229,567,126,-189,-1,0
3,108,511,-619,312,-31,-352,-465,524,-266,98,651,-229,568,126,-195,-1,0
3,109,517,-617,313,-31,-352,-466,515,-266,98,651,-229,570,126,-197,-1,0
3,110,517,-603,310,-31,-353,-471,522,-244,98,651,-229,569,126,-191,-1,0
3,111,508,-594,308,-31,-356,-461,517,-245,98,651,-229,567,126,-186,-1,0
3,112,505,-605,310,-31,-358,-456,514,-250,98,651,-229,569,126,-191,-1,0
3,113,511,-618,309,-31,-355,-466,528,-239,98,651,-229,571,126,-193,-1,0
3,114,514,-617,303,-31,-354,-468,529,-238,98,651,-229,567,126,-187,-1,0
3,115,511,-614,306,-31,-355,-462,516,-244,98,651,-229,567,126,-186,-1,0
3,116,507,-615,314,-31,-353,-465,511,-242,98,651,-231,571,126,-188,-1,0
3,117,507,-610,312,-31,-352,-469,504,-241,98,651,-233,569,126,-188,-1,0
3,118,509,-599,307,-31,-353,-467,497,-250,98,651,-232,567,126,-193,-1,0
3,119,504,-599,302,-31,-352,-469,494,-261,98,651,-231,569,126,-198,0,0
3,120,505,-609,302,-31,-353,-470,496,-265,98,651,-231,570,126,-192,-1,0
3,121,513,-619,306,-31,-354,-466,503,-261,98,651,-230,573,126,-184,-1,0
3,122,512,-625,307,-31,-351,-470,500,-249,98,651,-227,573,126,-187,-1,0
3,123,503,-622,304,-31,-352,-471,499,-244,98,651,-228,569,126,-189,-1,0
3,124,503,-616,306,-31,-356,-469,505,-243,98,651,-231,570,126,-189,-1,0
3,125,511,-607,311,-31,-355,-471,503,-237,98,651,-230,577,126,-195,-1,0
3,126,512,-598,312,-31,-352,-473,503,-242,98,651,-228,575,126,-196,-1,0
3,127,507,-603,306,-31,-354,-467,504,-240,98,651,-229,569,126,-186,-1,0
3,128,507,-620,304,-31,-354,-457,509,-215,98,651,-229,569,126,-188,-1,0
3,0,509,-621,315,-31,-354,-456,512,-209,98,652,-229,570,126,-199,-1,0
3,1,508,-606,315,-31,-353,-459,508,-240,98,649,-229,571,126,-194,-1,0
3,2,508,-607,310,-31,-354,-458,502,-254,98,647,-229,572,126,-185,-1,0
3,3,508,-628,312,-31,-356,-458,505,-243,98,650,-229,572,126,-187,-1,0
3,4,505,-625,312,-31,-354,-460,508,-251,98,652,-229,570,126,-190,-1,0
3,5,507,-604,309,-31,-351,-458,505,-264,98,650,-229,569,126,-191,-1,0
3,6,508,-605,305,-31,-352,-460,503,-240,98,649,-229,569,126,-193,-1,0
3,7,507,-620,305,-31,-355,-468,504,-223,98,650,-229,568,126,-188,-1,0
3,8,513,-625,308,-31,-356,-473,500,-249,98,650,-229,569,126,-184,-1,0
3,9,515,-619,309,-31,-355,-470,495,-262,98,649,-229,569,126,-186,-1,0
3,10,508,-616,306,-31,-354,-470,500,-249,98,649,-229,564,126,-189,-1,0
3,11,506,-622,305,-31,-356,-470,504,-249,98,650,-229,567,126,-189,-1,0
3,12,510,-622,303,-31,-356,-469,503,-248,98,650,-229,575,126,-186,-1,0
3,13,508,-615,305,-31,-353,-469,507,-240,98,650,-229,574,126,-187,-1,0
3,14,506,-603,313,-31,-356,-470,510,-242,98,650,-229,567,126,-189,-1,0
3,15,508,-602,311,-31,-355,-469,504,-248,98,650,-229,568,126,-189,-1,0
3,16,506,-614,303,-31,-350,-469,501,-244,98,650,-229,568,126,-189,-1,0
3,17,507,-625,304,-31,-349,-471,504,-237,98,650,-229,567,126,-190,0,-1
3,18,511,-622,307,-31,-354,-466,506,-249,98,650,-229,572,126,-190,-1,0
3,19,509,-606,304,-31,-358,-458,495,-265,98,650,-229,576,126,-193,0,0
3,20,514,-601,302,-31,-354,-455,482,-250,98,650,-229,572,126,-194,-1,-1
3,21,521,-609,307,-31,-344,-456,475,-239,98,650,-229,568,126,-187,-1,0
3,22,514,-607,309,-31,-347,-461,473,-264,98,650,-229,572,126,-190,-1,0
3,23,504,-603,309,-30,-356,-469,484,-270,98,649,-229,574,126,-196,-1,0
3,24,509,-615,307,-31,-355,-471,494,-246,98,649,-229,572,126,-194,-1,0
3,25,510,-626,311,-32,-352,-467,480,-254,98,650,-229,573,126,-189,-1,0
3,26,504,-614,313,-27,-354,-469,466,-280,98,650,-229,571,126,-189,-1,0
3,27,506,-600,304,-25,-353,-471,478,-269,98,649,-229,566,126,-189,-1,0
3,28,508,-606,304,-30,-351,-470,484,-249,98,650,-229,567,126,-187,-1,0
3,29,506,-616,309,-32,-353,-469,472,-261,98,653,-229,570,126,-192,-1,0
3,30,511,-608,305,-30,-354,-467,465,-277,98,651,-229,568,126,-194,-1,0
3,31,516,-607,305,-30,-354,-468,479,-261,98,649,-229,568,126,-189,-1,0
3,32,514,-625,310,-32,-352,-468,497,-245,98,651,-229,569,126,-190,-1,0
3,33,507,-619,305,-29,-355,-468,488,-259,98,652,-229,568,126,-194,-1,0
3,34,506,-606,307,-28,-356,-468,469,-274,98,651,-229,569,126,-195,-1,0
3,35,509,-616,312,-30,-349,-468,469,-273,98,651,-229,569,126,-194,-1,0
3,36,507,-619,299,-33,-348,-467,472,-271,98,653,-229,568,126,-192,-1,0
3,37,506,-601,294,-33,-352,-470,467,-273,98,655,-229,568,126,-187,-1,0
3,38,509,-595,312,-30,-357,-467,471,-265,98,655,-229,569,126,-187,-1,0
3,39,509,-608,313,-31,-357,-461,472,-263,98,653,-229,569,126,-188,-1,0
3,40,507,-620,301,-33,-352,-466,463,-284,98,652,-229,566,126,-185,-1,0
3,41,509,-625,300,-34,-350,-471,462,-298,98,651,-229,564,126,-184,-1,0
3,42,512,-621,308,-30,-353,-468,469,-281,98,652,-229,568,126,-187,-1,0
3,43,511,-617,310,-26,-354,-467,474,-258,98,651,-229,572,126,-191,-1,0
3,44,508,-624,306,-30,-351,-472,475,-258,98,651,-229,571,126,-192,-1,0
3,45,506,-620,304,-34,-352,-472,473,-272,98,651,-229,568,126,-191,-1,0
3,46,507,-604,307,-32,-351,-466,463,-283,98,651,-229,567,126,-191,-1,0
3,47,510,-604,310,-30,-352,-466,466,-273,98,651,-229,569,126,-190,-1,0
3,48,511,-620,310,-29,-356,-470,478,-259,98,651,-229,573,126,-188,-1,0
3,49,509,-619,304,-29,-352,-463,466,-282,98,651,-229,573,126,-185,-1,0
3,50,508,-602,303,-31,-351,-458,447,-309,98,651,-229,569,126,-185,-1,0
3,51,511,-597,310,-31,-354,-469,453,-299,98,651,-230,568,126,-192,-1,0
3,52,517,-613,310,-30,-354,-473,465,-285,98,651,-231,569,126,-193,-1,0
3,53,511,-624,309,-31,-351,-468,469,-285,98,651,-231,569,126,-186,-1,0
3,54,500,-616,313,-30,-352,-472,473,-274,98,651,-231,567,126,-186,-1,0
3,55,502,-611,313,-27,-354,-477,470,-258,98,651,-231,570,126,-189,-1,0
3,56,508,-614,309,-29,-354,-473,460,-261,98,651,-231,576,126,-188,-1,0
3,57,508,-611,308,-33,-355,-473,448,-292,98,651,-231,570,126,-190,-1,0
3,58,509,-612,307,-30,-355,-476,442,-319,98,652,-231,563,126,-190,-1,0
3,59,508,-622,309,-29,-355,-471,446,-307,98,651,-231,568,126,-188,-1,0
3,60,509,-627,312,-30,-355,-467,447,-285,98,652,-231,572,125,-192,-1,0
3,61,511,-620,309,-30,-354,-469,440,-291,98,654,-231,568,124,-193,-1,0
3,62,509,-610,306,-29,-354,-473,438,-307,98,654,-231,570,124,-186,-1,0
3,63,507,-613,306,-29,-355,-472,442,-308,98,652,-231,569,124,-189,-1,0
3,64,508,-623,310,-29,-353,-462,431,-300,98,651,-231,564,124,-202,-1,0
3,65,508,-620,307,-29,-350,-462,412,-303,98,650,-231,566,126,-203,-1,0
3,66,510,-617,301,-29,-352,-469,418,-310,98,648,-231,570,126,-194,-1,0
3,67,512,-615,305,-29,-354,-471,440,-297,98,648,-231,571,126,-188,-1,0
3,68,507,-601,313,-29,-353,-469,445,-280,98,648,-231,565,126,-189,-1,0
3,69,504,-596,311,-29,-352,-471,443,-287,98,648,-231,567,126,-186,-1,0
3,70,509,-609,306,-29,-352,-471,447,-302,98,648,-231,578,126,-189,-1,0
3,71,511,-618,310,-29,-353,-468,430,-307,98,648,-231,580,126,-195,-1,0
3,72,508,-623,312,-29,-354,-471,409,-307,98,648,-231,569,126,-191,-1,0
3,73,505,-624,305,-30,-355,-473,421,-302,98,648,-231,565,126,-190,-1,0
3,74,507,-611,301,-29,-355,-468,441,-296,98,648,-231,572,126,-193,-1,0
3,75,510,-607,309,-30,-356,-466,442,-292,98,648,-231,576,126,-189,-1,0
3,76,509,-621,313,-31,-352,-470,443,-280,98,648,-231,574,126,-188,-1,0
3,77,507,-621,309,-31,-352,-470,450,-274,98,648,-231,569,126,-192,-1,0
3,78,507,-603,311,-32,-354,-465,449,-279,98,648,-231,566,126,-190,-1,0
3,79,513,-599,308,-32,-353,-468,444,-279,98,648,-231,568,126,-185,-1,0
3,80,516,-606,304,-30,-351,-473,444,-282,98,648,-231,567,126,-188,-1,0
3,81,512,-610,306,-29,-352,-470,438,-293,98,648,-231,568,126,-193,-1,0
3,82,508,-613,299,-29,-353,-467,437,-296,98,649,-231,566,126,-192,-1,0
3,83,507,-605,295,-32,-354,-472,445,-300,98,648,-231,569,126,-190,-1,0
3,84,513,-599,308,-32,-353,-469,445,-305,98,648,-231,575,124,-190,-1,0
3,85,519,-607,315,-30,-350,-460,438,-295,98,651,-231,571,124,-190,-1,0
4,86,511,-604,306,-30,-351,-464,440,-285,98,652,-231,567,125,-190,-1,0
4,87,504,-597,300,-31,-352,-471,448,-293,98,651,-231,569,124,-191,-1,0
4,88,509,-607,300,-31,-352,-470,445,-302,98,653,-231,569,124,-190,-1,0
4,89,513,-611,308,-31,-353,-470,426,-317,98,653,-231,570,124,-190,-1,0
4,90,506,-606,317,-32,-353,-472,414,-338,98,649,-231,570,124,-190,-1,0
4,91,505,-616,308,-31,-353,-468,428,-331,98,649,-231,565,124,-185,-1,0
4,92,512,-627,301,-31,-353,-466,442,-301,98,652,-231,572,124,-186,-1,0
4,93,514,-613,312,-31,-352,-469,440,-291,98,651,-231,582,124,-193,0,0
4,94,508,-595,314,-31,-351,-467,439,-306,98,651,-231,573,124,-191,-1,0
4,95,507,-603,298,-31,-352,-465,442,-312,98,651,-231,564,124,-189,-1,0
4,96,509,-620,298,-31,-352,-468,441,-301,98,651,-231,568,124,-191,-1,0
4,97,505,-626,313,-31,-352,-470,437,-303,98,651,-231,570,124,-190,0,0
4,98,508,-620,314,-31,-354,-469,436,-322,98,651,-231,570,124,-188,-1,0
4,99,514,-618,305,-31,-356,-469,447,-313,98,651,-231,568,124,-195,0,0
4,100,511,-620,303,-31,-353,-468,451,-278,98,651,-231,566,124,-198,-1,0
4,101,510,-608,308,-31,-354,-461,445,-277,98,651,-231,566,124,-187,-1,0
4,102,509,-595,308,-31,-355,-455,462,-299,98,651,-231,565,124,-186,-1,0
4,103,504,-606,301,-31,-353,-459,475,-292,98,651,-231,568,124,-192,-1,0
4,104,509,-624,296,-31,-353,-468,454,-296,98,651,-231,572,124,-189,-1,0
4,105,511,-628,304,-31,-349,-470,435,-335,98,651,-231,569,124,-186,-1,0
4,106,505,-620,310,-31,-344,-467,444,-340,98,651,-231,568,124,-187,-1,0
4,107,515,-605,307,-31,-348,-469,448,-316,98,651,-231,571,124,-188,-1,0
4,108,524,-607,300,-31,-353,-472,442,-314,98,651,-231,569,124,-189,-1,0
4,109,513,-622,298,-32,-352,-469,440,-315,98,651,-231,569,124,-189,-1,0
4,110,507,-614,308,-29,-351,-469,448,-306,98,651,-231,573,124,-186,-1,0
4,111,511,-604,315,-28,-353,-470,467,-299,98,651,-231,571,124,-192,-1,0
4,112,511,-619,308,-31,-353,-468,474,-292,98,651,-231,569,124,-196,-1,0
4,113,507,-625,296,-32,-351,-469,460,-300,98,651,-231,568,124,-187,-1,0
4,114,506,-619,295,-30,-352,-471,452,-327,98,651,-231,568,124,-190,-1,0
4,115,506,-617,307,-29,-353,-466,451,-324,98,651,-231,568,124,-196,-1,0
4,116,510,-618,308,-30,-351,-461,444,-293,98,651,-231,568,124,-193,-1,0
4,117,510,-618,303,-30,-349,-468,456,-292,98,651,-231,570,124,-189,-1,0
4,118,506,-614,308,-29,-352,-471,470,-310,98,651,-231,572,124,-189,-1,0
4,119,509,-617,315,-29,-354,-467,453,-315,98,651,-231,570,124,-189,-1,0
4,120,511,-618,312,-29,-353,-469,437,-320,98,651,-231,569,124,-190,0,0
4,121,509,-610,310,-29,-352,-471,444,-319,98,651,-231,572,124,-194,0,0
4,122,509,-613,303,-29,-353,-468,442,-311,98,650,-231,571,124,-190,-1,0
4,123,510,-617,293,-29,-353,-468,437,-310,98,649,-231,569,124,-188,-1,0
4,124,508,-602,301,-30,-353,-469,458,-303,98,649,-231,569,124,-194,0,0
4,125,511,-599,311,-29,-353,-468,474,-282,98,650,-231,570,124,-193,-1,0
4,126,515,-609,302,-29,-352,-468,485,-274,98,649,-231,571,124,-187,-1,0
4,127,510,-603,299,-32,-351,-468,495,-277,98,649,-232,570,124,-192,-1,0
4,128,506,-605,310,-34,-351,-468,485,-269,98,649,-232,567,124,-198,-1,0
4,0,507,-611,313,-32,-351,-468,462,-274,98,650,-232,565,124,-188,-1,0
4,1,510,-601,309,-30,-351,-468,449,-296,98,649,-232,567,124,-184,-1,0
4,2,513,-606,311,-28,-353,-468,448,-299,98,649,-232,568,124,-190,-1,0
4,3,512,-626,308,-28,-353,-468,462,-277,98,652,-232,566,124,-189,-1,0
4,4,508,-618,297,-30,-352,-468,491,-268,98,654,-232,570,124,-187,-1,0
4,5,505,-604,296,-31,-353,-468,491,-275,98,652,-232,579,124,-188,-1,0
4,6,511,-620,310,-31,-353,-468,471,-266,98,651,-231,576,124,-187,-1,0
4,7,518,-631,319,-31,-352,-468,481,-254,98,652,-229,566,124,-186,-1,0
4,8,510,-620,315,-29,-351,-468,507,-261,98,651,-229,565,124,-187,-1,0
4,9,502,-615,303,-28,-354,-468,501,-265,98,652,-229,569,124,-189,-1,0
4,10,508,-625,299,-29,-354,-468,473,-267,98,651,-229,566,124,-191,-1,0
4,11,515,-625,308,-30,-352,-468,468,-285,98,649,-229,568,124,-189,-1,0
4,12,510,-612,309,-31,-354,-468,475,-292,98,648,-229,569,124,-186,-1,0
4,13,509,-614,300,-30,-354,-468,470,-268,98,648,-229,566,123,-188,-1,0
4,14,510,-618,298,-31,-354,-468,470,-253,98,648,-229,566,123,-187,-1,0
4,15,508,-608,302,-32,-355,-468,481,-260,98,648,-229,569,125,-187,-1,0
4,16,505,-613,301,-31,-353,-468,481,-251,98,648,-229,570,127,-194,-1,0
4,17,506,-624,301,-31,-352,-468,469,-239,98,648,-229,568,126,-197,-1,0
4,18,511,-607,306,-31,-356,-468,465,-271,98,648,-229,568,126,-190,-1,0
4,19,510,-593,308,-31,-356,-468,466,-301,98,648,-229,570,126,-184,-1,0
4,20,511,-612,307,-31,-353,-468,459,-286,98,648,-229,572,126,-193,-1,0
4,21,510,-619,306,-31,-354,-468,449,-281,98,648,-229,573,126,-198,-1,0
4,22,507,-608,300,-31,-354,-468,443,-302,98,648,-229,570,126,-190,-1,0
4,23,507,-608,297,-31,-354,-469,451,-299,98,648,-229,568,126,-185,-1,0
4,24,508,-608,308,-31,-356,-468,467,-275,98,648,-229,570,126,-187,-1,0
4,25,506,-606,314,-31,-354,-467,475,-268,98,648,-229,571,126,-189,-1,0
4,26,509,-615,301,-31,-351,-470,476,-269,98,648,-229,568,126,-189,-1,0
4,27,512,-622,302,-31,-351,-467,474,-263,98,648,-229,570,127,-192,-1,0
4,28,507,-606,314,-31,-353,-460,462,-263,98,648,-229,576,124,-193,-1,0
4,29,507,-595,313,-31,-352,-463,443,-270,98,648,-229,575,122,-191,-1,0
4,30,513,-608,310,-31,-351,-470,442,-279,98,648,-229,572,123,-189,-1,0
4,31,508,-619,311,-31,-354,-470,449,-284,98,648,-229,569,125,-186,-1,0
4,32,505,-622,309,-31,-356,-464,446,-274,98,648,-229,570,125,-189,-1,0
4,33,511,-619,307,-31,-354,-459,452,-261,98,648,-229,572,125,-192,-1,0
4,34,505,-617,310,-31,-350,-459,470,-259,98,648,-229,569,125,-188,-1,0
4,35,501,-621,308,-31,-351,-461,479,-255,98,650,-229,567,126,-190,-1,0
4,36,511,-625,308,-31,-352,-459,470,-244,98,653,-229,567,126,-196,-1,0
4,37,512,-615,313,-31,-353,-454,454,-256,98,654,-229,567,126,-197,-1,0
4,38,506,-608,308,-31,-353,-460,441,-281,98,653,-229,566,126,-190,-1,0
4,39,507,-610,306,-31,-351,-468,439,-291,98,654,-229,569,126,-188,-1,0
4,40,508,-608,311,-31,-351,-467,441,-298,98,654,-229,568,126,-189,0,0
4,41,507,-614,311,-31,-355,-462,438,-296,98,653,-229,565,126,-186,0,0
4,42,507,-624,306,-31,-355,-466,441,-271,98,654,-229,573,126,-189,-1,0
4,43,508,-622,310,-31,-351,-471,455,-248,98,653,-229,579,126,-193,0,0
4,44,508,-617,310,-31,-351,-469,470,-248,98,653,-229,570,126,-189,-1,0
4,45,507,-616,298,-31,-354,-470,480,-251,98,655,-229,563,126,-186,-1,0
4,46,507,-615,300,-31,-353,-473,480,-245,98,652,-229,570,126,-188,-1,0
4,47,509,-619,313,-31,-353,-464,467,-264,98,649,-229,572,126,-188,-1,0
4,48,507,-626,310,-31,-354,-460,452,-288,98,652,-229,568,126,-187,-1,0
4,49,504,-622,304,-31,-352,-466,448,-282,98,653,-229,566,124,-189,-1,0
4,50,510,-615,310,-31,-350,-470,445,-267,98,650,-229,568,124,-188,-1,0
4,51,513,-617,315,-31,-354,-469,450,-277,98,648,-229,571,124,-187,-1,0
4,52,509,-615,309,-31,-358,-466,465,-280,98,650,-229,571,124,-187,-1,0
4,53,510,-614,302,-31,-356,-458,462,-265,98,649,-229,569,125,-186,-1,0
4,54,511,-616,307,-31,-353,-458,456,-275,98,649,-229,570,126,-190,-1,0
4,55,511,-612,313,-31,-352,-470,459,-298,98,649,-229,569,126,-192,-1,0
4,56,505,-610,307,-31,-354,-472,449,-288,98,649,-229,566,126,-190,-1,0
4,57,510,-618,304,-31,-354,-466,450,-271,98,649,-229,567,126,-188,-1,0
4,58,524,-616,311,-31,-353,-467,466,-269,98,649,-229,570,126,-189,-1,0
4,59,519,-600,312,-31,-353,-473,456,-265,98,649,-229,566,126,-189,-1,0
4,60,506,-601,310,-31,-352,-469,439,-267,98,649,-229,565,126,-185,-1,0
4,61,507,-620,309,-31,-353,-456,442,-287,98,649,-229,568,126,-187,-1,0
4,62,513,-620,305,-31,-356,-458,440,-295,98,649,-229,571,126,-194,-1,0
4,63,508,-613,302,-31,-354,-471,437,-291,98,649,-229,569,126,-195,-1,0
4,64,507,-619,308,-31,-352,-472,442,-295,98,649,-229,566,126,-193,-1,0
4,65,512,-617,314,-31,-355,-466,441,-294,98,649,-229,567,126,-193,-1,0
4,66,512,-605,311,-31,-354,-469,450,-283,98,649,-229,569,126,-196,-1,0
4,67,508,-610,307,-31,-351,-470,467,-265,98,649,-229,571,126,-195,-1,0
4,68,507,-617,310,-31,-354,-467,475,-257,98,649,-229,569,126,-189,-1,0
4,69,510,-601,312,-31,-357,-468,477,-265,98,649,-229,569,126,-192,-1,0
4,70,511,-594,307,-31,-354,-468,476,-257,98,649,-229,571,126,-197,-1,0
4,71,510,-608,304,-31,-351,-468,462,-247,98,649,-229,571,126,-193,-1,0
4,72,511,-623,308,-31,-352,-468,442,-270,98,649,-229,570,126,-186,-1,0
4,73,509,-626,309,-31,-355,-468,452,-290,98,649,-229,569,126,-189,-1,0
4,74,509,-608,305,-31,-355,-468,475,-279,98,649,-229,568,126,-192,-1,0
4,75,512,-594,308,-31,-351,-468,475,-270,98,649,-229,568,126,-193,-1,0
4,76,509,-608,312,-31,-350,-468,467,-275,98,649,-229,568,126,-191,-1,0
4,77,505,-626,309,-31,-355,-468,469,-271,98,649,-229,569,126,-187,-1,0
4,78,515,-624,306,-31,-355,-468,474,-259,98,650,-229,569,126,-186,-1,0
4,79,522,-617,306,-31,-350,-468,481,-258,98,648,-229,571,126,-190,-1,0
4,80,510,-623,305,-31,-351,-468,482,-277,98,649,-229,572,126,-190,-1,0
4,81,503,-620,306,-31,-354,-468,472,-282,98,653,-229,571,126,-185,-1,0
4,82,511,-601,306,-31,-355,-468,474,-259,98,652,-229,567,126,-188,-1,0
4,83,509,-595,301,-31,-354,-468,478,-257,98,651,-229,566,126,-195,-1,0
4,84,505,-607,300,-31,-352,-468,472,-270,98,654,-229,569,126,-194,-1,0
4,85,509,-619,305,-31,-352,-468,474,-262,98,652,-229,568,126,-189,-1,0
5,86,509,-625,308,-31,-354,-468,482,-257,98,649,-229,566,126,-193,-1,0
5,87,511,-626,308,-31,-356,-468,477,-273,98,650,-229,570,126,-198,-1,0
5,88,516,-615,306,-31,-355,-468,471,-267,98,652,-229,574,126,-192,-1,0
5,89,512,-614,302,-31,-353,-468,474,-243,98,651,-229,570,126,-186,0,0
5,90,507,-625,301,-31,-354,-468,474,-254,98,649,-229,567,126,-187,-1,0
5,91,511,-619,304,-31,-353,-468,470,-276,98,649,-229,569,126,-189,-1,0
5,92,509,-610,308,-31,-354,-468,471,-277,98,651,-229,574,124,-186,-1,0
5,93,509,-620,308,-31,-355,-468,469,-278,98,652,-229,573,122,-185,-1,0
5,94,516,-617,304,-31,-353,-468,472,-274,98,651,-229,567,124,-187,-1,0
5,95,513,-597,305,-31,-353,-468,483,-250,98,651,-229,566,126,-186,-1,0
5,96,506,-600,310,-31,-358,-468,481,-243,98,651,-229,569,126,-189,-1,0
5,97,507,-619,310,-31,-356,-468,478,-250,98,651,-229,570,126,-189,-1,0
5,98,508,-624,309,-31,-351,-468,491,-249,98,652,-229,568,126,-188,-1,0
5,99,505,-625,309,-31,-352,-468,499,-256,98,651,-229,568,126,-191,-1,0
5,100,509,-618,308,-31,-355,-468,494,-265,98,651,-229,567,126,-194,-1,0
5,101,514,-607,302,-31,-353,-468,498,-248,98,653,-229,569,126,-187,-1,0
5,102,512,-612,301,-31,-354,-468,506,-227,98,654,-229,571,126,-186,-1,0
5,103,508,-622,302,-31,-354,-468,504,-221,98,650,-229,566,126,-193,-1,0
5,104,506,-614,298,-31,-352,-468,507,-211,98,649,-229,567,126,-190,-1,0
5,105,508,-597,303,-31,-352,-468,510,-207,98,652,-229,570,126,-189,-1,0
5,106,507,-595,308,-31,-352,-468,511,-220,98,652,-229,568,126,-195,-1,0
5,107,507,-611,302,-31,-353,-468,513,-214,98,651,-229,567,126,-193,-1,0
5,108,510,-618,305,-31,-354,-468,509,-186,98,651,-229,570,126,-186,-1,0
5,109,508,-610,314,-31,-354,-468,506,-183,98,652,-229,571,126,-188,-1,0
5,110,503,-618,308,-31,-352,-468,511,-219,98,651,-229,570,126,-192,-1,0
5,111,511,-627,305,-31,-353,-468,511,-243,98,652,-229,568,126,-193,-1,0
5,112,515,-609,310,-31,-354,-468,502,-227,98,656,-229,568,126,-192,-1,0
5,113,511,-607,305,-31,-352,-468,499,-215,98,654,-229,571,126,-187,-1,0
5,114,512,-626,306,-31,-353,-468,509,-226,98,648,-229,572,126,-189,-1,0
5,115,510,-624,313,-31,-353,-468,510,-224,98,650,-229,571,126,-191,-1,0
5,116,505,-613,312,-31,-351,-468,504,-213,98,657,-229,571,126,-186,-1,0
5,117,511,-612,307,-31,-352,-468,517,-206,98,654,-229,567,126,-190,-1,0
5,118,513,-603,306,-31,-354,-468,535,-192,98,648,-229,567,126,-198,-1,0
5,119,505,-595,310,-31,-352,-468,530,-184,98,651,-229,569,126,-191,-1,0
5,120,506,-615,310,-31,-351,-468,521,-207,98,654,-229,570,126,-188,-1,0
5,121,513,-623,307,-31,-354,-468,519,-230,98,652,-229,571,126,-192,-1,0
5,122,508,-613,311,-31,-352,-468,512,-223,98,652,-229,569,126,-189,-1,0
5,123,505,-613,312,-31,-353,-468,501,-220,98,652,-229,568,126,-189,-1,0
5,124,516,-612,308,-31,-358,-468,504,-234,98,650,-229,571,126,-192,-1,0
5,125,522,-605,308,-31,-357,-468,518,-228,98,650,-229,572,126,-192,-1,0
5,126,510,-614,310,-31,-353,-468,524,-207,98,652,-229,567,126,-190,-1,0
5,127,502,-628,308,-31,-355,-468,506,-213,98,651,-229,565,126,-192,-1,0
5,128,510,-621,310,-31,-356,-468,499,-223,98,651,-229,573,126,-192,-1,0
5,0,511,-614,309,-31,-354,-468,520,-212,98,651,-229,577,126,-193,-1,0
5,1,501,-618,305,-31,-354,-468,518,-213,98,651,-229,572,126,-191,-1,0
5,2,508,-619,308,-32,-352,-468,501,-220,98,651,-229,569,126,-187,-1,0
5,3,520,-620,308,-29,-351,-468,512,-214,98,651,-229,570,126,-188,-1,0
5,4,514,-621,305,-27,-354,-468,523,-209,98,651,-229,566,126,-190,-1,0
5,5,502,-619,307,-30,-356,-468,517,-210,98,651,-229,565,126,-199,-1,0
5,6,510,-610,307,-31,-354,-468,515,-211,98,651,-229,570,126,-203,-1,0
5,7,516,-599,307,-31,-353,-468,511,-213,98,651,-229,568,126,-197,-1,0
5,8,509,-601,309,-32,-354,-468,504,-205,98,651,-229,566,126,-198,-1,0
5,9,509,-613,311,-32,-355,-468,516,-185,98,651,-229,568,126,-200,-1,0
5,10,514,-615,307,-31,-355,-468,521,-181,98,651,-229,575,126,-199,-1,0
5,11,511,-608,299,-31,-353,-468,504,-189,98,651,-229,580,126,-200,-1,0
5,12,508,-614,301,-31,-353,-468,508,-196,98,651,-229,577,126,-201,-1,0
5,13,514,-628,308,-31,-354,-468,525,-209,98,651,-229,570,126,-195,-1,0
5,14,515,-631,306,-31,-354,-468,516,-218,98,651,-229,569,126,-189,-1,0
5,15,509,-622,307,-31,-353,-468,498,-213,98,651,-229,569,126,-187,-1,0
5,16,509,-618,310,-31,-353,-468,502,-215,98,651,-229,566,126,-189,-1,0
5,17,511,-619,309,-31,-354,-468,505,-224,98,651,-229,565,126,-193,-1,0
5,18,508,-612,307,-31,-354,-468,505,-207,98,651,-229,566,126,-190,-1,0
5,19,508,-608,304,-31,-351,-468,524,-186,98,651,-229,569,126,-192,-1,0
5,20,511,-613,306,-31,-351,-468,542,-186,98,651,-229,570,126,-195,-1,0
5,21,508,-616,311,-31,-354,-468,533,-188,98,651,-229,569,126,-190,-1,0
5,22,506,-621,308,-31,-354,-469,512,-190,98,651,-229,570,126,-189,-1,0
5,23,507,-617,303,-31,-351,-468,501,-209,98,651,-229,570,126,-191,-1,0
5,24,506,-611,306,-31,-354,-468,500,-223,98,651,-229,566,126,-191,-1,0
5,25,511,-613,309,-31,-357,-469,501,-217,98,651,-229,566,126,-191,-1,0
5,26,521,-617,307,-31,-352,-467,505,-218,98,651,-229,569,126,-191,-1,0
5,27,515,-619,308,-31,-352,-459,509,-220,98,652,-229,569,126,-187,-1,0
5,28,503,-617,306,-31,-358,-453,510,-200,98,657,-229,569,126,-186,-1,0
5,29,506,-614,307,-31,-355,-453,509,-183,98,659,-229,569,126,-191,-1,0
5,30,512,-615,313,-31,-349,-454,509,-185,98,655,-229,568,126,-194,-1,0
5,31,509,-615,308,-31,-352,-453,508,-195,98,652,-229,569,126,-189,-1,0
5,32,506,-612,305,-31,-354,-453,498,-215,98,654,-229,572,126,-189,-1,0
5,33,513,-612,307,-31,-351,-452,480,-244,98,652,-229,572,126,-196,-1,0
5,34,519,-612,301,-31,-351,-453,470,-249,98,649,-229,570,126,-188,0,0
5,35,512,-613,301,-31,-355,-455,481,-224,98,650,-229,572,126,-186,-1,0
5,36,505,-628,303,-31,-356,-451,498,-213,98,652,-229,573,126,-198,-1,0
5,37,509,-614,299,-32,-352,-455,503,-222,98,651,-229,570,126,-195,-1,0
5,38,513,-592,307,-33,-354,-467,499,-223,98,651,-229,569,126,-184,-1,0
5,39,505,-611,319,-33,-357,-474,499,-213,98,651,-229,570,126,-190,-1,0
5,40,504,-626,311,-33,-352,-471,501,-209,98,651,-229,569,126,-191,-1,0
5,41,517,-620,304,-31,-351,-464,512,-204,98,651,-229,566,126,-183,-1,0
5,42,518,-622,305,-29,-356,-459,523,-189,98,651,-229,568,126,-189,-1,0
5,43,511,-622,302,-29,-353,-458,516,-181,98,651,-229,573,126,-193,-1,0
5,44,517,-614,308,-29,-351,-460,504,-188,98,651,-229,572,126,-188,-1,0
5,45,518,-615,312,-29,-352,-460,507,-198,98,651,-229,567,126,-189,-1,0
5,46,505,-611,309,-29,-353,-458,507,-219,98,651,-229,565,126,-195,-1,0
5,47,505,-606,306,-29,-355,-458,500,-240,98,651,-229,568,126,-192,-1,0
5,48,512,-619,308,-31,-356,-458,502,-232,98,652,-229,569,126,-183,-1,0
5,49,507,-620,313,-31,-353,-460,502,-214,98,650,-229,569,126,-186,-1,0
5,50,505,-602,310,-28,-353,-459,503,-215,98,649,-229,569,126,-194,-1,0
5,51,512,-597,307,-28,-357,-458,505,-217,98,650,-229,567,126,-195,-1,0
5,52,509,-615,309,-32,-354,-460,498,-227,98,650,-229,566,126,-192,-1,0
5,53,509,-623,306,-32,-347,-459,496,-247,98,648,-229,570,126,-189,-1,0
5,54,520,-616,302,-29,-348,-458,505,-239,98,648,-229,571,126,-187,-1,0
5,55,522,-611,308,-30,-354,-464,509,-214,98,649,-229,568,126,-187,-1,0
5,56,509,-620,310,-31,-356,-471,503,-210,98,648,-229,568,126,-187,-1,0
5,57,505,-627,307,-30,-351,-471,502,-220,98,648,-229,569,126,-191,-1,0
5,58,511,-618,311,-29,-350,-469,503,-216,98,649,-229,569,126,-194,-1,0
5,59,508,-610,310,-29,-355,-470,503,-213,98,648,-229,570,126,-191,-1,0
5,60,504,-603,301,-30,-356,-469,502,-235,98,648,-229,567,126,-187,-1,0
5,61,509,-600,306,-29,-353,-469,498,-252,98,653,-229,573,126,-190,-1,0
5,62,510,-605,312,-29,-353,-470,500,-231,98,654,-229,586,126,-192,0,0
5,63,506,-602,306,-30,-354,-470,505,-208,98,650,-229,579,126,-190,-1,0
5,64,504,-599,305,-32,-352,-468,504,-221,98,648,-229,563,126,-187,0,0
5,65,509,-611,309,-32,-352,-470,506,-226,98,650,-229,566,126,-187,-1,0
5,66,511,-621,303,-31,-354,-469,512,-211,98,649,-229,573,126,-188,0,0
5,67,508,-623,298,-31,-354,-465,508,-223,98,649,-229,571,126,-190,-1,0
5,68,507,-623,303,-31,-354,-469,502,-230,98,649,-229,568,126,-193,-1,0
5,69,509,-612,302,-31,-354,-468,503,-212,98,649,-229,565,126,-191,-1,0
5,70,511,-604,300,-29,-353,-462,500,-220,98,649,-229,565,126,-191,-1,0
5,71,508,-613,309,-29,-352,-465,494,-233,98,649,-229,571,126,-194,-1,0
5,72,506,-616,308,-29,-353,-471,500,-218,98,649,-229,572,126,-192,-1,0
5,73,508,-602,299,-29,-354,-471,493,-230,98,649,-229,568,126,-187,-1,0
5,74,509,-594,300,-29,-354,-469,480,-257,98,649,-229,572,126,-187,-1,0
5,75,506,-609,305,-30,-353,-469,490,-232,98,649,-229,577,126,-191,-1,0
5,76,505,-621,304,-30,-351,-470,505,-208,98,649,-229,573,126,-192,-1,0
5,77,510,-614,299,-29,-352,-466,500,-219,98,649,-229,566,126,-190,-1,0
5,78,513,-610,302,-29,-353,-460,498,-218,98,649,-229,568,126,-188,-1,0
5,79,510,-617,309,-29,-351,-465,504,-221,98,649,-229,577,126,-188,-1,0
5,80,508,-617,305,-29,-351,-474,501,-241,98,649,-229,575,126,-188,-1,0
5,81,508,-615,297,-30,-353,-470,495,-245,98,649,-229,568,126,-189,-1,0
5,82,510,-623,298,-31,-354,-466,497,-230,98,649,-229,574,126,-186,-1,0
5,83,511,-624,308,-31,-356,-471,498,-215,98,650,-229,577,126,-190,-1,0
5,84,509,-618,308,-32,-355,-472,500,-209,98,649,-229,572,126,-195,-1,0
5,85,505,-621,301,-33,-350,-465,501,-217,98,649,-229,575,126,-190,-1,0
6,86,507,-623,303,-32,-352,-456,499,-224,98,654,-229,579,126,-189,-1,0
6,87,508,-617,307,-30,-357,-455,500,-211,98,654,-229,568,126,-199,-1,0
6,88,506,-612,307,-30,-355,-460,506,-214,98,650,-229,565,126,-194,-1,0
6,89,505,-616,306,-29,-354,-458,497,-246,98,648,-229,572,126,-184,-1,0
6,90,509,-623,303,-29,-354,-457,475,-259,98,650,-229,568,126,-189,-1,0
6,91,512,-622,299,-31,-353,-467,467,-238,98,649,-229,564,126,-191,-1,0
6,92,509,-617,302,-31,-354,-474,484,-223,98,649,-228,567,126,-182,-1,0
6,93,507,-617,306,-29,-355,-472,502,-223,98,649,-230,569,126,-189,-1,0
6,94,509,-620,308,-29,-355,-468,502,-206,98,649,-232,569,126,-197,-1,0
6,95,511,-622,315,-30,-354,-465,505,-202,98,649,-231,565,126,-191,-1,0
6,96,510,-621,312,-29,-354,-469,507,-233,98,649,-230,567,126,-190,-1,0
6,97,508,-618,308,-30,-353,-470,485,-251,98,649,-230,571,126,-193,-1,0
6,98,509,-611,312,-32,-352,-462,463,-245,98,649,-231,569,126,-194,-1,0
6,99,510,-597,307,-31,-353,-462,475,-261,98,649,-230,568,126,-195,-1,0
6,100,508,-599,298,-32,-356,-470,484,-281,98,649,-229,568,126,-192,-1,0
6,101,504,-620,298,-31,-355,-467,477,-260,98,649,-229,568,126,-191,-1,0
6,102,506,-628,307,-30,-354,-465,489,-240,98,649,-229,568,126,-192,-1,0
6,103,509,-615,308,-31,-353,-469,506,-249,98,649,-229,569,126,-191,-1,0
6,104,507,-613,305,-31,-355,-468,510,-248,98,649,-229,570,126,-193,-1,0
6,105,504,-615,311,-30,-356,-468,497,-239,98,649,-229,568,126,-194,-1,0
6,106,508,-609,315,-30,-354,-471,477,-247,98,649,-229,567,126,-189,-1,0
6,107,510,-604,308,-29,-350,-470,469,-265,98,649,-229,569,126,-191,-1,0
6,108,508,-614,307,-29,-350,-471,469,-274,98,649,-229,568,126,-193,-1,0
6,109,508,-622,314,-32,-351,-470,477,-263,98,649,-229,567,126,-185,-1,0
6,110,510,-611,304,-32,-353,-467,495,-244,98,649,-229,567,126,-183,0,0
6,111,504,-606,292,-27,-356,-469,507,-243,98,649,-229,569,126,-196,-1,0
6,112,508,-621,300,-28,-357,-469,501,-239,98,649,-229,573,124,-198,-1,0
6,113,522,-624,308,-32,-351,-460,494,-226,98,649,-229,572,123,-189,-1,0
6,114,519,-601,303,-32,-350,-457,487,-241,98,649,-229,563,125,-189,-1,0
6,115,506,-599,301,-30,-356,-465,465,-273,98,649,-229,561,126,-198,-1,0
6,116,508,-608,308,-32,-359,-471,447,-280,98,649,-229,569,126,-193,-1,0
6,117,512,-600,313,-31,-353,-468,458,-280,98,649,-229,570,126,-185,-1,0
6,118,505,-602,299,-30,-350,-463,476,-274,98,649,-229,567,126,-193,-1,0
6,119,504,-604,294,-30,-354,-459,476,-252,98,649,-229,568,126,-194,-1,0
6,120,509,-599,311,-31,-356,-457,487,-236,98,649,-229,569,126,-187,-1,0
6,121,509,-606,317,-31,-353,-461,515,-231,98,649,-229,570,126,-191,-1,0
6,122,511,-621,307,-31,-350,-468,510,-226,98,649,-229,570,126,-192,-1,0
6,123,511,-626,308,-31,-353,-470,478,-243,98,649,-229,569,126,-188,-1,0
6,124,506,-621,317,-31,-355,-469,465,-279,98,649,-229,567,126,-189,-1,0
6,125,506,-606,306,-31,-353,-471,470,-283,98,649,-229,570,126,-192,-1,0
6,126,511,-607,295,-31,-354,-472,473,-265,98,649,-229,571,126,-192,-1,0
6,127,509,-619,303,-31,-354,-470,465,-270,98,649,-229,567,126,-192,-1,0
6,128,504,-610,306,-31,-354,-471,467,-277,98,649,-229,566,126,-190,-1,0
6,0,510,-602,301,-31,-353,-463,480,-260,98,649,-229,570,126,-189,-1,0
6,1,513,-621,302,-31,-351,-453,479,-256,98,649,-229,573,126,-189,-1,0
6,2,507,-630,304,-31,-352,-452,476,-276,98,649,-229,571,126,-187,-1,0
6,3,507,-618,303,-31,-353,-454,485,-270,98,649,-229,570,126,-190,-1,0
6,4,508,-619,308,-31,-352,-453,482,-249,98,649,-229,569,126,-196,-1,0
6,5,507,-625,310,-31,-354,-453,469,-254,98,649,-229,567,126,-194,-1,0
6,6,507,-621,306,-31,-356,-453,472,-266,98,649,-229,569,126,-191,-1,0
6,7,508,-617,309,-31,-354,-454,482,-261,98,650,-229,570,126,-191,-1,0
6,8,508,-622,307,-31,-352,-454,477,-256,98,649,-229,564,126,-188,-1,0
6,9,508,-621,306,-31,-356,-454,470,-270,98,649,-229,565,126,-188,-1,0
6,10,508,-612,311,-31,-359,-454,483,-271,98,652,-229,571,126,-192,-1,0
6,11,508,-615,309,-31,-353,-454,501,-251,98,654,-229,568,126,-187,-1,0
6,12,507,-623,298,-31,-349,-454,504,-235,98,653,-229,568,126,-185,-1,0
6,13,507,-621,297,-31,-353,-454,503,-231,98,651,-229,571,126,-194,-1,0
6,14,509,-618,310,-31,-354,-454,507,-237,98,649,-229,569,126,-194,-1,0
6,15,506,-621,309,-31,-350,-453,497,-256,98,649,-229,568,126,-188,-1,0
6,16,503,-620,304,-31,-351,-452,478,-262,98,651,-229,568,126,-194,-1,0
6,17,508,-621,308,-31,-353,-454,465,-250,98,652,-229,565,126,-198,-1,0
6,18,508,-622,311,-31,-353,-455,476,-254,98,651,-229,567,126,-190,-1,0
6,19,513,-621,309,-31,-352,-451,497,-261,98,651,-229,570,126,-185,-1,0
6,20,521,-622,310,-31,-351,-456,493,-265,98,651,-229,568,126,-192,-1,0
6,21,514,-623,307,-31,-353,-470,468,-266,98,651,-229,569,126,-197,-1,0
6,22,504,-621,307,-31,-355,-470,480,-252,98,651,-229,569,126,-194,-1,0
6,23,506,-620,310,-31,-354,-458,511,-245,98,651,-229,568,126,-192,-1,0
6,24,509,-620,304,-31,-351,-457,494,-264,98,651,-229,570,126,-190,-1,0
6,25,502,-615,301,-31,-347,-460,462,-262,98,651,-229,569,126,-191,-1,0
6,26,502,-601,307,-31,-349,-457,476,-245,98,651,-229,567,126,-193,-1,0
6,27,517,-598,303,-31,-353,-456,499,-266,98,651,-229,568,126,-191,-1,0
6,28,525,-617,300,-31,-351,-459,482,-285,98,651,-229,568,126,-191,-1,0
6,29,511,-627,306,-31,-350,-456,464,-264,98,651,-229,568,126,-194,-1,0
6,30,500,-614,305,-31,-356,-457,478,-245,98,651,-229,569,126,-190,-1,0
6,31,508,-600,306,-31,-354,-470,489,-248,98,651,-229,570,126,-189,-1,0
6,32,509,-601,311,-31,-350,-472,477,-256,98,651,-229,569,126,-195,-1,0
6,33,501,-616,310,-31,-355,-461,465,-262,98,651,-229,570,126,-192,0,0
6,34,503,-623,304,-31,-358,-456,469,-278,98,651,-229,572,126,-192,-1,0
6,35,511,-611,297,-31,-352,-461,473,-291,98,651,-229,570,126,-197,0,0
6,36,513,-600,302,-31,-350,-461,470,-278,98,651,-229,567,126,-190,-1,0
6,37,509,-607,305,-31,-352,-456,469,-247,98,651,-229,565,126,-187,-1,0
6,38,506,-609,302,-31,-355,-460,473,-241,98,651,-229,565,126,-191,-1,0
6,39,509,-603,304,-31,-354,-469,477,-256,98,651,-229,565,126,-188,-1,0
6,40,510,-607,302,-31,-352,-471,476,-261,98,651,-229,567,126,-186,-1,0
6,41,502,-609,301,-31,-354,-467,469,-268,98,651,-229,574,126,-189,-1,0
6,42,505,-602,305,-31,-357,-468,466,-282,98,651,-229,574,126,-186,-1,0
6,43,514,-610,305,-31,-358,-471,468,-277,98,651,-229,568,126,-190,-1,0
6,44,508,-623,303,-31,-354,-468,459,-260,98,653,-229,570,126,-194,-1,0
6,45,512,-618,306,-31,-354,-466,446,-261,98,651,-229,576,126,-189,-1,0
6,46,521,-616,304,-31,-355,-467,447,-273,98,651,-229,572,126,-187,-1,0
6,47,514,-618,308,-31,-354,-469,450,-261,98,655,-229,568,126,-189,-1,0
6,48,506,-609,313,-31,-354,-468,446,-255,98,648,-229,567,126,-186,-1,0
6,49,512,-608,303,-31,-355,-466,454,-283,98,634,-229,566,126,-192,-1,0
6,50,512,-622,301,-31,-357,-464,469,-291,98,632,-229,571,126,-200,-1,0
6,51,510,-627,313,-31,-356,-459,474,-267,98,636,-229,573,126,-192,-1,0
6,52,511,-616,310,-31,-352,-456,456,-274,98,631,-229,565,126,-185,-1,0
6,53,507,-616,297,-31,-351,-457,445,-299,98,628,-229,564,126,-189,-1,0
6,54,508,-617,295,-31,-354,-459,459,-287,98,631,-229,573,126,-194,-1,0
6,55,512,-611,302,-31,-355,-458,474,-264,98,630,-229,575,126,-195,-1,0
6,56,505,-605,302,-31,-353,-459,470,-272,98,630,-229,570,126,-192,-1,0
6,57,509,-601,302,-31,-352,-466,468,-279,98,630,-229,569,126,-187,-1,0
6,58,520,-606,307,-31,-352,-472,476,-257,98,630,-229,572,126,-187,-1,0
6,59,516,-618,304,-31,-352,-468,470,-248,98,630,-229,568,126,-193,-1,0
6,60,504,-624,301,-31,-353,-464,456,-271,98,630,-229,566,126,-194,-1,0
6,61,507,-622,304,-31,-354,-466,460,-280,98,630,-229,573,126,-194,-1,0
6,62,510,-622,306,-31,-354,-466,459,-271,98,630,-229,574,126,-194,-1,0
6,63,504,-614,312,-31,-355,-465,452,-274,98,630,-229,568,126,-192,-1,0
6,64,505,-611,314,-31,-353,-465,462,-287,98,630,-229,566,126,-188,-1,0
6,65,510,-621,309,-31,-353,-465,480,-290,98,630,-229,569,126,-190,-1,0
6,66,509,-619,310,-31,-353,-465,472,-281,98,630,-229,569,126,-193,-1,0
6,67,509,-616,313,-31,-351,-465,464,-265,98,630,-229,569,126,-189,-1,0
6,68,509,-620,306,-31,-352,-465,472,-265,98,630,-229,569,126,-189,-1,0
6,69,510,-611,305,-31,-352,-465,464,-270,98,630,-229,570,126,-192,-1,0
6,70,512,-595,310,-31,-351,-465,449,-272,98,630,-229,574,126,-192,-1,0
6,71,509,-605,302,-31,-352,-465,456,-289,98,630,-229,572,126,-189,-1,0
6,72,507,-624,295,-31,-352,-465,472,-292,98,630,-229,567,126,-186,-1,0
6,73,512,-617,303,-31,-352,-465,474,-262,98,630,-229,567,126,-188,-1,0
6,74,515,-603,313,-31,-355,-465,471,-239,98,630,-229,570,126,-192,-1,0
6,75,511,-615,310,-31,-355,-465,476,-241,98,630,-229,572,126,-192,-1,0
6,76,505,-631,298,-31,-352,-465,478,-248,98,630,-229,573,126,-190,-1,0
6,77,507,-621,298,-31,-353,-465,478,-243,98,630,-229,568,126,-191,-1,0
6,78,508,-618,309,-31,-355,-465,490,-249,98,630,-229,567,126,-191,-1,0
6,79,509,-625,315,-31,-355,-465,506,-262,98,630,-229,572,126,-189,-1,0
6,80,511,-621,309,-31,-353,-465,501,-258,98,630,-229,568,126,-191,-1,0
6,81,510,-619,302,-31,-353,-465,477,-244,98,630,-229,565,126,-193,-1,0
6,82,507,-619,306,-31,-355,-466,476,-239,98,630,-229,570,126,-193,-1,0
6,83,511,-617,306,-31,-354,-466,497,-240,98,630,-229,571,126,-193,-1,0
6,84,512,-620,298,-31,-351,-465,494,-250,98,630,-229,568,126,-190,-1,0
6,85,508,-621,301,-31,-353,-466,470,-262,98,630,-229,570,126,-187,-1,0
7,86,507,-619,311,-31,-357,-465,468,-252,98,630,-229,569,126,-187,-1,0
7,87,506,-625,307,-31,-356,-460,476,-236,98,630,-229,566,126,-189,-1,0
7,88,511,-620,306,-31,-354,-456,474,-239,98,630,-229,566,126,-195,-1,0
7,89,518,-611,316,-31,-354,-459,474,-248,98,630,-229,566,126,-196,-1,0
7,90,512,-618,313,-31,-353,-459,474,-257,98,630,-229,571,126,-188,-1,0
7,91,505,-613,307,-31,-350,-454,471,-258,98,630,-229,574,126,-185,-1,0
7,92,510,-605,308,-31,-352,-462,472,-262,98,629,-229,570,126,-192,-1,0
7,93,512,-607,310,-31,-355,-470,469,-276,98,631,-229,566,126,-193,-1,0
7,94,506,-612,309,-31,-355,-463,462,-275,98,629,-229,567,126,-190,-1,0
7,95,506,-618,301,-31,-353,-455,467,-259,98,627,-229,570,126,-192,-1,0
7,96,513,-621,302,-31,-352,-459,477,-251,98,641,-229,572,126,-191,-1,0
7,97,512,-614,314,-31,-352,-466,476,-244,98,657,-229,569,126,-193,-1,0
7,98,510,-615,314,-31,-352,-469,473,-249,98,657,-229,564,126,-197,-1,0
7,99,515,-628,301,-31,-350,-470,466,-273,98,653,-229,566,126,-192,-1,0
7,100,515,-621,302,-31,-352,-469,455,-276,98,653,-229,570,126,-188,-1,0
7,101,508,-607,310,-31,-353,-468,459,-264,98,650,-229,572,126,-190,-1,0
7,102,507,-610,307,-31,-352,-469,458,-271,98,650,-229,571,126,-191,-1,0
7,103,512,-619,304,-31,-352,-468,443,-281,98,652,-229,569,126,-193,-1,0
7,104,512,-623,309,-31,-351,-470,440,-280,98,651,-229,567,127,-193,-1,0
7,105,510,-623,313,-31,-353,-471,453,-283,98,651,-229,567,126,-190,-1,0
7,106,514,-616,309,-31,-355,-464,460,-294,98,651,-229,568,124,-192,-1,-1
7,107,511,-608,301,-31,-353,-458,454,-290,98,651,-229,568,124,-196,-1,0
7,108,507,-614,307,-31,-352,-466,447,-276,98,651,-229,569,126,-195,-1,0
7,109,513,-621,314,-31,-356,-471,441,-272,98,651,-229,570,124,-191,-1,0
7,110,515,-621,311,-31,-355,-466,448,-273,98,651,-229,571,122,-189,-1,0
7,111,510,-618,306,-32,-353,-466,451,-275,98,651,-229,572,123,-187,-1,0
7,112,509,-611,306,-29,-354,-469,438,-284,98,651,-229,573,125,-193,0,0
7,113,510,-615,305,-28,-352,-468,429,-298,98,651,-229,568,124,-194,-1,0
7,114,504,-625,308,-30,-351,-467,443,-299,98,651,-229,564,124,-187,0,0
7,115,505,-621,316,-31,-352,-469,458,-280,98,651,-229,571,126,-189,-1,0
7,116,510,-618,310,-31,-352,-467,451,-271,98,651,-229,574,126,-195,-1,0
7,117,507,-619,297,-32,-354,-467,440,-283,98,651,-229,570,126,-193,0,0
7,118,506,-603,301,-31,-354,-470,430,-299,98,651,-229,573,126,-188,-1,0
7,119,508,-594,303,-31,-351,-467,437,-297,98,651,-229,572,126,-191,-1,0
7,120,510,-614,298,-31,-349,-462,463,-277,98,651,-230,566,126,-193,-1,0
7,121,508,-624,305,-31,-351,-467,465,-266,98,651,-228,571,126,-193,-1,0
7,122,507,-610,315,-31,-354,-471,460,-273,98,651,-229,576,126,-194,-1,0
7,123,510,-608,308,-31,-356,-469,470,-275,98,651,-231,565,126,-190,-1,0
7,124,510,-614,305,-31,-355,-468,461,-273,98,651,-224,569,126,-187,-1,0
7,125,508,-614,313,-31,-353,-471,437,-289,98,651,-220,584,126,-193,-1,0
7,126,508,-617,310,-31,-353,-469,435,-312,98,651,-227,574,126,-197,-1,0
7,127,508,-619,299,-31,-354,-463,447,-304,98,651,-230,563,126,-190,-1,0
7,128,508,-604,299,-31,-353,-464,456,-285,98,651,-228,565,126,-187,-1,0
7,0,509,-594,306,-31,-355,-468,468,-286,98,651,-228,568,126,-191,-1,0
7,1,506,-610,309,-31,-358,-469,475,-288,98,651,-228,567,126,-188,-1,0
7,2,505,-623,305,-31,-357,-468,471,-283,98,651,-228,567,126,-184,-1,-1
7,3,506,-617,297,-30,-352,-467,459,-283,98,651,-232,568,126,-189,-1,0
7,4,505,-603,301,-29,-353,-460,456,-278,98,651,-230,568,126,-195,-1,0
7,5,505,-598,308,-29,-358,-456,470,-267,98,651,-228,568,126,-194,-1,0
7,6,506,-608,303,-29,-354,-460,477,-272,98,651,-229,569,126,-189,-1,0
7,7,506,-620,301,-29,-350,-458,471,-275,98,651,-229,570,126,-186,-1,0
7,8,508,-612,313,-29,-354,-457,473,-284,98,651,-229,566,126,-188,-1,0
7,9,510,-604,312,-29,-354,-458,474,-304,98,651,-229,566,126,-190,0,-1
7,10,511,-621,307,-29,-347,-457,470,-298,98,651,-229,571,126,-188,0,0
7,11,509,-626,313,-29,-348,-458,476,-269,98,651,-229,570,126,-187,0,-1
7,12,505,-605,312,-29,-352,-457,470,-258,98,651,-229,573,126,-192,0,0
7,13,505,-602,309,-29,-352,-457,449,-265,98,651,-229,574,126,-194,0,0
7,14,509,-617,308,-29,-353,-458,454,-272,98,651,-229,569,126,-191,-1,0
7,15,512,-620,309,-29,-352,-458,474,-274,98,651,-229,567,126,-191,-1,0
7,16,512,-621,313,-29,-351,-456,472,-276,98,651,-229,571,126,-191,-1,-1
7,17,509,-625,310,-30,-353,-461,465,-272,98,651,-229,569,126,-188,-1,0
7,18,512,-621,305,-29,-355,-469,474,-260,98,651,-229,568,126,-188,0,0
7,19,514,-618,310,-29,-353,-471,475,-259,98,651,-230,569,126,-194,-1,0
7,20,510,-622,313,-31,-352,-469,469,-257,98,651,-231,571,126,-196,-1,0
7,21,509,-616,306,-33,-352,-464,485,-242,98,651,-231,571,126,-192,-1,0
7,22,513,-603,310,-31,-356,-459,501,-244,98,651,-231,571,126,-186,-1,0
7,23,509,-597,308,-31,-356,-457,486,-265,98,651,-231,569,126,-186,-1,0
7,24,504,-607,298,-31,-354,-460,465,-263,98,651,-231,567,126,-191,-1,0
7,25,510,-622,301,-31,-353,-457,483,-258,98,651,-231,569,126,-190,-1,0
7,26,512,-617,299,-31,-352,-457,502,-272,98,651,-231,572,126,-186,-1,0
7,27,506,-604,296,-31,-354,-460,491,-276,98,652,-231,570,126,-187,-1,0
7,28,513,-599,308,-31,-355,-455,479,-266,98,651,-231,567,126,-194,-1,0
7,29,523,-609,311,-31,-351,-456,480,-268,98,651,-231,569,127,-193,-1,0
7,30,515,-622,303,-31,-350,-467,499,-280,98,654,-231,570,124,-185,-1,0
7,31,506,-621,307,-31,-351,-467,501,-274,98,649,-232,568,124,-187,-1,0
7,32,509,-612,309,-31,-354,-460,476,-255,98,637,-232,567,129,-195,-1,0
7,33,510,-612,302,-31,-355,-465,475,-255,98,633,-232,568,127,-192,-1,0
7,34,507,-611,308,-31,-353,-471,503,-265,98,636,-232,568,123,-184,-1,0
7,35,509,-602,312,-31,-353,-469,507,-255,98,634,-232,569,124,-188,-1,0
7,36,515,-603,306,-31,-356,-470,492,-252,98,633,-232,570,127,-193,-1,0
7,37,515,-606,306,-31,-353,-472,502,-272,98,636,-232,571,126,-193,-1,0
7,38,510,-613,311,-31,-348,-469,504,-268,98,636,-232,572,124,-189,-1,0
7,39,505,-624,312,-31,-351,-470,483,-257,98,636,-233,572,124,-192,-1,0
7,40,508,-622,309,-31,-355,-468,475,-270,98,636,-230,569,126,-193,-1,0
7,41,516,-619,308,-31,-352,-467,482,-275,98,636,-225,569,126,-190,-1,0
7,42,516,-626,311,-31,-352,-468,479,-267,98,636,-228,570,126,-192,-1,0
7,43,510,-625,312,-31,-355,-468,469,-287,98,636,-232,568,126,-196,-1,0
7,44,505,-622,311,-31,-355,-468,468,-301,98,636,-230,566,126,-191,-1,0
7,45,507,-627,307,-31,-353,-468,471,-281,98,636,-228,568,126,-191,-1,0
7,46,507,-618,308,-31,-352,-468,471,-268,98,636,-229,570,126,-193,-1,0
7,47,507,-603,313,-31,-356,-468,483,-264,98,636,-229,570,126,-189,-1,0
7,48,511,-612,311,-31,-357,-468,502,-246,98,636,-229,570,126,-191,-1,0
7,49,508,-628,302,-31,-353,-468,501,-250,98,636,-229,569,126,-195,-1,0
7,50,509,-625,307,-31,-351,-468,482,-274,98,636,-229,566,126,-190,-1,0
7,51,511,-618,310,-31,-352,-468,474,-271,98,636,-229,566,126,-190,-1,0
7,52,510,-625,296,-31,-351,-468,478,-263,98,636,-229,571,126,-192,-1,0
7,53,508,-624,301,-31,-352,-468,476,-279,98,636,-229,571,126,-192,-1,0
7,54,508,-609,315,-31,-356,-468,473,-283,98,636,-229,566,126,-200,-1,0
7,55,511,-613,310,-31,-355,-468,474,-267,98,636,-229,572,126,-204,-1,0
7,56,509,-619,307,-31,-353,-468,477,-274,98,636,-229,577,126,-197,-1,0
7,57,505,-613,312,-31,-357,-468,479,-285,98,636,-229,573,126,-193,-1,0
7,58,505,-616,311,-31,-356,-468,487,-259,98,636,-229,569,126,-188,-1,0
7,59,512,-617,311,-31,-351,-468,496,-243,98,636,-229,572,126,-187,-1,0
7,60,512,-607,311,-31,-351,-468,485,-262,98,635,-229,574,126,-188,-1,0
7,61,508,-612,310,-31,-355,-468,472,-270,98,637,-229,573,126,-189,-1,0
7,62,506,-624,313,-31,-355,-468,478,-267,98,635,-229,570,126,-192,-1,0
7,63,505,-623,310,-32,-350,-468,478,-277,98,634,-229,570,126,-192,-1,0
7,64,505,-620,300,-31,-353,-468,470,-271,98,645,-229,569,126,-190,-1,0
7,65,509,-619,309,-29,-360,-468,476,-255,98,654,-229,570,126,-193,-1,0
7,66,508,-612,315,-30,-359,-468,479,-265,98,653,-229,573,126,-192,-1,0
7,67,502,-618,298,-32,-353,-468,470,-279,98,653,-229,568,126,-187,-1,0
7,68,506,-628,297,-32,-355,-468,469,-279,98,655,-229,564,126,-192,-1,0
7,69,512,-612,312,-32,-356,-468,478,-280,98,654,-229,570,126,-197,-1,0
7,70,510,-604,308,-31,-351,-468,481,-275,98,652,-229,574,126,-191,-1,0
7,71,508,-617,298,-31,-351,-468,471,-268,98,649,-229,574,126,-187,-1,0
7,72,510,-618,306,-31,-353,-468,468,-268,98,649,-229,573,126,-185,-1,0
7,73,509,-616,314,-31,-354,-468,485,-262,98,651,-229,568,126,-190,-1,0
7,74,510,-624,309,-31,-354,-468,492,-264,98,651,-229,566,126,-192,-1,0
7,75,510,-620,306,-31,-352,-468,476,-279,98,651,-229,569,126,-188,-1,0
7,76,505,-614,308,-31,-353,-468,480,-267,98,652,-229,567,126,-191,-1,0
7,77,503,-621,314,-31,-356,-468,497,-245,98,652,-229,564,126,-197,-1,0
7,78,507,-610,317,-31,-356,-468,484,-257,98,650,-229,566,126,-196,-1,0
7,79,509,-594,307,-31,-352,-468,464,-267,98,654,-229,570,126,-192,-1,0
7,80,506,-608,299,-31,-353,-468,474,-259,98,652,-229,568,126,-194,-1,0
7,81,505,-624,301,-31,-354,-468,486,-271,98,638,-229,565,126,-191,-1,0
7,82,506,-621,307,-31,-354,-468,475,-276,98,632,-229,569,126,-190,-1,0
7,83,508,-613,308,-31,-355,-468,472,-248,98,638,-229,570,126,-197,0,0
7,84,509,-620,307,-31,-354,-468,486,-235,98,637,-229,566,126,-197,-1,0
7,85,509,-622,309,-31,-353,-468,493,-250,98,633,-229,567,126,-191,-1,0
8,86,509,-604,312,-31,-353,-468,476,-263,98,636,-229,570,126,-187,0,0
8,87,509,-600,307,-31,-353,-468,467,-271,98,637,-229,570,126,-188,-1,0
8,88,509,-616,299,-31,-353,-468,491,-272,98,636,-229,570,126,-189,0,0
8,89,509,-624,299,-31,-352,-468,498,-263,98,637,-229,569,126,-187,-1,0
8,90,509,-617,308,-31,-351,-468,477,-256,98,636,-229,567,126,-188,0,0
8,91,509,-605,311,-31,-354,-468,474,-261,98,635,-229,569,126,-187,-1,0
8,92,509,-600,302,-31,-354,-468,484,-270,98,637,-229,573,126,-186,-1,0
8,93,509,-608,297,-31,-353,-468,478,-262,98,635,-229,570,126,-193,-1,0
8,94,510,-622,308,-31,-355,-468,468,-264,98,635,-229,566,126,-197,-1,0
8,95,509,-620,313,-31,-356,-468,469,-285,98,647,-229,569,126,-187,-1,0
8,96,507,-603,305,-31,-354,-468,465,-277,98,654,-229,571,126,-190,-1,0
8,97,513,-598,306,-31,-353,-468,470,-244,98,651,-229,569,126,-196,-1,0
8,98,515,-617,313,-31,-354,-468,484,-241,98,653,-229,567,126,-189,-1,0
8,99,508,-627,308,-31,-353,-468,486,-253,98,656,-229,568,126,-187,-1,0
8,100,503,-610,307,-31,-354,-468,480,-254,98,654,-229,568,126,-197,-1,0
8,101,507,-609,311,-31,-356,-468,478,-271,98,653,-229,568,126,-198,-1,0
8,102,509,-618,310,-31,-354,-468,475,-297,98,653,-229,569,126,-190,-1,0
8,103,506,-616,305,-31,-352,-468,467,-294,98,651,-229,568,126,-186,-1,0
8,104,504,-619,303,-31,-352,-468,468,-282,98,652,-229,571,126,-193,-1,0
8,105,504,-618,301,-31,-353,-468,473,-283,98,652,-229,574,126,-195,-1,0
8,106,507,-609,305,-31,-352,-468,473,-275,98,651,-229,570,126,-188,-1,0
8,107,508,-615,309,-31,-351,-468,477,-260,98,652,-229,566,126,-188,-1,0
8,108,507,-619,300,-31,-351,-468,476,-267,98,651,-229,566,126,-194,-1,0
8,109,508,-600,296,-33,-354,-468,471,-272,98,652,-229,568,126,-187,-1,0
8,110,509,-598,310,-31,-355,-468,476,-257,98,652,-229,571,126,-183,0,0
8,111,507,-617,316,-28,-352,-468,467,-262,98,651,-229,571,126,-190,-1,0
8,112,510,-621,305,-30,-350,-468,448,-278,98,653,-229,565,126,-193,-1,0
8,113,509,-622,293,-32,-351,-468,454,-278,98,655,-229,565,126,-191,-1,0
8,114,502,-621,299,-30,-354,-468,472,-285,98,654,-229,570,126,-187,-1,0
8,115,504,-607,311,-29,-353,-468,470,-289,98,650,-229,568,126,-185,-1,0
8,116,511,-607,309,-30,-348,-468,465,-269,98,649,-229,568,126,-194,0,0
8,117,510,-622,308,-30,-349,-468,470,-263,98,652,-229,570,126,-200,0,0
8,118,506,-618,313,-29,-353,-468,472,-277,98,651,-229,568,126,-189,-1,0
8,119,507,-609,309,-29,-354,-468,479,-270,98,650,-229,568,126,-187,-1,0
8,120,510,-616,306,-29,-353,-468,475,-269,98,653,-229,570,126,-199,-1,0
8,121,509,-612,312,-30,-353,-468,448,-293,98,655,-229,568,126,-197,-1,0
8,122,506,-597,307,-30,-351,-468,447,-294,98,651,-229,565,126,-185,-1,0
8,123,506,-600,308,-29,-352,-468,463,-278,98,649,-229,568,126,-188,-1,0
8,124,510,-617,319,-30,-354,-468,458,-276,98,651,-229,572,126,-191,-1,0
8,125,512,-621,314,-33,-354,-468,458,-276,98,651,-229,570,126,-186,-1,0
8,126,508,-614,303,-30,-352,-468,475,-277,98,649,-229,564,126,-187,-1,0
8,127,508,-617,306,-26,-351,-468,477,-280,98,649,-229,564,126,-194,-1,0
8,128,509,-626,314,-30,-353,-468,471,-275,98,650,-229,567,126,-195,-1,0
8,0,508,-614,313,-33,-353,-468,474,-273,98,649,-229,570,126,-191,-1,0
8,1,510,-595,307,-29,-353,-468,472,-280,98,649,-229,573,126,-187,-1,0
8,2,510,-602,307,-27,-352,-468,473,-272,98,650,-229,569,126,-186,-1,0
8,3,507,-622,313,-29,-351,-468,472,-272,98,653,-229,567,126,-188,-1,0
8,4,509,-625,311,-28,-353,-468,464,-291,98,655,-229,570,126,-190,-1,0
8,5,508,-615,304,-28,-356,-468,482,-277,98,652,-229,568,126,-193,-1,0
8,6,512,-621,308,-29,-353,-468,495,-241,98,649,-229,568,126,-195,-1,0
8,7,522,-627,313,-31,-352,-468,482,-245,98,651,-229,573,126,-193,-1,0
8,8,516,-606,311,-31,-355,-468,467,-268,98,652,-229,571,126,-190,-1,0
8,9,502,-593,309,-31,-354,-468,471,-263,98,650,-229,564,126,-199,-1,0
8,10,507,-611,307,-31,-352,-468,490,-259,98,651,-229,565,126,-205,-1,0
8,11,514,-623,304,-31,-353,-468,499,-271,98,652,-229,569,126,-197,-1,0
8,12,506,-620,307,-31,-353,-468,480,-272,98,650,-229,568,126,-198,-1,0
8,13,507,-617,313,-31,-352,-468,465,-271,98,649,-229,569,126,-203,-1,0
8,14,512,-620,312,-31,-355,-468,479,-276,98,650,-229,572,126,-194,-1,0
8,15,509,-621,305,-31,-353,-468,479,-274,98,649,-229,569,126,-181,-1,0
8,16,507,-616,304,-31,-351,-468,465,-278,98,649,-229,566,126,-188,-1,0
8,17,508,-617,308,-31,-354,-468,467,-295,98,649,-229,571,126,-199,-1,0
8,18,504,-625,312,-31,-353,-468,474,-285,98,650,-229,575,126,-194,-1,0
8,19,510,-615,309,-31,-349,-468,471,-258,98,650,-229,572,126,-184,-1,0
8,20,524,-605,305,-31,-353,-468,475,-255,98,650,-229,569,126,-186,-1,0
8,21,517,-620,306,-31,-356,-468,496,-254,98,650,-229,566,126,-192,-1,0
8,22,502,-623,310,-31,-351,-468,501,-238,98,650,-229,565,126,-190,-1,0
8,23,508,-614,307,-31,-352,-468,482,-256,98,650,-229,567,126,-192,-1,0
8,24,513,-612,307,-31,-355,-468,468,-293,98,650,-229,572,126,-192,-1,0
8,25,505,-617,313,-31,-351,-468,476,-282,98,650,-229,578,126,-189,-1,0
8,26,505,-620,310,-31,-351,-468,484,-249,98,650,-229,579,126,-190,-1,0
8,27,513,-611,307,-31,-355,-468,483,-244,98,650,-229,571,126,-189,-1,0
8,28,506,-610,312,-31,-353,-469,476,-259,98,650,-230,566,126,-192,-1,0
8,29,508,-620,313,-31,-350,-468,471,-270,98,650,-232,568,126,-197,-1,0
8,30,524,-620,310,-31,-355,-467,470,-281,98,650,-233,568,126,-194,-1,0
8,31,522,-615,310,-31,-355,-470,470,-275,98,650,-232,567,126,-186,0,0
8,32,506,-616,310,-31,-350,-468,472,-253,98,650,-232,570,126,-189,-1,0
8,33,506,-615,307,-31,-352,-460,475,-254,98,650,-232,569,126,-192,0,0
8,34,512,-617,305,-31,-356,-462,475,-269,98,650,-233,569,126,-186,-1,0
8,35,511,-616,307,-31,-354,-471,477,-263,98,650,-231,581,126,-185,-1,0
8,36,508,-604,309,-31,-352,-470,478,-259,98,650,-226,581,126,-192,0,0
8,37,513,-614,309,-31,-357,-466,476,-275,98,650,-227,568,126,-193,-1,0
8,38,517,-627,307,-31,-357,-467,472,-278,98,650,-232,567,126,-187,-1,0
8,39,514,-621,307,-31,-348,-467,469,-269,98,650,-230,572,126,-192,-1,0
8,40,505,-620,310,-31,-348,-467,470,-264,98,650,-227,569,126,-194,-1,0
8,41,507,-610,312,-31,-350,-469,471,-263,98,650,-231,569,126,-187,-1,0
8,42,515,-593,309,-31,-349,-467,473,-274,98,650,-228,570,126,-189,-1,0
8,43,513,-610,307,-31,-349,-466,472,-278,98,650,-222,565,126,-194,-1,0
8,44,506,-627,313,-31,-349,-466,471,-255,98,650,-226,566,126,-189,-1,0
8,45,503,-616,306,-31,-349,-466,484,-235,98,650,-231,570,126,-184,-1,0
8,46,506,-611,296,-32,-350,-466,500,-246,98,650,-229,568,126,-187,-1,0
8,47,511,-620,304,-31,-349,-466,502,-260,98,650,-229,565,126,-192,-1,0
8,48,506,-620,315,-31,-347,-466,504,-256,98,650,-231,568,126,-195,-1,0
8,49,504,-620,311,-33,-353,-466,504,-267,98,650,-230,569,126,-197,-1,0
8,50,512,-624,308,-32,-351,-466,485,-284,98,650,-230,566,126,-192,-1,0
8,51,512,-620,313,-27,-343,-466,470,-272,98,650,-231,567,126,-188,-1,0
8,52,510,-621,310,-28,-346,-466,471,-258,98,650,-231,571,126,-193,-1,0
8,53,515,-619,301,-32,-354,-466,471,-277,98,650,-231,569,126,-195,-1,0
8,54,513,-602,300,-32,-355,-467,468,-284,98,650,-231,565,126,-188,-1,0
8,55,505,-598,308,-31,-353,-465,470,-274,98,650,-231,569,126,-191,-1,0
8,56,508,-612,312,-31,-354,-465,481,-278,98,650,-231,570,126,-205,-1,0
8,57,510,-621,310,-31,-354,-470,488,-271,98,650,-231,567,126,-201,-1,0
8,58,506,-622,309,-32,-353,-468,473,-256,98,650,-231,567,126,-188,-1,0
8,59,510,-622,312,-31,-354,-459,478,-259,98,650,-231,567,126,-190,-1,0
8,60,511,-619,304,-30,-354,-456,502,-267,98,650,-231,566,126,-193,-1,0
8,61,505,-623,292,-29,-352,-461,497,-268,98,650,-231,569,126,-189,0,0
8,62,509,-625,301,-29,-350,-467,485,-278,98,650,-231,572,126,-190,-1,0
8,63,510,-612,316,-29,-351,-468,499,-285,98,650,-231,568,126,-195,-1,0
8,64,507,-607,312,-30,-354,-466,504,-262,98,650,-231,569,126,-192,-1,0
8,65,511,-619,307,-29,-355,-468,494,-238,98,650,-231,575,126,-185,-1,0
8,66,514,-625,312,-29,-354,-471,498,-242,98,650,-231,571,126,-189,-1,0
8,67,509,-622,310,-32,-352,-468,504,-256,98,650,-231,565,126,-193,-1,0
8,68,510,-618,307,-31,-352,-467,497,-244,98,649,-231,568,126,-191,-1,0
8,69,513,-617,310,-27,-353,-468,492,-236,98,649,-231,569,126,-186,-1,0
8,70,510,-616,309,-30,-352,-468,502,-260,98,650,-231,568,126,-185,-1,0
8,71,505,-616,304,-36,-353,-468,513,-256,98,650,-231,575,126,-190,-1,0
8,72,505,-618,307,-32,-353,-469,507,-224,98,649,-231,578,126,-193,-1,0
8,73,511,-618,312,-28,-354,-467,507,-225,98,650,-231,573,126,-191,-1,0
8,74,510,-615,309,-29,-354,-468,505,-253,98,653,-231,571,126,-189,-1,0
8,75,507,-617,306,-31,-350,-469,484,-251,98,654,-231,572,126,-188,-1,0
8,76,511,-624,310,-31,-352,-463,482,-239,98,650,-231,567,126,-189,-1,0
8,77,511,-623,311,-31,-354,-457,501,-257,98,649,-231,565,126,-190,-1,0
8,78,513,-618,308,-31,-353,-454,505,-266,98,651,-231,567,126,-191,-1,0
8,79,518,-618,306,-31,-353,-458,504,-250,98,652,-231,567,126,-192,-1,0
8,80,513,-621,306,-31,-356,-467,511,-240,98,651,-231,570,126,-194,-1,0
8,81,504,-619,308,-31,-352,-471,512,-249,98,651,-231,572,126,-196,-1,0
8,82,509,-607,309,-31,-351,-467,506,-265,98,651,-231,568,126,-195,-1,0
8,83,509,-596,310,-31,-354,-466,492,-271,98,651,-231,567,126,-190,-1,0
8,84,502,-609,309,-31,-354,-469,471,-275,98,651,-231,572,126,-190,-1,0
8,85,506,-624,310,-31,-353,-469,468,-286,98,651,-231,569,126,-193,-1,0
9,86,508,-612,311,-31,-353,-467,470,-290,98,651,-231,566,126,-188,-1,0
9,87,504,-605,311,-31,-351,-455,462,-280,98,651,-231,570,126,-189,-1,0
9,88,512,-613,306,-31,-354,-449,477,-270,98,651,-231,570,126,-193,-1,0
9,89,518,-614,299,-31,-357,-463,507,-268,98,651,-231,565,126,-191,-1,0
9,90,507,-616,302,-31,-353,-473,500,-271,98,651,-231,568,126,-191,0,0
9,91,508,-623,308,-31,-353,-469,471,-273,98,651,-231,572,126,-194,-1,0
9,92,520,-619,308,-31,-355,-469,468,-279,98,651,-231,567,126,-193,-1,0
9,93,513,-617,308,-31,-352,-475,472,-288,98,651,-231,567,126,-191,-1,0
9,94,502,-622,312,-31,-351,-476,458,-291,98,651,-231,572,126,-192,-1,0
9,95,508,-623,312,-31,-353,-474,456,-290,98,651,-231,568,126,-192,-1,0
9,96,512,-616,307,-31,-352,-473,473,-299,98,651,-231,570,126,-191,-1,0
9,97,505,-615,309,-31,-352,-475,479,-288,98,651,-231,578,126,-188,-1,0
9,98,506,-619,311,-31,-352,-476,471,-254,98,651,-231,575,126,-187,-1,0
9,99,506,-617,306,-31,-350,-467,456,-251,98,651,-231,569,126,-190,-1,0
9,100,506,-610,305,-31,-354,-458,450,-263,98,651,-231,570,126,-193,-1,0
9,101,513,-614,313,-31,-355,-459,458,-262,98,651,-231,577,126,-195,-1,0
9,102,517,-610,310,-31,-353,-461,457,-280,98,651,-231,582,126,-195,-1,0
9,103,511,-601,305,-31,-353,-460,440,-301,98,651,-231,575,126,-191,-1,0
9,104,509,-606,305,-31,-354,-458,437,-286,98,651,-231,566,126,-191,-1,0
9,105,512,-607,304,-31,-353,-458,457,-270,98,651,-231,564,126,-192,-1,0
9,106,512,-602,308,-31,-351,-458,475,-273,98,651,-231,566,126,-191,-1,0
9,107,512,-606,315,-31,-352,-460,476,-279,98,651,-231,567,126,-192,-1,0
9,108,511,-606,312,-31,-352,-459,467,-280,98,651,-231,569,126,-195,-1,0
9,109,506,-600,306,-31,-352,-459,471,-260,98,651,-231,569,126,-194,-1,0
9,110,508,-609,309,-31,-353,-460,473,-247,98,651,-231,568,126,-189,-1,0
9,111,511,-618,310,-31,-354,-458,456,-273,98,651,-231,570,126,-188,-1,0
9,112,509,-614,305,-31,-356,-461,439,-302,98,651,-231,569,126,-191,-1,0
9,113,505,-619,304,-31,-354,-468,441,-297,98,651,-231,567,126,-189,-1,0
9,114,505,-623,306,-31,-353,-471,459,-288,98,651,-231,569,126,-186,-1,0
9,115,509,-614,308,-31,-356,-468,475,-298,98,651,-231,570,126,-189,-1,0
9,116,508,-614,310,-31,-357,-467,476,-295,98,651,-231,568,126,-194,-1,0
9,117,505,-625,311,-31,-353,-468,458,-281,98,651,-231,568,126,-192,-1,0
9,118,505,-628,311,-31,-352,-468,442,-287,98,651,-231,567,126,-190,-1,0
9,119,507,-612,307,-31,-351,-468,435,-298,98,651,-231,565,126,-191,-1,0
9,120,507,-607,305,-31,-348,-468,444,-281,98,651,-231,569,126,-191,-1,0
9,121,506,-615,307,-31,-350,-468,464,-272,98,651,-231,571,126,-193,-1,0
9,122,507,-614,307,-31,-354,-468,463,-276,98,651,-231,565,126,-194,-1,0
9,123,504,-614,308,-31,-354,-468,453,-249,98,651,-231,566,126,-189,-1,0
9,124,508,-617,302,-31,-354,-468,452,-237,98,651,-231,572,126,-185,-1,0
9,125,514,-611,296,-31,-354,-468,450,-272,98,651,-231,568,126,-187,-1,0
9,126,509,-613,303,-31,-353,-468,444,-283,98,651,-231,565,126,-189,-1,0
9,127,502,-629,313,-31,-354,-468,447,-268,98,651,-231,569,126,-189,-1,0
9,128,505,-626,313,-31,-355,-468,446,-284,98,651,-231,570,126,-191,-1,0
9,0,513,-611,304,-31,-352,-468,437,-291,98,651,-231,569,126,-192,-1,0
9,1,512,-618,301,-31,-353,-468,441,-272,98,651,-231,568,126,-192,-1,0
9,2,504,-624,304,-31,-356,-468,444,-273,98,651,-231,566,126,-193,-1,0
9,3,508,-610,307,-31,-355,-468,439,-281,98,651,-231,566,126,-192,-1,0
9,4,515,-604,309,-31,-353,-468,441,-274,98,651,-231,567,126,-188,-1,0
9,5,510,-618,308,-31,-354,-468,433,-275,98,651,-231,567,126,-190,-1,0
9,6,503,-616,302,-31,-351,-468,422,-300,98,651,-231,568,126,-191,-1,0
9,7,507,-598,299,-31,-350,-468,428,-320,98,651,-231,567,126,-185,0,0
9,8,508,-599,304,-31,-357,-468,433,-317,98,651,-231,566,126,-187,-1,0
9,9,505,-611,309,-31,-358,-468,432,-296,98,651,-231,567,126,-193,-1,0
9,10,508,-619,307,-31,-352,-468,436,-284,98,651,-231,564,126,-189,-1,0
9,11,509,-625,299,-31,-353,-468,440,-293,98,651,-231,566,126,-187,-1,0
9,12,509,-624,297,-31,-355,-468,440,-292,98,651,-231,569,126,-187,-1,0
9,13,506,-614,308,-31,-356,-468,434,-289,98,651,-231,567,126,-186,-1,0
9,14,507,-612,313,-31,-356,-468,425,-304,98,651,-231,566,126,-192,-1,0
9,15,511,-619,306,-31,-353,-468,428,-305,98,651,-231,567,126,-195,-1,0
9,16,510,-615,304,-31,-352,-468,447,-279,98,651,-231,567,126,-187,0,0
9,17,505,-600,311,-31,-356,-468,447,-272,98,651,-231,569,126,-187,-1,0
9,18,510,-600,310,-31,-356,-468,426,-306,98,651,-231,568,125,-192,-1,0
9,19,514,-613,300,-31,-355,-468,419,-320,98,651,-231,565,127,-192,-1,0
9,20,508,-619,303,-31,-355,-468,434,-289,98,651,-231,569,124,-193,-1,0
9,21,503,-620,305,-31,-357,-468,450,-259,98,651,-231,570,121,-195,-1,0
9,22,507,-619,299,-31,-357,-468,446,-265,98,651,-231,567,122,-189,-1,0
9,23,512,-620,307,-31,-354,-468,439,-279,98,651,-231,568,126,-186,-1,0
9,24,509,-622,318,-31,-353,-468,439,-272,98,651,-231,569,126,-189,-1,0
9,25,504,-619,309,-31,-357,-468,437,-283,98,651,-231,572,125,-190,-1,0
9,26,508,-620,305,-31,-352,-468,438,-312,98,651,-231,571,126,-186,-1,0
9,27,514,-622,312,-31,-347,-468,445,-305,98,651,-231,570,126,-187,-1,0
9,28,512,-620,305,-31,-353,-468,451,-275,98,651,-231,572,126,-190,-1,0
9,29,506,-619,295,-31,-355,-468,445,-276,98,651,-231,571,126,-190,-1,0
9,30,505,-626,300,-31,-353,-468,437,-283,98,651,-231,569,126,-192,-1,0
9,31,512,-621,303,-31,-350,-468,437,-272,98,651,-231,569,126,-192,-1,0
9,32,513,-604,298,-31,-351,-468,443,-281,98,651,-231,570,126,-188,-1,0
9,33,506,-600,304,-31,-353,-468,432,-302,98,651,-231,572,126,-188,-1,0
9,34,504,-606,310,-31,-355,-468,413,-309,98,651,-231,570,126,-190,-1,0
9,35,509,-606,305,-31,-354,-468,420,-310,98,651,-231,566,126,-192,-1,0
9,36,509,-597,306,-31,-352,-468,443,-298,98,651,-231,567,126,-190,-1,0
9,37,508,-608,309,-31,-352,-468,448,-291,98,651,-231,570,126,-188,-1,0
9,38,510,-628,306,-31,-353,-468,441,-301,98,651,-231,572,126,-192,-1,0
9,39,508,-615,307,-31,-353,-468,441,-303,98,651,-231,572,126,-192,-1,0
9,40,507,-604,310,-31,-352,-468,442,-303,98,651,-231,569,126,-188,-1,0
9,41,510,-621,311,-31,-353,-468,432,-303,98,651,-231,567,126,-192,-1,0
9,42,511,-621,310,-31,-354,-468,419,-287,98,651,-231,569,126,-196,-1,0
9,43,508,-597,306,-31,-352,-468,421,-271,98,651,-231,571,126,-189,-1,0
9,44,505,-597,302,-31,-353,-468,440,-275,98,651,-231,570,126,-190,-1,0
9,45,507,-617,306,-31,-354,-468,445,-283,98,651,-231,568,126,-196,-1,0
9,46,511,-621,307,-31,-353,-468,438,-288,98,651,-231,568,126,-194,-1,0
9,47,508,-616,297,-31,-351,-468,437,-301,98,651,-231,568,126,-193,-1,0
9,48,510,-618,300,-31,-352,-468,441,-320,98,651,-231,566,126,-190,-1,0
9,49,520,-624,315,-31,-352,-468,439,-311,98,651,-231,565,126,-191,-1,0
9,50,514,-622,313,-31,-354,-468,432,-277,98,651,-231,571,126,-196,-1,0
9,51,507,-614,308,-31,-355,-468,433,-266,98,651,-231,574,126,-193,-1,0
9,52,515,-617,312,-31,-354,-468,453,-283,98,651,-231,570,126,-190,-1,0
9,53,515,-622,312,-31,-350,-468,466,-279,98,651,-231,565,126,-192,-1,0
9,54,505,-619,308,-31,-350,-468,453,-265,98,651,-231,566,126,-193,-1,0
9,55,508,-606,305,-31,-352,-468,441,-288,98,651,-231,567,126,-189,-1,0
9,56,510,-598,304,-31,-352,-468,447,-312,98,651,-231,567,126,-188,-1,0
9,57,507,-611,307,-31,-353,-468,449,-298,98,651,-231,568,126,-189,-1,0
9,58,511,-624,306,-31,-353,-468,450,-283,98,651,-231,568,126,-190,-1,0
9,59,511,-618,306,-31,-354,-468,457,-288,98,651,-231,567,126,-191,-1,0
9,60,506,-616,311,-31,-353,-468,452,-283,98,651,-231,567,126,-192,-1,0
9,61,508,-616,308,-31,-352,-468,438,-280,98,651,-231,568,126,-195,-1,0
9,62,513,-615,304,-31,-352,-468,435,-313,98,651,-231,568,126,-194,-1,0
9,63,510,-617,310,-31,-353,-468,445,-337,98,651,-231,568,126,-195,-1,0
9,64,508,-605,308,-31,-355,-468,462,-320,98,651,-231,570,126,-195,-1,0
9,65,508,-604,304,-31,-358,-468,474,-296,98,651,-231,568,126,-192,-1,0
9,66,508,-620,311,-31,-357,-468,471,-289,98,651,-231,565,126,-193,-1,0
9,67,515,-616,304,-31,-350,-468,472,-290,98,652,-231,567,126,-193,-1,0
9,68,518,-608,299,-31,-350,-469,480,-288,98,651,-231,570,126,-191,-1,0
9,69,512,-614,308,-31,-356,-467,468,-290,98,651,-231,567,126,-193,-1,0
9,70,507,-614,302,-31,-355,-468,441,-292,98,654,-231,566,126,-196,-1,0
9,71,508,-613,299,-31,-352,-471,435,-292,98,655,-231,570,126,-195,-1,0
9,72,511,-617,312,-31,-356,-468,446,-299,98,651,-231,570,126,-194,-1,0
9,73,513,-603,312,-31,-356,-459,443,-308,98,649,-231,567,126,-190,-1,0
9,74,511,-594,306,-31,-351,-457,449,-305,98,651,-231,568,126,-187,-1,0
9,75,507,-609,311,-31,-351,-459,470,-289,98,652,-231,568,126,-191,0,0
9,76,509,-623,310,-31,-352,-458,472,-294,98,651,-231,565,126,-192,-1,0
9,77,510,-622,309,-31,-350,-457,465,-308,98,651,-231,567,126,-190,-1,0
9,78,511,-609,310,-31,-353,-458,471,-291,98,651,-231,570,125,-189,-1,0
9,79,509,-597,307,-31,-355,-458,473,-273,98,651,-231,566,126,-189,-1,0
9,80,506,-604,308,-31,-354,-458,471,-275,98,651,-231,564,127,-187,-1,0
9,81,508,-622,310,-31,-352,-458,476,-279,98,651,-231,570,122,-186,-1,0
9,82,509,-627,300,-31,-355,-458,476,-288,98,653,-231,571,119,-189,-1,0
9,83,503,-609,295,-31,-357,-458,474,-291,98,655,-231,567,124,-189,-1,0
9,84,508,-597,305,-31,-353,-458,473,-279,98,651,-231,567,127,-186,-1,0
9,85,520,-605,311,-31,-349,-458,461,-285,98,649,-231,568,124,-186,-1,0
