0,98,515,-615,307,-21,-351,-526,1170,-143,99,650,-228,636,168,-17,0,0
0,99,513,-615,306,-19,-350,-534,1111,-197,99,650,-219,636,168,-17,0,0
0,100,510,-613,311,-25,-349,-533,1073,-237,99,650,-216,637,168,-19,0,0
0,101,509,-612,313,-22,-348,-519,1083,-227,99,650,-219,640,168,-18,0,0
0,102,511,-613,305,-16,-347,-520,1108,-202,99,650,-220,638,168,-16,0,0
0,103,514,-614,304,-21,-351,-526,1116,-203,99,650,-219,634,168,-20,0,0
0,104,513,-614,309,-26,-353,-522,1123,-207,99,650,-220,636,168,-19,0,0
0,105,511,-613,312,-23,-348,-518,1104,-228,99,650,-218,637,168,-15,0,0
0,106,512,-613,310,-18,-353,-519,1089,-240,99,650,-219,635,168,-20,0,0
0,107,513,-615,305,-20,-360,-524,1120,-198,99,650,-220,636,168,-21,0,0
0,108,515,-613,304,-24,-351,-525,1124,-181,99,650,-221,639,168,-14,0,0
0,109,514,-612,307,-25,-345,-524,1098,-200,99,650,-221,640,168,-17,0,0
0,110,511,-612,310,-21,-348,-522,1101,-201,99,650,-221,638,168,-21,0,0
0,111,510,-613,309,-28,-350,-519,1106,-190,99,650,-221,639,168,-17,0,0
0,112,512,-614,305,-35,-350,-522,1103,-177,99,650,-221,640,168,-18,0,0
0,113,515,-615,305,-27,-352,-525,1100,-178,99,650,-221,640,168,-22,0,0
0,114,515,-613,310,-23,-356,-521,1090,-187,99,650,-221,637,168,-21,0,0
0,115,513,-611,311,-26,-355,-518,1086,-185,99,650,-221,640,168,-21,0,0
0,116,511,-612,305,-25,-353,-524,1097,-169,99,650,-221,646,168,-18,0,0
0,117,512,-613,306,-19,-353,-527,1108,-146,99,650,-221,639,168,-14,0,0
0,118,513,-612,312,-21,-353,-524,1096,-155,99,650,-221,635,168,-14,0,0
0,119,508,-612,306,-25,-355,-525,1090,-173,99,650,-221,642,168,-18,0,0
0,120,510,-613,302,-23,-354,-524,1105,-167,99,650,-221,642,168,-20,0,0
0,121,517,-611,311,-25,-352,-519,1112,-171,99,650,-221,636,168,-17,0,0
0,122,510,-609,313,-31,-356,-521,1102,-188,99,650,-221,636,168,-18,0,0
0,123,504,-611,307,-30,-356,-524,1080,-201,99,650,-221,638,168,-21,0,0
0,124,511,-612,307,-21,-346,-525,1082,-190,99,650,-221,640,168,-20,0,0
0,125,518,-608,309,-18,-344,-521,1096,-173,99,650,-221,640,168,-18,0,0
0,126,515,-608,308,-22,-353,-527,1065,-196,99,650,-221,637,168,-19,0,0
0,127,512,-613,309,-24,-357,-536,1042,-214,99,650,-221,638,168,-24,0,0
0,128,510,-611,307,-23,-354,-531,1066,-186,99,650,-221,643,168,-22,0,0
0,0,513,-611,304,-24,-345,-528,1073,-174,99,650,-221,640,168,-16,0,0
0,1,516,-615,309,-23,-347,-529,1040,-214,99,650,-221,630,168,-15,0,0
0,2,514,-613,312,-22,-352,-531,1025,-239,99,650,-221,633,168,-15,0,0
0,3,509,-610,306,-31,-348,-531,1050,-201,99,650,-221,642,168,-13,0,0
0,4,510,-611,308,-32,-347,-531,1055,-172,99,650,-221,642,168,-15,0,0
0,5,512,-612,313,-21,-353,-535,1051,-170,99,650,-221,638,168,-19,0,0
0,6,512,-612,308,-19,-352,-534,1065,-146,99,650,-221,634,168,-19,0,0
0,7,513,-614,304,-26,-353,-530,1051,-145,99,650,-221,637,168,-17,0,0
0,8,512,-611,309,-29,-352,-530,1038,-160,99,650,-221,643,168,-19,0,0
0,9,512,-609,308,-27,-345,-532,1052,-151,99,650,-221,639,168,-22,0,0
0,10,512,-613,304,-26,-351,-532,1043,-155,99,650,-221,635,168,-20,0,0
0,11,510,-611,306,-25,-358,-532,1032,-162,99,650,-221,639,168,-19,0,0
0,12,510,-606,311,-22,-351,-534,1036,-162,99,650,-221,639,168,-21,0,0
0,13,511,-611,312,-24,-352,-533,1028,-166,99,650,-221,636,168,-23,0,0
0,14,513,-615,309,-28,-358,-532,1016,-165,99,650,-221,639,168,-22,0,0
0,15,517,-614,308,-24,-351,-534,1018,-157,99,650,-221,642,168,-19,0,0
0,16,514,-620,308,-23,-347,-534,1036,-134,99,650,-221,637,168,-16,0,0
0,17,514,-618,312,-27,-352,-528,1027,-127,99,650,-221,638,168,-16,-1,0
0,18,515,-608,314,-23,-354,-529,1016,-133,99,650,-221,643,168,-19,-1,0
0,19,512,-609,308,-17,-355,-533,1051,-107,99,650,-221,640,168,-21,-1,0
0,20,509,-615,308,-26,-353,-530,1079,-82,99,650,-221,636,168,-18,-1,0
0,21,511,-616,313,-33,-351,-529,1074,-79,99,650,-221,641,168,-19,-1,0
0,22,517,-613,314,-26,-350,-530,1057,-86,99,650,-221,645,168,-20,-1,0
0,23,519,-610,307,-23,-352,-529,1045,-108,99,650,-221,636,168,-20,-1,0
0,24,514,-613,300,-28,-354,-529,1041,-129,99,650,-221,635,168,-21,-1,0
0,25,512,-617,303,-26,-354,-532,1043,-116,99,650,-221,640,168,-18,-1,0
0,26,514,-612,309,-23,-355,-534,1071,-69,99,650,-221,628,168,-19,-1,0
0,27,511,-611,307,-27,-354,-531,1095,-52,99,650,-221,623,168,-22,-1,0
0,28,507,-618,307,-23,-349,-530,1096,-70,99,650,-221,635,168,-18,-1,0
0,29,512,-618,310,-13,-350,-531,1092,-76,99,650,-221,638,168,-18,-1,0
0,30,518,-609,311,-21,-351,-530,1080,-70,99,650,-221,634,168,-19,-1,0
0,31,514,-609,309,-36,-350,-529,1076,-61,99,650,-221,639,168,-14,0,0
0,32,507,-613,307,-31,-352,-532,1066,-77,99,650,-221,640,168,-16,-1,0
0,33,508,-608,306,-20,-349,-532,1041,-110,99,650,-221,637,168,-22,0,0
0,34,512,-606,304,-22,-343,-530,1045,-102,99,650,-221,639,168,-19,0,0
0,35,513,-611,306,-27,-347,-530,1037,-92,99,650,-221,640,168,-15,0,0
0,36,512,-613,309,-27,-351,-531,1008,-110,99,650,-221,639,168,-18,0,0
0,37,514,-612,310,-23,-348,-532,1025,-120,99,650,-221,636,168,-19,0,0
0,38,514,-612,307,-25,-352,-522,1042,-143,99,650,-221,640,168,-16,0,0
0,39,512,-615,303,-31,-355,-521,1025,-165,99,650,-221,641,168,-14,0,0
0,40,509,-615,308,-30,-348,-531,1024,-173,99,650,-221,641,168,-15,0,0
0,41,510,-609,308,-22,-353,-525,1042,-166,99,650,-221,642,168,-18,0,0
0,42,513,-608,305,-22,-357,-520,1020,-154,99,650,-221,640,168,-21,0,0
0,43,511,-614,310,-28,-351,-529,981,-173,99,650,-221,637,168,-17,0,0
0,44,511,-611,311,-24,-353,-535,997,-194,99,650,-221,636,168,-14,0,0
0,45,512,-608,304,-19,-356,-530,1014,-200,99,650,-221,636,168,-17,0,0
0,46,510,-612,306,-29,-348,-524,984,-217,99,650,-221,638,168,-17,0,0
0,47,507,-613,308,-33,-345,-522,967,-225,99,650,-221,639,168,-17,0,0
0,48,510,-610,303,-26,-353,-527,997,-205,99,650,-221,641,168,-16,0,0
0,49,515,-609,304,-29,-357,-535,1019,-187,99,650,-221,642,168,-13,0,0
0,50,515,-609,310,-33,-355,-535,991,-215,99,650,-221,640,168,-14,0,0
0,51,513,-613,309,-24,-348,-535,977,-224,99,650,-221,637,168,-18,0,0
0,52,511,-616,307,-19,-348,-535,1001,-187,99,650,-221,635,168,-17,0,0
0,53,514,-610,310,-24,-352,-532,1009,-179,99,650,-221,636,168,-17,0,0
0,54,516,-606,310,-31,-347,-533,1006,-193,99,650,-221,638,168,-20,0,0
0,55,515,-612,311,-31,-343,-532,1001,-196,99,650,-221,640,168,-18,0,0
0,56,513,-612,313,-21,-353,-532,997,-183,99,650,-221,640,168,-16,0,0
0,57,513,-608,309,-19,-358,-533,1030,-152,99,650,-221,638,168,-18,0,0
0,58,514,-611,303,-23,-352,-533,1058,-140,99,650,-221,640,168,-18,0,0
0,59,510,-619,304,-23,-353,-531,1044,-150,99,650,-221,641,168,-18,0,0
0,60,512,-618,309,-26,-356,-535,1017,-166,99,650,-221,639,168,-18,0,0
0,61,517,-610,308,-23,-352,-538,988,-207,99,650,-221,637,168,-18,0,0
0,62,513,-609,303,-19,-349,-535,984,-225,99,650,-221,636,168,-19,0,0
0,63,508,-612,306,-23,-349,-530,995,-203,99,650,-221,640,168,-16,0,0
0,64,512,-611,311,-23,-352,-531,973,-220,99,650,-221,640,168,-15,0,0
0,65,516,-611,308,-22,-355,-534,968,-234,99,650,-221,632,168,-18,0,0
0,66,513,-612,305,-21,-356,-536,997,-209,99,650,-221,637,168,-16,0,0
0,67,510,-614,305,-20,-352,-535,993,-208,99,650,-221,647,168,-14,0,0
0,68,514,-612,305,-22,-350,-534,947,-238,99,650,-221,641,168,-16,0,0
0,69,516,-611,305,-27,-353,-533,934,-230,99,650,-221,634,168,-18,0,0
0,70,514,-613,306,-21,-356,-534,963,-188,99,650,-221,639,168,-17,0,0
0,71,514,-610,309,-21,-354,-535,980,-164,99,650,-221,644,168,-10,0,0
0,72,515,-609,309,-36,-349,-533,991,-150,99,650,-221,637,168,-8,0,0
0,73,512,-613,306,-32,-349,-532,974,-171,99,650,-221,632,168,-17,0,-1
0,74,512,-616,307,-15,-353,-535,952,-193,99,650,-221,635,168,-20,-1,0
0,75,513,-617,308,-15,-357,-534,971,-162,99,650,-221,636,168,-15,-1,0
0,76,511,-611,305,-26,-351,-531,982,-154,99,650,-221,636,168,-14,0,0
0,77,510,-607,305,-31,-343,-532,970,-168,99,650,-221,640,168,-16,-1,0
0,78,511,-609,308,-30,-347,-532,960,-161,99,650,-221,645,168,-16,-1,0
0,79,509,-613,306,-25,-356,-530,960,-163,99,650,-221,643,168,-17,-1,0
0,80,509,-613,305,-24,-356,-532,967,-167,99,650,-221,638,168,-19,-1,0
0,81,514,-613,311,-27,-352,-530,940,-183,99,650,-221,640,168,-18,-1,0
0,82,516,-613,310,-26,-352,-522,930,-186,99,650,-221,644,168,-17,-1,0
0,83,511,-610,302,-24,-354,-522,972,-136,99,650,-221,642,168,-17,0,0
0,84,512,-612,305,-21,-351,-534,984,-115,99,650,-221,639,168,-15,-1,0
0,85,514,-615,311,-19,-347,-535,960,-151,99,650,-221,640,168,-12,0,0
0,86,513,-611,309,-23,-349,-527,947,-178,99,650,-221,642,168,-11,-1,0
0,87,513,-611,305,-23,-351,-529,943,-170,99,650,-221,644,168,-14,0,0
0,88,514,-617,308,-23,-354,-532,939,-169,99,650,-221,641,168,-16,0,0
0,89,513,-613,309,-25,-351,-530,959,-171,99,650,-221,640,168,-15,0,0
0,90,513,-610,307,-26,-345,-532,993,-138,99,650,-221,643,168,-16,0,0
0,91,515,-613,308,-25,-347,-536,983,-121,99,650,-221,647,168,-19,0,0
0,92,515,-610,307,-23,-350,-535,978,-126,99,650,-221,649,168,-18,0,0
0,93,512,-608,307,-21,-347,-530,1018,-104,99,650,-221,645,168,-15,0,0
0,94,512,-613,312,-25,-346,-529,1011,-90,99,650,-221,635,168,-17,0,0
0,95,512,-613,309,-28,-355,-532,976,-93,99,650,-221,636,168,-15,0,0
0,96,510,-608,302,-22,-356,-534,988,-81,99,650,-220,643,168,-11,0,0
0,97,507,-609,305,-27,-347,-532,1005,-75,99,650,-220,642,168,-14,0,0
0,98,506,-613,309,-34,-344,-531,995,-75,99,650,-222,640,168,-19,0,0
1,99,516,-613,309,-26,-350,-531,994,-60,99,650,-219,639,168,-17,0,0
1,100,516,-615,308,-24,-351,-532,1007,-51,99,650,-221,639,168,-14,0,0
1,101,507,-613,307,-28,-348,-534,997,-74,99,650,-231,643,168,-12,0,0
1,102,507,-612,311,-21,-350,-526,988,-75,99,650,-231,644,168,-11,0,0
1,103,512,-617,312,-19,-355,-522,985,-61,99,650,-226,639,168,-17,0,0
1,104,512,-616,309,-25,-352,-533,963,-92,99,650,-228,640,168,-17,0,0
1,105,511,-612,305,-24,-349,-536,981,-90,99,650,-229,642,169,-13,0,0
1,106,516,-614,303,-24,-352,-531,1000,-62,99,650,-227,639,166,-16,0,0
1,107,516,-617,308,-23,-353,-534,965,-88,99,650,-230,640,170,-20,0,0
1,108,516,-619,311,-22,-351,-536,969,-97,99,650,-232,639,176,-19,0,0
1,109,514,-616,313,-24,-351,-529,991,-88,99,650,-228,640,169,-16,0,0
1,110,513,-612,312,-23,-351,-527,965,-106,99,650,-229,641,164,-18,0,0
1,111,513,-612,312,-22,-351,-531,969,-91,99,650,-229,636,170,-16,0,-1
1,112,514,-616,310,-24,-350,-534,1003,-61,99,650,-229,636,171,-10,0,-1
1,113,516,-617,307,-25,-348,-534,1008,-59,99,650,-229,638,166,-14,0,-1
1,114,511,-615,307,-21,-349,-528,1009,-56,99,650,-229,636,168,-21,0,-1
1,115,507,-612,305,-24,-355,-525,1021,-57,99,650,-229,637,171,-18,0,-1
1,116,510,-613,304,-26,-353,-528,1018,-68,99,650,-229,641,170,-10,0,-1
1,117,514,-615,308,-21,-350,-531,1002,-75,99,650,-229,645,170,-10,0,0
1,118,511,-618,307,-23,-356,-531,1001,-69,99,650,-229,637,170,-17,0,-1
1,119,510,-616,306,-27,-353,-529,988,-74,99,650,-229,634,170,-17,0,0
1,120,513,-610,309,-20,-348,-532,975,-88,99,650,-229,643,170,-14,0,0
1,121,513,-610,310,-16,-352,-534,988,-83,99,650,-229,645,170,-17,0,0
1,122,514,-614,309,-22,-352,-531,988,-86,99,650,-229,637,170,-17,0,0
1,123,512,-618,306,-24,-346,-533,992,-87,99,650,-229,637,170,-12,0,0
1,124,508,-617,303,-21,-349,-533,1014,-66,99,650,-229,640,170,-10,0,0
1,125,511,-611,304,-23,-351,-526,1031,-36,99,650,-229,636,170,-12,0,0
1,126,514,-611,308,-25,-348,-523,1058,-11,99,650,-229,637,170,-15,-1,0
1,127,511,-613,309,-23,-347,-530,1071,-19,99,650,-229,644,170,-15,0,0
1,128,509,-615,309,-21,-350,-535,1040,-51,99,650,-229,642,170,-15,-1,0
1,0,514,-614,303,-24,-352,-533,1020,-56,99,650,-229,637,170,-15,-1,0
1,1,516,-610,303,-24,-349,-530,1028,-48,99,650,-229,635,170,-11,-1,0
1,2,511,-612,307,-23,-345,-534,1030,-55,99,650,-229,632,170,-12,-1,0
1,3,512,-613,304,-24,-348,-532,1025,-65,99,650,-229,636,170,-18,-1,0
1,4,512,-608,302,-25,-351,-522,1026,-57,99,650,-229,642,170,-19,-1,0
1,5,510,-609,309,-20,-352,-521,1025,-51,99,650,-229,638,170,-18,-1,0
1,6,514,-613,312,-19,-351,-532,1021,-77,99,650,-229,637,170,-16,-1,0
1,7,512,-612,305,-23,-350,-534,1030,-91,99,650,-229,641,170,-15,-1,0
1,8,507,-609,303,-25,-350,-529,1021,-85,99,650,-229,643,170,-17,-1,0
1,9,512,-611,306,-25,-352,-529,1006,-82,99,650,-229,642,170,-19,-1,0
1,10,515,-611,305,-23,-349,-531,1023,-74,99,650,-229,641,170,-15,-1,0
1,11,514,-613,305,-22,-350,-531,1036,-74,99,650,-229,641,170,-8,-1,0
1,12,512,-617,307,-24,-357,-534,1033,-72,99,650,-229,639,170,-10,-1,0
1,13,507,-614,310,-24,-353,-533,1026,-74,99,650,-229,636,170,-16,0,0
1,14,506,-613,309,-21,-350,-526,1023,-85,99,650,-229,638,170,-16,-1,0
1,15,513,-614,307,-22,-356,-527,1015,-101,99,650,-229,641,170,-16,0,0
1,16,515,-614,311,-24,-354,-533,995,-119,99,650,-229,640,170,-15,0,0
1,17,511,-617,311,-26,-350,-532,1019,-89,99,650,-229,634,170,-15,0,0
1,18,513,-618,307,-25,-355,-530,1048,-62,99,650,-229,634,170,-16,0,0
1,19,516,-611,307,-22,-354,-532,1028,-85,99,650,-229,640,170,-17,0,0
1,20,509,-607,305,-23,-346,-533,1019,-82,99,650,-229,642,170,-18,0,0
1,21,508,-610,303,-22,-350,-531,1018,-73,99,650,-229,638,170,-17,0,0
1,22,515,-615,303,-20,-351,-529,1011,-89,99,650,-229,639,170,-16,0,0
1,23,516,-616,303,-21,-346,-528,1014,-84,99,650,-229,639,170,-18,0,0
1,24,510,-615,304,-25,-352,-530,1016,-68,99,650,-229,637,170,-15,0,0
1,25,512,-616,305,-29,-356,-534,1021,-67,99,650,-229,638,170,-11,0,0
1,26,512,-614,307,-27,-351,-533,1015,-81,99,650,-229,640,170,-11,0,0
1,27,508,-611,305,-20,-352,-527,987,-94,99,650,-229,639,170,-14,0,0
1,28,512,-612,307,-22,-357,-527,978,-91,99,650,-229,639,170,-15,0,0
1,29,513,-613,310,-28,-351,-532,1007,-77,99,650,-229,641,170,-10,0,0
1,30,511,-615,306,-25,-347,-532,1019,-70,99,650,-229,639,170,-11,0,0
1,31,514,-613,303,-23,-353,-531,984,-96,99,650,-229,638,170,-15,0,-1
1,32,515,-607,305,-24,-353,-536,982,-101,99,650,-229,641,170,-16,0,0
1,33,511,-609,307,-20,-347,-534,1016,-87,99,650,-229,641,170,-15,0,0
1,34,513,-613,309,-20,-350,-528,988,-124,99,650,-229,640,170,-17,0,0
1,35,512,-610,310,-23,-357,-531,954,-153,99,650,-229,640,170,-18,0,0
1,36,510,-607,311,-23,-353,-533,988,-118,99,650,-229,640,170,-15,0,0
1,37,512,-607,309,-31,-349,-529,1001,-104,99,650,-229,637,170,-14,0,0
1,38,514,-610,306,-33,-350,-530,980,-122,99,650,-229,635,170,-17,0,0
1,39,512,-612,310,-26,-348,-533,974,-126,99,650,-229,638,170,-20,0,0
1,40,511,-612,312,-30,-350,-533,964,-130,99,650,-229,641,170,-17,0,0
1,41,513,-610,308,-32,-355,-533,946,-136,99,650,-229,641,170,-16,0,0
1,42,516,-610,308,-19,-352,-534,966,-107,99,650,-229,642,170,-15,-1,0
1,43,511,-614,311,-15,-346,-533,994,-76,99,650,-229,641,170,-16,-1,0
1,44,507,-614,310,-22,-347,-533,965,-114,99,650,-229,642,170,-16,-1,0
1,45,507,-614,305,-22,-353,-532,948,-145,99,650,-229,643,170,-16,-1,0
1,46,511,-613,303,-23,-354,-533,951,-134,99,650,-229,642,170,-17,-1,0
1,47,515,-613,305,-26,-350,-534,941,-140,99,650,-229,639,170,-16,-1,0
1,48,514,-618,304,-20,-347,-534,961,-133,99,650,-229,637,170,-16,-1,0
1,49,510,-612,304,-21,-350,-533,962,-123,99,650,-229,640,170,-15,-1,0
1,50,511,-607,305,-29,-357,-532,937,-125,99,650,-229,641,170,-13,-1,0
1,51,513,-612,305,-27,-357,-530,949,-121,99,650,-229,640,170,-17,-1,0
1,52,509,-615,307,-20,-350,-530,962,-129,99,650,-229,643,170,-19,-1,0
1,53,508,-611,309,-26,-345,-532,951,-130,99,650,-229,640,170,-15,-1,0
1,54,517,-610,309,-27,-349,-533,918,-141,99,650,-231,640,170,-12,-1,0
1,55,520,-612,308,-24,-357,-532,896,-165,99,650,-230,643,170,-15,-1,0
1,56,511,-615,305,-26,-355,-529,925,-148,99,650,-231,640,170,-17,-1,0
1,57,511,-616,304,-23,-349,-530,956,-115,99,650,-231,635,170,-15,-1,0
1,58,517,-610,303,-21,-352,-534,938,-124,99,650,-224,637,170,-16,-1,0
1,59,515,-609,308,-23,-355,-533,924,-156,99,650,-215,640,170,-15,-1,0
1,60,511,-615,311,-24,-350,-530,942,-185,99,650,-218,640,170,-13,-1,-1
1,61,511,-617,308,-23,-348,-534,945,-210,99,650,-231,638,170,-17,-1,-1
1,62,517,-613,309,-26,-353,-537,934,-213,99,650,-229,638,170,-17,-1,-1
1,63,517,-609,310,-25,-352,-532,930,-200,99,650,-217,638,170,-13,-1,0
1,64,512,-609,304,-20,-347,-534,919,-206,99,650,-222,637,170,-12,-1,0
1,65,511,-614,305,-29,-350,-534,924,-209,99,650,-231,638,170,-13,-1,0
1,66,514,-616,311,-32,-357,-530,924,-213,99,650,-229,637,170,-14,-1,0
1,67,515,-610,308,-25,-357,-531,910,-222,99,650,-227,638,170,-14,-1,0
1,68,512,-610,303,-27,-351,-536,954,-181,99,650,-228,640,170,-15,-1,0
1,69,511,-613,305,-28,-353,-536,984,-154,99,650,-228,640,170,-14,-1,0
1,70,514,-613,307,-26,-352,-534,943,-195,99,650,-230,639,170,-13,0,0
1,71,517,-617,307,-29,-345,-535,941,-191,99,650,-232,640,170,-16,-1,0
1,72,515,-614,310,-30,-349,-534,943,-180,99,650,-228,643,170,-18,-1,0
1,73,511,-608,309,-25,-357,-532,891,-251,99,650,-229,640,170,-16,0,0
1,74,508,-613,306,-24,-355,-535,880,-314,99,650,-230,636,170,-14,-1,0
1,75,511,-616,309,-23,-350,-537,924,-300,99,650,-228,638,170,-15,-1,0
1,76,513,-609,310,-21,-353,-535,948,-262,99,650,-230,642,170,-16,0,0
1,77,510,-611,306,-25,-351,-531,912,-281,99,650,-228,642,170,-18,-1,0
1,78,509,-616,302,-24,-342,-531,882,-312,99,650,-220,642,170,-16,0,0
1,79,513,-611,304,-22,-349,-533,911,-279,99,650,-216,641,170,-11,0,0
1,80,514,-609,311,-25,-358,-535,919,-268,99,650,-219,640,170,-10,0,0
1,81,509,-611,309,-24,-349,-536,897,-293,99,650,-220,638,170,-16,0,0
1,82,509,-608,307,-23,-343,-535,891,-304,99,650,-219,639,170,-16,0,0
1,83,513,-608,310,-29,-357,-534,891,-304,99,650,-219,641,170,-12,0,0
1,84,513,-614,310,-32,-358,-536,892,-303,99,650,-219,641,170,-13,0,0
1,85,511,-610,308,-29,-349,-536,891,-310,99,650,-219,635,170,-14,0,0
1,86,508,-609,306,-27,-355,-535,894,-304,99,650,-219,633,170,-14,0,0
1,87,508,-612,307,-26,-355,-535,892,-303,99,650,-219,636,170,-12,0,0
1,88,511,-607,311,-20,-350,-534,885,-327,99,650,-219,638,170,-14,0,0
1,89,515,-608,310,-19,-356,-536,886,-335,99,650,-219,640,170,-15,0,0
1,90,513,-610,306,-24,-353,-538,889,-319,99,650,-218,642,170,-10,0,0
1,91,512,-612,305,-22,-341,-535,892,-310,99,650,-219,639,170,-11,0,0
1,92,513,-616,302,-18,-345,-536,875,-335,99,650,-219,638,170,-18,0,0
1,93,513,-615,304,-27,-352,-537,860,-348,99,650,-217,642,170,-18,0,0
1,94,513,-612,306,-33,-350,-536,878,-322,99,650,-221,637,170,-12,0,0
1,95,515,-613,305,-24,-353,-534,894,-306,99,650,-230,634,170,-10,0,0
1,96,514,-612,305,-19,-354,-533,884,-312,99,650,-234,637,170,-12,0,0
1,97,511,-607,307,-28,-348,-534,873,-319,99,650,-230,637,170,-17,0,0
1,98,511,-612,312,-29,-350,-534,874,-319,99,650,-228,640,170,-16,0,0
2,99,512,-616,309,-22,-357,-533,896,-297,99,650,-230,640,170,-12,0,0
2,100,514,-610,306,-21,-351,-536,908,-283,99,650,-229,639,170,-13,0,0
2,101,512,-609,306,-30,-344,-535,903,-292,99,650,-226,638,170,-15,0,0
2,102,509,-615,309,-32,-348,-534,901,-290,99,650,-229,638,170,-15,0,0
2,103,512,-616,307,-23,-352,-536,879,-293,99,650,-232,641,170,-15,0,0
2,104,513,-610,307,-21,-353,-537,856,-308,99,650,-229,641,170,-15,0,0
2,105,512,-611,314,-25,-353,-533,857,-307,99,650,-228,638,170,-13,0,0
2,106,513,-614,310,-28,-348,-535,860,-303,99,650,-229,641,170,-13,0,0
2,107,514,-614,305,-31,-347,-537,862,-301,99,650,-229,646,170,-13,0,0
2,108,514,-611,310,-22,-352,-533,878,-294,99,650,-229,643,170,-8,0,0
2,109,516,-609,311,-16,-352,-535,887,-280,99,650,-229,640,170,-7,0,0
2,110,516,-612,302,-24,-347,-538,860,-287,99,650,-229,641,170,-12,0,0
2,111,510,-616,302,-24,-352,-536,861,-278,99,650,-229,641,170,-15,0,0
2,112,507,-615,310,-21,-355,-533,887,-243,99,650,-229,639,170,-15,0,0
2,113,512,-608,309,-23,-351,-531,881,-248,99,650,-229,637,170,-15,0,0
2,114,512,-608,304,-22,-351,-532,874,-263,99,650,-229,639,170,-16,0,0
2,115,509,-613,305,-23,-353,-535,869,-264,99,650,-229,643,170,-17,0,0
2,116,512,-613,309,-22,-352,-535,846,-279,99,650,-229,646,170,-17,0,0
2,117,514,-610,306,-18,-350,-535,836,-305,99,650,-229,640,170,-15,0,0
2,118,514,-614,304,-22,-351,-536,831,-330,99,650,-229,638,170,-13,0,0
2,119,513,-617,303,-24,-354,-535,840,-302,99,650,-229,641,170,-10,0,0
2,120,511,-612,304,-21,-356,-535,864,-245,99,650,-229,642,170,-11,0,0
2,121,512,-609,307,-21,-352,-537,849,-260,99,650,-229,643,170,-15,0,0
2,122,514,-614,307,-25,-349,-537,811,-313,99,650,-230,644,170,-15,0,0
2,123,512,-613,310,-23,-351,-539,798,-321,99,650,-229,644,170,-11,-1,0
2,124,513,-609,312,-20,-352,-537,822,-292,99,650,-229,638,170,-12,0,0
2,125,519,-611,310,-21,-352,-534,838,-291,99,650,-231,636,170,-16,-1,0
2,126,517,-614,310,-24,-354,-535,794,-339,99,650,-226,640,170,-13,-1,0
2,127,512,-618,309,-27,-356,-537,777,-343,99,650,-218,641,170,-12,-1,0
2,128,515,-615,308,-25,-353,-537,806,-305,99,650,-218,640,170,-16,-1,0
2,0,516,-610,308,-21,-352,-539,819,-301,99,650,-221,639,170,-16,-1,0
2,1,512,-614,308,-17,-356,-536,805,-321,99,650,-220,639,170,-16,-1,0
2,2,510,-615,305,-25,-351,-532,775,-340,99,650,-217,639,170,-16,-1,0
2,3,510,-610,305,-35,-345,-537,793,-317,99,650,-220,639,170,-13,-1,0
2,4,511,-612,309,-28,-350,-537,828,-278,99,650,-228,639,170,-14,0,0
2,5,511,-621,310,-17,-348,-534,796,-296,99,650,-233,639,170,-19,-1,0
2,6,510,-622,308,-23,-344,-537,768,-316,99,650,-230,637,170,-17,-1,0
2,7,510,-614,307,-26,-350,-539,786,-305,99,650,-228,636,170,-10,-1,0
2,8,510,-614,306,-20,-352,-541,786,-317,99,650,-229,637,170,-16,-1,0
2,9,506,-614,307,-19,-352,-544,776,-341,99,650,-227,638,170,-18,0,0
2,10,507,-611,309,-21,-352,-539,800,-326,99,650,-230,638,170,-10,0,0
2,11,511,-615,308,-24,-351,-532,818,-299,99,650,-231,640,170,-11,0,0
2,12,514,-616,308,-25,-351,-534,793,-320,99,650,-229,643,170,-14,0,0
2,13,515,-611,310,-24,-349,-537,771,-348,99,650,-230,642,170,-11,0,0
2,14,515,-614,309,-22,-349,-538,775,-344,99,650,-231,642,170,-9,0,0
2,15,514,-615,307,-21,-351,-536,775,-343,99,650,-231,642,170,-12,0,0
2,16,510,-610,303,-20,-350,-533,779,-339,99,650,-231,643,170,-18,0,0
2,17,514,-613,304,-20,-346,-537,794,-316,99,650,-231,643,170,-17,0,0
2,18,517,-614,308,-30,-347,-540,801,-301,99,650,-231,643,170,-11,0,0
2,19,514,-610,305,-33,-349,-536,785,-331,99,650,-231,643,170,-13,0,0
2,20,513,-615,303,-25,-349,-534,763,-374,99,650,-231,644,170,-16,0,0
2,21,516,-618,307,-22,-352,-537,772,-366,99,650,-231,641,170,-15,0,0
2,22,520,-613,310,-25,-352,-536,782,-341,99,650,-231,639,170,-12,0,0
2,23,515,-612,306,-24,-353,-535,795,-333,99,650,-231,640,170,-14,0,0
2,24,513,-614,308,-23,-354,-535,809,-331,99,650,-231,637,170,-17,0,0
2,25,515,-608,313,-24,-352,-535,774,-366,99,650,-231,642,170,-17,0,0
2,26,514,-608,309,-21,-349,-538,763,-369,99,650,-231,644,170,-13,0,0
2,27,509,-612,307,-21,-349,-538,790,-331,99,650,-231,639,170,-8,0,0
2,28,508,-608,313,-26,-355,-535,765,-351,99,650,-231,640,170,-11,0,0
2,29,512,-609,313,-27,-356,-537,730,-386,99,650,-231,642,170,-15,0,0
2,30,516,-615,307,-22,-352,-537,747,-375,99,650,-231,639,170,-11,0,0
2,31,512,-611,306,-23,-354,-534,763,-363,99,650,-231,640,170,-10,0,0
2,32,510,-606,308,-25,-356,-536,737,-383,99,650,-231,643,170,-12,0,0
2,33,513,-615,311,-23,-349,-539,726,-384,99,650,-230,639,170,-11,0,0
2,34,513,-621,307,-28,-346,-537,744,-371,99,650,-231,636,170,-11,0,0
2,35,510,-613,306,-27,-351,-534,736,-391,99,650,-232,642,170,-12,0,0
2,36,512,-609,308,-19,-354,-535,734,-391,99,650,-226,645,170,-10,0,0
2,37,515,-615,305,-23,-354,-534,748,-367,99,650,-224,639,170,-13,0,0
2,38,513,-613,303,-24,-349,-534,739,-372,99,650,-229,637,170,-15,0,0
2,39,509,-609,305,-16,-348,-536,735,-381,99,650,-231,641,170,-11,0,0
2,40,510,-610,307,-16,-351,-535,737,-376,99,650,-230,642,170,-11,-1,0
2,41,513,-611,308,-21,-346,-533,718,-380,99,650,-228,641,170,-13,0,0
2,42,515,-613,311,-23,-346,-535,709,-387,99,650,-227,644,170,-10,0,0
2,43,515,-611,309,-24,-353,-536,706,-408,99,650,-230,644,170,-8,-1,0
2,44,514,-608,305,-22,-351,-536,685,-443,99,650,-233,641,170,-10,-1,0
2,45,513,-610,308,-22,-347,-538,676,-448,99,650,-230,639,170,-12,0,0
2,46,514,-612,309,-26,-347,-536,709,-404,99,650,-229,639,170,-12,-1,0
2,47,514,-610,306,-27,-348,-534,727,-380,99,650,-231,639,170,-12,0,0
2,48,512,-612,305,-23,-348,-537,701,-409,99,650,-231,637,170,-10,-1,0
2,49,511,-612,306,-24,-349,-539,714,-395,99,650,-231,638,170,-10,-1,0
2,50,512,-610,308,-26,-350,-542,761,-340,99,650,-231,641,170,-13,-1,-1
2,51,513,-613,308,-21,-354,-545,777,-325,99,650,-231,639,170,-14,-1,0
2,52,512,-615,311,-18,-358,-540,772,-333,99,650,-231,640,170,-12,-1,0
2,53,515,-611,309,-24,-350,-534,759,-335,99,650,-231,641,170,-11,-1,0
2,54,515,-612,302,-28,-347,-534,745,-338,99,650,-231,637,170,-13,0,0
2,55,513,-613,304,-21,-351,-536,737,-352,99,650,-231,633,170,-12,0,0
2,56,513,-612,309,-20,-352,-536,751,-352,99,650,-231,633,170,-10,0,-1
2,57,514,-611,306,-23,-347,-533,775,-330,99,650,-231,637,170,-12,0,0
2,58,512,-612,305,-23,-347,-530,767,-325,99,650,-231,639,170,-13,0,-1
2,59,510,-615,307,-30,-357,-534,755,-323,99,650,-231,638,170,-12,0,-1
2,60,515,-612,308,-32,-356,-538,768,-318,99,650,-231,637,170,-13,0,0
2,61,516,-611,310,-22,-346,-537,787,-315,99,650,-231,638,170,-11,0,-1
2,62,511,-615,310,-18,-349,-534,788,-306,99,650,-231,635,170,-10,0,0
2,63,511,-614,308,-24,-354,-533,761,-320,99,650,-231,635,170,-14,0,-1
2,64,513,-615,308,-28,-350,-536,754,-332,99,650,-231,639,170,-18,0,0
2,65,510,-619,305,-28,-347,-536,765,-327,99,650,-231,638,170,-16,0,0
2,66,511,-615,305,-25,-351,-532,741,-349,99,650,-231,637,170,-13,0,0
2,67,515,-608,310,-23,-358,-532,737,-345,99,650,-231,639,170,-14,0,-1
2,68,513,-612,306,-25,-355,-535,764,-298,99,650,-231,638,170,-14,0,0
2,69,514,-619,301,-24,-346,-533,760,-298,99,650,-231,634,170,-12,0,0
2,70,517,-615,307,-21,-344,-533,737,-341,99,650,-231,636,170,-13,0,-1
2,71,513,-613,309,-22,-353,-537,732,-351,99,650,-231,639,170,-16,0,0
2,72,511,-618,304,-24,-357,-537,735,-336,99,650,-231,639,170,-13,0,0
2,73,514,-617,305,-23,-353,-535,710,-364,99,650,-231,642,170,-11,0,0
2,74,510,-614,307,-21,-352,-538,684,-399,99,650,-231,645,170,-18,0,0
2,75,507,-615,307,-23,-355,-537,706,-378,99,650,-231,643,170,-16,0,0
2,76,510,-611,308,-25,-353,-532,722,-356,99,650,-231,638,170,-7,0,0
2,77,513,-606,307,-25,-350,-534,706,-364,99,650,-231,638,170,-11,0,0
2,78,512,-608,308,-25,-352,-537,695,-373,99,650,-231,642,170,-18,0,0
2,79,511,-608,313,-22,-351,-536,696,-375,99,650,-231,642,170,-13,0,0
2,80,512,-610,310,-21,-346,-536,686,-379,99,650,-231,636,170,-9,0,0
2,81,515,-613,309,-26,-346,-537,660,-388,99,650,-231,639,170,-8,0,0
2,82,514,-609,308,-26,-349,-536,675,-368,99,650,-231,642,170,-9,0,0
2,83,513,-609,302,-23,-349,-535,709,-344,99,650,-231,637,170,-13,0,0
2,84,516,-614,302,-24,-352,-535,688,-371,99,650,-231,634,170,-12,-1,0
2,85,512,-612,307,-24,-355,-535,674,-371,99,650,-231,632,170,-12,-1,0
2,86,510,-607,309,-22,-351,-534,694,-343,99,650,-231,633,170,-12,-1,0
2,87,512,-607,307,-29,-351,-533,668,-381,99,650,-231,638,170,-13,-1,0
2,88,513,-611,307,-32,-353,-535,637,-417,99,650,-231,640,170,-15,-1,0
2,89,517,-609,310,-26,-352,-536,667,-384,99,650,-231,640,170,-11,-1,0
2,90,515,-611,309,-20,-354,-537,698,-348,99,650,-231,642,170,-10,-1,0
2,91,511,-613,306,-20,-354,-538,675,-369,99,650,-231,643,170,-15,-1,0
2,92,514,-613,305,-29,-352,-538,656,-391,99,650,-231,640,170,-15,-1,0
2,93,515,-615,308,-34,-355,-535,673,-369,99,650,-231,638,170,-14,-1,0
2,94,513,-613,309,-28,-355,-535,667,-380,99,650,-231,642,170,-14,0,0
2,95,511,-611,306,-24,-348,-536,653,-408,99,650,-231,640,170,-15,0,0
2,96,507,-614,307,-25,-348,-535,658,-400,99,650,-231,634,170,-12,-1,0
2,97,506,-612,311,-23,-348,-535,654,-394,99,650,-231,635,170,-10,0,0
2,98,513,-608,309,-22,-347,-538,639,-412,99,650,-231,638,170,-12,0,0
3,99,515,-610,306,-27,-352,-539,630,-423,99,650,-231,638,170,-12,0,0
3,100,512,-612,307,-34,-356,-538,647,-399,99,650,-231,641,170,-11,-1,0
3,101,511,-611,308,-28,-353,-537,640,-404,99,650,-231,641,170,-10,-1,0
3,102,512,-612,310,-25,-348,-537,603,-437,99,650,-231,638,170,-10,0,0
3,103,512,-611,310,-32,-348,-538,612,-429,99,650,-231,641,170,-10,-1,0
3,104,514,-608,307,-30,-349,-539,631,-422,99,650,-231,641,170,-12,-1,0
3,105,512,-610,305,-20,-346,-537,618,-437,99,650,-231,637,170,-10,-1,0
3,106,510,-612,309,-23,-343,-537,608,-445,99,650,-231,640,170,-10,-1,0
3,107,514,-612,310,-24,-351,-540,619,-447,99,650,-231,638,170,-15,-1,0
3,108,514,-614,306,-20,-358,-536,620,-456,99,650,-231,631,170,-17,-1,0
3,109,511,-612,303,-22,-352,-532,595,-472,99,650,-231,636,170,-13,-1,0
3,110,510,-609,305,-20,-348,-537,607,-455,99,650,-231,642,170,-11,-1,0
3,111,514,-612,308,-22,-355,-540,636,-435,99,650,-231,642,170,-12,-1,0
3,112,517,-615,311,-23,-352,-534,614,-457,99,650,-231,642,170,-12,-1,0
3,113,515,-617,307,-19,-346,-534,593,-472,99,650,-231,640,170,-16,-1,0
3,114,513,-616,302,-23,-351,-538,593,-480,99,650,-231,636,170,-15,-1,0
3,115,514,-611,309,-24,-355,-536,589,-498,99,650,-231,636,170,-10,-1,0
3,116,509,-609,313,-18,-350,-533,584,-500,99,650,-231,638,170,-13,-1,0
3,117,505,-611,305,-21,-347,-536,568,-517,99,650,-231,638,170,-14,-1,0
3,118,511,-615,302,-26,-348,-539,557,-532,99,650,-231,640,170,-10,-1,0
3,119,520,-614,310,-21,-347,-538,565,-512,99,650,-231,644,170,-12,-1,0
3,120,518,-614,313,-22,-346,-536,570,-503,99,650,-231,640,170,-16,-1,0
3,121,511,-618,306,-26,-347,-538,574,-514,99,650,-231,635,170,-12,-1,0
3,122,513,-616,305,-23,-349,-536,580,-514,99,650,-230,640,170,-6,-1,0
3,123,513,-610,303,-21,-355,-534,574,-510,99,650,-231,644,170,-10,-1,0
3,124,509,-608,302,-22,-356,-544,545,-534,99,650,-233,640,170,-15,0,0
3,125,508,-611,306,-30,-350,-551,542,-534,99,650,-225,637,170,-12,0,0
3,126,509,-614,308,-36,-346,-543,584,-487,99,650,-221,636,170,-13,0,0
3,127,511,-613,307,-28,-349,-537,585,-487,99,650,-229,639,170,-15,0,0
3,128,513,-610,306,-20,-357,-537,553,-521,99,650,-232,643,170,-13,0,0
3,0,515,-612,307,-24,-354,-536,542,-530,99,650,-227,641,170,-12,0,0
3,1,512,-616,305,-24,-351,-537,531,-544,99,650,-229,640,170,-14,0,0
3,2,514,-613,304,-22,-357,-544,516,-552,99,650,-233,642,170,-15,0,0
3,3,521,-611,308,-23,-354,-548,497,-555,99,650,-231,641,170,-12,0,0
3,4,517,-613,309,-23,-343,-543,507,-553,99,650,-231,636,170,-11,0,0
3,5,510,-612,305,-25,-343,-536,545,-515,99,650,-231,634,170,-9,0,0
3,6,514,-612,305,-24,-349,-538,546,-495,99,650,-231,640,170,-9,0,0
3,7,519,-611,307,-21,-350,-541,524,-522,99,650,-231,637,170,-13,0,0
3,8,516,-607,311,-22,-349,-537,523,-539,99,650,-231,635,170,-11,0,0
3,9,515,-610,313,-25,-355,-534,521,-529,99,650,-231,643,170,-9,0,0
3,10,515,-616,311,-24,-356,-535,504,-535,99,650,-231,645,170,-11,0,0
3,11,510,-612,309,-24,-352,-537,500,-545,99,650,-231,638,170,-8,0,0
3,12,509,-615,308,-29,-353,-539,525,-518,99,650,-231,631,170,-11,0,0
3,13,513,-619,309,-28,-355,-539,532,-509,99,650,-231,633,170,-15,0,0
3,14,514,-611,310,-22,-349,-538,517,-535,99,650,-231,637,170,-14,0,0
3,15,512,-610,310,-25,-347,-536,521,-538,99,650,-231,635,170,-12,0,0
3,16,514,-615,308,-26,-352,-534,529,-530,99,650,-231,637,170,-14,0,0
3,17,512,-613,306,-20,-351,-538,533,-534,99,650,-232,641,170,-14,0,0
3,18,509,-611,308,-18,-348,-541,519,-556,99,650,-231,638,170,-14,0,0
3,19,511,-618,311,-24,-351,-536,506,-569,99,650,-229,638,170,-13,0,0
3,20,510,-620,308,-26,-355,-540,537,-534,99,650,-234,642,170,-13,-1,0
3,21,512,-613,309,-23,-354,-549,540,-534,99,650,-229,641,170,-14,0,0
3,22,514,-609,313,-22,-347,-544,508,-570,99,650,-214,637,170,-12,-1,0
3,23,511,-612,313,-23,-345,-534,512,-557,99,650,-219,635,170,-13,-1,0
3,24,509,-612,310,-27,-352,-536,530,-532,99,650,-234,637,170,-17,-1,0
3,25,512,-614,307,-26,-358,-538,522,-533,99,650,-232,640,170,-14,-1,0
3,26,516,-615,306,-22,-352,-535,507,-536,99,650,-229,640,170,-8,-1,0
3,27,515,-610,306,-29,-347,-535,517,-526,99,650,-236,638,170,-12,0,0
3,28,510,-608,308,-33,-350,-537,528,-530,99,650,-237,641,170,-15,-1,0
3,29,510,-615,310,-24,-354,-535,506,-563,99,650,-234,644,170,-11,-1,0
3,30,514,-615,307,-19,-357,-535,495,-573,99,650,-235,640,170,-12,0,0
3,31,517,-612,307,-24,-354,-539,518,-554,99,650,-235,634,170,-15,-1,0
3,32,512,-612,311,-24,-351,-538,531,-546,99,650,-235,635,170,-11,-1,0
3,33,510,-609,311,-21,-353,-535,500,-561,99,650,-235,639,170,-9,-1,0
3,34,514,-609,308,-25,-352,-534,470,-566,99,650,-235,639,170,-14,-1,0
3,35,513,-618,309,-25,-346,-539,487,-538,99,650,-235,637,170,-15,-1,-1
3,36,512,-612,308,-21,-345,-548,494,-533,99,650,-235,638,170,-12,-1,0
3,37,514,-604,305,-29,-352,-547,473,-554,99,650,-235,640,170,-12,-1,0
3,38,513,-614,305,-33,-353,-539,480,-550,99,650,-236,639,170,-13,-1,0
3,39,514,-617,307,-26,-350,-533,502,-537,99,650,-233,638,170,-11,-1,0
3,40,513,-611,304,-25,-353,-538,509,-528,99,650,-235,643,170,-12,-1,0
3,41,509,-612,305,-25,-356,-547,491,-532,99,650,-237,644,170,-15,-1,0
3,42,510,-615,311,-25,-351,-546,477,-552,99,650,-225,638,170,-14,-1,0
3,43,512,-613,307,-30,-348,-539,492,-549,99,650,-216,637,170,-13,0,0
3,44,511,-612,301,-28,-352,-533,490,-546,99,650,-226,643,170,-14,0,0
3,45,513,-609,303,-19,-356,-536,481,-561,99,650,-233,637,170,-15,0,0
3,46,510,-608,305,-22,-355,-543,502,-565,99,650,-228,632,170,-11,0,0
3,47,506,-612,307,-23,-350,-547,514,-566,99,650,-229,641,170,-10,0,0
3,48,511,-614,309,-20,-345,-541,510,-573,99,650,-232,643,170,-14,0,0
3,49,517,-614,308,-22,-349,-536,509,-586,99,650,-229,639,170,-14,0,0
3,50,514,-612,303,-24,-356,-542,528,-588,99,650,-229,638,170,-12,0,0
3,51,510,-609,304,-22,-356,-542,531,-588,99,650,-229,639,170,-11,0,0
3,52,511,-611,308,-26,-351,-535,507,-603,99,650,-229,639,170,-11,0,0
3,53,513,-617,309,-32,-346,-538,516,-591,99,648,-229,637,170,-12,0,0
3,54,517,-613,310,-28,-347,-548,536,-583,99,651,-229,639,170,-15,0,0
3,55,515,-608,310,-23,-354,-545,513,-613,99,651,-229,640,170,-14,0,0
3,56,512,-612,308,-26,-359,-535,496,-614,99,638,-230,637,170,-11,0,0
3,57,517,-611,306,-27,-352,-539,514,-589,99,631,-228,636,170,-11,0,0
3,58,519,-611,302,-23,-345,-543,525,-606,99,633,-230,637,170,-12,0,0
3,59,516,-615,305,-21,-349,-537,519,-624,99,634,-231,638,170,-13,0,0
3,60,515,-613,312,-31,-357,-535,530,-586,99,633,-224,639,170,-14,0,0
3,61,511,-609,311,-36,-356,-538,550,-561,99,634,-222,637,170,-14,0,0
3,62,508,-614,307,-27,-350,-538,527,-607,99,632,-223,636,170,-13,0,0
3,63,510,-618,306,-23,-355,-537,498,-635,99,630,-217,641,170,-11,0,0
3,64,513,-614,303,-28,-358,-538,508,-608,99,633,-219,647,170,-10,0,0
3,65,513,-611,303,-24,-347,-539,517,-597,99,633,-230,637,170,-11,0,0
3,66,514,-612,307,-20,-343,-542,499,-616,99,632,-234,629,170,-13,0,0
3,67,517,-608,308,-24,-353,-540,487,-624,99,633,-231,638,170,-10,0,0
3,68,516,-603,305,-27,-356,-540,517,-586,99,633,-227,643,170,-10,0,0
3,69,515,-608,309,-21,-351,-549,532,-573,99,633,-218,638,170,-11,0,0
3,70,513,-613,311,-22,-351,-551,502,-620,99,633,-218,637,170,-8,0,0
3,71,512,-612,303,-34,-357,-543,500,-611,99,633,-222,640,170,-8,-1,0
3,72,511,-611,305,-29,-355,-537,523,-564,99,633,-217,639,170,-10,-1,0
3,73,510,-611,310,-17,-349,-540,534,-558,99,633,-218,634,170,-9,-1,0
3,74,513,-612,306,-21,-351,-541,517,-583,99,633,-227,632,170,-9,-1,0
3,75,514,-610,304,-26,-351,-537,501,-597,99,633,-224,638,170,-10,-1,0
3,76,512,-608,308,-23,-343,-535,540,-567,99,633,-224,643,170,-12,-1,0
3,77,513,-608,308,-25,-344,-537,554,-556,99,633,-229,640,170,-15,-1,0
3,78,516,-607,303,-27,-355,-539,512,-591,99,633,-227,634,170,-13,-1,0
3,79,514,-607,303,-27,-358,-539,512,-596,99,633,-224,632,170,-9,-1,0
3,80,515,-613,305,-23,-350,-540,536,-579,99,633,-226,637,170,-8,-1,0
3,81,516,-616,307,-18,-346,-540,519,-583,99,633,-226,642,170,-11,-1,0
3,82,510,-608,309,-22,-349,-542,497,-594,99,633,-225,640,170,-13,0,0
3,83,506,-605,309,-24,-350,-541,511,-587,99,633,-229,638,170,-13,-1,0
3,84,512,-613,307,-23,-350,-536,529,-578,99,633,-230,641,170,-15,0,0
3,85,515,-614,310,-22,-349,-538,516,-600,99,633,-227,643,170,-12,-1,0
3,86,509,-609,311,-23,-346,-543,516,-634,99,633,-221,639,170,-11,0,0
3,87,510,-609,308,-24,-349,-535,540,-641,99,633,-215,640,170,-14,0,0
3,88,513,-614,308,-20,-350,-530,564,-618,99,633,-220,641,170,-11,0,0
3,89,510,-618,312,-20,-347,-541,571,-614,99,633,-229,635,170,-6,0,0
3,90,511,-615,312,-24,-351,-543,539,-656,99,633,-232,636,170,-8,0,0
3,91,517,-614,311,-24,-357,-537,518,-673,99,633,-231,642,170,-11,0,0
3,92,517,-613,308,-21,-350,-537,528,-650,99,633,-232,643,170,-10,0,0
3,93,511,-613,306,-24,-351,-538,542,-633,99,633,-231,638,170,-11,0,0
3,94,511,-617,305,-23,-357,-537,555,-621,99,633,-228,634,170,-14,0,0
3,95,517,-617,310,-21,-351,-538,545,-621,99,633,-229,637,170,-15,0,0
3,96,514,-611,312,-29,-351,-538,524,-635,99,633,-231,640,170,-12,0,0
3,97,509,-609,307,-31,-356,-538,518,-651,99,633,-228,639,170,-10,0,0
3,98,513,-615,307,-23,-350,-541,500,-665,99,633,-229,639,170,-10,0,0
4,99,515,-618,312,-24,-347,-544,494,-645,99,633,-229,641,170,-13,0,0
4,100,510,-616,311,-27,-351,-541,520,-604,99,633,-229,636,170,-13,0,0
4,101,506,-615,308,-24,-349,-538,530,-597,99,633,-229,635,170,-15,-1,0
4,102,510,-613,310,-24,-346,-540,499,-624,99,633,-229,639,170,-12,0,0
4,103,514,-611,312,-26,-351,-538,475,-636,99,633,-229,636,170,-5,0,0
4,104,512,-615,310,-24,-354,-540,504,-608,99,633,-229,634,170,-9,0,0
4,105,511,-616,313,-21,-352,-550,519,-599,99,633,-229,639,170,-11,-1,0
4,106,514,-611,311,-21,-354,-544,483,-622,99,633,-229,638,170,-8,-1,0
4,107,514,-612,306,-22,-357,-539,460,-627,99,633,-229,632,170,-9,-1,0
4,108,515,-612,308,-23,-350,-553,465,-625,99,633,-229,638,170,-7,-1,0
4,109,515,-609,306,-26,-346,-551,478,-614,99,633,-230,643,170,-11,-1,0
4,110,509,-611,304,-25,-351,-534,471,-609,99,633,-228,636,170,-19,-1,0
4,111,507,-614,312,-20,-354,-537,455,-623,99,633,-229,636,170,-16,0,0
4,112,511,-611,311,-17,-350,-541,461,-614,99,633,-231,638,170,-16,-1,0
4,113,514,-610,308,-23,-352,-536,456,-595,99,633,-224,638,170,-18,0,0
4,114,512,-612,313,-34,-357,-538,447,-594,99,633,-216,637,170,-9,-1,0
4,115,510,-611,312,-29,-354,-538,457,-599,99,633,-218,636,170,-6,0,0
4,116,511,-611,305,-20,-350,-537,464,-589,99,633,-218,636,170,-15,0,0
4,117,515,-614,306,-27,-356,-539,467,-577,99,633,-218,641,170,-10,0,0
4,118,513,-612,310,-30,-357,-539,451,-603,99,633,-227,642,170,-6,0,0
4,119,509,-610,309,-22,-346,-539,437,-618,99,633,-234,634,170,-16,0,0
4,120,514,-612,309,-20,-344,-538,450,-588,99,633,-231,632,170,-9,0,0
4,121,516,-616,309,-23,-354,-533,453,-577,99,633,-231,636,170,0,0,0
4,122,509,-613,308,-24,-356,-537,441,-593,99,633,-232,636,170,-11,0,0
4,123,512,-611,308,-26,-352,-541,424,-618,99,633,-229,634,170,-11,0,0
4,124,515,-615,306,-25,-353,-538,394,-651,99,633,-229,636,170,-2,0,0
4,125,510,-616,306,-23,-355,-547,379,-662,99,633,-229,639,170,-9,0,0
4,126,513,-614,309,-24,-353,-547,387,-647,99,633,-229,641,170,-16,0,0
4,127,514,-617,308,-28,-355,-535,397,-632,99,633,-229,640,170,-10,0,0
4,128,505,-614,305,-27,-356,-543,390,-631,99,633,-229,635,170,-7,0,0
4,0,509,-612,305,-20,-349,-555,369,-646,99,633,-229,635,170,-10,0,0
4,1,517,-616,302,-19,-346,-541,365,-650,99,633,-229,639,170,-12,0,0
4,2,511,-613,306,-22,-350,-533,387,-628,99,633,-229,642,170,-10,0,0
4,3,505,-613,308,-22,-351,-543,405,-605,99,633,-229,639,170,-9,0,0
4,4,509,-616,303,-20,-352,-544,378,-630,99,633,-229,636,170,-11,0,0
4,5,511,-609,305,-22,-349,-539,354,-651,99,633,-229,640,170,-12,0,0
4,6,510,-607,307,-27,-347,-540,374,-617,99,633,-229,640,170,-11,0,0
4,7,512,-611,303,-25,-350,-539,374,-616,99,633,-229,638,170,-8,0,0
4,8,513,-612,302,-22,-353,-537,353,-652,99,633,-229,638,170,-7,-1,0
4,9,512,-612,305,-25,-348,-533,347,-655,99,633,-229,636,170,-10,-1,0
4,10,510,-614,305,-25,-349,-534,359,-624,99,633,-229,637,170,-12,0,0
4,11,513,-615,305,-18,-356,-540,375,-601,99,633,-229,639,170,-9,-1,0
4,12,517,-610,308,-18,-353,-544,356,-635,99,633,-229,637,170,-8,0,0
4,13,514,-607,306,-25,-349,-542,334,-664,99,633,-229,636,170,-9,-1,0
4,14,512,-612,305,-24,-350,-538,340,-644,99,633,-229,636,170,-12,0,0
4,15,513,-615,307,-25,-355,-539,351,-627,99,633,-229,635,170,-14,0,0
4,16,511,-612,311,-25,-356,-543,360,-620,99,633,-229,639,170,-12,0,0
4,17,509,-612,311,-24,-353,-540,344,-624,99,633,-229,642,170,-10,0,0
4,18,509,-612,305,-30,-351,-537,329,-631,99,633,-229,639,170,-10,0,0
4,19,510,-610,303,-31,-351,-550,348,-621,99,633,-229,641,170,-15,0,0
4,20,512,-615,307,-23,-352,-552,350,-620,99,633,-229,644,170,-17,0,0
4,21,512,-618,308,-22,-355,-541,324,-632,99,633,-229,641,170,-14,0,0
4,22,513,-611,307,-23,-354,-544,312,-642,99,633,-229,641,170,-15,-1,0
4,23,516,-612,310,-19,-349,-546,332,-634,99,633,-229,644,170,-15,0,0
4,24,517,-616,309,-23,-352,-538,350,-621,99,633,-229,641,170,-9,-1,0
4,25,515,-614,305,-24,-355,-541,329,-634,99,633,-229,640,170,-3,0,0
4,26,513,-613,305,-19,-352,-549,319,-640,99,633,-229,640,170,-9,0,0
4,27,514,-613,307,-24,-352,-544,327,-636,99,633,-229,642,170,-14,0,0
4,28,514,-609,309,-26,-350,-538,316,-644,99,633,-229,642,170,-12,0,0
4,29,512,-609,310,-19,-348,-540,312,-640,99,633,-229,637,170,-12,0,0
4,30,513,-614,308,-18,-349,-542,310,-645,99,633,-229,632,170,-10,0,0
4,31,512,-614,305,-27,-349,-543,307,-641,99,633,-229,633,170,-8,0,0
4,32,511,-612,307,-28,-350,-547,315,-613,99,633,-229,635,170,-12,0,0
4,33,514,-613,311,-22,-351,-551,325,-602,99,633,-229,637,170,-12,0,0
4,34,513,-615,310,-22,-352,-546,325,-615,99,633,-229,641,170,-10,0,0
4,35,508,-612,306,-24,-350,-535,304,-634,99,633,-229,643,170,-10,0,0
4,36,510,-610,303,-30,-347,-536,311,-625,99,633,-229,641,170,-11,0,0
4,37,513,-613,307,-30,-347,-546,333,-605,99,633,-229,640,170,-15,0,0
4,38,514,-613,309,-26,-348,-547,304,-635,99,633,-229,639,170,-20,0,0
4,39,511,-610,305,-23,-347,-537,284,-655,99,633,-229,635,170,-16,0,0
4,40,508,-611,307,-25,-347,-532,319,-609,99,633,-229,634,170,-9,0,0
4,41,506,-611,309,-32,-348,-539,341,-580,99,633,-230,639,170,-10,0,0
4,42,511,-610,303,-33,-348,-541,314,-616,99,633,-230,640,170,-12,0,0
4,43,514,-609,305,-23,-347,-538,298,-643,99,633,-227,641,170,-9,0,0
4,44,511,-612,312,-19,-345,-541,319,-622,99,633,-230,641,170,-12,0,0
4,45,513,-612,308,-26,-346,-541,324,-612,99,633,-231,636,170,-11,0,0
4,46,516,-613,306,-27,-353,-539,306,-634,99,633,-219,636,170,-7,0,0
4,47,514,-615,311,-21,-356,-543,306,-627,99,633,-216,640,170,-10,0,0
4,48,512,-611,310,-24,-350,-541,309,-608,99,633,-230,640,170,-13,0,0
4,49,512,-612,306,-32,-348,-540,297,-615,99,633,-233,638,170,-14,0,0
4,50,512,-613,310,-29,-353,-552,272,-643,99,633,-227,642,170,-18,0,-1
4,51,511,-610,316,-19,-353,-552,261,-657,99,633,-228,641,170,-18,0,0
4,52,509,-611,313,-22,-348,-543,270,-645,99,633,-229,635,170,-11,0,0
4,53,509,-613,310,-25,-351,-547,263,-652,99,633,-226,639,170,-9,-1,0
4,54,514,-615,304,-22,-354,-547,251,-667,99,633,-227,644,170,-11,0,0
4,55,518,-614,300,-22,-350,-538,255,-665,99,633,-227,640,170,-15,-1,0
4,56,515,-613,306,-24,-352,-535,261,-654,99,633,-225,636,170,-18,-1,0
4,57,514,-610,309,-25,-358,-541,267,-645,99,633,-227,634,170,-12,-1,0
4,58,513,-612,306,-23,-354,-541,272,-649,99,633,-228,637,170,-3,-1,0
4,59,509,-615,302,-19,-348,-543,284,-645,99,633,-220,640,170,-8,-1,0
4,60,509,-615,306,-23,-349,-548,292,-638,99,633,-218,641,170,-16,-1,0
4,61,512,-612,311,-26,-352,-544,280,-645,99,633,-230,641,170,-12,-1,0
4,62,511,-609,310,-20,-356,-537,279,-638,99,633,-233,640,170,-11,-1,0
4,63,510,-612,310,-18,-352,-538,288,-634,99,633,-228,642,170,-16,-1,0
4,64,511,-612,308,-24,-345,-540,291,-640,99,633,-229,644,170,-11,-1,-1
4,65,512,-609,309,-21,-344,-534,284,-635,99,633,-232,639,170,-9,-1,-1
4,66,513,-612,312,-26,-352,-534,269,-632,99,633,-230,638,170,-15,-1,-1
4,67,513,-618,307,-35,-356,-543,276,-627,99,633,-231,642,170,-17,-1,-1
4,68,512,-618,301,-28,-352,-538,275,-636,99,633,-231,644,170,-10,-1,-1
4,69,510,-615,305,-25,-351,-535,256,-660,99,633,-231,640,170,-11,-1,-1
4,70,509,-613,310,-33,-354,-548,249,-665,99,633,-231,638,170,-13,-1,-1
4,71,511,-610,308,-27,-353,-552,247,-661,99,633,-231,641,170,-11,-1,-1
4,72,515,-612,306,-19,-351,-543,259,-645,99,633,-231,643,170,-11,-1,-1
4,73,515,-614,306,-24,-352,-543,260,-643,99,633,-231,638,170,-7,-1,-1
4,74,517,-611,308,-27,-351,-544,248,-657,99,633,-231,633,170,-5,-1,-1
4,75,521,-609,310,-21,-350,-539,263,-639,99,633,-231,636,170,-11,-1,-1
4,76,518,-612,311,-25,-353,-537,279,-621,99,633,-231,639,171,-10,-1,-1
4,77,511,-615,308,-34,-353,-539,270,-636,99,633,-231,641,170,-6,-1,-1
4,78,512,-613,303,-30,-352,-539,257,-649,99,633,-231,642,169,-12,0,-1
4,79,517,-613,305,-27,-351,-538,261,-640,99,633,-231,639,172,-13,0,-1
4,80,513,-617,307,-30,-348,-541,269,-635,99,633,-231,639,169,-8,0,-1
4,81,506,-613,307,-28,-348,-547,256,-649,99,633,-231,641,162,-12,0,-1
4,82,506,-609,309,-27,-353,-550,263,-646,99,633,-231,640,166,-17,0,-1
4,83,512,-609,311,-30,-356,-547,286,-631,99,633,-231,639,171,-13,0,-1
4,84,515,-612,307,-25,-350,-547,273,-640,99,633,-231,639,169,-11,0,0
4,85,512,-618,306,-20,-349,-544,256,-647,99,633,-231,636,170,-12,0,0
4,86,509,-617,315,-27,-352,-538,255,-651,99,633,-231,637,171,-10,0,0
4,87,511,-611,314,-27,-350,-539,257,-656,99,633,-231,643,167,-10,0,0
4,88,513,-610,306,-24,-350,-545,257,-656,99,633,-231,642,168,-16,0,0
4,89,513,-613,308,-24,-353,-543,249,-664,99,633,-231,641,172,-16,0,0
4,90,512,-610,311,-24,-355,-539,256,-646,99,633,-231,643,170,-14,0,0
4,91,513,-610,311,-27,-351,-542,266,-624,99,633,-231,641,170,-13,0,0
4,92,515,-612,311,-23,-350,-547,264,-629,99,633,-231,637,171,-12,0,0
4,93,517,-611,309,-18,-350,-537,275,-630,99,633,-231,639,169,-9,0,1
4,94,517,-609,309,-23,-349,-532,270,-640,99,633,-231,642,166,-7,-1,0
4,95,515,-613,311,-26,-351,-541,242,-661,99,633,-231,639,167,-10,-1,0
4,96,511,-615,311,-22,-351,-542,233,-654,99,633,-231,639,169,-10,-1,0
4,97,509,-613,311,-28,-349,-537,254,-628,99,633,-231,641,168,-10,-1,1
4,98,510,-611,312,-31,-350,-545,261,-633,99,633,-231,636,169,-10,-1,1
5,99,514,-613,314,-24,-353,-551,228,-670,99,633,-231,635,171,-6,-1,1
5,100,515,-614,313,-27,-351,-545,217,-668,99,633,-231,637,170,-7,-1,0
5,101,515,-612,311,-30,-348,-539,243,-636,99,633,-231,638,170,-11,-1,0
5,102,516,-609,311,-23,-355,-538,257,-625,99,633,-231,639,170,-11,0,0
5,103,515,-608,312,-23,-358,-539,258,-626,99,633,-231,638,170,-11,0,0
5,104,514,-608,311,-25,-352,-539,256,-629,99,633,-231,640,170,-15,0,0
5,105,512,-614,310,-19,-353,-540,253,-629,99,633,-231,642,170,-14,0,0
5,106,510,-618,311,-21,-356,-545,237,-638,99,633,-231,639,170,-9,0,0
5,107,510,-612,310,-22,-353,-550,212,-659,99,633,-231,635,170,-9,0,0
5,108,514,-611,305,-23,-354,-540,212,-653,99,633,-231,636,170,-11,0,0
5,109,520,-615,303,-24,-359,-533,215,-638,99,633,-231,639,170,-10,0,0
5,110,516,-612,308,-24,-355,-539,208,-649,99,633,-231,639,170,-12,0,0
5,111,507,-610,308,-22,-348,-539,208,-653,99,633,-231,640,170,-13,0,0
5,112,512,-612,306,-24,-352,-532,216,-631,99,633,-231,641,170,-8,0,0
5,113,515,-614,309,-26,-357,-535,219,-614,99,633,-231,639,170,-8,0,-1
5,114,503,-610,311,-23,-355,-547,195,-642,99,633,-231,637,170,-12,0,0
5,115,506,-610,310,-27,-349,-551,194,-658,99,633,-231,637,170,-11,0,0
5,116,520,-616,306,-31,-349,-550,225,-631,99,633,-231,640,170,-11,0,0
5,117,518,-613,304,-24,-351,-544,213,-630,99,633,-231,642,170,-11,0,0
5,118,511,-607,303,-18,-349,-543,183,-647,99,633,-231,636,170,-12,0,0
5,119,513,-611,307,-22,-351,-548,184,-651,99,633,-231,630,170,-11,0,0
5,120,513,-616,307,-27,-355,-542,195,-647,99,633,-231,632,170,-10,0,0
5,121,512,-613,308,-26,-357,-540,202,-636,99,633,-231,636,170,-11,0,0
5,122,517,-609,310,-23,-353,-543,192,-639,99,633,-231,635,170,-9,0,0
5,123,515,-612,306,-22,-350,-542,166,-657,99,633,-232,639,170,-10,0,0
5,124,510,-612,306,-24,-352,-541,142,-684,99,633,-231,641,170,-14,0,0
5,125,513,-614,311,-23,-350,-540,140,-695,99,633,-229,637,170,-12,0,0
5,126,515,-618,307,-23,-349,-540,150,-683,99,633,-233,638,170,-11,0,0
5,127,514,-613,302,-25,-351,-542,120,-707,99,633,-229,642,170,-12,-1,0
5,128,510,-609,308,-23,-350,-545,99,-734,99,633,-215,639,170,-10,-1,0
5,0,513,-613,313,-21,-348,-547,125,-712,99,633,-217,637,170,-11,-1,0
5,1,516,-614,308,-21,-355,-549,135,-693,99,633,-232,638,170,-16,-1,0
5,2,514,-609,305,-22,-360,-543,121,-704,99,633,-232,635,170,-14,-1,0
5,3,512,-611,309,-26,-352,-540,108,-724,98,633,-224,636,170,-13,-1,0
5,4,514,-618,309,-28,-349,-549,117,-718,96,633,-226,641,170,-15,-1,0
5,5,516,-616,304,-20,-354,-546,139,-690,95,633,-228,640,170,-11,-1,0
5,6,515,-612,310,-22,-352,-534,136,-687,95,633,-226,639,170,-9,-1,0
5,7,512,-615,315,-30,-354,-541,126,-701,95,633,-226,639,170,-12,-1,0
5,8,511,-617,312,-27,-361,-548,137,-687,95,633,-226,638,170,-8,-1,0
5,9,510,-612,309,-23,-356,-540,160,-649,95,633,-226,638,170,-6,-1,0
5,10,512,-612,309,-23,-348,-541,158,-655,95,633,-226,639,170,-8,-1,0
5,11,517,-613,308,-28,-350,-549,136,-700,95,633,-226,642,170,-11,-1,0
5,12,516,-611,305,-31,-351,-547,140,-693,95,633,-226,643,169,-12,-1,0
5,13,514,-613,308,-24,-349,-545,140,-672,95,633,-226,640,170,-10,-1,0
5,14,515,-615,314,-26,-349,-546,124,-696,95,633,-227,638,172,-7,-1,0
5,15,512,-613,311,-33,-351,-545,131,-697,95,633,-227,641,168,-12,-1,0
5,16,508,-610,308,-26,-352,-544,133,-679,95,633,-225,641,171,-15,-1,0
5,17,511,-612,309,-26,-353,-551,129,-681,95,633,-228,639,182,-12,-1,0
5,18,516,-613,309,-34,-355,-552,138,-685,95,633,-227,638,177,-10,-1,0
5,19,515,-612,313,-20,-356,-542,141,-683,95,633,-217,639,167,-13,-1,0
5,20,511,-612,317,-13,-353,-540,143,-671,95,633,-219,635,169,-15,-1,0
5,21,512,-612,312,-25,-346,-548,147,-670,95,633,-230,635,171,-10,-1,0
5,22,512,-610,303,-25,-344,-550,146,-671,95,633,-231,638,166,-8,-1,0
5,23,512,-611,305,-20,-347,-538,149,-659,95,633,-227,636,167,-14,0,0
5,24,515,-614,314,-22,-354,-532,157,-648,95,633,-231,639,169,-15,0,0
5,25,511,-610,311,-23,-358,-543,152,-662,95,633,-231,644,169,-10,0,0
5,26,508,-608,306,-23,-354,-548,126,-690,95,633,-228,643,170,-11,0,0
5,27,515,-615,307,-22,-353,-545,141,-662,95,633,-229,639,170,-15,0,0
5,28,519,-615,306,-22,-355,-547,176,-617,95,633,-229,641,170,-13,0,-1
5,29,514,-614,304,-26,-352,-549,150,-648,95,633,-229,645,170,-10,0,-1
5,30,511,-618,306,-29,-347,-544,125,-683,95,633,-229,641,170,-14,0,-1
5,31,514,-612,309,-26,-347,-538,143,-668,95,633,-229,637,170,-16,0,-1
5,32,512,-605,306,-23,-350,-539,155,-654,95,633,-229,636,170,-11,0,-1
5,33,507,-609,307,-23,-350,-546,146,-658,95,633,-229,641,170,-9,0,-1
5,34,512,-612,313,-22,-351,-552,133,-666,95,633,-229,645,170,-10,0,-1
5,35,513,-610,313,-25,-354,-552,139,-659,95,633,-229,641,170,-13,0,-1
5,36,506,-612,312,-26,-353,-548,142,-657,95,633,-229,638,170,-14,0,-1
5,37,505,-614,309,-22,-345,-545,135,-671,95,633,-229,638,170,-13,0,-1
5,38,512,-616,302,-24,-344,-546,124,-677,95,633,-229,636,170,-17,0,-1
5,39,514,-616,306,-25,-349,-550,114,-672,95,633,-229,635,170,-18,0,-1
5,40,513,-611,308,-24,-352,-550,143,-642,95,633,-230,639,170,-13,0,0
5,41,513,-608,303,-26,-352,-542,154,-638,95,633,-229,640,170,-9,0,0
5,42,510,-611,309,-21,-348,-537,118,-672,95,633,-227,638,170,-15,0,0
5,43,512,-617,314,-19,-346,-543,119,-663,95,633,-232,636,170,-20,0,0
5,44,515,-614,306,-23,-352,-551,138,-644,95,633,-227,638,170,-17,0,0
5,45,511,-608,305,-25,-355,-546,126,-655,95,633,-215,639,170,-13,0,0
5,46,511,-609,313,-21,-350,-541,113,-661,95,633,-219,641,170,-14,0,0
5,47,514,-612,308,-29,-345,-548,117,-655,95,633,-231,642,170,-17,0,0
5,48,510,-611,303,-33,-348,-549,131,-645,95,633,-234,639,170,-14,0,0
5,49,508,-611,309,-24,-347,-543,129,-653,95,633,-227,638,170,-11,0,0
5,50,513,-616,310,-29,-346,-543,112,-675,95,633,-223,640,170,-14,-1,0
5,51,512,-617,308,-33,-350,-548,120,-662,95,633,-226,640,170,-18,-1,0
5,52,511,-613,311,-26,-351,-544,139,-638,95,633,-229,640,170,-16,-1,0
5,53,512,-611,311,-23,-347,-545,143,-637,95,633,-228,641,170,-12,-1,0
5,54,511,-614,310,-27,-348,-549,146,-639,95,633,-228,643,170,-12,-1,0
5,55,511,-617,307,-32,-353,-548,145,-637,95,633,-232,642,170,-12,-1,0
5,56,512,-615,306,-31,-353,-547,129,-653,95,633,-230,636,170,-13,-1,0
5,57,514,-610,307,-27,-350,-546,110,-678,95,633,-229,636,170,-15,-1,0
5,58,511,-611,306,-30,-348,-549,111,-665,95,633,-232,641,170,-16,-1,0
5,59,508,-614,306,-32,-349,-548,109,-649,95,633,-231,639,170,-13,-1,0
5,60,510,-612,312,-20,-349,-544,110,-654,95,633,-230,637,170,-12,-1,0
5,61,515,-612,312,-16,-346,-547,132,-642,95,633,-229,639,170,-19,-1,0
5,62,515,-613,311,-24,-349,-549,131,-644,95,633,-229,639,170,-18,-1,0
5,63,511,-613,311,-30,-353,-549,114,-660,95,633,-229,639,170,-12,-1,-1
5,64,510,-614,307,-29,-352,-549,110,-662,95,633,-229,639,170,-16,-1,-1
5,65,511,-612,308,-21,-350,-548,112,-655,95,633,-229,640,170,-19,-1,-1
5,66,513,-609,311,-17,-349,-545,116,-646,95,633,-229,642,170,-14,-1,-1
5,67,515,-614,311,-23,-347,-547,101,-654,95,633,-229,640,170,-15,-1,-1
5,68,513,-617,306,-29,-351,-551,98,-653,95,633,-229,639,170,-14,-1,-1
5,69,511,-611,303,-27,-352,-551,119,-636,95,633,-229,641,170,-10,-1,-1
5,70,512,-613,306,-26,-349,-551,125,-635,95,633,-229,639,170,-13,-1,-1
5,71,515,-618,305,-25,-350,-551,117,-629,95,633,-229,635,170,-18,-1,-1
5,72,515,-614,304,-24,-351,-548,121,-616,95,633,-229,640,170,-17,-2,-1
5,73,513,-611,305,-27,-349,-546,147,-607,95,633,-229,643,170,-14,-1,-1
5,74,514,-611,309,-30,-347,-546,153,-610,95,633,-229,639,170,-13,-2,0
5,75,515,-609,309,-26,-349,-547,136,-617,95,633,-229,639,170,-14,-1,0
5,76,513,-611,307,-20,-348,-547,148,-599,95,633,-229,639,170,-18,-1,0
5,77,512,-615,307,-22,-345,-548,167,-584,95,633,-229,637,170,-15,-1,0
5,78,513,-612,306,-31,-352,-546,155,-600,95,633,-229,638,170,-13,-1,0
5,79,516,-610,305,-31,-355,-538,142,-621,95,633,-229,641,170,-17,-1,0
5,80,517,-614,307,-26,-351,-534,152,-617,95,633,-229,640,170,-15,-1,0
5,81,514,-615,311,-34,-353,-545,180,-587,95,633,-229,636,170,-13,-1,0
5,82,513,-613,312,-34,-354,-548,179,-582,95,633,-229,640,170,-16,-1,0
5,83,514,-614,311,-22,-349,-542,158,-600,95,633,-229,644,170,-17,-1,0
5,84,515,-613,308,-20,-349,-543,179,-580,95,633,-229,639,170,-13,-1,0
5,85,516,-612,307,-27,-353,-547,205,-553,95,633,-229,636,170,-9,-1,0
5,86,515,-616,308,-23,-351,-543,193,-563,95,633,-229,641,170,-13,-1,0
5,87,513,-616,311,-22,-348,-537,155,-594,95,633,-229,643,170,-16,0,0
5,88,516,-612,311,-31,-350,-537,152,-594,95,633,-229,642,170,-13,0,0
5,89,515,-616,313,-31,-354,-543,198,-557,95,633,-229,640,171,-12,0,0
5,90,511,-615,314,-25,-351,-549,200,-556,95,633,-229,638,170,-14,0,0
5,91,513,-611,309,-29,-350,-543,183,-562,95,633,-229,643,170,-15,0,0
5,92,514,-611,302,-33,-353,-540,207,-546,95,633,-229,646,177,-16,0,0
5,93,512,-612,302,-24,-349,-547,215,-554,95,633,-229,641,178,-14,0,0
5,94,514,-612,305,-22,-347,-546,191,-577,95,633,-229,639,169,-9,0,0
5,95,516,-615,304,-27,-349,-543,167,-586,95,633,-229,645,165,-10,0,0
5,96,510,-612,302,-22,-346,-544,181,-576,95,633,-229,640,170,-15,0,0
5,97,510,-609,309,-20,-347,-544,211,-561,95,633,-229,631,170,-13,0,0
5,98,513,-612,313,-24,-352,-544,206,-558,95,633,-229,634,167,-11,0,0
6,99,511,-613,310,-26,-348,-544,184,-563,95,633,-229,643,169,-16,0,0
6,100,513,-610,311,-24,-348,-539,180,-575,95,633,-229,645,171,-19,0,0
6,101,511,-610,311,-29,-358,-539,198,-570,95,633,-229,637,170,-13,0,0
6,102,510,-613,304,-31,-357,-548,205,-556,95,633,-229,632,170,-10,0,0
6,103,516,-613,303,-30,-350,-547,187,-568,95,633,-229,640,170,-12,0,0
6,104,517,-614,309,-33,-357,-544,183,-572,95,633,-229,643,170,-14,0,0
6,105,512,-615,312,-27,-357,-548,203,-548,95,633,-229,640,170,-12,0,0
6,106,512,-614,308,-24,-347,-549,220,-537,95,633,-229,640,170,-12,0,0
6,107,513,-614,303,-31,-348,-537,220,-544,95,633,-229,639,170,-14,0,0
6,108,514,-613,306,-29,-352,-533,204,-562,95,633,-229,639,170,-12,0,0
6,109,514,-615,308,-15,-348,-542,202,-562,95,633,-229,639,170,-9,0,0
6,110,517,-614,303,-20,-348,-542,207,-554,95,633,-229,638,170,-13,0,0
6,111,517,-614,302,-26,-355,-539,198,-559,95,633,-229,637,170,-16,0,0
6,112,511,-614,307,-24,-355,-541,199,-551,94,633,-229,639,170,-13,0,0
6,113,508,-610,312,-25,-351,-539,205,-548,96,633,-229,642,170,-10,0,0
6,114,514,-610,309,-22,-353,-542,209,-550,99,633,-229,643,170,-12,0,0
6,115,516,-613,301,-21,-357,-552,209,-538,99,633,-229,643,170,-11,0,0
6,116,511,-614,302,-26,-352,-550,199,-539,98,633,-229,641,170,-10,0,0
6,117,509,-613,308,-25,-344,-540,197,-553,99,633,-229,641,170,-12,0,0
6,118,511,-614,313,-21,-348,-541,193,-563,99,633,-229,642,170,-10,0,0
6,119,512,-613,309,-31,-357,-545,194,-557,99,633,-229,640,170,-9,0,0
6,120,512,-611,304,-33,-353,-550,198,-560,99,633,-229,640,170,-16,0,0
6,121,514,-615,310,-22,-349,-550,189,-572,99,633,-229,643,170,-15,0,0
6,122,516,-618,317,-23,-355,-547,190,-556,99,633,-229,640,170,-10,0,0
6,123,515,-615,315,-28,-355,-548,190,-549,99,633,-229,637,170,-12,0,0
6,124,512,-609,305,-31,-350,-550,187,-553,99,633,-229,638,170,-17,0,0
6,125,509,-609,305,-32,-349,-548,184,-552,99,633,-229,637,170,-17,0,0
6,126,510,-612,313,-27,-352,-544,167,-577,99,633,-229,639,170,-14,0,0
6,127,508,-611,313,-18,-355,-542,179,-577,99,633,-229,639,170,-11,0,0
6,128,509,-611,310,-21,-356,-543,202,-544,99,633,-229,637,170,-11,0,0
6,0,516,-611,308,-28,-354,-544,185,-545,99,633,-229,639,170,-14,0,0
6,1,517,-610,306,-21,-355,-546,174,-566,99,633,-229,642,170,-17,0,0
6,2,515,-610,308,-22,-352,-547,177,-573,99,633,-229,642,170,-16,0,0
6,3,515,-612,310,-33,-347,-550,167,-568,99,633,-229,643,170,-16,0,0
6,4,512,-614,308,-30,-349,-551,165,-560,99,633,-229,647,170,-15,-1,0
6,5,510,-614,311,-23,-352,-548,180,-555,99,633,-229,640,170,-13,-1,0
6,6,513,-611,315,-30,-350,-548,180,-572,99,633,-229,633,170,-12,-1,0
6,7,515,-611,307,-30,-348,-551,164,-598,99,633,-229,636,170,-8,-1,0
6,8,511,-617,298,-21,-349,-547,177,-574,99,633,-229,642,170,-9,-1,0
6,9,512,-617,305,-23,-352,-541,194,-549,99,633,-229,642,170,-15,-1,0
6,10,516,-615,315,-27,-349,-543,172,-578,99,633,-229,639,170,-14,-1,0
6,11,513,-612,313,-25,-349,-548,161,-587,99,633,-229,639,170,-11,-1,0
6,12,511,-611,312,-23,-350,-548,177,-564,99,633,-229,640,170,-13,-1,0
6,13,513,-619,314,-23,-349,-548,186,-555,99,633,-229,641,170,-15,-1,0
6,14,514,-619,312,-27,-350,-550,180,-562,99,633,-229,640,170,-13,-1,0
6,15,513,-609,311,-28,-349,-551,175,-574,99,633,-229,641,170,-12,-1,0
6,16,513,-611,310,-27,-345,-550,191,-567,99,633,-229,642,170,-16,-1,0
6,17,513,-614,311,-27,-346,-547,194,-551,99,633,-229,640,170,-17,-1,0
6,18,516,-610,310,-24,-350,-547,187,-552,99,633,-229,641,170,-14,-1,0
6,19,516,-613,309,-21,-351,-546,191,-561,99,633,-229,641,170,-15,-1,0
6,20,511,-613,310,-25,-348,-544,179,-564,99,633,-229,639,170,-17,-1,0
6,21,512,-610,309,-33,-351,-548,177,-555,99,633,-229,639,170,-15,-1,0
6,22,516,-612,306,-30,-353,-553,195,-554,99,633,-229,644,170,-12,-1,0
6,23,512,-613,306,-20,-353,-549,213,-556,99,633,-229,643,170,-13,-1,0
6,24,509,-612,311,-20,-353,-544,213,-552,99,633,-229,637,170,-13,0,0
6,25,514,-614,308,-26,-353,-549,189,-573,99,633,-229,642,170,-12,0,0
6,26,515,-616,305,-24,-351,-551,197,-573,99,633,-229,643,170,-13,0,0
6,27,510,-613,309,-20,-348,-547,222,-546,99,633,-229,636,170,-9,0,0
6,28,508,-609,310,-31,-351,-544,217,-548,99,633,-229,637,170,-10,0,0
6,29,510,-611,308,-36,-351,-545,203,-555,99,633,-229,643,170,-14,0,0
6,30,512,-612,314,-26,-349,-547,212,-550,99,633,-229,640,170,-11,0,0
6,31,512,-609,313,-25,-353,-550,228,-548,99,633,-229,637,170,-10,0,0
6,32,515,-610,302,-29,-356,-550,222,-549,99,633,-229,640,170,-13,0,0
6,33,516,-614,305,-23,-352,-546,211,-543,99,633,-229,639,170,-14,0,0
6,34,512,-611,314,-21,-349,-542,216,-535,99,633,-229,639,170,-11,0,0
6,35,510,-611,312,-28,-350,-542,216,-540,99,633,-229,641,170,-8,0,0
6,36,508,-617,305,-31,-353,-544,224,-531,99,633,-229,640,170,-11,0,0
6,37,509,-615,304,-26,-354,-539,239,-516,99,633,-229,642,170,-14,0,0
6,38,513,-612,305,-28,-350,-534,227,-522,99,633,-229,646,170,-9,0,-1
6,39,516,-615,308,-35,-346,-545,210,-527,99,633,-229,641,170,-7,0,0
6,40,515,-614,312,-28,-351,-549,201,-536,99,633,-229,636,170,-13,0,0
6,41,515,-610,308,-19,-353,-548,194,-547,99,633,-229,642,170,-14,0,0
6,42,513,-612,305,-24,-350,-549,205,-538,99,633,-230,642,170,-9,0,0
6,43,509,-616,311,-27,-351,-543,222,-521,99,633,-228,637,170,-8,0,0
6,44,514,-617,311,-23,-354,-542,240,-498,99,633,-229,640,170,-12,0,0
6,45,520,-615,305,-25,-352,-550,243,-483,99,633,-231,645,170,-13,0,0
6,46,516,-614,306,-24,-353,-551,227,-497,99,633,-225,642,170,-11,0,0
6,47,510,-614,309,-24,-354,-547,213,-524,99,633,-223,641,170,-12,0,0
6,48,509,-613,309,-23,-352,-548,206,-535,99,633,-230,644,170,-15,0,0
6,49,506,-610,308,-21,-356,-547,221,-512,99,633,-233,642,170,-14,0,0
6,50,508,-609,305,-22,-355,-547,226,-501,99,633,-228,641,170,-9,0,0
6,51,513,-614,307,-26,-346,-549,214,-521,99,633,-229,641,170,-5,0,0
6,52,512,-615,312,-25,-344,-542,223,-513,99,633,-232,633,169,-8,0,0
6,53,514,-608,312,-26,-352,-541,224,-513,99,633,-231,633,171,-14,0,0
6,54,517,-609,306,-30,-355,-549,208,-531,99,633,-229,639,171,-14,-1,0
6,55,513,-615,308,-30,-351,-541,196,-534,99,633,-229,638,166,-9,-1,0
6,56,508,-613,314,-25,-350,-532,187,-536,99,633,-229,637,178,-10,-1,0
6,57,513,-614,308,-20,-355,-543,198,-530,99,633,-229,640,185,-14,-1,0
6,58,520,-613,304,-21,-352,-547,215,-514,99,633,-229,639,170,-10,-1,0
6,59,516,-607,304,-30,-346,-544,229,-499,99,633,-229,638,162,-9,-1,0
6,60,513,-608,303,-32,-345,-550,230,-502,99,633,-229,639,171,-9,-1,0
6,61,515,-616,305,-21,-354,-548,218,-515,99,633,-229,640,172,-5,-1,0
6,62,513,-618,306,-14,-359,-541,221,-503,99,633,-229,637,167,-11,-1,0
6,63,507,-612,303,-22,-352,-541,221,-497,99,633,-229,640,169,-17,-1,0
6,64,509,-608,301,-30,-350,-544,219,-506,99,633,-229,643,168,-11,-1,0
6,65,513,-611,306,-31,-356,-548,229,-501,99,633,-229,640,168,-9,-1,0
6,66,512,-614,310,-24,-352,-548,223,-509,99,633,-229,639,172,-11,-1,0
6,67,513,-610,304,-23,-343,-540,225,-514,99,633,-229,640,170,-10,-1,0
6,68,513,-609,305,-24,-348,-542,249,-492,99,633,-229,640,168,-8,-1,0
6,69,511,-617,314,-23,-356,-551,261,-478,99,633,-229,638,169,-9,-1,0
6,70,511,-617,312,-26,-353,-538,250,-492,99,633,-229,638,169,-10,-1,0
6,71,516,-610,304,-26,-352,-530,238,-514,99,633,-229,637,168,-9,-1,0
6,72,514,-613,304,-22,-356,-541,258,-496,99,633,-229,635,168,-10,-1,0
6,73,512,-615,308,-23,-357,-539,259,-481,99,633,-229,635,168,-13,-1,0
6,74,515,-612,309,-21,-357,-535,243,-494,99,633,-230,634,168,-17,-1,0
6,75,512,-613,309,-20,-355,-540,279,-466,99,633,-230,636,168,-11,-1,0
6,76,507,-611,311,-23,-352,-539,316,-435,99,633,-228,640,168,-4,-1,0
6,77,509,-609,310,-26,-354,-537,288,-468,99,633,-230,639,168,-8,-1,0
6,78,515,-612,306,-27,-355,-545,253,-506,99,633,-231,637,168,-14,-1,0
6,79,514,-612,306,-24,-351,-543,263,-492,99,633,-220,639,168,-13,-1,0
6,80,507,-607,309,-19,-349,-539,273,-471,99,633,-216,638,168,-8,0,0
6,81,509,-609,312,-22,-350,-546,258,-490,99,633,-228,633,168,-6,0,0
6,82,515,-618,310,-30,-352,-545,260,-494,99,633,-233,638,168,-10,0,0
6,83,513,-619,304,-27,-356,-540,281,-470,99,633,-228,643,168,-10,0,0
6,84,510,-614,306,-29,-354,-542,296,-457,99,633,-230,640,168,-7,0,0
6,85,510,-617,312,-33,-352,-544,309,-449,99,633,-231,634,168,-9,0,0
6,86,512,-615,312,-27,-354,-543,294,-451,99,633,-228,638,168,-11,0,0
6,87,513,-610,311,-27,-351,-543,277,-454,99,633,-229,642,168,-7,0,0
6,88,511,-613,313,-31,-348,-547,306,-430,99,633,-229,639,168,-4,0,0
6,89,512,-615,311,-24,-350,-549,326,-417,99,633,-229,636,168,-9,0,0
6,90,516,-612,304,-20,-349,-549,306,-437,99,633,-229,639,168,-12,0,0
6,91,517,-613,306,-26,-346,-548,291,-444,99,633,-229,640,168,-11,0,0
6,92,512,-612,310,-26,-355,-550,307,-420,99,633,-229,639,168,-12,0,0
6,93,510,-609,310,-20,-359,-550,315,-415,99,633,-229,642,168,-5,0,0
6,94,515,-613,307,-24,-352,-549,301,-434,99,633,-229,640,168,3,0,0
6,95,514,-616,304,-28,-355,-551,308,-420,99,633,-229,632,168,-5,0,0
6,96,512,-612,307,-24,-358,-547,304,-418,99,633,-229,635,168,-11,0,0
6,97,514,-615,309,-21,-348,-540,277,-445,99,633,-229,644,168,-6,0,0
6,98,513,-620,306,-24,-345,-548,294,-434,99,633,-229,642,168,-9,0,0
7,99,510,-612,309,-26,-350,-554,313,-419,99,633,-229,640,168,-11,0,0
7,100,511,-604,309,-31,-349,-550,299,-432,99,633,-229,640,168,-7,0,0
7,101,507,-610,304,-32,-352,-546,286,-444,99,633,-229,635,168,-6,0,0
7,102,506,-614,306,-23,-355,-544,297,-432,99,633,-229,635,168,-7,0,0
7,103,515,-606,307,-20,-352,-541,320,-405,99,633,-229,638,168,-11,0,0
7,104,515,-608,302,-23,-349,-538,322,-406,99,633,-229,636,168,-13,0,0
7,105,509,-617,305,-22,-348,-543,314,-424,99,633,-229,635,168,-7,0,0
7,106,513,-615,308,-25,-351,-548,311,-424,99,633,-229,639,168,-6,-1,0
7,107,517,-610,305,-24,-351,-546,312,-420,99,633,-229,644,168,-11,-1,0
7,108,512,-617,303,-17,-346,-544,320,-415,99,633,-229,643,168,-12,0,0
7,109,511,-617,308,-19,-347,-549,317,-415,99,633,-229,640,168,-7,-1,0
7,110,515,-612,310,-30,-351,-551,318,-416,99,633,-229,640,168,-8,-1,0
7,111,514,-614,303,-28,-351,-551,323,-411,99,633,-229,640,168,-12,-1,0
7,112,514,-614,299,-23,-347,-550,306,-423,99,633,-229,639,168,-10,-1,0
7,113,512,-611,304,-29,-348,-547,301,-434,99,633,-230,639,168,-9,-1,0
7,114,512,-612,310,-32,-350,-545,313,-432,99,633,-229,641,168,-11,-1,0
7,115,514,-613,308,-27,-348,-544,316,-429,99,633,-229,641,168,-11,-1,0
7,116,516,-614,310,-22,-349,-548,303,-435,99,633,-230,640,168,-10,-1,0
7,117,520,-614,313,-23,-348,-550,288,-449,99,633,-228,637,168,-9,-1,0
7,118,516,-613,307,-30,-346,-547,306,-429,99,633,-222,630,168,-9,-1,0
7,119,505,-613,305,-31,-349,-544,327,-398,99,633,-216,632,168,-11,-1,0
7,120,506,-612,310,-21,-353,-545,320,-406,99,633,-220,639,168,-16,-1,0
7,121,513,-611,308,-18,-351,-546,313,-420,99,633,-230,637,168,-10,-1,0
7,122,515,-613,302,-25,-348,-544,297,-425,99,633,-231,638,168,3,-1,0
7,123,511,-615,302,-31,-351,-545,288,-422,99,633,-229,644,168,-2,-1,-1
7,124,513,-610,305,-29,-350,-546,289,-429,99,633,-231,642,167,-15,-1,-1
7,125,514,-612,305,-22,-349,-549,274,-447,99,633,-231,637,169,-12,-1,-1
7,126,510,-621,303,-23,-350,-542,283,-434,99,633,-228,638,173,-7,-1,-1
7,127,512,-615,307,-24,-350,-531,308,-418,99,633,-229,641,171,-10,0,-1
7,128,512,-606,308,-23,-356,-539,307,-417,99,633,-229,640,167,-12,0,-1
7,0,514,-614,305,-26,-354,-543,301,-408,99,633,-229,639,169,-6,0,-1
7,1,518,-620,306,-23,-351,-537,309,-402,99,633,-229,636,173,-2,0,-1
7,2,513,-613,307,-17,-356,-536,310,-409,99,633,-230,630,172,-8,0,-1
7,3,506,-610,306,-20,-356,-543,291,-432,99,633,-228,635,171,-10,0,-1
7,4,511,-615,309,-29,-346,-545,292,-425,99,633,-229,642,172,-6,0,-1
7,5,515,-613,309,-31,-344,-544,308,-393,99,633,-231,640,171,-12,0,-1
7,6,511,-614,307,-24,-355,-546,292,-410,99,632,-223,640,168,-14,0,0
7,7,510,-618,307,-21,-357,-546,285,-427,99,631,-216,641,169,-9,0,0
7,8,515,-615,306,-26,-350,-545,297,-410,99,634,-224,640,173,-10,0,0
7,9,516,-612,303,-27,-351,-545,295,-406,99,631,-231,639,172,-11,0,0
7,10,512,-614,305,-23,-355,-541,285,-421,99,630,-228,638,171,-9,0,0
7,11,512,-614,309,-25,-355,-536,283,-420,99,644,-229,638,172,-11,0,0
7,12,513,-614,309,-27,-353,-538,295,-402,99,657,-232,638,171,-9,0,0
7,13,509,-613,308,-26,-352,-539,287,-413,99,653,-229,636,168,0,0,1
7,14,508,-615,310,-27,-352,-539,273,-421,99,651,-229,638,169,-9,0,0
7,15,510,-618,313,-29,-354,-539,286,-401,99,655,-229,645,173,-11,0,0
7,16,511,-614,312,-28,-355,-539,288,-408,99,654,-229,646,172,5,0,0
7,17,511,-610,307,-26,-354,-539,281,-408,99,651,-229,640,171,2,-1,0
7,18,514,-612,309,-22,-354,-537,285,-388,99,652,-229,636,172,-14,-1,0
7,19,513,-612,309,-24,-349,-538,294,-396,99,652,-229,634,171,-12,-1,0
7,20,507,-610,308,-28,-347,-540,312,-392,99,652,-229,634,168,-6,-1,0
7,21,509,-612,310,-25,-350,-537,310,-370,99,652,-229,637,169,-8,-1,0
7,22,512,-612,307,-20,-349,-542,277,-399,99,652,-229,639,173,-6,-1,0
7,23,512,-614,303,-24,-352,-551,272,-423,99,652,-229,639,172,-6,-1,0
7,24,510,-614,307,-24,-350,-543,311,-376,99,652,-229,642,171,-13,-1,0
7,25,511,-610,307,-21,-347,-536,326,-344,99,652,-229,639,172,-9,-1,0
7,26,512,-610,305,-23,-349,-541,294,-387,99,652,-229,635,171,3,-1,0
7,27,511,-615,307,-29,-349,-542,295,-407,99,652,-229,639,168,-1,-1,-1
7,28,513,-615,306,-34,-347,-540,323,-377,99,652,-229,640,169,-5,-1,-1
7,29,518,-611,310,-26,-348,-539,303,-385,99,652,-229,636,173,1,-1,-1
7,30,513,-610,311,-18,-349,-538,290,-398,99,652,-229,636,172,-5,-1,-1
7,31,508,-613,306,-20,-348,-545,299,-387,99,652,-229,638,171,-13,-1,-1
7,32,512,-618,306,-24,-354,-550,283,-395,99,652,-229,638,172,-7,-1,-1
7,33,513,-618,308,-22,-357,-542,284,-400,99,652,-229,641,171,-5,-1,-1
7,34,508,-610,307,-25,-350,-534,308,-386,99,652,-229,644,168,-9,-1,-1
7,35,510,-610,308,-33,-349,-541,313,-384,99,652,-229,641,169,-8,-1,-1
7,36,515,-614,310,-31,-352,-552,290,-407,99,652,-229,640,173,-7,-1,-1
7,37,514,-612,310,-20,-348,-549,288,-403,99,652,-229,642,172,-8,-1,-1
7,38,511,-609,305,-20,-346,-546,310,-366,99,652,-229,641,171,-4,-1,0
7,39,511,-610,307,-25,-347,-548,288,-385,99,652,-229,639,172,2,-1,0
7,40,512,-617,311,-24,-345,-549,262,-425,99,652,-229,638,171,-4,0,0
7,41,515,-620,307,-24,-347,-546,286,-405,99,652,-229,642,168,-13,0,0
7,42,513,-610,303,-21,-348,-545,308,-379,99,652,-229,644,169,-7,0,0
7,43,507,-607,309,-19,-348,-540,307,-387,99,652,-229,638,173,-2,0,0
7,44,510,-614,311,-24,-351,-536,328,-373,99,652,-229,636,172,-7,0,0
7,45,516,-617,305,-26,-351,-542,372,-322,99,652,-229,641,171,-9,0,0
7,46,514,-614,305,-19,-346,-543,384,-296,99,652,-229,643,172,-11,0,0
7,47,509,-612,306,-23,-346,-539,379,-302,99,652,-229,639,171,-14,0,0
7,48,511,-616,305,-33,-349,-538,397,-294,99,652,-229,638,168,-9,0,0
7,49,517,-614,307,-26,-348,-537,387,-302,99,652,-229,644,169,-6,0,0
7,50,517,-608,305,-20,-350,-543,365,-322,99,652,-229,644,173,-9,0,0
7,51,512,-609,307,-26,-351,-541,376,-320,99,652,-229,637,172,-4,0,0
7,52,510,-612,312,-26,-350,-534,379,-316,99,652,-229,638,171,4,0,0
7,53,511,-613,309,-24,-346,-536,365,-310,99,652,-229,641,172,-3,0,0
7,54,510,-613,307,-25,-346,-541,363,-308,99,652,-229,638,171,-13,0,0
7,55,506,-611,308,-21,-357,-544,371,-315,99,652,-229,639,168,-11,0,0
7,56,507,-607,308,-17,-360,-546,371,-319,99,652,-229,641,169,-5,0,0
7,57,513,-613,309,-22,-349,-542,359,-320,99,652,-229,641,173,-6,0,0
7,58,511,-616,308,-32,-347,-535,368,-305,99,652,-229,640,172,-8,0,0
7,59,510,-611,308,-30,-353,-535,380,-291,99,652,-229,644,171,-4,0,0
7,60,515,-611,312,-20,-349,-539,385,-284,99,652,-229,646,172,-4,0,0
7,61,512,-612,309,-20,-344,-541,382,-284,99,652,-229,638,171,-2,0,0
7,62,507,-611,306,-26,-350,-536,363,-307,99,652,-229,635,168,1,0,0
7,63,511,-610,307,-24,-357,-537,371,-304,99,652,-229,643,169,-2,0,0
7,64,515,-608,307,-21,-354,-547,387,-287,99,652,-229,645,173,-4,-1,0
7,65,511,-607,313,-25,-349,-547,367,-304,99,652,-229,640,172,-2,-1,0
7,66,510,-613,317,-22,-350,-540,354,-315,99,652,-229,638,171,-9,-1,0
7,67,512,-613,310,-18,-350,-539,358,-317,99,652,-229,640,172,-12,-1,0
7,68,510,-611,303,-27,-347,-538,355,-323,99,652,-229,639,171,-4,-1,0
7,69,509,-614,304,-31,-346,-543,344,-323,99,652,-229,639,168,-6,-1,0
7,70,512,-615,306,-22,-349,-547,350,-313,99,652,-229,641,169,-11,-1,0
7,71,509,-614,308,-23,-352,-539,379,-300,99,652,-229,641,173,-11,-1,0
7,72,504,-611,312,-29,-353,-532,366,-314,99,652,-229,638,172,-9,-1,0
7,73,510,-617,310,-22,-350,-540,339,-326,99,652,-229,639,171,-5,-1,0
7,74,512,-621,307,-20,-347,-541,372,-293,99,652,-229,645,172,-7,-1,0
7,75,510,-616,309,-25,-352,-535,408,-271,99,652,-229,644,171,-12,-1,0
7,76,514,-613,307,-20,-356,-538,398,-279,99,652,-229,633,168,-8,-1,0
7,77,515,-612,309,-18,-352,-540,379,-291,99,652,-229,633,169,2,-1,0
7,78,507,-610,312,-29,-350,-539,384,-289,99,652,-230,641,173,-1,-1,0
7,79,509,-611,310,-31,-354,-540,390,-289,99,652,-229,640,172,-8,-1,0
7,80,518,-614,310,-22,-353,-538,380,-306,99,652,-228,634,171,-9,-1,0
7,81,510,-614,313,-19,-348,-537,385,-293,99,652,-232,639,172,-9,-1,0
7,82,505,-612,307,-21,-350,-539,389,-284,99,652,-227,643,171,-8,-1,0
7,83,512,-613,301,-26,-351,-540,382,-298,99,652,-218,639,168,-6,-1,0
7,84,513,-615,307,-31,-347,-539,385,-293,99,652,-225,636,169,-9,-1,-1
7,85,510,-613,311,-26,-348,-537,370,-299,99,652,-228,635,173,-12,0,0
7,86,511,-608,306,-22,-352,-536,355,-313,99,652,-217,638,172,-8,0,-1
7,87,511,-608,305,-26,-350,-542,363,-308,99,652,-220,642,171,-6,0,0
7,88,511,-610,310,-25,-348,-545,364,-310,99,652,-231,641,172,-7,0,-1
7,89,514,-614,310,-23,-350,-538,358,-314,99,652,-232,638,171,-9,0,0
7,90,515,-612,307,-25,-351,-538,363,-293,99,652,-225,639,168,-10,0,0
7,91,511,-609,308,-26,-350,-542,380,-274,99,652,-223,640,169,-9,0,0
7,92,510,-611,310,-24,-352,-539,381,-288,99,652,-228,639,173,-10,0,0
7,93,515,-614,307,-22,-349,-536,366,-298,99,652,-230,640,172,-10,0,0
7,94,514,-614,307,-21,-347,-536,370,-281,99,652,-223,639,170,-9,0,0
7,95,511,-612,312,-24,-348,-534,377,-280,99,652,-216,637,173,-9,0,0
7,96,513,-613,311,-31,-348,-535,379,-282,99,652,-216,637,172,-9,0,0
7,97,515,-614,310,-28,-348,-535,382,-276,99,652,-219,640,164,-8,0,0
7,98,516,-614,313,-24,-346,-533,375,-294,99,652,-228,640,175,-6,0,0
8,99,514,-612,309,-26,-347,-536,373,-297,99,652,-233,635,188,-9,0,0
8,100,512,-611,303,-26,-351,-538,371,-282,99,652,-230,637,172,-15,0,0
8,101,513,-612,308,-26,-353,-534,358,-299,99,652,-230,640,160,-12,0,0
8,102,514,-614,312,-29,-350,-534,345,-324,99,652,-230,639,170,-3,0,0
8,103,513,-613,311,-25,-351,-538,342,-328,99,652,-229,643,173,-8,0,0
8,104,510,-610,310,-21,-357,-540,352,-321,99,652,-229,645,166,-13,0,0
8,105,509,-612,311,-23,-354,-539,349,-324,99,652,-229,638,169,2,0,0
8,106,509,-616,313,-26,-346,-537,347,-322,99,652,-229,636,170,2,0,0
8,107,510,-615,309,-25,-347,-540,372,-299,99,652,-229,641,167,-9,0,0
8,108,514,-611,306,-26,-351,-537,373,-305,99,652,-229,643,168,-3,0,0
8,109,514,-614,307,-30,-351,-534,354,-316,99,652,-230,640,169,-3,0,0
8,110,511,-615,311,-33,-350,-547,360,-300,99,652,-229,641,171,-11,0,0
8,111,510,-612,307,-23,-352,-551,378,-284,99,652,-228,643,169,-5,0,0
8,112,511,-615,303,-17,-350,-541,383,-285,99,652,-231,640,169,-2,0,0
8,113,512,-617,306,-21,-349,-538,366,-298,99,652,-228,640,170,-16,-1,0
8,114,511,-613,309,-24,-356,-541,363,-293,99,652,-218,640,170,-14,-1,0
8,115,511,-612,309,-25,-356,-537,375,-281,99,652,-221,636,170,-5,-1,0
8,116,511,-619,309,-22,-352,-534,372,-293,99,652,-231,639,169,-7,-1,0
8,117,511,-619,310,-21,-356,-536,372,-298,99,652,-230,644,167,-9,-1,0
8,118,512,-610,311,-22,-356,-537,368,-294,99,652,-227,641,168,0,-1,0
8,119,512,-608,309,-21,-348,-541,362,-293,99,652,-232,637,170,1,-1,0
8,120,511,-615,309,-24,-349,-538,370,-288,99,652,-231,639,170,-11,-1,0
8,121,515,-614,310,-26,-354,-533,372,-292,99,652,-228,640,169,-12,-1,0
8,122,514,-610,308,-25,-350,-535,358,-310,99,652,-229,636,170,-7,-1,0
8,123,506,-611,309,-24,-349,-538,342,-323,99,652,-229,636,170,-11,-1,0
8,124,506,-611,308,-23,-355,-538,360,-302,99,652,-229,642,170,-14,-1,0
8,125,514,-608,305,-20,-359,-535,386,-277,99,652,-229,642,170,-6,-1,0
8,126,518,-611,309,-23,-352,-533,370,-298,99,652,-229,640,170,-1,-1,0
8,127,515,-616,312,-32,-346,-533,354,-315,99,652,-229,642,170,-7,-1,0
8,128,515,-613,306,-27,-349,-534,360,-302,99,652,-229,641,170,-10,-1,0
8,0,516,-615,303,-21,-354,-536,354,-309,99,652,-229,637,170,-8,-1,0
8,1,517,-622,305,-28,-353,-537,345,-323,99,652,-229,640,170,-10,-1,0
8,2,515,-617,309,-27,-353,-536,347,-317,99,652,-229,641,170,-11,-1,0
8,3,513,-608,308,-18,-357,-537,350,-310,99,652,-229,635,170,-9,-1,0
8,4,513,-608,308,-19,-355,-539,346,-324,99,652,-229,635,170,-8,-1,0
8,5,512,-616,316,-28,-352,-540,353,-324,99,652,-229,641,170,-6,0,0
8,6,510,-618,315,-27,-355,-538,365,-309,99,652,-229,638,170,-8,-1,0
8,7,514,-617,307,-23,-354,-535,357,-314,99,652,-229,631,170,-11,0,0
8,8,516,-617,307,-29,-351,-535,373,-290,99,652,-229,636,170,-8,0,0
8,9,511,-616,314,-32,-352,-536,390,-262,99,652,-229,646,170,-7,0,0
8,10,511,-617,314,-24,-347,-534,368,-289,99,652,-229,645,170,-11,0,0
8,11,515,-618,307,-18,-346,-534,357,-307,99,652,-229,636,170,-8,0,0
8,12,515,-615,312,-23,-351,-537,354,-305,99,652,-229,637,170,-2,0,0
8,13,513,-609,313,-26,-348,-537,346,-308,99,652,-230,641,170,-6,0,0
8,14,513,-609,304,-26,-344,-540,346,-307,99,652,-229,639,170,-8,0,0
8,15,516,-613,302,-24,-349,-543,343,-319,99,652,-229,641,170,-6,0,0
8,16,514,-617,308,-21,-349,-543,343,-326,99,652,-231,642,170,-12,0,0
8,17,510,-616,310,-23,-346,-545,348,-316,99,652,-227,642,170,-15,0,0
8,18,510,-608,307,-24,-357,-543,344,-313,99,652,-217,644,170,-7,0,0
8,19,514,-607,307,-18,-359,-535,341,-319,99,652,-217,644,170,-5,0,0
8,20,516,-613,308,-24,-350,-534,345,-321,99,652,-219,638,170,-14,0,0
8,21,511,-612,311,-34,-350,-539,356,-310,99,652,-218,634,170,-13,0,0
8,22,509,-610,313,-27,-354,-536,350,-316,99,652,-224,636,170,-1,0,0
8,23,512,-613,309,-25,-354,-536,334,-330,99,652,-234,634,170,0,0,0
8,24,515,-615,301,-34,-354,-540,343,-323,99,652,-230,634,170,-5,0,0
8,25,513,-613,301,-27,-353,-536,358,-317,99,652,-218,638,170,-4,0,0
8,26,507,-617,306,-19,-350,-534,364,-312,99,652,-220,632,170,-6,-1,0
8,27,508,-616,306,-27,-351,-538,355,-313,99,652,-229,629,170,-4,0,0
8,28,513,-610,306,-26,-353,-540,346,-324,99,652,-225,640,170,1,-1,0
8,29,513,-613,309,-20,-353,-538,353,-325,99,652,-217,643,170,-3,-1,0
8,30,511,-615,311,-23,-353,-534,346,-324,99,652,-218,639,170,-7,-1,0
8,31,510,-609,306,-21,-346,-534,340,-322,99,652,-221,640,170,-6,-1,0
8,32,510,-608,304,-21,-344,-537,336,-325,99,652,-219,638,170,-11,-1,0
8,33,513,-615,310,-25,-353,-538,319,-338,99,652,-218,638,170,-13,-1,0
8,34,513,-618,312,-21,-358,-537,326,-335,99,652,-222,643,170,-8,0,0
8,35,513,-615,310,-22,-355,-538,350,-326,99,652,-230,641,170,-6,0,0
8,36,513,-615,309,-36,-355,-539,364,-317,99,652,-231,639,170,-6,0,0
8,37,511,-617,309,-32,-355,-538,362,-305,99,652,-228,645,170,-10,0,0
8,38,509,-616,304,-23,-355,-538,354,-304,99,652,-228,645,170,-9,0,0
8,39,513,-616,301,-29,-356,-537,358,-305,99,652,-228,638,170,-9,0,0
8,40,517,-614,305,-31,-352,-536,338,-330,99,652,-229,641,170,-12,0,0
8,41,512,-608,306,-22,-352,-538,316,-345,99,652,-232,641,170,-11,0,0
8,42,507,-609,304,-21,-357,-542,331,-326,99,652,-230,631,170,-2,0,0
8,43,511,-614,305,-27,-352,-540,328,-339,99,652,-228,633,170,2,0,0
8,44,514,-611,308,-27,-345,-537,299,-363,99,652,-229,641,170,-7,-1,0
8,45,513,-609,310,-25,-349,-539,290,-369,99,652,-229,639,170,-16,-1,0
8,46,514,-613,309,-25,-356,-540,292,-377,99,652,-229,639,170,-11,-1,0
8,47,514,-614,309,-25,-358,-535,299,-369,99,652,-229,640,170,-9,-1,0
8,48,514,-608,311,-26,-355,-531,302,-363,99,652,-229,638,170,-14,-1,0
8,49,516,-612,304,-30,-354,-536,305,-364,99,652,-230,641,170,-13,-1,0
8,50,518,-617,304,-29,-356,-538,308,-366,99,652,-229,645,170,-15,-1,0
8,51,513,-613,311,-22,-352,-536,306,-365,99,652,-229,640,170,-15,-1,0
8,52,509,-612,308,-20,-349,-535,302,-357,99,652,-231,637,170,-11,-1,0
8,53,514,-613,303,-25,-351,-536,301,-348,99,652,-226,640,170,-10,-1,0
8,54,518,-613,309,-33,-356,-542,321,-333,99,652,-219,639,170,-12,-1,0
8,55,516,-610,313,-28,-356,-543,330,-321,99,652,-216,640,170,-13,-1,0
8,56,512,-608,310,-25,-347,-536,326,-316,99,652,-217,644,170,-11,-1,0
8,57,512,-610,304,-35,-341,-536,348,-299,99,652,-226,639,170,-12,0,0
8,58,511,-613,302,-30,-348,-541,344,-313,99,652,-231,634,170,-13,-1,0
8,59,507,-615,304,-12,-356,-539,314,-340,99,652,-225,637,170,-13,0,0
8,60,505,-613,306,-18,-354,-535,313,-336,99,652,-226,639,170,-12,-1,0
8,61,509,-612,308,-26,-348,-537,322,-336,99,652,-232,638,170,-11,-1,0
8,62,510,-617,309,-20,-352,-538,332,-341,99,652,-229,640,170,-14,0,-1
8,63,512,-617,306,-23,-354,-538,342,-327,99,652,-222,643,170,-14,-1,0
8,64,515,-612,305,-28,-346,-536,343,-320,99,652,-220,640,170,-11,-1,-1
8,65,514,-612,307,-22,-342,-536,332,-338,99,652,-217,640,170,-8,-1,-1
8,66,512,-613,306,-25,-351,-539,324,-347,99,652,-218,643,170,-12,-1,-1
8,67,512,-616,306,-39,-357,-540,334,-325,99,652,-226,640,170,-11,-1,-1
8,68,513,-617,311,-33,-352,-540,334,-327,99,652,-230,633,170,2,-1,-1
8,69,514,-610,310,-18,-353,-540,325,-341,99,652,-233,637,170,2,-1,-1
8,70,512,-608,306,-21,-356,-539,331,-326,99,652,-233,643,170,-12,-1,-1
8,71,514,-613,311,-29,-354,-540,340,-313,99,652,-225,642,170,-16,-1,-1
8,72,517,-615,309,-26,-352,-540,340,-316,99,652,-220,637,170,-10,-1,-1
8,73,515,-613,301,-23,-354,-538,328,-324,99,652,-228,637,170,-11,-1,-1
8,74,511,-613,306,-25,-353,-537,312,-333,99,652,-233,642,170,-13,-1,-1
8,75,511,-614,311,-25,-356,-541,312,-328,99,652,-228,639,170,-9,-1,-1
8,76,511,-612,307,-26,-354,-544,321,-322,99,652,-230,636,170,-9,-1,-1
8,77,511,-608,304,-28,-350,-541,342,-318,99,652,-233,641,170,-12,-1,-1
8,78,512,-608,309,-29,-353,-537,349,-330,99,652,-229,642,170,-12,-1,-1
8,79,512,-610,310,-25,-348,-539,332,-361,99,652,-229,639,170,-10,-1,-1
8,80,508,-612,307,-24,-343,-541,333,-371,99,652,-230,641,169,-13,-1,-1
8,81,512,-615,308,-23,-350,-537,334,-374,99,652,-229,644,169,-12,-1,-1
8,82,514,-612,309,-22,-349,-534,334,-368,99,652,-229,639,170,-7,-1,-1
8,83,512,-608,307,-25,-345,-536,351,-342,99,652,-229,636,170,-10,-1,0
8,84,513,-612,305,-23,-352,-536,358,-331,99,652,-229,638,169,-15,-1,0
8,85,516,-616,306,-15,-352,-538,359,-334,99,652,-229,639,175,-13,-1,0
8,86,517,-611,307,-18,-347,-541,352,-332,99,652,-229,639,182,-8,-1,0
8,87,513,-607,306,-31,-355,-542,340,-325,99,652,-229,637,178,-8,-1,0
8,88,511,-609,303,-32,-355,-540,343,-315,99,652,-230,638,169,-10,-1,0
8,89,513,-612,309,-24,-348,-539,358,-310,99,652,-228,639,168,-8,-1,0
8,90,517,-613,311,-24,-355,-538,371,-306,99,652,-229,638,170,-10,-1,0
8,91,516,-611,303,-27,-360,-537,364,-312,99,652,-232,640,169,-13,-1,-1
8,92,515,-612,299,-27,-355,-538,352,-318,99,652,-223,639,167,-12,0,-1
8,93,514,-615,306,-24,-350,-540,361,-316,99,652,-219,634,168,-10,0,-1
8,94,512,-609,311,-23,-350,-541,372,-325,99,652,-229,636,168,-9,0,-1
8,95,511,-606,306,-24,-355,-540,381,-308,99,652,-234,640,168,-13,0,-1
8,96,511,-609,304,-27,-355,-537,373,-290,99,652,-231,639,168,-13,0,-1
8,97,511,-613,309,-22,-349,-538,362,-307,99,652,-226,639,168,-7,0,-1
8,98,512,-614,309,-20,-350,-545,365,-320,99,652,-224,639,168,-11,0,-1
9,99,512,-611,308,-25,-353,-551,361,-317,99,652,-229,639,168,-13,0,-1
9,100,513,-614,306,-24,-347,-546,377,-292,99,652,-233,639,168,-6,0,-1
9,101,514,-617,305,-22,-349,-539,407,-266,99,652,-229,640,168,-5,0,-1
9,102,513,-612,306,-19,-355,-540,416,-254,99,652,-228,641,168,-11,0,-1
9,103,511,-607,306,-18,-348,-540,416,-239,99,652,-231,639,168,-11,0,-1
9,104,513,-612,308,-22,-346,-537,409,-246,99,652,-230,637,168,-7,0,-1
9,105,516,-618,308,-22,-354,-539,405,-262,99,652,-231,641,168,-9,0,-1
9,106,513,-617,307,-22,-357,-538,414,-248,99,652,-231,645,168,-10,0,-1
9,107,512,-611,307,-22,-350,-536,429,-216,99,652,-231,643,168,-9,0,-1
9,108,513,-607,304,-23,-344,-538,454,-198,99,652,-231,640,168,-12,0,-1
9,109,516,-611,302,-23,-347,-539,463,-200,99,652,-231,642,168,-12,0,-1
9,110,514,-611,305,-20,-353,-538,459,-190,99,652,-231,644,168,-6,-1,-1
9,111,509,-606,306,-18,-356,-534,458,-183,99,652,-231,642,168,-6,-1,-1
9,112,514,-609,305,-20,-353,-535,444,-219,99,652,-231,640,168,-13,-1,-1
9,113,514,-616,308,-26,-348,-537,445,-239,99,652,-231,643,168,-15,-1,-1
9,114,505,-613,309,-24,-349,-530,463,-207,99,652,-231,644,168,-12,-1,-1
9,115,505,-610,306,-19,-353,-531,469,-190,99,652,-231,639,168,-11,-1,0
9,116,514,-614,307,-19,-349,-537,466,-209,99,652,-231,638,168,-12,-1,0
9,117,514,-611,311,-22,-349,-535,449,-238,99,652,-231,642,168,-11,-1,0
9,118,508,-607,311,-21,-356,-533,442,-234,99,652,-231,643,168,-11,-1,0
9,119,513,-610,311,-18,-355,-539,458,-215,99,652,-231,642,168,-12,-1,0
9,120,515,-612,310,-30,-350,-541,468,-224,99,652,-231,644,168,-9,-1,0
9,121,510,-611,310,-39,-355,-534,457,-233,99,652,-231,642,168,-5,-1,0
9,122,509,-614,312,-27,-355,-531,439,-233,99,652,-231,641,168,-7,0,0
9,123,512,-616,307,-20,-352,-535,444,-230,99,652,-231,644,168,-11,0,0
9,124,514,-610,307,-25,-351,-539,452,-230,99,652,-231,644,168,-12,0,1
9,125,514,-611,312,-23,-347,-538,445,-242,99,652,-231,641,168,-15,0,1
9,126,513,-618,307,-15,-347,-539,447,-240,99,652,-231,641,168,-13,0,1
9,127,512,-614,305,-20,-353,-539,448,-232,99,652,-231,642,168,-9,0,1
9,128,511,-610,310,-33,-357,-539,444,-231,99,652,-231,642,168,-10,0,1
9,0,511,-612,307,-35,-356,-539,445,-219,99,652,-231,640,168,-11,0,1
9,1,515,-613,304,-21,-349,-536,453,-201,99,652,-231,640,168,-11,0,1
9,2,512,-614,308,-13,-345,-536,461,-212,99,652,-231,643,168,-10,0,1
9,3,509,-615,311,-22,-350,-538,453,-248,99,652,-231,642,168,-12,0,1
9,4,515,-613,308,-28,-353,-537,449,-242,99,652,-231,635,168,-13,0,1
9,5,515,-613,310,-25,-349,-536,451,-215,99,652,-231,634,168,-11,0,1
9,6,509,-617,313,-23,-350,-539,444,-227,99,652,-231,641,168,-11,0,1
9,7,507,-617,309,-22,-352,-540,443,-239,99,652,-231,642,168,-16,0,1
9,8,511,-611,306,-20,-350,-538,441,-239,99,652,-231,643,168,-16,0,1
9,9,513,-609,307,-28,-354,-538,440,-234,99,652,-231,645,168,-11,0,0
9,10,512,-610,306,-34,-359,-536,462,-212,99,652,-232,640,168,-11,0,0
9,11,511,-613,311,-27,-352,-536,447,-228,99,652,-229,640,168,-11,0,0
9,12,509,-617,314,-21,-344,-539,409,-272,99,652,-231,645,168,-11,0,0
9,13,511,-614,310,-22,-348,-540,422,-270,99,652,-233,643,168,-15,0,0
9,14,510,-609,311,-29,-348,-536,457,-237,99,652,-223,642,168,-16,0,0
9,15,509,-612,311,-33,-343,-539,452,-225,99,652,-218,644,168,-14,0,0
9,16,512,-615,306,-26,-349,-542,418,-241,99,652,-226,641,168,-13,-1,0
9,17,512,-612,304,-22,-353,-541,415,-235,99,652,-231,638,168,-13,-1,0
9,18,512,-609,310,-24,-348,-544,413,-231,99,652,-230,642,168,-13,-1,-1
9,19,513,-615,312,-24,-352,-547,395,-259,99,652,-231,644,168,-14,-1,-1
9,20,508,-621,306,-26,-358,-541,404,-261,99,652,-232,642,168,-16,-1,-1
9,21,508,-616,305,-29,-353,-538,417,-245,99,652,-231,645,168,-13,-1,-1
9,22,512,-609,308,-21,-354,-538,407,-254,99,652,-231,647,168,-11,-1,-1
9,23,512,-612,308,-23,-355,-538,395,-270,99,652,-229,643,168,-16,-1,-1
9,24,513,-617,305,-29,-352,-537,398,-267,99,652,-228,642,168,-15,-1,-1
9,25,511,-617,304,-24,-354,-539,410,-248,99,652,-229,641,168,-10,-1,-1
9,26,505,-614,309,-21,-354,-544,401,-254,99,652,-229,640,168,-12,-1,-1
9,27,507,-608,311,-25,-349,-546,389,-265,99,652,-229,640,168,-17,-1,-1
9,28,516,-609,307,-26,-347,-542,391,-262,99,652,-230,640,168,-11,-1,-1
9,29,516,-613,309,-24,-352,-540,383,-279,99,652,-228,644,168,-7,-1,-1
9,30,509,-614,313,-25,-356,-546,392,-274,99,652,-229,641,168,-12,-1,-1
9,31,507,-611,308,-24,-354,-548,410,-252,99,652,-231,634,168,-12,0,-1
9,32,510,-615,301,-22,-350,-544,411,-254,99,652,-222,636,168,-8,-1,-1
9,33,513,-620,307,-23,-353,-546,416,-259,99,652,-217,643,168,-11,0,-1
9,34,515,-614,312,-22,-351,-549,418,-259,99,652,-226,640,168,-16,0,-1
9,35,515,-611,307,-22,-346,-541,409,-256,99,652,-232,638,168,-16,0,-1
9,36,516,-614,308,-24,-350,-532,387,-258,99,652,-227,638,168,-15,0,-1
9,37,515,-612,312,-23,-356,-535,373,-258,99,652,-227,639,168,-15,0,-1
9,38,513,-612,306,-19,-356,-547,379,-258,99,652,-231,644,168,-13,0,-1
9,39,510,-613,304,-23,-353,-552,379,-273,99,652,-223,645,168,-9,0,0
9,40,505,-610,307,-32,-351,-545,375,-267,99,652,-213,641,168,-11,0,0
9,41,508,-609,305,-31,-351,-532,383,-244,99,652,-220,639,168,-15,0,0
9,42,513,-609,303,-23,-349,-534,396,-236,99,652,-232,641,168,-12,0,0
9,43,513,-610,309,-22,-346,-541,395,-246,99,652,-231,640,168,-10,0,0
9,44,513,-613,311,-24,-349,-539,374,-266,99,652,-228,638,168,-12,0,0
9,45,513,-617,309,-22,-357,-538,384,-259,99,652,-232,639,168,-15,0,0
9,46,514,-613,310,-21,-357,-549,406,-232,99,652,-230,641,168,-19,0,0
9,47,516,-607,311,-22,-352,-550,388,-241,99,652,-228,640,168,-15,0,0
9,48,514,-609,306,-17,-348,-544,368,-268,99,652,-229,636,168,-13,0,0
9,49,512,-616,303,-20,-347,-547,372,-268,99,652,-229,638,168,-16,0,0
9,50,510,-617,306,-32,-355,-547,382,-246,99,652,-229,644,168,-15,0,0
9,51,510,-610,309,-31,-356,-543,397,-227,99,652,-229,645,168,-11,0,0
9,52,513,-611,311,-25,-352,-542,394,-240,99,652,-229,644,168,-14,0,0
9,53,513,-619,308,-30,-353,-541,385,-247,99,652,-230,641,168,-16,0,0
9,54,513,-616,307,-31,-354,-541,386,-232,99,652,-229,641,168,-14,0,0
9,55,513,-607,310,-22,-354,-546,381,-236,99,652,-229,643,168,-14,0,0
9,56,510,-612,309,-21,-357,-543,377,-252,99,652,-231,643,168,-13,0,0
9,57,512,-616,310,-24,-351,-534,369,-264,99,652,-226,644,168,-15,0,0
9,58,515,-609,315,-22,-342,-539,366,-269,99,652,-218,644,168,-15,0,0
9,59,510,-607,313,-25,-348,-550,373,-265,99,652,-216,642,168,-15,0,0
9,60,508,-615,312,-26,-350,-553,380,-252,99,652,-218,639,168,-16,0,0
9,61,512,-620,312,-22,-347,-549,376,-252,99,652,-222,637,168,-15,0,0
9,62,516,-616,308,-23,-351,-543,361,-281,99,652,-227,637,168,-12,0,0
9,63,515,-608,305,-31,-356,-542,362,-286,99,652,-233,637,168,-17,0,0
9,64,509,-606,308,-32,-358,-540,359,-277,99,652,-233,641,168,-20,0,0
9,65,508,-617,308,-25,-355,-537,353,-280,99,652,-225,644,168,-14,-1,0
9,66,512,-620,304,-22,-351,-539,366,-281,99,652,-223,639,168,-14,0,0
9,67,513,-611,308,-22,-351,-542,350,-295,99,652,-230,639,168,-16,-1,0
9,68,510,-610,307,-22,-352,-543,333,-300,99,652,-232,644,168,-13,-1,0
9,69,513,-615,301,-23,-349,-544,360,-279,99,652,-228,646,168,-13,-1,0
9,70,513,-614,305,-27,-351,-541,372,-266,99,652,-230,645,168,-14,-1,0
9,71,511,-615,310,-24,-358,-536,358,-267,99,652,-231,641,168,-13,0,0
9,72,514,-613,307,-20,-357,-537,364,-271,99,652,-230,638,168,-14,-1,0
9,73,518,-606,303,-30,-355,-541,367,-279,99,652,-231,642,168,-18,-1,0
9,74,517,-609,308,-35,-358,-540,340,-285,99,652,-231,642,168,-19,-1,0
9,75,515,-614,312,-21,-354,-536,346,-271,99,652,-231,640,168,-14,-1,0
9,76,512,-615,307,-16,-346,-537,391,-244,99,652,-231,643,168,-12,-1,0
9,77,507,-614,305,-24,-348,-539,384,-251,99,652,-231,644,168,-14,-1,0
9,78,504,-610,310,-26,-352,-537,350,-281,99,652,-231,640,170,-13,-1,0
9,79,510,-608,313,-22,-348,-541,340,-292,99,652,-231,638,166,-15,-1,0
9,80,513,-611,309,-27,-351,-550,341,-292,99,652,-231,639,169,-15,-1,0
9,81,510,-614,303,-32,-355,-546,363,-272,99,652,-231,640,181,-14,-1,0
9,82,512,-615,304,-28,-351,-535,374,-267,99,652,-231,642,178,-15,-1,0
9,83,515,-612,309,-25,-352,-536,356,-287,99,652,-231,645,166,-17,-1,0
9,84,515,-609,307,-31,-355,-537,362,-269,99,652,-231,643,167,-13,-1,0
9,85,516,-612,304,-29,-351,-532,367,-263,99,652,-231,639,172,-11,0,0
9,86,509,-613,305,-20,-353,-535,358,-280,99,652,-231,641,168,-16,-1,0
9,87,506,-609,310,-21,-357,-540,371,-272,99,652,-231,645,168,-17,0,0
9,88,511,-611,310,-26,-352,-538,380,-265,99,652,-231,642,171,-12,0,0
9,89,511,-618,305,-24,-343,-538,372,-273,99,652,-231,639,170,-10,0,0
9,90,510,-614,306,-21,-345,-541,365,-282,99,652,-231,641,170,-13,0,0
9,91,516,-606,312,-22,-354,-539,372,-267,99,652,-231,642,170,-15,0,0
9,92,516,-607,313,-24,-357,-537,371,-265,99,652,-231,642,170,-11,0,0
9,93,512,-612,308,-21,-348,-543,356,-292,99,652,-229,644,170,-9,0,0
9,94,513,-612,308,-18,-347,-542,347,-306,99,652,-233,644,170,-13,0,0
9,95,514,-610,314,-22,-352,-537,342,-300,99,652,-232,643,170,-18,0,0
9,96,513,-611,310,-33,-348,-541,354,-277,99,652,-218,644,170,-18,0,0
9,97,514,-614,305,-36,-346,-543,366,-267,99,652,-219,644,170,-18,0,0
9,98,516,-613,309,-23,-350,-537,358,-290,99,652,-227,641,170,-17,0,0
