0,47,505,-578,305,-32,-356,-417,730,79,349,654,-231,584,116,-62,-1,0
0,48,505,-577,310,-34,-356,-423,700,52,350,655,-229,594,111,-61,0,0
0,49,507,-576,309,-37,-356,-422,661,26,350,655,-234,599,109,-67,-1,0
0,50,509,-577,306,-30,-358,-415,660,30,349,655,-234,595,106,-68,-1,0
0,51,507,-577,305,-28,-354,-414,682,34,350,655,-224,594,109,-65,-1,0
0,52,502,-577,310,-33,-350,-418,697,34,350,654,-222,595,122,-66,-1,0
0,53,504,-581,314,-32,-353,-415,684,36,351,652,-231,596,128,-66,-1,0
0,54,509,-579,309,-29,-355,-412,664,20,351,653,-233,598,119,-65,-1,-1
0,55,507,-573,306,-32,-356,-419,657,-9,349,653,-228,594,117,-67,-1,0
0,56,509,-579,313,-33,-357,-422,667,5,348,650,-229,594,123,-67,-1,0
0,57,512,-588,314,-32,-354,-418,668,23,351,649,-231,600,119,-64,-1,0
0,58,510,-583,307,-32,-352,-414,652,-10,352,651,-230,600,114,-61,-1,0
0,59,511,-574,302,-32,-352,-414,644,-37,351,654,-231,594,121,-62,-1,0
0,60,512,-575,306,-33,-356,-418,636,-29,351,654,-231,595,119,-66,-1,0
0,61,506,-576,310,-34,-360,-422,629,-30,351,650,-231,601,107,-69,0,0
0,62,501,-575,311,-33,-355,-418,634,-41,351,650,-231,602,114,-67,0,0
0,63,502,-578,308,-32,-353,-412,626,-55,351,654,-231,599,124,-64,0,0
0,64,502,-580,305,-32,-357,-416,599,-77,350,653,-231,594,118,-66,0,0
0,65,503,-580,311,-33,-359,-419,585,-88,348,651,-231,591,118,-67,0,0
0,66,507,-578,313,-32,-359,-415,591,-92,349,651,-231,591,124,-67,0,0
0,67,504,-577,306,-33,-357,-417,592,-94,350,652,-231,595,119,-65,0,0
0,68,498,-579,306,-36,-355,-418,581,-87,350,651,-231,599,119,-65,0,0
0,69,501,-581,311,-35,-355,-417,551,-108,350,651,-231,600,123,-66,0,0
0,70,505,-579,310,-32,-355,-418,541,-130,349,651,-232,595,119,-65,0,0
0,71,508,-578,306,-33,-352,-418,571,-97,350,651,-232,594,118,-63,0,0
0,72,512,-580,307,-33,-354,-415,574,-77,353,651,-232,596,122,-61,0,0
0,73,511,-583,307,-31,-360,-415,550,-119,352,651,-233,597,117,-60,0,0
0,74,506,-584,308,-32,-356,-416,530,-155,351,651,-231,598,114,-59,0,0
0,75,507,-584,309,-32,-352,-413,509,-164,351,651,-229,598,121,-60,0,0
0,76,507,-581,306,-32,-357,-414,512,-155,349,652,-231,597,122,-61,0,-1
0,77,504,-576,305,-31,-360,-416,537,-134,347,651,-233,599,119,-59,0,-1
0,78,506,-576,307,-33,-356,-421,537,-134,350,650,-232,599,119,-52,0,-1
0,79,509,-578,309,-33,-355,-421,528,-146,350,652,-232,597,119,-55,0,-1
0,80,505,-575,309,-31,-359,-417,532,-152,347,654,-232,600,116,-65,0,-1
0,81,502,-577,311,-31,-356,-420,534,-147,348,652,-232,599,114,-71,0,-1
0,82,505,-586,310,-34,-353,-421,533,-134,348,651,-232,586,121,-72,0,-1
0,83,506,-586,304,-32,-357,-418,530,-130,348,652,-233,582,119,-65,0,-1
0,84,499,-580,304,-31,-360,-419,529,-130,348,654,-232,592,106,-59,0,-1
0,85,503,-580,308,-35,-356,-420,538,-126,348,653,-230,598,109,-57,-1,-1
0,86,508,-580,309,-33,-355,-416,536,-145,348,650,-230,595,126,-56,0,-1
0,87,505,-580,308,-31,-356,-416,532,-175,348,649,-229,592,126,-61,-1,-1
0,88,504,-582,307,-34,-356,-422,562,-146,348,651,-228,596,113,-67,0,-1
0,89,508,-579,308,-34,-359,-423,600,-80,348,652,-230,597,113,-65,0,-1
0,90,507,-578,308,-31,-358,-418,608,-53,347,651,-231,596,117,-61,0,-1
0,91,506,-582,306,-32,-351,-417,592,-60,348,651,-231,597,113,-59,0,0
0,92,509,-583,308,-34,-353,-418,568,-65,350,652,-232,598,111,-59,0,0
0,93,506,-581,312,-32,-357,-420,542,-75,351,656,-233,598,119,-56,0,0
0,94,503,-579,310,-31,-354,-422,515,-116,349,658,-232,597,122,-57,0,-1
0,95,506,-577,306,-32,-353,-419,508,-161,349,656,-233,590,116,-65,0,-1
0,96,506,-579,309,-35,-356,-415,537,-168,350,652,-233,590,120,-66,0,-1
0,97,505,-584,309,-36,-355,-417,570,-140,348,650,-231,598,125,-53,0,-1
0,98,510,-581,304,-34,-353,-418,575,-108,348,650,-230,596,120,-55,0,-1
0,99,511,-578,307,-33,-353,-414,568,-84,348,651,-228,589,115,-70,0,-1
0,100,506,-583,313,-31,-354,-412,570,-60,348,651,-227,595,117,-66,0,-1
0,101,504,-586,306,-31,-354,-418,571,-51,350,651,-229,597,120,-64,0,-1
0,102,507,-579,302,-33,-354,-422,579,-59,350,651,-230,593,123,-72,0,-1
0,103,508,-576,308,-31,-353,-420,596,-60,348,651,-229,596,121,-66,0,-1
0,104,503,-579,306,-31,-354,-415,598,-66,347,652,-230,594,110,-60,0,-1
0,105,500,-578,303,-33,-354,-415,578,-93,348,651,-231,590,108,-63,0,-1
0,106,507,-578,304,-32,-353,-420,564,-104,348,651,-232,599,120,-65,0,-1
0,107,509,-579,304,-32,-353,-424,577,-76,347,651,-230,602,122,-68,0,-1
0,108,505,-579,305,-35,-353,-422,595,-63,347,651,-228,594,116,-72,0,-1
0,109,505,-579,309,-33,-353,-415,596,-68,349,651,-230,594,121,-67,0,-1
0,110,508,-582,310,-29,-352,-413,595,-54,351,651,-227,602,122,-64,-1,-1
0,111,508,-582,310,-31,-355,-421,605,-36,352,651,-225,602,119,-67,-1,-1
0,112,510,-575,312,-32,-359,-423,591,-54,350,651,-228,595,125,-68,-1,-1
0,113,510,-572,313,-31,-357,-415,571,-79,348,651,-231,593,124,-67,-1,-1
0,114,509,-578,308,-31,-352,-418,588,-79,347,651,-230,600,118,-66,-1,-1
0,115,510,-582,302,-32,-354,-422,596,-88,348,651,-229,603,119,-68,-1,0
0,116,506,-578,305,-32,-358,-419,566,-113,347,651,-229,591,121,-66,-1,0
0,117,502,-577,309,-32,-355,-418,547,-134,347,652,-231,584,120,-58,-1,0
0,118,507,-580,306,-33,-354,-419,565,-127,348,654,-233,591,120,-58,-1,1
0,119,510,-580,307,-33,-356,-417,579,-101,347,653,-231,596,115,-68,-1,0
0,120,505,-575,310,-32,-353,-420,560,-104,348,651,-229,599,110,-71,-1,1
0,121,506,-573,307,-31,-354,-421,531,-127,352,650,-231,602,105,-66,-1,1
0,122,508,-581,306,-32,-358,-413,528,-131,351,650,-232,599,107,-66,-1,1
0,123,502,-587,309,-33,-356,-414,542,-121,349,649,-230,591,121,-68,-1,1
0,124,503,-583,308,-31,-354,-419,523,-155,349,649,-230,588,120,-64,-1,1
0,125,507,-578,305,-30,-357,-417,492,-193,348,650,-235,594,106,-59,-1,1
0,126,508,-575,307,-31,-357,-415,507,-167,348,651,-234,599,113,-60,-1,1
0,127,507,-579,310,-32,-353,-416,535,-125,347,651,-229,595,130,-64,-1,1
0,128,507,-585,311,-32,-355,-417,532,-121,347,651,-231,597,122,-65,-1,1
0,0,506,-580,310,-31,-360,-420,523,-129,350,652,-233,602,109,-68,-1,1
0,1,510,-577,308,-30,-358,-420,525,-126,349,654,-232,598,115,-69,-1,1
0,2,512,-580,307,-30,-355,-416,529,-125,349,656,-232,594,122,-67,-1,1
0,3,506,-579,305,-34,-360,-417,556,-103,355,655,-232,597,121,-68,-1,1
0,4,505,-582,306,-35,-362,-422,577,-87,354,650,-230,597,118,-70,-1,0
0,5,510,-585,307,-32,-356,-418,547,-121,346,648,-228,598,119,-72,-1,0
0,6,511,-580,304,-31,-355,-415,534,-129,347,651,-229,600,124,-69,0,0
0,7,513,-578,302,-34,-357,-419,559,-91,351,651,-229,596,122,-62,0,-1
0,8,513,-583,307,-33,-354,-416,566,-84,349,652,-229,594,116,-66,0,0
0,9,505,-582,310,-30,-351,-411,557,-96,346,657,-231,597,116,-74,0,0
0,10,503,-581,308,-31,-357,-416,553,-87,347,655,-231,598,121,-68,0,0
0,11,508,-580,305,-33,-361,-417,537,-109,351,651,-230,597,120,-60,0,0
0,12,506,-577,303,-33,-357,-414,522,-144,352,652,-230,597,119,-65,0,-1
0,13,502,-575,308,-33,-355,-420,534,-131,350,653,-231,597,120,-68,0,-1
0,14,504,-580,310,-33,-358,-424,538,-132,349,652,-230,597,119,-66,0,0
0,15,509,-583,307,-32,-355,-419,525,-158,349,652,-230,597,120,-66,0,0
0,16,511,-581,307,-32,-355,-415,531,-139,348,653,-231,595,122,-59,0,0
0,17,507,-580,309,-31,-357,-416,531,-131,349,653,-229,591,119,-52,0,0
0,18,508,-577,306,-31,-357,-421,510,-170,349,653,-227,593,116,-58,0,0
0,19,510,-575,301,-35,-359,-424,504,-172,350,652,-229,596,117,-61,0,0
0,20,505,-578,303,-35,-359,-420,520,-146,353,651,-233,598,119,-58,0,0
0,21,503,-579,310,-32,-353,-414,520,-156,352,651,-229,598,118,-59,0,0
0,22,507,-576,311,-32,-352,-417,493,-187,350,651,-219,595,119,-59,0,-1
0,23,507,-575,305,-32,-359,-422,470,-208,352,651,-223,594,119,-59,0,-1
0,24,509,-580,302,-32,-359,-418,483,-199,350,651,-233,596,116,-60,0,-1
0,25,511,-584,306,-31,-355,-415,514,-172,348,653,-231,598,119,-57,-1,-1
0,26,510,-584,312,-30,-354,-420,506,-186,351,656,-226,597,122,-61,-1,0
0,27,514,-582,311,-31,-357,-423,486,-206,352,654,-228,595,119,-71,-1,0
0,28,510,-579,306,-34,-361,-420,510,-166,350,652,-229,593,118,-66,-1,0
0,29,502,-579,308,-34,-360,-415,535,-129,353,651,-228,592,123,-62,-1,-1
0,30,507,-578,314,-30,-356,-415,536,-141,354,651,-231,594,121,-64,-1,-1
0,31,513,-577,313,-31,-355,-421,525,-155,353,651,-231,600,116,-55,-1,-1
0,32,508,-575,308,-34,-358,-425,505,-163,351,651,-230,603,119,-55,-1,-1
0,33,504,-576,310,-34,-359,-420,489,-188,350,652,-228,596,118,-66,-1,-1
0,34,511,-578,313,-32,-356,-413,501,-185,348,651,-229,594,109,-66,-1,-1
0,35,512,-576,307,-32,-356,-415,520,-159,347,652,-230,601,115,-62,-1,-1
0,36,503,-574,304,-32,-357,-422,519,-171,348,654,-231,601,119,-67,-1,-1
0,37,504,-576,308,-32,-357,-425,516,-185,347,652,-232,590,110,-69,-1,-1
0,38,510,-579,305,-32,-357,-421,532,-145,348,649,-233,590,113,-65,-1,-1
0,39,508,-579,301,-33,-353,-415,544,-103,353,651,-232,598,124,-63,-1,-1
0,40,510,-574,305,-33,-353,-413,522,-137,353,652,-232,593,119,-68,-1,-1
0,41,514,-576,309,-32,-356,-418,496,-184,348,651,-232,584,117,-67,-1,-1
0,42,504,-583,308,-32,-358,-423,505,-162,347,651,-232,594,123,-56,-1,-1
0,43,499,-581,305,-33,-355,-418,517,-140,348,651,-232,600,120,-57,-1,-1
0,44,508,-576,304,-34,-352,-414,510,-174,347,651,-232,596,118,-68,-1,-2
0,45,512,-577,305,-33,-353,-416,505,-182,350,651,-231,597,121,-66,-1,-2
0,46,509,-578,308,-34,-359,-419,514,-157,352,651,-230,596,119,-67,-1,-2
0,47,506,-579,309,-35,-359,-423,516,-171,350,651,-230,594,120,-74,-1,-1
1,48,506,-582,306,-31,-350,-421,513,-191,349,651,-231,600,121,-68,-1,-1
1,49,509,-579,302,-31,-352,-416,507,-182,348,651,-230,600,116,-66,-1,-1
1,50,509,-578,304,-33,-358,-417,498,-186,348,651,-230,593,113,-69,0,-1
1,51,508,-582,309,-33,-356,-420,509,-182,351,651,-231,594,118,-69,0,-1
1,52,512,-579,309,-33,-355,-416,535,-151,352,651,-231,595,122,-72,0,0
1,53,512,-571,308,-34,-357,-415,537,-145,348,651,-229,592,120,-75,0,0
1,54,504,-574,305,-34,-357,-423,514,-163,349,651,-230,596,118,-66,0,0
1,55,498,-580,304,-32,-359,-422,511,-155,352,651,-233,594,118,-62,0,-1
1,56,501,-579,306,-31,-361,-419,522,-146,351,651,-232,595,117,-67,0,-1
1,57,507,-575,309,-32,-359,-424,507,-177,350,651,-232,603,116,-70,0,-2
1,58,513,-575,307,-32,-356,-422,507,-187,351,651,-232,600,120,-68,0,-1
1,59,513,-580,305,-31,-354,-417,525,-158,351,651,-232,589,123,-66,0,0
1,60,507,-583,307,-29,-353,-418,523,-149,348,651,-232,592,120,-69,0,0
1,61,503,-582,307,-31,-353,-424,514,-156,348,651,-232,599,119,-72,0,0
1,62,507,-577,303,-33,-352,-423,538,-134,351,651,-232,595,122,-67,0,0
1,63,512,-573,308,-32,-355,-417,570,-96,351,651,-232,592,124,-65,0,0
1,64,512,-571,311,-33,-356,-421,556,-111,350,651,-233,596,119,-68,0,0
1,65,507,-573,307,-33,-353,-424,532,-150,351,651,-232,597,113,-67,0,1
1,66,504,-577,306,-33,-354,-417,532,-162,351,651,-232,596,117,-66,0,1
1,67,506,-578,308,-32,-354,-416,529,-162,351,651,-233,594,126,-70,0,1
1,68,510,-577,304,-31,-352,-425,523,-164,351,651,-231,595,123,-74,0,0
1,69,507,-580,303,-32,-356,-421,529,-153,351,651,-228,595,116,-63,0,0
1,70,498,-580,304,-33,-361,-411,532,-138,351,651,-229,594,116,-55,0,0
1,71,500,-577,305,-32,-357,-415,534,-141,351,651,-230,593,120,-63,-1,0
1,72,508,-579,312,-31,-353,-423,539,-146,351,650,-232,594,122,-61,-1,0
1,73,506,-582,312,-33,-353,-424,516,-155,351,652,-230,597,126,-54,-1,0
1,74,506,-578,305,-34,-356,-424,502,-161,351,654,-229,597,120,-64,-1,0
1,75,507,-574,304,-32,-360,-422,528,-151,349,652,-233,594,110,-72,-1,0
1,76,501,-575,306,-33,-357,-417,540,-149,347,654,-235,593,114,-64,-1,0
1,77,503,-579,307,-33,-354,-423,526,-162,347,657,-231,597,122,-67,-1,0
1,78,508,-579,306,-32,-357,-426,526,-164,348,655,-230,597,117,-71,-1,0
1,79,505,-574,306,-33,-359,-418,537,-145,347,650,-231,591,116,-62,-1,0
1,80,503,-578,306,-34,-355,-416,530,-144,348,650,-227,588,125,-61,-1,-1
1,81,505,-585,306,-33,-352,-420,531,-151,349,651,-227,592,126,-60,-1,-1
1,82,502,-581,307,-34,-356,-419,554,-130,346,650,-232,595,119,-51,-1,-1
1,83,501,-579,312,-34,-360,-419,555,-116,349,651,-233,593,123,-52,0,-1
1,84,505,-585,315,-34,-355,-423,531,-125,356,652,-230,592,123,-67,-1,0
1,85,507,-584,311,-33,-353,-418,541,-124,354,650,-231,594,112,-70,0,0
1,86,506,-575,309,-31,-357,-414,570,-117,345,651,-231,595,113,-66,-1,0
1,87,505,-576,310,-31,-357,-419,564,-123,344,654,-230,596,114,-65,-1,0
1,88,508,-582,305,-33,-356,-423,539,-118,347,643,-231,597,109,-64,-1,-1
1,89,507,-578,303,-31,-356,-423,530,-120,346,632,-233,596,114,-68,-1,-1
1,90,503,-573,309,-31,-356,-420,532,-136,347,634,-231,594,122,-70,-1,-1
1,91,503,-578,307,-33,-357,-419,537,-141,348,636,-228,593,122,-66,-1,-1
1,92,504,-578,302,-32,-356,-418,535,-147,347,633,-228,594,112,-67,-1,-1
1,93,505,-574,309,-31,-354,-414,534,-154,347,634,-230,597,108,-70,-1,-1
1,94,503,-575,316,-34,-354,-415,534,-151,348,636,-232,598,115,-64,-1,-1
1,95,505,-576,310,-34,-357,-421,513,-170,346,635,-232,597,125,-62,-1,-1
1,96,509,-577,304,-30,-358,-424,491,-194,347,637,-232,597,122,-63,-1,-1
1,97,510,-577,304,-29,-358,-419,518,-162,354,635,-234,597,115,-66,-1,0
1,98,507,-577,303,-32,-358,-414,550,-133,354,634,-230,595,118,-73,-1,0
1,99,504,-577,304,-34,-357,-416,525,-177,347,646,-225,594,121,-69,-1,-1
1,100,503,-578,303,-32,-357,-421,500,-199,347,655,-229,593,120,-54,-1,0
1,101,501,-576,304,-32,-357,-423,524,-161,350,653,-230,598,116,-56,-1,0
1,102,503,-577,304,-33,-357,-416,544,-144,350,653,-227,599,116,-67,-1,0
1,103,507,-581,304,-33,-353,-413,534,-156,350,656,-229,595,121,-64,-1,0
1,104,512,-580,306,-32,-351,-419,533,-157,350,652,-233,593,121,-60,-1,0
1,105,512,-578,310,-32,-357,-419,545,-144,349,651,-231,598,119,-57,-1,0
1,106,507,-576,311,-33,-358,-414,546,-132,349,655,-229,598,121,-57,-1,0
1,107,506,-576,307,-33,-357,-416,533,-145,351,655,-229,594,120,-67,-1,0
1,108,510,-579,306,-33,-359,-420,530,-170,351,652,-229,595,116,-73,-1,0
1,109,507,-577,313,-32,-359,-419,526,-179,348,651,-229,597,119,-68,-1,0
1,110,502,-576,314,-33,-355,-421,510,-184,347,651,-229,596,122,-66,-1,0
1,111,504,-578,305,-33,-356,-424,510,-189,348,651,-231,593,116,-70,-1,0
1,112,505,-578,304,-31,-357,-417,531,-188,348,653,-231,593,115,-71,0,0
1,113,506,-577,312,-31,-352,-417,536,-183,347,653,-229,597,123,-66,-1,0
1,114,509,-577,310,-31,-350,-422,518,-170,348,650,-228,597,122,-61,0,0
1,115,509,-578,304,-31,-357,-422,516,-150,348,649,-229,595,112,-69,0,0
1,116,508,-579,307,-32,-359,-419,520,-157,348,649,-229,593,116,-73,0,0
1,117,506,-576,311,-35,-355,-419,520,-179,348,649,-228,597,122,-61,0,0
1,118,507,-572,309,-34,-355,-419,524,-181,348,651,-230,596,110,-61,0,-1
1,119,507,-576,305,-33,-361,-420,511,-194,348,654,-232,593,106,-68,0,-1
1,120,503,-581,305,-33,-359,-417,503,-195,347,654,-231,597,119,-60,0,0
1,121,504,-577,307,-30,-352,-415,511,-189,348,651,-230,597,123,-59,0,-1
1,122,513,-575,311,-32,-353,-418,506,-211,348,648,-231,594,117,-67,0,0
1,123,509,-577,309,-34,-355,-422,504,-209,347,649,-231,592,121,-59,0,0
1,124,506,-578,304,-32,-357,-420,538,-154,348,649,-230,591,122,-54,0,0
1,125,510,-579,304,-32,-356,-419,548,-142,353,649,-230,595,118,-65,0,0
1,126,508,-577,305,-34,-352,-418,510,-193,352,649,-231,600,116,-69,0,0
1,127,508,-575,305,-34,-355,-416,499,-199,346,649,-227,595,117,-68,0,0
1,128,511,-573,308,-33,-358,-418,519,-174,348,649,-218,590,120,-67,0,0
1,0,509,-575,306,-32,-354,-420,531,-168,351,649,-214,597,121,-60,0,0
1,1,507,-582,302,-33,-353,-420,523,-184,348,649,-224,596,121,-54,0,0
1,2,509,-581,308,-33,-354,-418,497,-221,347,649,-233,590,115,-59,0,0
1,3,505,-577,313,-32,-353,-417,501,-221,348,648,-232,592,110,-63,0,0
1,4,505,-583,308,-31,-354,-417,540,-167,348,650,-230,594,117,-62,0,0
1,5,508,-584,301,-33,-353,-418,535,-158,348,653,-232,597,124,-71,0,0
1,6,503,-574,304,-34,-351,-416,504,-200,347,652,-232,598,122,-74,0,0
1,7,503,-572,312,-32,-353,-418,527,-188,346,651,-230,594,120,-63,0,0
1,8,507,-578,309,-31,-354,-422,545,-147,351,655,-232,587,120,-60,0,0
1,9,507,-573,304,-34,-359,-420,522,-150,344,656,-234,585,119,-67,0,0
1,10,509,-573,304,-34,-364,-419,525,-166,335,650,-231,592,118,-69,0,0
1,11,509,-581,308,-32,-355,-420,538,-164,344,648,-228,597,122,-65,0,0
1,12,503,-580,310,-31,-351,-418,505,-179,353,650,-228,597,118,-59,0,0
1,13,507,-574,308,-32,-361,-420,492,-177,350,652,-229,598,106,-55,0,0
1,14,514,-576,304,-33,-362,-421,512,-162,350,651,-227,600,114,-57,0,0
1,15,511,-578,307,-33,-352,-416,500,-185,352,651,-229,597,127,-62,0,0
1,16,509,-578,312,-31,-351,-416,498,-193,348,651,-232,592,121,-63,0,0
1,17,510,-578,310,-31,-361,-418,525,-165,350,651,-230,588,116,-65,0,0
1,18,506,-573,309,-33,-363,-418,518,-167,352,651,-229,592,123,-62,0,0
1,19,503,-570,307,-33,-356,-418,493,-186,350,653,-232,598,120,-57,0,0
1,20,508,-575,304,-33,-354,-416,513,-158,351,655,-231,596,114,-64,0,0
1,21,507,-579,309,-32,-358,-415,541,-141,351,654,-227,595,118,-72,0,0
1,22,503,-577,313,-33,-354,-419,531,-173,351,654,-228,596,121,-61,0,0
1,23,505,-577,308,-33,-353,-422,513,-194,351,651,-231,592,125,-53,0,0
1,24,511,-578,305,-32,-357,-421,505,-196,351,651,-230,588,121,-59,0,-1
1,25,509,-577,309,-32,-352,-416,505,-192,351,654,-230,593,110,-56,0,0
1,26,502,-577,308,-31,-352,-412,509,-190,351,652,-232,596,113,-55,0,0
1,27,504,-578,306,-31,-358,-419,504,-187,351,648,-233,597,114,-66,0,-1
1,28,508,-579,309,-33,-356,-422,504,-183,351,650,-232,593,113,-69,0,-1
1,29,504,-577,308,-32,-353,-416,525,-183,351,652,-232,592,118,-67,0,-1
1,30,503,-578,307,-30,-357,-418,535,-177,350,651,-232,602,118,-65,0,-1
1,31,504,-578,308,-32,-357,-423,515,-182,351,651,-231,607,113,-61,0,-1
1,32,505,-575,307,-34,-358,-419,501,-208,353,651,-229,597,108,-61,0,-1
1,33,505,-574,307,-32,-360,-418,512,-217,351,651,-229,586,110,-66,0,-1
1,34,504,-578,310,-34,-356,-420,507,-213,348,651,-230,590,117,-62,0,-1
1,35,505,-579,309,-32,-355,-416,494,-225,347,651,-233,598,114,-55,0,-1
1,36,506,-578,307,-28,-356,-419,515,-209,348,652,-232,599,106,-52,0,-1
1,37,503,-577,308,-31,-357,-422,538,-173,349,651,-229,595,116,-58,0,-1
1,38,505,-575,307,-34,-357,-416,524,-178,350,651,-229,592,124,-72,0,-1
1,39,514,-576,307,-34,-357,-416,514,-183,351,653,-232,593,113,-71,0,-1
1,40,513,-575,308,-34,-355,-422,504,-188,351,654,-233,591,113,-59,0,-1
1,41,504,-570,306,-35,-353,-422,485,-216,351,650,-232,594,119,-62,0,-1
1,42,503,-571,305,-31,-356,-419,507,-205,351,649,-232,596,116,-68,0,-1
1,43,505,-580,304,-31,-357,-414,537,-178,351,651,-232,591,120,-67,0,-1
1,44,505,-582,302,-34,-355,-415,522,-194,351,650,-232,590,125,-67,0,-1
1,45,506,-575,304,-33,-356,-419,508,-206,351,650,-233,596,117,-64,0,0
1,46,509,-572,309,-32,-359,-416,502,-215,351,652,-232,595,103,-63,0,0
1,47,507,-573,308,-33,-355,-415,485,-243,351,652,-230,591,113,-66,-1,0
2,48,504,-573,306,-32,-352,-420,489,-247,351,652,-228,592,128,-62,0,0
2,49,510,-574,307,-31,-357,-419,507,-239,351,651,-229,593,104,-58,0,0
2,50,511,-575,308,-32,-358,-416,502,-253,351,651,-230,593,84,-64,0,0
2,51,506,-575,306,-33,-354,-415,498,-245,351,652,-230,597,107,-65,0,0
2,52,509,-574,307,-32,-353,-413,508,-220,351,650,-230,597,128,-57,0,0
2,53,511,-575,311,-32,-354,-416,510,-224,351,649,-231,594,119,-59,0,0
2,54,509,-575,310,-36,-356,-422,503,-239,351,652,-230,594,112,-66,0,0
2,55,510,-574,306,-35,-357,-420,513,-228,350,651,-229,600,120,-66,0,0
2,56,509,-578,306,-32,-359,-417,537,-208,351,651,-231,598,121,-62,0,0
2,57,503,-578,313,-34,-358,-415,542,-206,354,651,-233,597,119,-65,0,-1
2,58,503,-571,314,-32,-357,-419,529,-219,353,651,-232,600,120,-71,0,0
2,59,509,-571,310,-29,-356,-423,510,-247,350,651,-229,595,123,-71,-1,0
2,60,509,-575,306,-30,-354,-419,498,-257,350,651,-226,592,124,-66,-1,0
2,61,505,-573,305,-33,-355,-415,518,-227,351,651,-227,596,114,-66,-1,0
2,62,501,-578,309,-34,-358,-419,551,-210,351,651,-230,594,107,-72,-1,0
2,63,508,-577,308,-32,-359,-419,526,-255,351,651,-231,590,114,-66,-1,0
2,64,510,-566,302,-29,-357,-416,469,-295,350,651,-229,596,123,-54,-1,0
2,65,503,-569,302,-33,-355,-417,481,-278,349,651,-229,600,118,-60,-1,0
2,66,504,-575,306,-37,-357,-416,540,-237,349,651,-229,597,107,-67,-1,0
2,67,512,-567,304,-32,-358,-412,526,-238,350,651,-229,593,110,-58,-1,0
2,68,508,-569,298,-31,-356,-415,468,-286,349,651,-229,594,118,-56,-1,0
2,69,501,-582,299,-34,-353,-418,476,-307,348,651,-229,597,120,-69,-1,0
2,70,509,-580,306,-32,-354,-417,518,-277,347,651,-229,594,117,-70,-1,0
2,71,513,-575,306,-31,-358,-419,517,-272,348,651,-230,591,119,-61,-1,1
2,72,505,-577,304,-31,-359,-422,498,-308,348,651,-231,591,124,-60,-1,1
2,73,505,-575,308,-32,-355,-418,500,-320,348,651,-231,595,120,-65,-1,1
2,74,510,-574,309,-33,-354,-414,507,-302,347,651,-230,599,110,-67,-1,1
2,75,512,-572,302,-34,-354,-419,505,-297,349,654,-231,598,108,-63,-1,1
2,76,510,-572,306,-33,-354,-418,496,-315,353,654,-232,598,121,-69,-1,0
2,77,508,-579,311,-32,-356,-415,487,-330,353,652,-231,597,126,-69,-1,0
2,78,511,-580,307,-33,-357,-417,495,-301,351,651,-229,594,116,-59,-1,0
2,79,510,-575,308,-33,-352,-417,519,-255,351,652,-228,594,114,-61,-1,0
2,80,504,-575,311,-32,-351,-414,526,-270,352,651,-229,597,121,-73,-1,0
2,81,506,-574,306,-32,-358,-418,493,-324,349,651,-232,598,121,-66,0,0
2,82,507,-571,307,-33,-357,-423,474,-330,347,651,-230,595,117,-52,0,0
2,83,505,-573,312,-31,-354,-418,476,-322,347,651,-229,592,119,-55,0,0
2,84,507,-575,310,-30,-358,-418,479,-329,348,651,-231,593,122,-63,0,0
2,85,505,-571,308,-33,-359,-419,489,-313,347,651,-231,599,121,-64,0,0
2,86,503,-574,310,-32,-354,-417,505,-290,347,651,-229,598,115,-67,0,-1
2,87,506,-580,310,-32,-355,-420,516,-292,348,651,-230,590,116,-63,0,-1
2,88,506,-576,309,-32,-358,-422,497,-333,348,652,-232,591,124,-59,0,-1
2,89,505,-572,304,-32,-353,-422,467,-362,347,651,-232,597,117,-65,0,-1
2,90,508,-576,303,-31,-351,-422,475,-334,349,651,-231,599,105,-64,0,-1
2,91,509,-580,306,-31,-354,-421,476,-333,351,654,-233,594,108,-61,0,-1
2,92,506,-576,308,-33,-358,-415,446,-384,351,654,-232,591,116,-65,0,-1
2,93,506,-572,309,-33,-358,-414,446,-388,349,650,-227,596,118,-63,0,-1
2,94,506,-575,309,-32,-351,-420,489,-361,348,649,-227,596,115,-59,0,-1
2,95,506,-579,305,-30,-352,-423,494,-370,352,651,-231,592,116,-69,0,-1
2,96,504,-578,302,-31,-359,-419,462,-385,355,652,-232,593,122,-74,0,-1
2,97,506,-575,305,-33,-357,-415,448,-384,352,651,-233,598,118,-61,0,-1
2,98,508,-576,307,-33,-350,-417,464,-370,348,651,-234,597,107,-57,0,-1
2,99,508,-573,308,-32,-356,-417,496,-342,347,652,-230,597,113,-68,0,-1
2,100,506,-577,309,-32,-359,-414,497,-349,348,652,-230,599,121,-70,0,0
2,101,507,-581,307,-33,-353,-416,476,-363,349,650,-233,597,117,-63,0,0
2,102,504,-569,306,-33,-355,-420,476,-347,345,653,-232,589,117,-66,0,0
2,103,506,-563,306,-31,-359,-421,475,-370,336,654,-232,590,117,-72,0,0
2,104,511,-575,304,-30,-357,-422,468,-399,332,642,-232,595,115,-67,0,1
2,105,508,-578,302,-31,-358,-422,485,-370,334,631,-232,596,119,-57,0,1
2,106,503,-570,306,-32,-357,-419,494,-357,334,634,-232,595,122,-54,0,1
2,107,506,-573,308,-31,-356,-419,461,-395,332,635,-232,596,119,-64,0,0
2,108,509,-580,305,-31,-355,-423,453,-419,339,629,-232,592,119,-69,0,0
2,109,506,-575,302,-34,-355,-421,476,-415,350,629,-232,594,117,-62,0,0
2,110,508,-570,306,-34,-356,-413,474,-410,350,631,-232,598,113,-56,0,0
2,111,511,-572,312,-32,-355,-413,466,-402,346,630,-232,598,113,-59,0,-1
2,112,508,-576,309,-31,-354,-420,475,-400,350,630,-233,598,118,-61,0,-1
2,113,505,-574,303,-32,-356,-421,465,-414,352,630,-232,597,120,-64,0,-2
2,114,505,-576,304,-33,-357,-418,453,-423,347,630,-229,594,119,-67,0,-1
2,115,508,-579,311,-33,-352,-417,461,-415,347,630,-229,595,118,-66,0,-1
2,116,509,-576,313,-33,-352,-417,486,-377,348,630,-232,593,118,-66,0,-1
2,117,507,-577,309,-32,-357,-419,512,-338,348,630,-233,593,120,-63,0,-1
2,118,508,-579,303,-33,-358,-421,491,-362,348,630,-232,596,122,-57,0,-1
2,119,514,-572,307,-34,-357,-420,468,-376,348,630,-230,595,120,-59,0,0
2,120,508,-573,310,-32,-358,-421,505,-337,348,630,-231,595,117,-66,0,0
2,121,500,-577,308,-32,-358,-421,522,-339,348,630,-231,598,117,-63,0,0
2,122,507,-574,308,-34,-355,-420,459,-416,348,630,-229,594,118,-57,0,0
2,123,510,-577,305,-32,-355,-419,444,-425,348,629,-228,596,119,-61,0,0
2,124,502,-580,304,-32,-356,-419,491,-369,348,631,-229,604,117,-64,0,0
2,125,503,-572,305,-35,-357,-420,485,-391,348,631,-229,602,116,-60,0,-1
2,126,509,-572,308,-33,-355,-418,463,-426,348,627,-228,595,119,-62,0,-1
2,127,508,-576,305,-31,-357,-419,463,-403,348,637,-230,597,122,-69,-1,-1
2,128,509,-574,304,-32,-360,-424,451,-403,348,655,-232,600,116,-70,-1,-1
2,0,515,-574,310,-32,-358,-425,450,-423,348,657,-230,598,113,-69,-1,-1
2,1,511,-576,309,-32,-356,-417,470,-404,348,647,-228,598,126,-70,-1,0
2,2,504,-574,304,-32,-356,-413,477,-380,348,649,-230,601,131,-67,-1,0
2,3,508,-571,305,-31,-357,-418,486,-369,348,655,-233,598,120,-59,-1,1
2,4,509,-571,312,-31,-359,-421,509,-359,348,645,-232,595,120,-58,-1,1
2,5,503,-574,312,-34,-357,-420,507,-376,348,632,-231,591,122,-62,-1,1
2,6,504,-574,308,-34,-352,-415,484,-393,348,632,-231,589,110,-62,-1,1
2,7,512,-576,310,-32,-355,-415,485,-375,348,639,-230,596,108,-63,-1,1
2,8,508,-574,312,-32,-358,-420,489,-377,348,635,-229,596,123,-65,-1,1
2,9,506,-569,306,-33,-354,-419,461,-418,347,637,-229,588,124,-59,-1,0
2,10,511,-569,301,-31,-351,-418,446,-408,349,650,-228,587,121,-57,-1,-1
2,11,510,-573,307,-30,-355,-422,479,-354,351,655,-230,596,119,-58,-1,-1
2,12,505,-573,309,-29,-359,-423,476,-382,351,654,-231,593,109,-56,-1,-1
2,13,507,-573,307,-29,-357,-420,425,-453,351,654,-229,590,108,-59,-1,0
2,14,511,-576,308,-29,-351,-420,450,-402,351,654,-228,596,119,-68,-1,0
2,15,507,-577,313,-30,-351,-418,491,-321,351,652,-230,594,122,-62,-1,0
2,16,505,-577,311,-31,-358,-421,448,-385,351,651,-231,586,115,-60,-1,0
2,17,510,-574,306,-34,-359,-422,427,-449,351,652,-229,589,116,-71,-1,0
2,18,508,-571,305,-34,-356,-418,479,-373,351,651,-231,598,117,-67,-1,-1
2,19,503,-573,304,-32,-356,-422,497,-323,351,652,-231,597,116,-55,-1,-2
2,20,506,-575,306,-30,-358,-425,462,-371,351,652,-228,594,120,-59,-1,-2
2,21,509,-576,311,-34,-354,-423,445,-393,351,652,-228,596,120,-66,-1,-3
2,22,503,-573,311,-32,-351,-420,453,-366,351,652,-230,596,116,-60,-1,-3
2,23,504,-573,306,-21,-356,-419,459,-352,351,652,-231,594,116,-57,-1,-2
2,24,511,-581,309,-20,-356,-422,458,-365,351,652,-231,594,115,-55,-1,-1
2,25,510,-582,310,-33,-350,-427,456,-376,351,652,-228,594,112,-58,-1,-1
2,26,506,-574,303,-38,-357,-424,467,-363,351,652,-228,594,113,-63,0,0
2,27,505,-574,306,-33,-369,-418,491,-341,351,652,-231,596,116,-60,-1,0
2,28,505,-578,310,-33,-362,-420,493,-348,351,651,-231,598,117,-55,0,0
2,29,507,-571,303,-34,-353,-422,473,-357,351,652,-229,597,116,-58,-1,0
2,30,511,-570,301,-31,-362,-421,467,-350,351,652,-229,594,114,-59,-1,0
2,31,508,-577,310,-31,-363,-419,470,-353,351,651,-232,591,110,-55,0,0
2,32,506,-575,315,-32,-351,-416,470,-356,351,652,-233,591,110,-59,0,-1
2,33,509,-572,311,-31,-349,-414,463,-353,351,655,-227,592,111,-68,0,-1
2,34,505,-576,305,-31,-355,-414,466,-344,351,655,-224,592,110,-70,0,-1
2,35,501,-578,307,-33,-354,-416,468,-333,351,651,-231,595,112,-63,0,-1
2,36,506,-575,315,-33,-352,-418,470,-318,351,652,-231,596,114,-58,0,-1
2,37,508,-578,314,-32,-356,-419,489,-286,351,655,-228,591,116,-64,0,-1
2,38,502,-580,308,-33,-359,-420,509,-266,351,653,-231,588,120,-68,0,0
2,39,505,-576,308,-34,-359,-421,510,-260,352,651,-232,593,116,-68,0,0
2,40,509,-578,308,-33,-358,-422,501,-255,352,651,-228,599,114,-65,0,0
2,41,503,-580,308,-31,-358,-419,496,-270,350,652,-228,599,118,-63,0,0
2,42,504,-569,308,-30,-360,-417,501,-279,353,651,-231,594,113,-63,0,0
2,43,510,-563,306,-32,-360,-421,505,-260,352,651,-231,595,107,-66,0,0
2,44,506,-571,307,-31,-359,-418,489,-269,339,651,-228,600,115,-66,0,-1
2,45,503,-574,304,-31,-361,-413,482,-286,331,651,-228,597,114,-62,0,-2
2,46,510,-572,301,-31,-362,-417,502,-252,335,651,-228,594,110,-61,0,-2
2,47,514,-575,304,-31,-354,-420,515,-218,337,652,-228,599,120,-54,0,-2
3,48,510,-580,307,-32,-350,-421,512,-230,333,651,-231,596,119,-54,0,-2
3,49,508,-574,308,-32,-359,-419,503,-242,332,651,-231,589,116,-65,0,-1
3,50,508,-573,310,-31,-361,-415,495,-230,334,653,-229,591,124,-62,0,-1
3,51,506,-582,308,-32,-354,-416,514,-197,337,654,-231,592,122,-54,0,0
3,52,503,-572,307,-34,-357,-421,539,-171,334,652,-233,591,116,-61,0,1
3,53,506,-563,311,-34,-363,-421,534,-186,336,651,-232,594,118,-66,-1,1
3,54,511,-569,307,-35,-358,-418,530,-195,349,651,-232,596,119,-57,-1,2
3,55,510,-568,298,-33,-355,-419,546,-171,351,651,-232,597,120,-55,-1,2
3,56,507,-564,300,-32,-359,-421,532,-173,348,651,-232,600,119,-57,-1,2
3,57,510,-572,309,-33,-359,-418,496,-203,352,652,-232,597,118,-61,-1,2
3,58,507,-575,307,-31,-354,-412,508,-194,352,651,-232,591,119,-65,-1,3
3,59,503,-573,303,-30,-353,-410,536,-177,347,651,-232,593,122,-66,-1,2
3,60,507,-572,309,-31,-353,-412,508,-216,349,654,-232,597,123,-65,-1,2
3,61,511,-568,314,-32,-352,-413,490,-237,351,654,-232,595,122,-65,-1,2
3,62,509,-570,307,-33,-356,-413,522,-192,347,650,-233,595,117,-71,-1,1
3,63,508,-576,304,-33,-359,-415,527,-174,347,649,-231,599,118,-74,-1,-1
3,64,506,-571,303,-31,-355,-418,486,-220,348,651,-229,593,123,-63,-1,-1
3,65,507,-572,301,-29,-352,-420,479,-227,347,652,-229,587,114,-57,-1,-1
3,66,509,-577,304,-29,-359,-419,503,-170,348,652,-232,590,109,-67,-1,-1
3,67,506,-575,307,-31,-358,-418,511,-138,348,654,-234,589,119,-66,-1,-1
3,68,502,-574,306,-33,-351,-418,518,-146,348,656,-230,583,124,-61,-1,-1
3,69,503,-575,304,-34,-352,-417,528,-129,348,656,-225,587,121,-67,-1,-1
3,70,500,-575,308,-33,-360,-419,542,-88,348,652,-227,598,115,-65,-1,-1
3,71,497,-574,309,-33,-363,-422,561,-75,348,648,-231,597,110,-61,-1,0
3,72,503,-573,307,-33,-358,-419,565,-85,348,650,-232,591,114,-67,-1,0
3,73,511,-574,309,-33,-352,-412,531,-112,348,653,-231,595,121,-67,-1,-1
3,74,513,-577,311,-32,-353,-412,505,-128,348,653,-231,603,121,-63,0,-1
3,75,509,-571,309,-31,-358,-415,534,-99,348,652,-230,597,120,-69,0,-2
3,76,505,-564,304,-32,-358,-415,541,-97,348,652,-231,588,118,-72,0,-2
3,77,506,-570,305,-32,-356,-418,494,-146,348,651,-231,593,116,-67,0,-3
3,78,506,-578,306,-32,-356,-420,485,-146,348,651,-230,595,121,-65,0,-3
3,79,501,-576,304,-29,-357,-417,506,-113,348,652,-230,590,124,-58,0,-4
3,80,499,-573,308,-29,-357,-417,461,-157,348,653,-231,590,113,-57,0,-4
3,81,508,-577,313,-32,-357,-421,437,-190,348,652,-229,593,105,-65,0,-5
3,82,512,-578,308,-31,-359,-419,498,-126,348,651,-226,597,113,-64,0,-4
3,83,504,-572,304,-30,-360,-416,514,-89,348,651,-228,598,122,-54,0,-3
3,84,501,-575,310,-31,-360,-417,498,-92,348,651,-232,595,119,-56,0,-2
3,85,505,-576,311,-32,-362,-418,539,-40,348,651,-230,594,118,-62,0,-1
3,86,509,-569,307,-32,-362,-420,559,-2,348,651,-228,600,128,-60,0,-1
3,87,512,-567,306,-32,-358,-420,526,-36,347,651,-229,600,124,-59,0,-1
3,88,506,-571,304,-32,-357,-416,516,-49,348,651,-230,597,110,-61,0,0
3,89,507,-572,304,-34,-358,-417,522,-21,348,651,-228,595,114,-65,0,0
3,90,510,-573,306,-34,-356,-418,508,-22,347,651,-230,596,119,-66,0,1
3,91,505,-578,304,-31,-355,-414,492,-44,348,652,-230,600,112,-61,0,1
3,92,502,-576,304,-31,-356,-416,511,-28,352,653,-228,602,116,-61,0,1
3,93,509,-575,308,-32,-353,-419,534,1,351,653,-229,596,122,-65,0,0
3,94,508,-579,311,-33,-352,-416,517,-2,348,654,-231,594,118,-67,0,1
3,95,500,-578,308,-32,-356,-416,506,-7,350,654,-227,599,118,-65,-1,1
3,96,507,-577,303,-33,-355,-417,528,8,352,650,-229,599,114,-66,-1,2
3,97,516,-576,307,-35,-356,-414,536,10,351,650,-233,593,105,-69,-1,3
3,98,514,-575,315,-34,-355,-417,537,25,351,652,-231,593,111,-64,-1,4
3,99,513,-573,313,-32,-354,-420,565,67,351,649,-229,595,121,-62,-1,4
3,100,510,-574,303,-33,-355,-417,565,60,351,653,-232,595,119,-65,0,4
3,101,504,-571,304,-34,-356,-417,522,32,351,652,-232,594,116,-60,0,4
3,102,504,-568,313,-31,-356,-422,536,63,351,636,-230,593,118,-57,0,3
3,103,507,-571,312,-30,-358,-419,639,94,351,634,-231,595,115,-58,0,3
3,104,505,-570,306,-33,-360,-412,707,45,351,653,-232,601,118,-57,0,2
3,105,509,-571,308,-31,-356,-412,690,-12,351,660,-232,600,121,-60,0,1
3,106,514,-579,313,-29,-352,-416,688,-5,351,653,-232,593,114,-69,0,0
3,107,506,-582,313,-31,-351,-416,720,0,351,651,-232,591,113,-64,0,-1
3,108,500,-578,309,-32,-356,-415,725,-12,351,653,-232,594,117,-61,0,-1
3,109,502,-579,306,-32,-359,-415,720,12,351,654,-232,596,115,-70,0,-1
3,110,503,-578,311,-33,-354,-417,723,32,351,654,-232,596,114,-70,0,0
3,111,506,-575,315,-31,-352,-416,721,13,351,652,-232,590,117,-72,0,0
3,112,513,-575,311,-29,-355,-411,753,46,351,652,-232,587,117,-71,0,1
3,113,507,-575,308,-30,-356,-412,764,76,351,654,-232,594,112,-68,0,1
3,114,499,-575,309,-34,-354,-416,717,26,351,653,-232,596,110,-70,0,1
3,115,502,-576,306,-34,-355,-415,742,49,351,650,-232,593,111,-61,0,0
3,116,508,-574,305,-32,-356,-414,802,122,351,649,-232,598,118,-61,0,0
3,117,503,-567,308,-32,-357,-415,760,74,351,652,-232,600,123,-68,0,0
3,118,498,-572,307,-33,-355,-415,711,23,351,652,-232,594,119,-64,0,-1
3,119,501,-580,302,-34,-356,-413,744,69,351,651,-232,593,117,-60,0,-1
3,120,512,-578,305,-33,-357,-413,765,79,351,651,-232,594,118,-67,0,-1
3,121,513,-576,308,-31,-354,-414,744,43,351,651,-232,589,119,-69,0,-1
3,122,504,-578,307,-30,-352,-412,726,36,351,652,-232,584,119,-63,0,-1
3,123,502,-578,308,-30,-356,-413,707,32,351,651,-233,588,116,-60,0,-1
3,124,504,-578,312,-30,-358,-417,728,60,351,651,-232,592,114,-58,0,-1
3,125,502,-578,310,-31,-356,-413,767,100,351,654,-229,593,117,-59,-1,-1
3,126,503,-573,306,-33,-357,-408,752,86,351,654,-229,595,117,-60,-1,0
3,127,504,-573,306,-31,-357,-413,749,94,351,652,-231,595,114,-63,-1,-1
3,128,502,-574,306,-28,-354,-417,766,123,352,655,-233,596,117,-69,-1,-1
3,0,505,-573,310,-30,-355,-414,728,80,350,655,-233,596,118,-64,-1,-1
3,1,507,-574,313,-33,-359,-413,704,58,352,651,-229,592,116,-65,-1,-1
3,2,506,-577,310,-31,-356,-416,751,127,353,653,-228,590,116,-67,-1,-1
3,3,505,-579,309,-30,-351,-418,756,152,341,654,-230,590,116,-63,-1,0
3,4,505,-577,311,-32,-351,-412,711,110,332,651,-230,590,115,-64,-1,0
3,5,504,-573,307,-33,-357,-408,728,128,335,651,-229,588,114,-64,-1,1
3,6,504,-575,306,-32,-360,-414,752,162,335,653,-231,592,112,-61,-1,0
3,7,506,-577,311,-32,-358,-420,730,137,338,648,-232,594,114,-66,-1,0
3,8,509,-570,310,-33,-352,-418,732,134,350,646,-230,591,120,-67,-1,0
3,9,512,-567,306,-32,-355,-415,737,151,352,648,-230,593,120,-65,-1,0
3,10,509,-574,307,-31,-358,-411,714,126,346,647,-231,591,119,-69,-1,-1
3,11,509,-579,315,-29,-354,-412,709,114,349,647,-230,590,123,-66,-1,-1
3,12,510,-577,319,-30,-352,-418,709,122,352,654,-229,595,122,-60,-1,-1
3,13,504,-573,315,-31,-357,-416,678,92,349,657,-229,593,114,-68,-1,-1
3,14,497,-571,311,-29,-357,-410,679,99,348,653,-229,591,110,-66,-1,0
3,15,503,-574,310,-28,-354,-414,721,172,347,649,-230,597,120,-58,-1,0
3,16,507,-578,312,-32,-356,-420,716,183,348,651,-230,597,121,-59,-1,0
3,17,502,-573,313,-34,-356,-420,690,159,348,651,-230,593,115,-60,-1,0
3,18,504,-573,306,-32,-354,-415,690,170,347,650,-233,596,118,-59,-1,0
3,19,506,-579,305,-32,-356,-413,683,160,348,651,-227,597,123,-60,-1,0
3,20,502,-575,313,-35,-354,-415,681,146,348,652,-224,590,115,-60,-1,0
3,21,500,-572,313,-34,-350,-414,700,171,348,652,-229,596,112,-60,-1,0
3,22,502,-574,310,-31,-352,-414,679,157,348,651,-232,602,115,-60,0,-1
3,23,501,-574,313,-31,-357,-416,641,111,348,652,-229,592,112,-55,0,-1
3,24,499,-576,312,-33,-359,-416,665,139,348,655,-228,592,117,-54,0,-1
3,25,503,-578,308,-33,-356,-414,686,170,348,655,-230,600,115,-59,0,-1
3,26,507,-576,308,-32,-354,-417,661,137,348,655,-231,597,106,-67,0,-1
3,27,504,-575,313,-32,-357,-417,656,130,348,654,-230,592,112,-73,0,-1
3,28,503,-579,313,-32,-356,-415,665,151,348,650,-230,595,118,-64,0,-1
3,29,508,-576,306,-33,-354,-419,651,140,348,649,-230,597,108,-53,0,-1
3,30,507,-571,302,-32,-355,-418,653,138,348,651,-228,596,110,-56,0,-1
3,31,504,-576,307,-32,-353,-415,669,169,348,652,-227,596,124,-61,0,0
3,32,508,-578,309,-32,-351,-416,646,145,348,653,-230,592,120,-62,0,0
3,33,511,-574,307,-31,-355,-417,623,109,348,653,-231,594,116,-67,0,1
3,34,508,-575,307,-31,-357,-416,642,132,349,653,-231,599,121,-69,0,1
3,35,506,-576,305,-32,-354,-417,667,161,348,655,-232,599,117,-61,0,1
3,36,499,-572,306,-32,-355,-416,657,155,347,652,-231,596,113,-61,0,1
3,37,502,-574,307,-32,-357,-414,626,144,349,648,-230,594,119,-67,0,1
3,38,505,-578,304,-33,-357,-416,624,143,345,650,-231,596,120,-67,0,2
3,39,505,-575,305,-32,-355,-415,660,157,337,652,-230,597,112,-66,0,2
3,40,508,-574,312,-30,-357,-415,654,158,331,651,-226,597,110,-69,0,1
3,41,510,-576,314,-32,-353,-418,598,120,331,651,-227,597,112,-69,0,1
3,42,510,-574,311,-32,-350,-417,602,108,340,652,-231,596,115,-65,0,0
3,43,508,-578,309,-30,-356,-416,642,157,350,652,-232,595,112,-64,0,-1
3,44,508,-580,307,-30,-361,-422,635,171,350,650,-228,597,106,-69,0,-1
3,45,509,-577,306,-34,-357,-420,613,124,347,653,-228,598,110,-70,0,-1
3,46,510,-577,310,-34,-353,-415,622,127,351,657,-232,593,120,-64,0,-1
3,47,512,-577,313,-31,-355,-419,634,164,350,655,-228,592,120,-58,0,-1
4,48,511,-577,314,-32,-355,-420,619,137,347,652,-226,596,117,-66,0,-1
4,49,503,-577,312,-33,-355,-415,620,122,348,653,-231,597,124,-71,0,-1
4,50,502,-575,307,-32,-356,-414,662,193,348,652,-231,597,119,-64,0,-1
4,51,512,-576,308,-32,-356,-421,672,226,347,648,-227,598,116,-61,-1,-1
4,52,509,-580,312,-33,-357,-428,622,158,348,648,-228,596,123,-69,0,-1
4,53,499,-579,310,-35,-355,-423,631,152,348,650,-230,591,120,-70,0,-1
4,54,505,-576,306,-34,-355,-416,681,219,348,648,-229,589,106,-65,0,-1
4,55,511,-578,306,-30,-359,-416,653,215,348,648,-228,592,105,-64,0,-1
4,56,507,-579,307,-30,-359,-418,609,176,348,652,-228,592,116,-68,0,-2
4,57,501,-578,306,-33,-354,-415,634,181,348,657,-230,592,120,-70,0,-2
4,58,503,-576,303,-33,-354,-416,637,170,348,653,-231,600,120,-68,0,-3
4,59,510,-574,303,-32,-355,-419,597,130,348,650,-230,602,117,-65,0,-3
4,60,507,-575,308,-31,-356,-413,617,158,348,653,-231,594,111,-73,0,-3
4,61,503,-578,310,-30,-357,-409,666,217,348,656,-231,595,113,-67,0,-4
4,62,506,-577,309,-31,-354,-415,635,181,348,653,-229,599,122,-54,0,-4
4,63,509,-575,316,-32,-353,-419,585,130,348,652,-228,592,122,-60,0,-4
4,64,507,-576,317,-31,-356,-417,630,190,348,654,-230,588,113,-63,-1,-4
4,65,507,-578,309,-32,-357,-420,673,259,348,656,-234,590,113,-56,-1,-3
4,66,505,-576,305,-33,-356,-421,630,218,348,655,-236,589,116,-65,-1,-2
4,67,501,-573,309,-32,-357,-415,618,184,347,653,-235,592,118,-77,-1,-2
4,68,504,-573,310,-32,-355,-415,687,245,349,651,-230,597,120,-70,-1,-1
4,69,508,-574,306,-33,-356,-420,711,284,348,651,-228,596,113,-65,-1,-1
4,70,503,-574,304,-32,-357,-420,662,235,337,651,-230,595,110,-72,-1,0
4,71,501,-573,305,-33,-355,-415,642,200,331,651,-232,594,116,-69,-1,1
4,72,507,-572,308,-33,-354,-414,664,232,333,651,-230,590,114,-59,-1,1
4,73,505,-574,308,-31,-351,-417,676,254,335,652,-228,589,109,-56,-1,2
4,74,501,-575,308,-30,-354,-417,668,238,334,655,-229,589,118,-62,-1,3
4,75,506,-576,308,-32,-362,-415,662,236,336,655,-230,589,127,-64,-1,3
4,76,506,-576,308,-33,-360,-414,651,233,336,653,-231,592,118,-66,-1,4
4,77,501,-576,306,-32,-351,-414,657,226,336,651,-232,595,115,-70,-1,4
4,78,504,-577,306,-32,-354,-415,682,241,336,651,-228,592,121,-66,-1,4
4,79,507,-575,310,-33,-360,-414,674,244,336,652,-227,590,116,-64,-1,4
4,80,502,-572,310,-33,-355,-414,655,241,336,650,-231,593,110,-72,-1,3
4,81,502,-571,305,-35,-354,-415,670,260,336,652,-233,589,119,-72,-1,3
4,82,508,-575,303,-33,-357,-416,665,253,336,654,-231,587,123,-66,0,3
4,83,511,-577,306,-30,-356,-416,625,217,336,651,-230,587,110,-67,0,3
4,84,511,-574,309,-32,-358,-415,641,227,336,649,-229,588,111,-69,0,3
4,85,511,-575,308,-33,-362,-412,674,254,336,651,-228,589,122,-62,0,2
4,86,510,-578,311,-32,-358,-415,644,233,336,652,-232,593,119,-57,0,2
4,87,506,-578,314,-33,-355,-421,619,212,336,651,-230,594,113,-61,0,1
4,88,508,-575,308,-34,-357,-419,624,217,336,651,-223,591,117,-67,0,1
4,89,506,-575,302,-34,-355,-417,603,197,336,651,-224,594,115,-70,0,0
4,90,500,-579,309,-33,-351,-415,589,185,336,651,-231,591,108,-72,0,0
4,91,507,-581,314,-33,-356,-414,612,215,336,651,-231,581,113,-72,0,0
4,92,514,-578,310,-31,-360,-420,606,207,336,651,-229,583,120,-73,0,-1
4,93,506,-573,311,-31,-357,-422,592,176,336,651,-230,595,117,-70,0,-1
4,94,498,-572,308,-34,-356,-418,615,196,336,651,-232,598,116,-62,0,-2
4,95,502,-572,301,-36,-359,-417,605,186,336,651,-232,592,123,-60,0,-2
4,96,509,-571,307,-34,-357,-415,576,144,336,651,-233,591,120,-68,0,-2
4,97,511,-575,314,-33,-354,-418,596,169,336,651,-232,594,115,-69,0,-2
4,98,503,-580,306,-33,-354,-422,597,174,336,651,-233,595,123,-60,0,-2
4,99,498,-583,302,-31,-356,-418,576,152,336,651,-232,594,122,-59,0,-1
4,100,507,-578,309,-31,-353,-415,607,189,336,651,-233,596,109,-72,0,-1
4,101,510,-573,309,-32,-351,-420,620,197,336,651,-232,597,107,-70,-1,-1
4,102,501,-575,304,-32,-358,-420,584,156,336,651,-229,598,119,-63,-1,-1
4,103,499,-576,305,-31,-362,-416,590,173,336,651,-229,594,125,-64,-1,-1
4,104,510,-573,307,-32,-356,-419,609,202,336,651,-229,585,118,-57,-1,-1
4,105,513,-573,307,-32,-353,-420,567,151,336,651,-229,585,107,-56,-1,0
4,106,505,-573,306,-31,-356,-417,541,130,336,651,-229,588,102,-65,-1,0
4,107,504,-577,306,-31,-358,-416,575,165,336,651,-229,588,101,-62,-1,0
4,108,506,-579,305,-32,-359,-415,597,172,336,651,-229,591,104,-57,-1,0
4,109,503,-576,309,-32,-357,-416,590,162,336,651,-229,596,112,-68,-1,0
4,110,501,-576,312,-31,-355,-417,588,177,336,651,-229,597,114,-71,-1,0
4,111,503,-581,310,-32,-356,-416,585,189,336,651,-229,594,112,-60,-1,0
4,112,505,-575,311,-33,-357,-416,545,158,336,652,-229,591,117,-61,-1,0
4,113,505,-571,311,-33,-358,-416,537,158,336,650,-229,588,121,-68,-1,0
4,114,505,-575,305,-32,-357,-415,581,206,336,652,-229,589,119,-73,-1,0
4,115,507,-576,306,-30,-357,-417,588,210,336,656,-229,592,114,-72,-1,0
4,116,507,-576,312,-30,-358,-418,564,181,336,655,-229,594,111,-67,-1,0
4,117,503,-579,311,-32,-356,-418,574,175,336,651,-230,594,116,-66,-1,-1
4,118,505,-577,308,-34,-351,-421,582,173,336,651,-231,592,116,-71,-1,-1
4,119,511,-573,308,-32,-353,-421,558,148,336,652,-231,592,110,-71,-1,-1
4,120,508,-573,309,-29,-355,-418,561,160,336,651,-231,592,121,-69,0,-1
4,121,503,-576,310,-29,-353,-419,572,198,336,651,-230,588,117,-72,-1,-2
4,122,507,-575,309,-31,-354,-418,571,197,336,651,-229,589,87,-66,0,-2
4,123,509,-575,308,-32,-358,-419,570,171,336,654,-229,594,95,-58,0,-2
4,124,509,-578,309,-33,-357,-420,545,149,336,656,-229,595,126,-64,0,-2
4,125,509,-575,311,-34,-354,-417,533,147,336,655,-229,591,123,-70,0,-1
4,126,510,-571,313,-31,-352,-414,561,160,336,654,-230,592,113,-69,0,-1
4,127,511,-573,310,-29,-358,-417,571,177,336,655,-231,592,121,-70,0,0
4,128,510,-577,303,-31,-362,-421,556,185,336,654,-231,590,120,-71,0,0
4,0,510,-577,303,-33,-355,-422,561,182,336,650,-231,592,117,-66,0,0
4,1,507,-576,308,-33,-355,-419,565,185,336,647,-230,599,122,-64,0,0
4,2,505,-575,307,-32,-362,-415,545,182,336,652,-231,602,114,-69,0,1
4,3,508,-577,307,-30,-358,-416,526,153,336,656,-232,602,111,-72,0,1
4,4,506,-579,310,-32,-350,-417,545,154,336,653,-233,602,122,-62,0,1
4,5,505,-576,305,-34,-353,-417,569,173,336,650,-231,595,124,-56,0,0
4,6,508,-576,305,-34,-358,-421,542,156,336,651,-229,590,117,-61,0,0
4,7,510,-576,312,-31,-358,-419,526,153,336,653,-230,592,117,-62,0,0
4,8,507,-572,312,-31,-358,-415,552,178,336,654,-232,591,120,-62,0,0
4,9,507,-577,308,-32,-357,-419,550,165,336,653,-233,588,111,-65,0,0
4,10,505,-582,314,-31,-357,-423,531,143,336,653,-231,591,111,-67,0,-1
4,11,505,-578,320,-30,-356,-417,552,160,336,654,-229,592,117,-66,-1,-1
4,12,508,-572,313,-32,-354,-416,574,168,336,656,-229,588,108,-71,0,-1
4,13,504,-574,308,-33,-355,-423,559,156,336,652,-229,587,107,-72,-1,-1
4,14,506,-575,309,-30,-354,-419,541,153,336,649,-229,593,115,-69,-1,-1
4,15,509,-573,306,-31,-353,-412,532,154,336,650,-230,596,111,-69,-1,-1
4,16,506,-575,307,-33,-356,-416,530,148,336,649,-232,595,108,-64,0,-1
4,17,507,-578,312,-33,-357,-418,535,147,336,649,-232,593,121,-56,-1,-1
4,18,505,-579,309,-33,-352,-415,556,173,336,651,-230,590,124,-55,0,-1
4,19,503,-577,304,-32,-355,-419,571,190,336,653,-227,591,111,-60,0,-1
4,20,505,-576,308,-32,-360,-424,567,188,336,654,-226,593,107,-60,-1,-1
4,21,502,-578,308,-32,-355,-419,563,183,336,653,-230,592,111,-55,0,-1
4,22,502,-579,305,-32,-355,-416,556,163,336,653,-231,592,111,-60,-1,-1
4,23,506,-578,308,-32,-360,-421,539,141,336,655,-229,595,112,-64,-1,-1
4,24,506,-577,309,-33,-356,-422,529,144,336,654,-229,596,115,-65,-1,-1
4,25,506,-578,309,-33,-354,-417,543,155,336,652,-230,592,119,-67,-1,-1
4,26,507,-579,309,-30,-357,-415,564,167,336,653,-232,591,121,-63,-1,-1
4,27,507,-575,306,-31,-356,-418,558,177,336,653,-233,594,120,-55,-1,-1
4,28,507,-574,310,-35,-355,-421,539,173,336,650,-230,598,113,-58,-1,-1
4,29,507,-574,319,-33,-356,-420,554,184,336,653,-226,597,103,-69,-1,-1
4,30,507,-573,315,-29,-352,-415,575,192,336,656,-228,593,108,-66,-1,-1
4,31,511,-572,308,-29,-350,-416,551,163,336,653,-231,591,118,-63,-1,-1
4,32,508,-575,309,-33,-358,-418,525,149,336,649,-231,588,121,-65,-1,-1
4,33,506,-578,309,-32,-363,-416,551,182,336,652,-231,591,119,-68,-1,-1
4,34,511,-579,305,-31,-357,-416,568,189,336,655,-232,597,118,-70,0,-1
4,35,507,-581,305,-31,-351,-415,542,151,336,652,-230,595,121,-69,0,-1
4,36,500,-578,303,-34,-353,-416,524,142,336,650,-230,589,122,-70,0,-1
4,37,501,-576,302,-35,-360,-418,531,156,336,655,-231,591,113,-72,0,-2
4,38,509,-579,308,-33,-360,-417,531,140,336,656,-230,594,108,-70,0,-2
4,39,514,-577,311,-32,-354,-416,530,122,336,651,-231,591,118,-64,0,-2
4,40,510,-575,308,-32,-356,-420,534,137,336,651,-231,588,122,-62,0,-2
4,41,502,-575,312,-32,-358,-423,531,147,336,653,-230,589,115,-68,0,-2
4,42,501,-576,317,-33,-357,-419,544,133,336,653,-231,595,114,-69,0,-2
4,43,508,-573,311,-36,-358,-416,576,161,336,652,-232,599,120,-62,0,-2
4,44,509,-576,304,-34,-360,-417,585,200,336,653,-230,593,120,-61,0,-2
4,45,503,-576,308,-33,-357,-417,561,176,336,653,-229,587,112,-71,0,-1
4,46,505,-571,308,-36,-358,-417,563,158,336,653,-230,594,106,-75,0,-1
4,47,511,-575,304,-35,-357,-418,594,195,336,653,-229,600,114,-72,0,-1
5,48,509,-581,308,-32,-351,-415,581,205,336,653,-229,594,123,-68,0,-1
5,49,510,-580,309,-31,-353,-415,556,171,336,653,-229,590,122,-65,0,-1
5,50,513,-577,305,-31,-359,-417,585,187,336,653,-229,594,114,-66,0,-1
5,51,509,-575,308,-31,-356,-417,611,214,336,653,-229,589,108,-68,0,-1
5,52,506,-572,311,-31,-355,-416,593,198,336,653,-229,591,114,-66,-1,0
5,53,511,-571,307,-32,-358,-420,591,206,336,653,-230,603,123,-68,-1,0
5,54,509,-574,303,-31,-357,-419,614,240,336,653,-231,600,122,-71,-1,0
5,55,503,-574,310,-31,-353,-418,603,210,336,653,-231,592,119,-68,-1,0
5,56,504,-578,313,-31,-353,-420,557,139,336,653,-232,597,118,-65,-1,0
5,57,510,-578,307,-31,-355,-417,553,155,336,653,-232,601,120,-69,-1,0
5,58,513,-572,304,-32,-353,-418,597,221,336,653,-233,597,119,-73,-1,0
5,59,507,-575,304,-32,-352,-423,594,201,336,653,-232,593,111,-69,-1,0
5,60,503,-582,304,-31,-355,-419,568,165,336,653,-230,592,110,-61,0,0
5,61,503,-580,306,-32,-355,-412,593,213,336,653,-228,594,118,-63,0,0
5,62,501,-573,311,-33,-354,-416,611,243,336,653,-229,596,118,-69,0,0
5,63,506,-575,311,-33,-354,-417,589,203,336,653,-229,589,118,-71,0,0
5,64,511,-581,307,-32,-354,-412,594,197,336,653,-228,583,125,-70,0,0
5,65,505,-578,308,-33,-354,-413,609,222,336,653,-229,588,117,-68,0,0
5,66,502,-572,309,-32,-353,-417,600,208,336,653,-231,594,106,-68,0,0
5,67,508,-573,308,-32,-354,-417,614,211,336,653,-231,594,113,-69,0,-1
5,68,511,-575,306,-32,-360,-419,639,241,335,653,-231,590,119,-67,0,-1
5,69,509,-575,304,-32,-363,-421,634,238,335,653,-230,589,120,-65,0,-1
5,70,510,-574,301,-31,-355,-419,628,221,337,653,-231,593,121,-67,0,-1
5,71,508,-572,305,-32,-352,-419,625,218,334,653,-232,595,113,-65,0,-1
5,72,506,-572,311,-34,-355,-419,604,204,335,653,-231,594,106,-60,0,-1
5,73,506,-574,310,-34,-354,-420,586,171,347,653,-230,597,112,-62,0,-1
5,74,509,-573,311,-30,-353,-421,587,148,351,653,-230,599,113,-67,0,-1
5,75,510,-573,310,-30,-356,-416,602,163,346,653,-229,597,115,-71,0,-1
5,76,507,-574,305,-34,-357,-417,625,203,348,653,-228,598,119,-69,0,-1
5,77,509,-574,306,-33,-357,-421,629,219,353,653,-231,600,112,-69,0,-1
5,78,511,-575,311,-30,-358,-419,623,215,348,652,-233,593,111,-67,0,-1
5,79,503,-578,307,-31,-355,-417,619,216,348,653,-232,588,124,-62,0,-1
5,80,498,-579,307,-34,-353,-420,597,211,350,653,-229,584,123,-57,0,-1
5,81,506,-575,312,-33,-357,-422,596,205,340,651,-231,583,113,-57,-1,-1
5,82,510,-576,307,-31,-359,-422,624,210,331,651,-231,586,111,-62,-1,-1
5,83,505,-578,304,-32,-354,-419,628,210,333,654,-230,590,113,-67,-1,-1
5,84,504,-572,309,-33,-352,-414,622,214,334,655,-230,589,118,-69,-1,-1
5,85,507,-570,308,-32,-355,-412,634,222,332,655,-231,591,123,-68,-1,-1
5,86,506,-574,307,-30,-359,-412,637,225,332,654,-231,596,120,-67,-1,-1
5,87,503,-575,312,-31,-359,-415,627,227,333,653,-230,597,116,-68,-1,-1
5,88,503,-575,311,-33,-354,-416,619,229,333,651,-230,596,116,-66,-1,-1
5,89,504,-575,305,-33,-355,-411,622,234,333,651,-228,597,119,-60,-1,-1
5,90,508,-574,304,-33,-359,-414,633,245,333,653,-229,597,118,-62,-1,-1
5,91,512,-573,308,-34,-357,-422,637,250,333,654,-231,591,114,-68,-1,-1
5,92,506,-572,309,-32,-351,-422,630,237,333,650,-231,590,111,-65,-1,-1
5,93,501,-574,309,-31,-352,-417,622,212,333,648,-230,597,115,-63,-1,0
5,94,500,-577,305,-32,-358,-416,622,204,333,652,-230,597,122,-68,-1,-1
5,95,501,-574,301,-32,-355,-416,623,222,333,655,-229,592,119,-69,0,-1
5,96,503,-573,304,-31,-355,-420,638,246,333,655,-229,593,117,-66,0,-1
5,97,508,-576,310,-32,-363,-421,653,248,333,654,-231,597,120,-68,0,-1
5,98,513,-576,312,-32,-359,-416,637,228,333,653,-231,594,119,-69,0,-1
5,99,512,-576,310,-31,-352,-416,631,230,333,652,-229,592,116,-68,0,-1
5,100,510,-577,307,-33,-357,-421,657,255,333,651,-230,593,116,-68,0,-1
5,101,504,-577,306,-35,-357,-419,668,253,333,651,-231,597,117,-65,0,-1
5,102,498,-577,305,-33,-348,-415,662,246,333,651,-231,599,113,-62,0,-1
5,103,502,-577,309,-32,-350,-417,664,251,333,651,-231,593,116,-60,0,-1
5,104,510,-578,310,-33,-358,-418,637,223,333,652,-231,591,123,-58,0,-1
5,105,510,-576,308,-33,-358,-417,612,207,333,655,-231,594,121,-60,0,-1
5,106,506,-573,308,-32,-354,-418,655,258,333,656,-231,597,114,-56,0,-1
5,107,505,-573,308,-33,-353,-417,697,285,333,654,-231,595,115,-50,0,-1
5,108,504,-575,305,-32,-355,-419,695,275,333,652,-229,595,121,-59,0,0
5,109,506,-575,306,-32,-354,-419,688,273,333,651,-229,598,117,-74,0,0
5,110,504,-572,310,-31,-354,-416,688,260,333,651,-230,597,114,-65,0,0
5,111,500,-573,311,-31,-356,-416,698,265,333,652,-231,592,118,-53,0,0
5,112,505,-576,309,-32,-354,-417,696,296,333,651,-231,588,114,-61,0,0
5,113,507,-574,310,-32,-352,-417,666,281,333,652,-231,592,112,-66,0,0
5,114,502,-573,308,-32,-355,-414,661,261,333,653,-230,594,124,-66,0,0
5,115,504,-574,306,-32,-356,-414,690,290,333,656,-230,594,117,-67,0,0
5,116,513,-573,304,-32,-354,-415,686,294,333,655,-233,594,90,-68,0,0
5,117,513,-573,304,-31,-354,-416,651,243,332,653,-233,594,90,-68,0,0
5,118,507,-578,311,-31,-353,-415,634,213,333,653,-228,598,110,-69,0,0
5,119,506,-576,313,-32,-356,-417,633,225,333,654,-226,596,114,-67,0,0
5,120,508,-572,307,-33,-361,-421,652,254,330,650,-229,592,113,-63,0,0
5,121,508,-574,306,-33,-357,-418,665,262,337,650,-228,596,119,-60,0,0
5,122,505,-568,307,-30,-350,-419,655,248,350,655,-227,597,124,-58,0,0
5,123,505,-565,306,-32,-352,-422,665,256,352,653,-231,593,121,-61,0,0
5,124,507,-571,307,-34,-357,-416,679,269,346,653,-231,593,116,-69,0,0
5,125,508,-577,308,-32,-358,-412,668,256,351,652,-228,597,118,-70,0,0
5,126,505,-576,309,-30,-356,-416,650,226,351,638,-229,598,119,-65,0,0
5,127,508,-573,309,-31,-354,-421,654,222,339,632,-230,596,106,-66,0,0
5,128,507,-575,307,-31,-356,-420,679,265,332,638,-228,596,101,-69,0,0
5,0,504,-574,307,-30,-358,-417,697,286,333,635,-229,599,118,-62,-1,0
5,1,506,-574,311,-30,-355,-415,683,250,335,637,-231,597,126,-55,0,0
5,2,507,-576,309,-30,-353,-415,682,245,334,654,-229,591,117,-61,-1,0
5,3,503,-577,306,-33,-355,-417,717,286,335,658,-228,591,117,-69,0,0
5,4,506,-573,306,-33,-353,-418,718,286,336,651,-231,597,126,-66,-1,0
5,5,512,-571,309,-33,-351,-417,694,263,336,651,-231,596,117,-59,0,0
5,6,509,-574,313,-33,-358,-415,675,244,336,653,-228,591,104,-62,0,0
5,7,505,-572,312,-32,-360,-417,660,222,336,651,-229,590,112,-70,-1,0
5,8,508,-573,308,-33,-354,-419,669,241,336,651,-229,590,124,-68,0,0
5,9,508,-578,309,-34,-359,-416,697,281,336,651,-229,588,122,-59,-1,0
5,10,506,-578,313,-32,-361,-416,703,278,336,651,-229,593,115,-57,0,0
5,11,507,-575,309,-30,-353,-418,680,248,336,651,-229,601,115,-68,0,0
5,12,510,-575,304,-33,-348,-413,673,239,336,651,-229,601,120,-69,0,0
5,13,506,-576,304,-34,-355,-409,684,258,336,651,-229,600,117,-61,0,-1
5,14,501,-575,305,-30,-359,-414,696,279,336,651,-229,595,106,-61,0,-1
5,15,503,-574,306,-29,-355,-419,687,266,336,651,-231,587,113,-61,0,-1
5,16,507,-579,308,-30,-355,-415,658,239,336,651,-233,584,122,-60,0,0
5,17,510,-580,308,-32,-358,-415,658,243,336,652,-232,586,110,-64,0,0
5,18,511,-575,307,-32,-357,-419,684,253,336,651,-229,587,111,-66,0,0
5,19,509,-574,308,-33,-354,-417,694,248,336,651,-230,590,124,-63,0,0
5,20,505,-577,309,-33,-358,-412,681,260,336,653,-232,594,120,-60,0,0
5,21,505,-575,305,-33,-357,-415,687,295,336,654,-233,594,116,-61,0,0
5,22,505,-572,306,-31,-352,-420,703,301,336,652,-231,597,122,-60,0,0
5,23,500,-573,313,-31,-355,-417,699,281,336,650,-229,600,119,-58,0,0
5,24,499,-575,312,-34,-355,-413,687,276,336,651,-230,592,118,-63,0,0
5,25,503,-575,307,-35,-354,-417,677,275,336,653,-233,588,121,-73,0,0
5,26,502,-574,309,-33,-355,-422,685,278,336,655,-232,594,117,-66,0,0
5,27,503,-574,309,-31,-356,-424,697,284,336,655,-229,596,112,-58,0,0
5,28,509,-574,303,-33,-354,-416,697,284,336,655,-231,593,117,-65,0,0
5,29,513,-572,307,-34,-353,-413,694,277,336,655,-233,595,120,-70,0,0
5,30,513,-572,311,-32,-353,-418,679,258,336,655,-232,596,117,-66,0,0
5,31,510,-573,308,-32,-356,-419,663,261,336,655,-229,596,117,-65,0,1
5,32,502,-575,305,-33,-360,-419,678,287,336,655,-230,599,117,-69,0,1
5,33,501,-578,302,-33,-354,-421,700,290,336,655,-232,598,119,-71,0,1
5,34,511,-579,301,-31,-354,-417,691,267,336,655,-231,594,119,-61,0,1
5,35,508,-577,304,-30,-360,-411,684,264,336,655,-229,595,114,-54,0,0
5,36,503,-576,306,-31,-358,-412,699,288,336,655,-233,599,110,-57,0,0
5,37,507,-577,309,-32,-354,-414,696,294,336,652,-229,596,112,-57,0,0
5,38,508,-574,313,-29,-354,-417,673,275,336,652,-221,594,118,-60,0,0
5,39,507,-573,311,-28,-354,-417,656,250,336,655,-225,599,117,-69,0,0
5,40,508,-578,307,-32,-353,-415,658,243,336,659,-231,600,114,-66,0,-1
5,41,506,-579,311,-34,-355,-419,672,254,336,658,-229,593,118,-55,0,-1
5,42,503,-576,312,-32,-354,-420,666,254,336,654,-226,591,121,-54,0,-1
5,43,504,-576,306,-31,-352,-415,663,256,336,654,-229,595,115,-58,0,-1
5,44,502,-575,306,-33,-355,-414,676,262,336,655,-231,596,114,-60,0,-1
5,45,503,-576,306,-33,-357,-417,672,262,336,653,-230,596,121,-66,0,-1
5,46,506,-578,303,-31,-356,-417,658,260,336,653,-230,598,122,-67,0,-1
5,47,504,-575,304,-31,-353,-418,661,255,336,654,-231,597,112,-64,0,-1
6,48,501,-570,310,-33,-352,-419,661,246,336,652,-230,597,106,-67,0,-1
6,49,506,-577,309,-35,-354,-420,666,251,336,650,-228,598,117,-68,0,-1
6,50,505,-582,304,-34,-357,-419,694,282,336,651,-229,598,127,-66,0,-1
6,51,500,-578,304,-33,-356,-417,679,275,336,652,-228,597,122,-67,0,-1
6,52,504,-575,306,-34,-357,-415,653,247,336,651,-227,598,118,-66,0,-1
6,53,510,-575,303,-32,-360,-416,683,273,336,652,-230,598,124,-64,0,-1
6,54,510,-577,301,-30,-359,-417,697,290,336,655,-231,596,120,-65,0,-1
6,55,504,-575,304,-32,-358,-416,666,262,336,658,-229,593,111,-64,0,-1
6,56,503,-576,305,-33,-357,-416,646,234,336,656,-231,594,108,-63,0,-1
6,57,505,-580,307,-32,-356,-416,657,239,336,653,-231,598,108,-67,0,-1
6,58,509,-580,310,-33,-358,-416,684,276,336,651,-230,596,112,-69,0,-1
6,59,512,-575,313,-34,-358,-416,701,298,336,652,-231,589,121,-69,-1,-1
6,60,507,-571,309,-33,-356,-415,693,274,336,654,-232,596,123,-70,0,-1
6,61,508,-571,305,-32,-356,-413,685,256,336,653,-232,605,117,-66,-1,-1
6,62,514,-573,311,-33,-358,-413,689,270,336,649,-233,596,116,-66,-1,-1
6,63,509,-576,309,-32,-355,-416,684,259,336,648,-232,591,123,-71,-1,-1
6,64,501,-576,303,-30,-354,-417,684,256,336,649,-231,598,122,-70,-1,-1
6,65,506,-574,308,-31,-356,-416,696,291,336,649,-231,597,115,-67,-1,0
6,66,513,-574,308,-33,-357,-415,690,282,335,649,-230,593,112,-70,-1,0
6,67,510,-577,304,-33,-355,-417,675,255,334,649,-229,596,119,-69,-1,0
6,68,503,-580,308,-32,-358,-418,689,280,337,649,-232,597,128,-59,-1,0
6,69,501,-577,310,-33,-359,-414,697,292,336,649,-233,592,115,-58,0,0
6,70,505,-574,301,-33,-352,-412,668,260,332,648,-230,588,100,-68,-1,0
6,71,507,-576,302,-33,-353,-415,664,261,345,650,-229,589,111,-66,0,0
6,72,506,-578,310,-33,-358,-417,677,272,356,655,-233,595,120,-60,-1,0
6,73,508,-573,310,-33,-355,-416,663,253,342,656,-232,592,115,-60,0,0
6,74,511,-573,308,-32,-353,-417,664,259,330,655,-227,587,117,-61,0,0
6,75,510,-579,305,-33,-358,-421,676,270,336,656,-228,590,116,-61,0,0
6,76,509,-580,306,-32,-357,-421,660,256,336,655,-229,591,108,-57,0,0
6,77,510,-576,310,-30,-357,-416,654,260,332,653,-227,589,116,-57,0,0
6,78,507,-577,311,-31,-358,-413,665,269,335,653,-229,593,126,-61,0,0
6,79,503,-576,306,-33,-356,-415,653,245,336,653,-231,593,119,-60,0,0
6,80,504,-572,299,-32,-358,-416,639,228,335,653,-231,586,113,-60,0,0
6,81,512,-577,301,-32,-360,-416,653,250,336,651,-229,587,117,-70,0,0
6,82,509,-580,309,-33,-358,-416,654,246,336,649,-229,598,122,-71,0,0
6,83,504,-576,313,-33,-358,-416,626,213,336,652,-231,602,117,-62,0,0
6,84,510,-575,308,-32,-359,-417,637,239,336,655,-232,591,111,-61,0,0
6,85,510,-576,304,-32,-357,-419,691,291,336,655,-232,587,114,-58,0,-1
6,86,504,-572,302,-33,-354,-420,680,275,336,656,-231,596,117,-54,0,-1
6,87,509,-575,304,-33,-358,-417,623,214,336,654,-230,602,116,-64,0,-1
6,88,513,-581,311,-32,-360,-415,614,203,336,652,-229,592,120,-71,0,-1
6,89,506,-577,314,-33,-359,-413,647,235,336,651,-230,588,123,-70,0,-1
6,90,504,-575,310,-34,-357,-419,650,235,336,651,-232,596,120,-67,0,-1
6,91,508,-579,306,-32,-356,-426,635,216,336,651,-232,597,116,-67,0,-1
6,92,511,-577,305,-31,-356,-419,638,216,336,651,-228,591,113,-65,0,-1
6,93,511,-572,308,-31,-352,-410,643,224,336,651,-225,593,119,-66,0,-1
6,94,506,-575,312,-30,-352,-417,627,216,336,651,-230,597,124,-69,0,-1
6,95,507,-576,315,-31,-358,-420,631,219,336,651,-232,595,119,-64,0,0
6,96,508,-574,313,-33,-360,-412,659,242,336,651,-229,597,114,-65,0,0
6,97,504,-574,307,-31,-354,-413,663,262,336,651,-230,595,118,-70,0,0
6,98,506,-572,308,-32,-353,-418,660,281,336,651,-233,592,124,-60,0,0
6,99,509,-571,309,-34,-359,-416,663,276,336,651,-232,596,106,-56,0,0
6,100,508,-572,306,-32,-357,-416,648,240,336,651,-232,599,86,-69,-1,0
6,101,506,-576,301,-30,-352,-416,645,229,336,651,-232,595,104,-69,0,0
6,102,505,-579,301,-31,-353,-415,655,250,336,651,-232,594,127,-55,-1,0
6,103,508,-574,309,-31,-353,-419,636,243,336,651,-232,599,117,-56,-1,0
6,104,508,-569,311,-32,-354,-424,622,209,336,652,-232,597,113,-68,-1,0
6,105,503,-574,306,-33,-355,-418,651,228,336,651,-232,592,126,-67,-1,0
6,106,505,-579,305,-33,-353,-413,673,279,336,651,-232,593,118,-56,0,0
6,107,511,-576,310,-32,-351,-415,661,274,336,651,-232,592,106,-53,0,0
6,108,511,-573,311,-31,-356,-415,659,247,336,651,-232,592,114,-60,0,0
6,109,506,-572,311,-31,-357,-415,657,249,336,652,-232,597,120,-61,-1,0
6,110,503,-575,310,-31,-355,-417,631,236,336,652,-232,598,118,-57,0,0
6,111,506,-581,309,-33,-356,-418,613,211,336,654,-232,591,119,-63,-1,0
6,112,510,-580,312,-32,-356,-417,621,219,336,654,-232,592,120,-69,0,0
6,113,505,-574,315,-30,-356,-415,628,231,336,651,-233,599,113,-69,-1,0
6,114,503,-573,310,-31,-359,-415,625,223,336,651,-232,598,115,-66,-1,0
6,115,509,-573,304,-35,-357,-417,623,222,336,654,-228,593,121,-60,0,0
6,116,510,-575,305,-33,-355,-416,625,222,336,656,-228,598,113,-57,0,0
6,117,506,-575,306,-29,-357,-415,625,215,336,655,-231,601,111,-60,0,0
6,118,505,-574,304,-31,-357,-416,625,219,336,655,-229,596,112,-56,0,0
6,119,506,-574,307,-33,-355,-415,635,235,336,655,-228,591,108,-52,0,0
6,120,507,-578,312,-31,-357,-415,638,234,336,656,-229,587,107,-58,0,0
6,121,508,-578,311,-30,-354,-420,613,210,336,654,-229,585,110,-67,0,0
6,122,505,-573,308,-32,-351,-420,608,214,336,650,-229,590,114,-66,0,0
6,123,502,-574,307,-31,-357,-414,647,259,336,649,-229,596,118,-55,0,0
6,124,505,-575,304,-31,-359,-414,665,270,336,651,-229,598,119,-53,0,0
6,125,508,-576,303,-32,-355,-416,639,232,336,652,-231,595,118,-65,0,0
6,126,506,-576,305,-31,-354,-415,621,208,336,651,-233,594,121,-67,0,0
6,127,503,-572,302,-32,-358,-418,624,210,336,651,-231,596,118,-60,0,0
6,128,502,-571,305,-32,-357,-419,625,213,336,652,-226,595,118,-64,0,0
6,0,506,-573,311,-31,-352,-414,631,216,336,651,-227,591,125,-63,0,0
6,1,511,-571,309,-31,-351,-415,639,219,336,651,-231,595,118,-58,0,0
6,2,510,-572,306,-30,-357,-419,634,217,336,653,-232,595,120,-63,0,0
6,3,507,-578,307,-30,-357,-419,623,203,336,652,-229,588,127,-67,0,0
6,4,506,-578,308,-34,-354,-418,623,189,336,650,-228,590,114,-64,0,0
6,5,508,-577,307,-34,-357,-418,624,185,336,648,-230,595,100,-58,0,0
6,6,507,-580,307,-31,-359,-417,619,197,336,651,-231,593,113,-58,0,0
6,7,502,-578,311,-32,-359,-417,626,211,336,653,-230,592,125,-58,0,0
6,8,506,-575,310,-33,-359,-417,629,203,336,652,-230,596,117,-58,0,0
6,9,515,-576,308,-31,-355,-417,610,177,336,648,-231,596,115,-61,0,0
6,10,513,-574,310,-31,-355,-418,609,186,336,649,-232,594,115,-66,0,0
6,11,505,-569,312,-32,-361,-416,637,222,336,650,-232,600,112,-69,0,0
6,12,506,-571,308,-31,-359,-414,647,228,336,648,-229,602,118,-66,0,0
6,13,507,-578,309,-31,-352,-416,637,217,336,650,-229,595,124,-59,0,0
6,14,505,-577,311,-31,-354,-416,618,200,336,654,-229,595,118,-55,0,0
6,15,508,-572,305,-31,-358,-414,606,182,336,654,-229,599,117,-59,0,-1
6,16,509,-576,302,-32,-358,-416,621,192,336,653,-229,594,121,-58,0,-1
6,17,504,-579,304,-34,-355,-417,631,214,335,653,-229,595,119,-55,0,-1
6,18,504,-573,306,-33,-352,-415,619,216,335,651,-229,601,119,-66,0,-1
6,19,504,-570,308,-30,-353,-416,619,212,336,649,-229,599,119,-70,-1,-1
6,20,504,-575,305,-32,-356,-418,631,217,333,651,-229,595,118,-59,0,-1
6,21,505,-577,302,-34,-358,-418,628,214,337,652,-229,596,121,-58,-1,-1
6,22,506,-573,305,-31,-356,-415,629,222,350,653,-232,597,122,-67,-1,-1
6,23,507,-574,308,-28,-355,-414,640,230,353,654,-233,597,117,-66,-1,-1
6,24,506,-578,311,-32,-357,-416,630,202,348,652,-230,598,120,-61,-1,-1
6,25,507,-577,314,-34,-358,-417,617,184,351,651,-229,598,121,-71,-1,-1
6,26,509,-576,311,-33,-356,-418,638,214,349,651,-231,599,119,-70,-1,-1
6,27,506,-577,305,-32,-353,-416,664,245,336,654,-233,599,119,-59,-1,-1
6,28,506,-581,308,-33,-352,-415,648,235,331,655,-233,597,111,-62,-1,-1
6,29,508,-581,312,-32,-354,-418,623,216,334,652,-231,592,108,-67,-1,-1
6,30,507,-577,312,-32,-356,-421,626,211,334,652,-229,591,120,-57,-1,-1
6,31,504,-578,307,-34,-356,-416,631,219,334,653,-230,598,126,-53,-1,-1
6,32,503,-580,303,-35,-356,-413,627,227,336,651,-233,599,118,-60,-1,0
6,33,504,-575,306,-33,-357,-421,630,222,336,652,-233,594,116,-57,-1,0
6,34,506,-572,310,-32,-359,-424,634,220,336,654,-230,599,121,-55,-1,0
6,35,505,-576,307,-32,-357,-417,632,227,336,650,-229,600,117,-65,-1,0
6,36,501,-576,305,-31,-352,-415,629,216,336,649,-229,592,105,-68,-1,0
6,37,502,-573,305,-32,-354,-418,618,189,336,652,-229,593,107,-65,-1,0
6,38,503,-573,305,-33,-358,-417,609,180,336,651,-229,599,119,-65,-1,1
6,39,501,-576,305,-32,-359,-412,618,190,336,652,-230,601,123,-63,-1,1
6,40,504,-577,306,-30,-358,-415,624,185,336,655,-232,602,119,-55,-1,1
6,41,507,-574,306,-32,-353,-420,624,180,336,654,-232,599,116,-57,-1,0
6,42,505,-572,310,-34,-352,-417,624,199,336,649,-232,595,117,-69,-1,0
6,43,505,-572,314,-33,-358,-418,611,192,336,649,-232,595,120,-69,-1,0
6,44,507,-576,312,-31,-359,-423,595,151,336,652,-232,595,123,-61,-1,0
6,45,505,-577,309,-33,-354,-419,592,155,335,654,-232,596,119,-57,-1,0
6,46,504,-572,311,-32,-353,-412,592,180,335,653,-232,596,112,-57,-1,0
6,47,506,-574,311,-32,-355,-414,613,185,336,653,-231,593,111,-63,-1,1
7,48,502,-582,307,-35,-354,-417,628,185,333,654,-229,592,109,-64,-1,0
7,49,500,-579,304,-32,-353,-415,603,175,338,653,-229,595,109,-57,-1,0
7,50,507,-572,305,-31,-355,-414,597,168,350,650,-228,596,112,-57,-1,0
7,51,507,-575,307,-34,-357,-418,614,180,351,651,-229,599,120,-57,-1,0
7,52,503,-579,306,-33,-358,-423,601,190,348,654,-231,601,120,-56,-1,0
7,53,505,-577,308,-31,-354,-419,593,181,350,655,-231,598,118,-67,-1,1
7,54,508,-577,308,-32,-352,-413,594,158,342,655,-229,594,124,-74,0,0
7,55,507,-574,305,-31,-353,-415,579,140,331,655,-231,595,124,-65,0,0
7,56,507,-572,305,-32,-357,-421,585,149,332,655,-231,597,115,-63,0,0
7,57,508,-574,307,-36,-360,-423,596,163,335,653,-229,595,110,-68,0,0
7,58,506,-575,309,-34,-359,-417,573,151,334,651,-233,594,118,-61,0,0
7,59,505,-575,310,-31,-353,-415,561,132,335,653,-230,596,127,-55,0,0
7,60,508,-577,311,-31,-353,-420,570,121,336,655,-220,595,122,-56,0,0
7,61,509,-577,307,-31,-357,-419,572,138,336,655,-225,596,115,-56,0,-1
7,62,509,-577,304,-30,-358,-417,569,156,336,653,-236,597,116,-60,0,-1
7,63,510,-577,306,-32,-356,-420,575,137,336,652,-231,593,119,-65,0,-1
7,64,508,-574,307,-33,-355,-417,575,119,336,651,-223,593,117,-62,0,-1
7,65,507,-572,308,-31,-355,-412,561,117,336,652,-226,596,119,-61,0,-1
7,66,507,-576,311,-32,-357,-418,568,122,336,652,-228,594,119,-69,0,-1
7,67,502,-579,310,-35,-360,-424,589,131,336,652,-225,592,115,-67,0,-1
7,68,502,-580,309,-35,-359,-420,576,113,336,651,-226,596,118,-58,0,-1
7,69,509,-577,310,-32,-353,-415,549,85,336,651,-230,596,118,-57,0,-1
7,70,511,-572,307,-30,-354,-416,563,105,336,651,-231,591,114,-57,0,-1
7,71,502,-576,305,-32,-358,-422,582,128,336,651,-230,592,109,-59,0,-1
7,72,498,-581,309,-33,-353,-424,555,94,336,651,-228,598,111,-62,-1,-2
7,73,503,-581,310,-33,-351,-418,530,71,336,651,-229,597,117,-62,-1,-2
7,74,508,-578,304,-32,-357,-414,547,88,336,651,-232,590,114,-63,-1,-2
7,75,506,-576,307,-31,-357,-415,570,97,336,651,-231,589,109,-61,-1,-1
7,76,505,-576,313,-32,-354,-418,567,97,336,651,-228,596,117,-56,-1,-1
7,77,507,-576,309,-31,-359,-417,561,89,336,651,-229,600,124,-54,-1,-1
7,78,503,-576,306,-30,-361,-415,560,65,336,651,-231,599,119,-54,-1,-1
7,79,505,-577,309,-31,-356,-423,555,63,336,650,-232,597,115,-57,-1,-1
7,80,507,-575,309,-32,-360,-428,578,113,336,653,-231,594,115,-61,-1,-2
7,81,505,-572,306,-33,-363,-419,610,159,336,653,-232,595,111,-57,-1,-1
7,82,506,-578,305,-34,-356,-413,592,141,336,652,-230,601,105,-53,-1,-1
7,83,507,-581,305,-32,-351,-418,568,120,336,653,-228,599,103,-62,-1,-1
7,84,506,-575,309,-30,-357,-417,591,135,336,654,-228,589,105,-69,0,-1
7,85,506,-576,311,-33,-360,-414,603,128,336,653,-229,586,111,-61,-1,-1
7,86,505,-578,307,-33,-355,-418,575,92,336,654,-228,595,117,-57,0,-1
7,87,506,-566,305,-33,-355,-417,553,75,336,653,-229,599,122,-62,0,-1
7,88,508,-565,308,-33,-359,-414,559,85,336,649,-231,596,123,-63,0,-1
7,89,507,-580,307,-33,-357,-417,568,90,336,650,-232,594,114,-58,0,0
7,90,504,-582,308,-32,-351,-419,556,87,336,652,-230,595,114,-60,0,0
7,91,506,-574,312,-30,-352,-414,544,85,336,652,-228,597,117,-65,0,-1
7,92,509,-574,313,-30,-357,-415,553,86,336,654,-229,594,112,-58,0,-1
7,93,506,-575,310,-31,-358,-424,567,86,336,652,-231,593,106,-55,0,-1
7,94,505,-576,308,-30,-355,-419,560,89,336,648,-231,596,112,-61,0,-1
7,95,507,-581,307,-31,-352,-411,558,95,336,650,-229,597,122,-62,0,-1
7,96,505,-581,306,-33,-354,-413,566,90,336,652,-228,596,121,-57,0,0
7,97,504,-571,307,-33,-355,-420,560,85,336,650,-231,592,116,-58,0,0
7,98,507,-573,309,-33,-353,-419,558,84,336,651,-232,588,120,-56,0,0
7,99,507,-583,307,-34,-354,-419,566,84,336,655,-232,592,118,-58,0,0
7,100,505,-576,303,-33,-358,-423,574,107,336,657,-233,599,111,-64,0,-1
7,101,505,-569,304,-32,-357,-422,575,115,336,656,-231,597,108,-60,0,-1
7,102,506,-575,308,-32,-353,-419,553,66,336,653,-229,593,118,-56,0,-1
7,103,506,-578,307,-30,-352,-421,539,45,336,652,-230,600,120,-63,0,0
7,104,504,-575,307,-32,-355,-420,560,85,336,651,-231,601,117,-64,0,0
7,105,507,-578,309,-33,-356,-414,577,104,336,651,-231,596,120,-56,0,0
7,106,509,-576,311,-32,-357,-413,564,85,336,652,-230,596,120,-53,0,-1
7,107,506,-574,307,-33,-359,-417,561,90,336,655,-231,598,117,-65,0,-1
7,108,505,-577,304,-33,-358,-417,579,107,336,654,-231,594,119,-71,0,-1
7,109,509,-578,306,-29,-356,-417,561,84,336,651,-231,591,118,-60,0,-1
7,110,507,-575,308,-30,-353,-419,526,53,336,651,-231,594,109,-54,0,-1
7,111,504,-577,311,-35,-350,-421,539,65,336,652,-231,591,111,-65,-1,-1
7,112,504,-578,314,-32,-356,-419,581,103,336,651,-231,589,113,-62,-1,-1
7,113,507,-577,311,-30,-360,-414,583,105,336,651,-231,593,106,-54,0,-1
7,114,508,-575,308,-35,-356,-415,546,66,336,654,-231,596,104,-59,-1,-1
7,115,507,-573,311,-35,-358,-422,545,63,336,654,-231,598,108,-58,-1,-1
7,116,506,-575,312,-28,-362,-419,569,91,336,650,-231,597,113,-54,-1,-1
7,117,506,-576,310,-29,-356,-415,570,95,336,650,-231,597,121,-61,0,-1
7,118,508,-573,311,-35,-354,-419,566,85,336,652,-230,596,126,-67,-1,0
7,119,507,-573,310,-34,-359,-421,560,71,336,652,-229,589,119,-62,0,0
7,120,502,-575,304,-28,-358,-418,551,59,336,650,-229,586,118,-56,-1,-1
7,121,507,-573,303,-28,-356,-413,557,76,336,651,-229,590,122,-63,-1,-1
7,122,514,-571,311,-32,-356,-417,572,105,336,655,-229,589,118,-69,-1,0
7,123,510,-575,312,-31,-352,-419,569,94,336,658,-229,587,114,-61,-1,0
7,124,507,-578,306,-27,-352,-416,556,69,336,657,-229,591,114,-56,0,0
7,125,504,-573,306,-31,-358,-417,534,55,336,655,-229,595,119,-58,0,0
7,126,502,-576,306,-34,-360,-425,527,52,336,653,-229,595,123,-58,0,0
7,127,504,-579,303,-31,-357,-419,562,82,336,651,-229,592,118,-62,0,0
7,128,506,-568,303,-33,-353,-408,569,97,336,651,-229,585,111,-68,0,0
7,0,508,-564,305,-34,-354,-414,538,73,336,651,-228,588,115,-66,0,0
7,1,510,-577,307,-30,-357,-420,522,47,336,651,-230,597,115,-61,0,0
7,2,509,-580,311,-31,-354,-415,524,54,336,651,-228,601,112,-57,0,0
7,3,509,-573,309,-33,-348,-415,531,83,336,652,-224,600,117,-54,0,0
7,4,512,-574,304,-30,-349,-419,533,79,336,652,-228,595,120,-61,-1,0
7,5,506,-578,305,-31,-355,-419,530,55,336,651,-233,596,117,-68,-1,0
7,6,502,-575,309,-34,-356,-417,526,51,335,651,-232,602,120,-62,-1,0
7,7,505,-573,308,-33,-353,-419,540,66,335,652,-230,599,124,-57,-1,0
7,8,504,-574,306,-31,-354,-419,556,78,336,652,-230,595,124,-64,-1,0
7,9,505,-574,308,-31,-354,-416,542,71,333,651,-229,597,117,-73,-1,0
7,10,510,-573,309,-31,-354,-416,538,67,337,653,-229,593,108,-65,-1,0
7,11,510,-574,309,-32,-355,-417,565,83,349,655,-229,585,113,-54,-1,0
7,12,504,-577,307,-33,-354,-415,560,84,353,654,-230,588,121,-54,-1,0
7,13,508,-575,303,-33,-352,-416,535,61,348,652,-232,596,118,-59,-1,0
7,14,513,-574,305,-32,-356,-419,553,60,348,653,-231,595,112,-58,-1,0
7,15,506,-574,310,-31,-361,-419,570,71,350,654,-230,590,109,-56,-1,0
7,16,503,-574,308,-31,-357,-418,557,79,350,653,-230,591,116,-57,-1,0
7,17,508,-572,309,-31,-352,-416,560,84,351,650,-231,589,124,-56,-1,0
7,18,511,-574,313,-32,-354,-415,557,66,352,649,-229,582,119,-54,-1,-1
7,19,508,-574,310,-33,-357,-419,538,58,351,651,-227,589,116,-56,-1,-1
7,20,508,-573,306,-32,-355,-423,534,58,350,652,-231,599,120,-54,-1,-1
7,21,507,-575,308,-30,-354,-417,533,32,353,651,-234,594,119,-58,-1,-1
7,22,507,-577,306,-33,-358,-414,531,31,352,651,-230,588,124,-67,-1,-1
7,23,510,-575,304,-34,-358,-419,544,60,338,653,-229,589,126,-69,-1,-1
7,24,509,-576,308,-32,-354,-418,570,71,331,656,-230,591,118,-61,-1,-1
7,25,506,-578,310,-31,-356,-413,563,63,337,653,-229,592,112,-62,-1,-1
7,26,505,-573,308,-31,-356,-415,543,58,337,649,-230,592,123,-64,-1,-1
7,27,504,-573,308,-32,-355,-417,559,74,332,649,-231,586,125,-56,-1,0
7,28,509,-578,310,-32,-357,-415,576,99,334,650,-229,590,103,-54,-1,0
7,29,516,-579,310,-30,-359,-415,566,92,336,649,-229,599,91,-59,-1,0
7,30,509,-578,308,-31,-358,-421,553,60,336,649,-229,597,106,-60,-1,0
7,31,503,-580,307,-32,-355,-421,544,55,337,650,-229,594,119,-53,0,0
7,32,508,-578,303,-32,-356,-415,533,58,333,649,-230,597,121,-56,0,0
7,33,511,-573,301,-33,-357,-415,535,41,338,649,-231,598,124,-65,0,0
7,34,507,-570,307,-34,-356,-419,535,23,348,653,-231,595,123,-60,0,-1
7,35,505,-571,309,-31,-356,-417,532,38,341,653,-231,595,117,-56,0,-1
7,36,503,-573,308,-30,-357,-415,539,60,329,650,-231,596,123,-62,0,0
7,37,506,-573,310,-29,-355,-420,541,45,331,650,-231,592,120,-62,0,0
7,38,511,-572,306,-30,-358,-421,537,22,337,652,-229,591,111,-55,0,0
7,39,508,-576,303,-33,-361,-418,536,31,334,652,-229,597,116,-56,0,0
7,40,501,-572,309,-34,-354,-414,542,52,333,651,-230,601,120,-62,0,0
7,41,502,-565,308,-33,-351,-414,556,60,333,652,-232,598,114,-67,0,0
7,42,508,-573,301,-30,-357,-417,561,58,333,652,-231,594,112,-63,0,0
7,43,508,-582,301,-28,-359,-418,564,68,333,652,-227,594,117,-58,0,0
7,44,506,-575,306,-32,-355,-415,561,68,333,652,-226,594,120,-60,0,1
7,45,507,-573,309,-34,-354,-417,526,26,333,652,-231,598,115,-65,0,1
7,46,508,-578,308,-33,-353,-418,508,-2,333,652,-233,593,107,-67,0,1
7,47,509,-577,306,-33,-355,-412,550,30,333,651,-230,583,108,-65,0,1
8,48,511,-573,309,-33,-359,-411,578,46,333,652,-230,587,118,-66,0,1
8,49,511,-573,309,-33,-358,-417,559,25,333,652,-234,597,120,-69,0,1
8,50,509,-572,307,-33,-354,-419,563,35,333,651,-232,596,119,-61,0,1
8,51,505,-571,311,-32,-356,-416,574,38,333,652,-228,592,120,-55,0,0
8,52,502,-574,311,-30,-355,-416,551,14,333,654,-227,594,118,-65,0,0
8,53,505,-580,306,-32,-352,-416,533,23,333,653,-231,593,113,-67,0,0
8,54,510,-575,309,-32,-354,-415,532,18,333,651,-231,591,114,-55,0,0
8,55,507,-573,312,-30,-354,-420,527,-13,333,651,-229,591,119,-52,0,0
8,56,501,-584,307,-30,-354,-422,531,4,333,651,-230,591,116,-58,0,0
8,57,502,-585,305,-31,-357,-418,543,31,333,651,-231,594,114,-61,0,0
8,58,508,-573,311,-31,-352,-417,532,-5,333,652,-231,592,121,-58,0,0
8,59,509,-572,315,-30,-354,-417,528,-8,333,653,-231,592,121,-55,0,-1
8,60,506,-579,312,-32,-361,-417,570,51,333,651,-231,594,118,-63,0,-1
8,61,509,-574,308,-33,-357,-416,579,40,333,651,-230,595,122,-68,0,-1
8,62,514,-570,307,-32,-354,-417,536,-9,333,652,-231,597,118,-64,0,-1
8,63,509,-577,305,-32,-356,-420,541,19,333,651,-231,598,110,-66,0,0
8,64,505,-580,304,-32,-352,-421,571,48,333,651,-228,597,115,-66,0,0
8,65,506,-575,308,-32,-353,-417,529,-10,333,652,-228,596,119,-58,0,0
8,66,502,-574,311,-32,-360,-416,515,-8,333,651,-231,596,112,-58,0,-1
8,67,501,-579,307,-30,-358,-418,569,74,333,651,-231,598,113,-64,0,-1
8,68,507,-574,305,-31,-356,-418,555,39,333,653,-228,598,121,-62,0,-1
8,69,508,-568,306,-33,-360,-420,516,-25,333,652,-229,594,119,-55,0,-1
8,70,501,-571,308,-30,-357,-420,554,35,333,649,-229,589,117,-57,0,-1
8,71,498,-577,309,-31,-353,-415,585,81,333,650,-229,588,120,-65,0,-1
8,72,502,-577,307,-32,-354,-414,556,21,333,653,-229,593,122,-62,0,-1
8,73,508,-576,307,-30,-355,-421,531,-16,333,655,-229,597,115,-52,0,-1
8,74,510,-578,311,-30,-355,-420,533,9,333,655,-229,594,113,-58,0,0
8,75,504,-580,310,-32,-355,-416,554,32,333,655,-229,593,120,-70,0,0
8,76,500,-579,304,-31,-351,-420,574,38,333,653,-229,593,113,-61,0,0
8,77,501,-576,306,-32,-353,-421,553,20,333,651,-231,591,107,-51,0,0
8,78,506,-575,306,-34,-360,-419,538,24,333,651,-234,589,112,-57,0,1
8,79,509,-572,303,-31,-361,-420,574,61,333,651,-232,595,114,-59,0,1
8,80,508,-571,303,-29,-357,-419,576,51,333,651,-228,599,112,-55,0,1
8,81,507,-579,305,-30,-354,-414,539,24,333,651,-230,597,112,-58,0,1
8,82,505,-579,306,-31,-353,-414,542,31,333,651,-233,595,113,-59,0,1
8,83,503,-574,306,-31,-354,-419,557,17,333,651,-232,596,116,-57,0,0
8,84,508,-576,306,-30,-354,-420,536,-7,333,651,-229,598,122,-63,0,0
8,85,515,-579,308,-31,-353,-418,531,19,333,651,-231,595,118,-67,0,0
8,86,511,-576,305,-32,-352,-420,546,30,333,651,-232,591,115,-65,0,0
8,87,505,-576,303,-31,-355,-423,535,-7,333,651,-230,594,119,-65,0,0
8,88,506,-580,308,-32,-356,-419,533,-3,333,651,-229,596,119,-65,0,0
8,89,506,-577,308,-32,-352,-417,563,31,333,651,-231,593,119,-64,0,0
8,90,504,-574,304,-31,-352,-419,570,37,333,651,-233,594,116,-64,0,0
8,91,508,-576,308,-32,-360,-418,544,19,333,651,-232,598,112,-61,0,0
8,92,509,-579,309,-33,-360,-418,529,5,333,651,-232,601,116,-58,0,0
8,93,504,-579,304,-31,-356,-418,548,11,333,651,-233,599,113,-59,0,0
8,94,506,-576,307,-31,-360,-414,572,34,333,650,-232,598,106,-58,0,0
8,95,509,-575,311,-34,-360,-417,561,30,333,647,-232,599,114,-56,0,0
8,96,508,-576,312,-33,-353,-419,537,3,333,648,-233,598,118,-59,0,0
8,97,509,-576,309,-30,-352,-416,551,15,332,654,-231,594,109,-62,0,0
8,98,510,-575,308,-32,-355,-415,567,37,332,657,-228,593,115,-64,0,0
8,99,507,-576,310,-34,-355,-418,545,12,333,651,-229,595,124,-64,0,0
8,100,506,-576,311,-31,-354,-418,528,-11,333,648,-230,595,116,-64,0,0
8,101,507,-575,307,-30,-359,-422,530,-6,330,651,-229,596,119,-64,0,0
8,102,505,-577,303,-32,-359,-423,527,-21,339,654,-228,592,127,-64,0,0
8,103,505,-575,307,-31,-354,-419,529,-40,351,656,-229,586,119,-59,0,0
8,104,506,-574,309,-29,-357,-417,529,-32,349,654,-229,590,112,-56,0,0
8,105,505,-575,308,-31,-361,-418,531,-10,348,650,-229,597,114,-65,0,-1
8,106,509,-573,308,-31,-357,-424,572,40,348,650,-232,599,117,-67,0,-1
8,107,508,-572,305,-31,-355,-423,581,57,337,649,-232,591,118,-59,0,-1
8,108,502,-574,304,-33,-357,-415,531,-6,330,650,-228,585,122,-57,0,-1
8,109,504,-573,310,-34,-356,-413,542,-26,336,653,-228,593,122,-58,0,-1
8,110,510,-574,313,-32,-354,-419,570,0,335,655,-229,603,118,-57,0,-1
8,111,506,-574,305,-31,-358,-416,533,-13,332,652,-227,600,116,-60,0,-1
8,112,500,-574,303,-33,-359,-411,552,21,336,651,-228,596,119,-58,0,-1
8,113,504,-577,310,-33,-358,-415,604,77,336,652,-231,594,123,-55,0,-1
8,114,509,-575,309,-33,-354,-418,573,39,335,651,-230,588,118,-69,0,-1
8,115,509,-571,303,-32,-352,-417,570,20,336,652,-229,593,112,-71,0,-1
8,116,507,-575,304,-32,-358,-416,600,52,336,653,-231,598,117,-54,0,-1
8,117,506,-579,306,-33,-362,-415,547,3,336,653,-231,589,125,-56,-1,-1
8,118,506,-575,306,-32,-359,-417,528,-38,336,654,-230,589,122,-69,0,-1
8,119,506,-576,309,-31,-359,-417,568,0,336,654,-232,600,115,-63,-1,-1
8,120,506,-579,309,-31,-360,-415,542,6,336,650,-232,601,119,-60,0,-2
8,121,505,-575,307,-32,-356,-415,526,8,336,649,-232,595,118,-68,0,-1
8,122,506,-577,309,-32,-353,-416,577,35,336,652,-233,591,108,-65,0,-1
8,123,508,-581,307,-33,-355,-415,576,25,336,652,-231,590,109,-60,0,-1
8,124,508,-581,305,-31,-356,-416,523,-3,336,651,-230,594,119,-62,0,-1
8,125,506,-579,308,-31,-355,-417,539,4,336,651,-231,600,120,-65,0,-2
8,126,504,-580,308,-33,-355,-415,560,1,336,651,-231,600,115,-60,-1,-2
8,127,507,-576,301,-33,-357,-420,515,-29,336,651,-229,594,118,-54,-1,-2
8,128,509,-571,301,-32,-357,-422,507,-23,336,651,-229,595,119,-59,-1,-1
8,0,508,-573,307,-31,-354,-416,539,-8,336,651,-230,599,117,-66,-1,-1
8,1,509,-574,310,-29,-352,-415,523,-30,336,653,-228,593,122,-64,-1,-1
8,2,510,-575,313,-27,-352,-419,508,-33,335,656,-229,582,124,-62,-1,-1
8,3,507,-572,313,-29,-355,-416,538,-3,335,656,-231,584,112,-68,-1,-1
8,4,503,-568,305,-31,-360,-414,543,-16,336,652,-231,596,107,-66,-1,-1
8,5,503,-573,301,-34,-364,-417,526,-27,336,649,-230,597,113,-59,-1,-1
8,6,506,-579,306,-33,-359,-417,532,-4,333,650,-231,595,114,-58,-1,-1
8,7,508,-578,308,-29,-353,-417,547,1,339,653,-233,598,113,-63,-1,-1
8,8,507,-572,307,-29,-355,-417,573,22,350,654,-232,601,116,-67,-1,-1
8,9,506,-572,308,-31,-357,-418,577,43,350,653,-230,595,121,-59,-1,-1
8,10,505,-576,310,-29,-354,-417,544,-4,346,651,-230,592,117,-52,-1,0
8,11,500,-576,311,-30,-353,-415,519,-57,349,650,-230,595,110,-60,0,0
8,12,502,-574,310,-32,-354,-417,534,-20,352,655,-230,590,114,-70,0,0
8,13,507,-571,307,-32,-357,-420,571,37,347,648,-230,589,119,-63,0,0
8,14,506,-574,303,-32,-358,-417,582,27,347,635,-230,597,111,-59,0,-1
8,15,502,-575,304,-33,-356,-415,558,-4,348,643,-230,599,112,-68,0,0
8,16,508,-573,307,-32,-355,-417,539,-3,348,656,-230,594,123,-68,0,-1
8,17,513,-575,307,-34,-358,-417,540,3,347,651,-230,595,119,-61,0,0
8,18,503,-576,308,-33,-357,-416,542,-4,348,648,-231,598,116,-67,0,0
8,19,502,-572,311,-30,-353,-418,546,3,348,655,-230,595,124,-70,0,0
8,20,515,-570,310,-30,-355,-419,532,0,348,654,-228,596,123,-58,0,0
8,21,514,-574,306,-32,-357,-418,505,-31,348,649,-228,593,112,-61,0,0
8,22,506,-575,307,-32,-357,-415,529,-28,348,652,-231,591,105,-69,0,0
8,23,505,-573,312,-30,-355,-415,567,-4,348,655,-232,596,112,-55,0,0
8,24,505,-572,311,-31,-350,-417,539,-19,348,653,-229,597,120,-51,0,0
8,25,503,-575,307,-33,-352,-416,507,-48,348,650,-227,592,122,-63,0,0
8,26,508,-580,307,-33,-360,-420,533,-43,348,652,-229,596,123,-60,0,0
8,27,510,-577,306,-30,-358,-423,547,-28,348,655,-229,600,122,-53,0,0
8,28,509,-576,306,-30,-352,-418,530,-17,348,653,-228,592,115,-55,0,0
8,29,508,-578,311,-33,-355,-414,536,6,348,651,-230,588,115,-54,0,0
8,30,502,-575,310,-31,-360,-418,538,-5,348,653,-231,597,119,-60,0,0
8,31,504,-575,305,-28,-357,-417,528,-37,346,654,-229,596,116,-67,0,1
8,32,506,-575,306,-32,-354,-414,542,-15,349,650,-228,594,114,-62,0,1
8,33,502,-574,308,-35,-361,-416,547,12,349,648,-230,599,118,-61,0,1
8,34,503,-576,310,-33,-363,-413,528,-15,336,649,-231,599,120,-65,0,1
8,35,506,-579,312,-30,-356,-413,540,-32,333,649,-232,592,117,-58,0,1
8,36,509,-577,309,-30,-354,-418,570,3,346,649,-233,593,117,-62,0,1
8,37,509,-576,306,-31,-360,-420,550,4,352,649,-232,597,122,-70,0,1
8,38,509,-575,308,-32,-358,-416,528,-31,346,649,-228,595,123,-60,0,1
8,39,507,-572,304,-33,-353,-415,552,-23,348,649,-228,596,113,-50,-1,1
8,40,508,-574,301,-33,-355,-417,569,4,352,650,-230,600,108,-55,0,1
8,41,507,-573,311,-32,-357,-416,567,9,350,648,-229,597,112,-60,0,0
8,42,503,-568,315,-31,-355,-414,545,-7,348,649,-228,592,114,-62,0,0
8,43,505,-571,308,-33,-356,-417,520,-9,347,655,-230,591,115,-67,-1,0
8,44,509,-578,305,-32,-359,-418,522,10,348,653,-233,593,115,-64,0,0
8,45,505,-576,308,-30,-359,-414,509,-9,348,647,-231,594,116,-57,-1,0
8,46,502,-576,310,-31,-355,-415,490,-25,347,648,-229,593,115,-58,0,0
8,47,505,-580,310,-32,-352,-419,517,19,348,650,-231,597,113,-64,-1,0
9,48,509,-578,308,-31,-354,-419,532,35,348,649,-230,598,114,-66,-1,0
9,49,506,-576,307,-29,-356,-415,511,-2,348,650,-228,592,120,-66,-1,-1
9,50,509,-576,307,-30,-358,-414,532,22,348,652,-229,589,120,-65,-1,-1
9,51,516,-573,308,-31,-357,-418,545,45,348,651,-231,596,112,-58,-1,-1
9,52,511,-577,305,-32,-352,-417,501,-21,348,651,-231,596,113,-54,-1,0
9,53,502,-583,303,-32,-353,-413,490,-47,348,653,-232,592,119,-58,-1,0
9,54,502,-577,308,-31,-357,-419,505,-10,347,653,-231,597,121,-64,-1,0
9,55,503,-573,312,-32,-355,-423,505,5,349,652,-229,598,122,-62,-1,0
9,56,501,-576,313,-32,-354,-418,529,18,349,651,-229,598,113,-56,-1,0
9,57,504,-571,313,-32,-354,-416,536,13,340,651,-229,597,105,-61,-1,-1
9,58,510,-567,309,-32,-354,-417,514,-11,330,652,-228,593,113,-66,-1,-1
9,59,507,-575,306,-31,-356,-416,519,10,328,651,-229,590,120,-61,-1,-1
9,60,504,-580,310,-30,-361,-417,521,22,330,651,-230,591,119,-60,-1,0
9,61,502,-577,308,-31,-359,-418,499,-18,329,656,-228,592,116,-66,-1,0
9,62,503,-577,306,-34,-353,-419,494,-41,329,656,-230,593,108,-64,-1,0
9,63,509,-578,310,-32,-354,-421,497,-33,330,650,-233,596,110,-63,-1,0
9,64,510,-577,308,-31,-359,-416,514,-7,330,648,-232,596,115,-64,-1,0
9,65,503,-579,307,-33,-361,-410,538,12,330,652,-229,598,107,-59,0,-1
9,66,503,-578,310,-31,-355,-416,507,-28,330,652,-232,598,111,-57,0,-1
9,67,509,-575,310,-29,-352,-419,466,-71,330,650,-233,597,125,-60,0,-1
9,68,506,-581,311,-33,-353,-415,465,-71,330,652,-232,596,117,-62,0,0
9,69,502,-587,310,-33,-355,-416,465,-66,330,654,-230,598,109,-63,-1,-1
9,70,506,-579,306,-31,-357,-419,480,-48,330,654,-230,601,117,-64,0,-1
9,71,508,-575,308,-34,-357,-416,508,-28,330,651,-232,597,120,-61,0,-1
9,72,506,-577,311,-34,-355,-415,504,-34,330,651,-233,595,119,-58,-1,-1
9,73,504,-576,306,-30,-354,-417,502,-16,330,652,-231,598,111,-61,-1,-1
9,74,506,-572,303,-30,-356,-419,504,-15,330,651,-230,599,109,-65,-1,-1
9,75,506,-567,309,-32,-357,-417,476,-70,330,651,-231,596,117,-68,-1,-2
9,76,508,-567,309,-29,-354,-414,483,-66,330,651,-230,590,119,-66,-1,-2
9,77,512,-571,305,-30,-355,-420,504,-32,330,652,-229,585,116,-67,-1,-2
9,78,509,-578,304,-33,-360,-426,469,-74,330,652,-230,589,118,-65,-1,-1
9,79,507,-576,308,-31,-360,-420,454,-87,330,651,-231,598,120,-62,-1,-1
9,80,510,-567,309,-30,-354,-413,515,-15,330,653,-229,599,115,-66,-1,-1
9,81,507,-567,307,-33,-352,-417,558,32,330,654,-229,593,113,-70,-1,-1
9,82,502,-575,307,-31,-357,-421,531,7,330,650,-229,590,114,-67,-1,-1
9,83,507,-578,310,-30,-359,-418,496,-36,330,648,-228,593,116,-68,-1,0
9,84,509,-573,311,-33,-356,-415,500,-40,330,652,-230,599,115,-71,-1,0
9,85,503,-577,306,-34,-355,-412,513,-24,330,655,-232,597,116,-64,-1,0
9,86,502,-578,305,-32,-356,-412,491,-41,330,655,-232,593,123,-63,-1,0
9,87,506,-572,310,-30,-357,-413,469,-65,330,655,-233,596,118,-66,-1,0
9,88,508,-576,310,-31,-358,-412,489,-44,330,655,-232,597,109,-58,-1,0
9,89,505,-579,305,-31,-358,-415,520,3,330,654,-230,595,115,-54,-1,0
9,90,506,-568,308,-31,-357,-420,508,3,330,652,-229,592,118,-62,-1,0
9,91,507,-564,311,-32,-357,-421,472,-55,330,651,-231,593,113,-70,-1,0
9,92,506,-573,308,-31,-357,-416,478,-79,330,652,-231,597,113,-67,-1,0
9,93,506,-572,307,-31,-354,-413,513,-28,330,652,-230,595,116,-58,-1,-1
9,94,509,-569,307,-34,-354,-416,506,-27,330,653,-230,590,116,-59,-1,0
9,95,510,-573,307,-35,-352,-416,484,-73,330,654,-231,592,122,-69,-1,0
9,96,509,-570,309,-31,-352,-415,504,-41,330,653,-231,595,125,-67,-1,0
9,97,509,-571,310,-30,-360,-416,511,-11,330,650,-229,594,116,-56,-1,0
9,98,504,-580,307,-31,-357,-416,493,-47,330,650,-228,598,115,-54,-1,0
9,99,501,-578,305,-33,-351,-415,509,-39,330,649,-229,595,116,-62,-1,0
9,100,503,-576,307,-34,-357,-419,515,-11,330,649,-230,586,116,-67,-1,0
9,101,506,-578,310,-31,-360,-417,471,-54,330,649,-228,589,118,-62,-1,0
9,102,508,-577,309,-30,-355,-413,442,-102,330,649,-229,597,117,-55,-1,0
9,103,509,-579,308,-32,-354,-420,481,-62,330,649,-231,597,114,-56,-1,0
9,104,505,-582,309,-31,-356,-422,513,-10,330,650,-225,593,117,-60,-1,0
9,105,504,-582,308,-29,-356,-418,463,-55,330,649,-223,597,120,-64,-1,0
9,106,508,-578,307,-29,-355,-420,438,-96,330,650,-229,599,118,-62,-1,-1
9,107,507,-576,309,-30,-355,-421,502,-32,330,654,-231,591,121,-55,-1,-1
9,108,504,-577,309,-31,-358,-419,520,4,330,655,-229,582,116,-58,-1,-1
9,109,506,-579,307,-32,-360,-416,449,-80,330,651,-232,584,107,-63,-1,-1
9,110,506,-577,307,-33,-357,-418,437,-122,330,649,-233,589,116,-58,-1,-1
9,111,503,-577,307,-32,-353,-423,485,-72,330,651,-230,588,120,-55,-1,-1
9,112,507,-576,306,-30,-353,-420,487,-49,330,652,-229,584,113,-59,-1,-1
9,113,509,-574,306,-28,-355,-415,472,-63,330,652,-228,588,119,-59,-1,-1
9,114,507,-576,306,-31,-358,-418,476,-84,330,654,-229,596,124,-55,-1,-1
9,115,507,-577,306,-34,-358,-423,471,-91,330,655,-229,598,119,-55,-1,-1
9,116,505,-576,309,-33,-356,-418,442,-92,330,654,-229,594,123,-63,-1,-1
9,117,503,-577,313,-30,-354,-416,433,-110,330,655,-229,595,127,-68,-1,-1
9,118,504,-578,311,-32,-356,-423,470,-88,330,654,-228,596,112,-66,-1,-1
9,119,505,-578,306,-33,-360,-427,484,-59,330,652,-231,592,108,-69,-1,-1
9,120,505,-576,305,-31,-358,-420,447,-94,330,652,-233,591,117,-71,0,-1
9,121,505,-573,309,-31,-352,-414,442,-111,330,655,-231,591,116,-62,0,-1
9,122,504,-575,310,-33,-354,-418,472,-72,330,658,-229,592,114,-57,0,0
9,123,504,-579,308,-33,-357,-422,490,-53,330,658,-231,595,113,-59,0,0
9,124,506,-580,305,-32,-354,-421,490,-58,330,657,-233,595,113,-58,0,0
9,125,504,-580,305,-34,-353,-418,453,-91,330,653,-233,588,119,-58,0,0
9,126,504,-577,305,-33,-359,-418,433,-118,330,648,-231,588,117,-61,0,0
9,127,508,-574,307,-29,-361,-420,484,-71,330,649,-229,594,108,-59,0,1
9,128,511,-573,309,-29,-360,-420,489,-55,330,653,-230,596,110,-56,0,1
9,0,506,-571,305,-30,-360,-421,444,-99,330,653,-231,596,116,-58,0,2
9,1,503,-573,302,-29,-357,-421,464,-88,330,650,-229,596,112,-59,0,2
9,2,506,-579,309,-30,-352,-416,475,-71,330,648,-229,594,110,-62,0,2
9,3,508,-580,312,-32,-354,-415,450,-74,330,649,-231,595,117,-62,0,2
9,4,506,-576,306,-34,-358,-414,489,-28,330,650,-232,599,116,-59,0,2
9,5,505,-575,307,-33,-354,-413,505,-36,330,648,-232,600,113,-56,0,2
9,6,507,-573,315,-30,-354,-418,450,-119,330,650,-228,598,113,-58,0,1
9,7,507,-577,316,-30,-356,-417,459,-113,330,654,-227,596,113,-60,0,1
9,8,509,-581,310,-30,-354,-414,516,-50,330,658,-233,590,116,-61,0,1
9,9,513,-575,307,-29,-353,-418,518,-57,330,657,-233,590,112,-60,0,0
9,10,511,-573,304,-30,-353,-418,488,-94,330,657,-229,597,108,-56,0,0
9,11,505,-578,304,-34,-353,-414,468,-107,330,657,-228,594,112,-60,0,0
9,12,505,-577,309,-33,-353,-419,478,-86,330,657,-230,588,121,-67,0,-1
9,13,509,-578,312,-31,-354,-424,498,-75,330,658,-230,588,115,-66,0,-1
9,14,505,-583,310,-31,-354,-417,509,-71,330,656,-229,590,113,-65,0,-1
9,15,498,-579,307,-32,-360,-414,516,-49,330,653,-229,592,118,-66,0,-1
9,16,499,-578,304,-33,-361,-419,511,-49,330,652,-230,597,98,-63,0,0
9,17,504,-577,306,-34,-356,-419,513,-70,330,654,-231,600,84,-65,-1,0
9,18,509,-573,308,-32,-352,-413,530,-48,330,654,-231,595,108,-72,0,0
9,19,510,-573,309,-31,-354,-414,521,-36,330,650,-233,594,127,-69,0,0
9,20,508,-571,309,-32,-360,-421,491,-75,330,649,-233,599,111,-61,0,0
9,21,510,-567,308,-33,-358,-421,499,-79,330,651,-232,600,102,-62,0,0
9,22,511,-574,308,-31,-354,-418,502,-64,330,651,-232,594,115,-66,0,0
9,23,508,-580,308,-32,-358,-417,464,-102,330,651,-233,591,120,-63,0,0
9,24,507,-580,308,-34,-359,-417,459,-117,330,653,-233,595,118,-55,1,0
9,25,511,-582,310,-33,-352,-419,492,-73,330,652,-228,594,119,-52,0,-1
9,26,507,-582,311,-30,-356,-422,488,-61,330,653,-226,591,119,-64,1,-2
9,27,502,-576,305,-32,-360,-419,452,-114,330,656,-230,596,114,-67,0,-3
9,28,504,-576,302,-33,-353,-416,430,-157,330,652,-231,599,109,-57,0,-3
9,29,508,-577,305,-29,-352,-419,414,-156,330,650,-228,596,113,-58,0,-3
9,30,506,-575,309,-30,-353,-417,419,-128,330,654,-230,596,121,-68,0,-2
9,31,507,-578,314,-31,-352,-410,466,-95,330,654,-232,597,121,-67,0,-2
9,32,511,-578,318,-25,-355,-410,490,-80,330,651,-230,595,119,-62,-1,-2
9,33,511,-570,310,-28,-356,-414,472,-82,330,652,-231,595,115,-63,-1,-2
9,34,516,-570,302,-35,-352,-418,465,-92,330,652,-233,598,109,-65,-1,-2
9,35,514,-574,304,-33,-358,-418,470,-97,330,651,-232,597,110,-62,-1,-2
9,36,510,-572,309,-29,-362,-415,489,-68,330,652,-230,595,113,-57,-1,-2
9,37,514,-572,310,-32,-353,-415,499,-42,330,652,-228,597,116,-55,-1,-1
9,38,515,-578,310,-35,-351,-416,476,-65,330,652,-230,597,123,-60,-1,-1
9,39,509,-576,309,-33,-355,-414,480,-58,330,652,-231,591,125,-64,-1,-1
9,40,506,-572,307,-30,-357,-418,514,-2,330,652,-231,593,114,-61,-1,-1
9,41,511,-575,306,-31,-357,-424,507,-2,330,652,-230,598,109,-57,-1,-1
9,42,513,-578,305,-32,-354,-418,469,-53,330,652,-230,590,116,-64,0,0
9,43,509,-577,301,-30,-351,-417,465,-62,330,652,-231,586,121,-64,0,0
9,44,506,-575,304,-32,-355,-422,492,-28,330,652,-230,595,119,-54,0,0
9,45,511,-577,313,-35,-356,-419,504,-4,330,652,-230,596,116,-56,0,0
9,46,512,-574,311,-32,-352,-414,487,-14,330,652,-230,592,115,-60,0,0
9,47,507,-572,304,-32,-355,-419,466,-38,330,652,-230,593,121,-56,0,0
