0,21,508,-616,309,-33,-356,-430,476,-182,326,651,-229,497,65,-201,1,-1
0,22,508,-621,305,-33,-356,-421,482,-175,326,655,-233,500,65,-201,1,-1
0,23,510,-618,306,-35,-357,-427,463,-183,326,655,-234,500,65,-200,1,-1
0,24,512,-614,305,-32,-357,-430,458,-181,326,652,-228,494,64,-196,1,-1
0,25,510,-616,307,-29,-356,-425,465,-181,326,651,-221,495,63,-197,0,0
0,26,506,-616,315,-30,-355,-429,460,-191,326,652,-219,497,63,-204,0,0
0,27,504,-613,315,-32,-355,-433,457,-195,326,651,-223,496,63,-204,0,0
0,28,506,-615,314,-32,-354,-432,467,-186,326,650,-219,500,62,-199,0,0
0,29,507,-618,316,-28,-354,-428,472,-179,326,652,-216,498,64,-200,0,0
0,30,508,-617,314,-28,-355,-425,467,-200,326,654,-222,490,68,-202,0,-1
0,31,512,-614,310,-28,-356,-429,464,-238,326,651,-229,490,66,-202,0,-1
0,32,512,-614,306,-29,-355,-429,474,-227,326,652,-231,493,63,-202,0,-1
0,33,511,-617,304,-32,-352,-426,478,-189,326,657,-230,494,65,-198,1,-1
0,34,512,-618,305,-31,-354,-432,464,-197,326,658,-231,492,66,-196,1,-1
0,35,511,-618,305,-31,-357,-432,448,-228,326,655,-232,490,63,-201,1,-1
0,36,508,-620,305,-30,-357,-426,462,-211,326,653,-231,495,61,-203,1,-1
0,37,507,-622,306,-28,-353,-433,499,-173,326,652,-231,497,64,-202,0,-1
0,38,512,-619,307,-30,-354,-438,503,-173,326,651,-231,492,65,-201,0,-2
0,39,513,-615,305,-32,-360,-432,479,-188,326,651,-231,489,66,-201,0,-2
0,40,510,-616,312,-31,-356,-428,483,-181,326,652,-231,493,66,-200,0,-2
0,41,511,-618,317,-30,-353,-426,504,-183,326,653,-231,496,64,-200,0,-2
0,42,511,-617,306,-31,-356,-426,504,-212,326,653,-231,496,63,-201,0,-2
0,43,509,-618,301,-31,-359,-431,498,-214,326,652,-231,493,66,-199,0,-2
0,44,510,-620,306,-29,-359,-430,499,-189,326,653,-231,491,65,-198,0,-2
0,45,511,-615,308,-30,-357,-426,503,-176,326,653,-231,499,63,-201,0,-2
0,46,512,-614,307,-33,-355,-427,511,-178,326,652,-231,501,65,-203,0,-1
0,47,511,-620,309,-33,-356,-429,495,-204,326,651,-231,493,67,-201,0,-1
0,48,505,-616,312,-31,-359,-429,480,-221,326,653,-230,491,65,-201,-1,-1
0,49,503,-612,313,-30,-361,-426,498,-200,326,654,-232,493,63,-201,-1,0
0,50,509,-616,309,-30,-358,-429,510,-180,326,651,-231,493,65,-196,-1,0
0,51,514,-616,310,-29,-352,-432,505,-181,326,651,-229,498,65,-197,-1,0
0,52,512,-612,318,-29,-350,-429,511,-177,326,654,-229,499,65,-201,-1,0
0,53,511,-615,315,-30,-355,-427,508,-176,326,655,-231,492,64,-194,0,0
0,54,515,-615,304,-30,-357,-430,495,-187,326,652,-232,496,64,-192,0,0
0,55,517,-611,308,-30,-350,-433,522,-183,326,651,-230,499,65,-202,1,0
0,56,509,-614,315,-32,-346,-428,531,-184,326,651,-229,494,65,-203,1,0
0,57,503,-619,308,-33,-353,-425,495,-193,326,652,-229,492,66,-194,1,0
0,58,505,-620,307,-31,-358,-428,482,-184,326,651,-228,492,67,-196,1,0
0,59,505,-616,315,-31,-355,-430,504,-175,326,650,-228,492,65,-200,1,0
0,60,503,-612,313,-31,-356,-428,514,-173,326,648,-231,491,64,-198,1,-1
0,61,511,-614,314,-31,-360,-426,498,-192,326,648,-232,492,64,-198,1,-1
0,62,518,-616,319,-32,-357,-428,490,-217,326,651,-228,490,64,-199,1,-1
0,63,511,-612,314,-31,-355,-428,510,-179,326,654,-231,493,66,-203,1,-1
0,64,510,-608,311,-29,-355,-425,524,-139,326,653,-234,495,65,-204,1,0
0,65,515,-613,311,-32,-354,-429,497,-187,326,651,-231,494,62,-200,1,0
0,66,514,-616,311,-33,-355,-437,485,-204,326,651,-226,498,64,-196,0,0
0,67,508,-616,313,-28,-355,-435,510,-153,326,652,-227,500,67,-199,0,0
0,68,502,-615,317,-28,-355,-427,520,-150,326,651,-232,499,63,-202,0,0
0,69,504,-614,316,-31,-358,-429,525,-165,326,651,-231,494,63,-203,0,0
0,70,508,-617,311,-31,-360,-432,539,-147,326,651,-228,494,68,-204,0,0
0,71,506,-619,307,-29,-357,-424,520,-170,326,651,-230,500,67,-202,0,0
0,72,502,-614,308,-29,-355,-422,503,-193,326,652,-231,502,63,-202,-1,0
0,73,505,-616,312,-32,-354,-432,536,-156,326,654,-228,500,63,-203,-1,0
0,74,511,-620,312,-35,-352,-436,535,-149,326,653,-228,498,62,-201,-1,0
0,75,508,-616,311,-32,-351,-426,510,-173,326,653,-229,498,64,-202,-1,0
0,76,505,-615,309,-30,-354,-420,546,-154,326,656,-229,496,66,-205,-1,0
0,77,508,-621,306,-31,-358,-426,562,-144,326,655,-230,494,65,-204,-2,0
0,78,508,-623,303,-31,-355,-430,513,-156,326,653,-231,493,65,-202,-2,0
0,79,504,-618,304,-31,-348,-425,523,-141,326,654,-230,492,65,-199,-2,0
0,80,508,-614,310,-31,-350,-428,572,-127,326,653,-231,492,64,-198,-2,1
0,81,514,-619,312,-29,-357,-430,553,-152,326,651,-231,497,65,-198,-2,0
0,82,510,-623,307,-30,-357,-424,518,-185,326,649,-230,502,65,-199,-2,0
0,83,509,-618,307,-31,-354,-421,534,-180,326,650,-230,502,62,-197,-2,0
0,84,512,-615,316,-31,-356,-429,562,-137,326,651,-229,500,61,-199,-2,0
0,85,508,-618,315,-31,-354,-431,549,-133,326,651,-229,500,63,-204,-2,0
0,86,507,-619,302,-31,-347,-425,522,-186,326,651,-229,501,63,-204,-2,0
0,87,507,-619,302,-29,-349,-426,522,-200,326,651,-229,497,61,-197,-2,0
0,88,505,-617,314,-29,-355,-430,538,-155,326,651,-228,493,64,-196,-2,0
0,89,509,-612,316,-31,-355,-430,551,-135,326,652,-229,494,69,-197,-2,0
0,90,514,-614,308,-31,-359,-433,541,-172,326,654,-231,493,65,-195,-1,1
0,91,510,-619,311,-30,-360,-435,531,-185,326,656,-229,493,59,-195,-1,1
0,92,508,-619,314,-31,-355,-428,554,-134,326,655,-227,499,61,-197,-1,1
0,93,512,-615,312,-29,-356,-426,565,-121,326,652,-229,503,64,-196,-1,1
0,94,514,-616,313,-26,-359,-431,520,-187,326,649,-228,500,65,-195,-1,2
0,95,510,-619,311,-28,-356,-430,506,-196,326,650,-227,499,66,-195,-1,1
0,96,510,-614,309,-31,-355,-425,538,-140,326,651,-231,497,64,-197,-1,1
0,97,510,-607,314,-31,-354,-427,535,-142,326,651,-231,497,61,-202,-1,1
0,98,511,-611,316,-31,-351,-431,525,-189,326,651,-228,498,62,-200,-1,1
0,99,512,-616,314,-30,-355,-430,536,-194,326,651,-229,493,63,-194,0,1
0,100,506,-614,314,-28,-360,-431,540,-162,326,654,-229,490,63,-200,0,1
0,101,504,-617,315,-29,-358,-428,532,-142,326,659,-229,494,63,-204,0,1
0,102,512,-618,311,-32,-356,-428,531,-151,326,655,-229,493,63,-200,0,1
0,103,513,-615,308,-30,-360,-428,520,-168,326,650,-229,491,63,-202,0,1
0,104,507,-616,312,-28,-361,-426,493,-190,326,655,-229,500,65,-203,0,1
0,105,509,-616,312,-30,-352,-425,498,-192,326,657,-229,501,65,-198,0,1
0,106,507,-613,304,-30,-348,-426,537,-168,326,651,-230,489,66,-197,0,0
0,107,504,-616,304,-27,-356,-428,565,-152,326,651,-231,487,68,-200,0,0
0,108,511,-620,311,-30,-360,-429,556,-154,326,654,-231,494,66,-201,0,0
0,109,515,-617,309,-31,-356,-428,540,-150,326,650,-231,499,64,-201,-1,0
0,110,513,-614,305,-27,-355,-427,535,-150,326,648,-231,497,64,-200,-1,0
0,111,508,-617,306,-30,-358,-429,513,-179,326,652,-231,491,66,-199,-1,1
0,112,506,-620,313,-31,-356,-429,495,-201,326,651,-231,488,67,-201,-1,1
0,113,511,-621,318,-30,-354,-425,518,-188,326,650,-231,494,65,-199,-1,1
0,114,513,-616,314,-30,-356,-426,540,-181,326,653,-231,495,64,-196,-1,1
0,115,507,-611,305,-30,-355,-427,528,-185,326,652,-231,490,65,-199,-1,2
0,116,506,-612,304,-30,-353,-427,517,-191,326,649,-231,491,65,-204,-1,2
0,117,513,-615,312,-28,-355,-425,534,-176,326,651,-231,500,65,-201,-1,1
0,118,509,-617,317,-27,-359,-424,534,-155,326,654,-231,499,64,-197,-1,1
0,119,500,-618,314,-28,-354,-425,509,-176,326,652,-231,494,65,-198,-1,1
0,120,503,-618,309,-32,-348,-427,514,-191,326,650,-231,498,67,-199,-1,1
0,121,512,-617,310,-31,-351,-429,545,-161,326,651,-231,498,65,-198,-1,1
0,122,512,-618,319,-28,-353,-428,547,-159,326,654,-231,495,64,-198,-1,1
0,123,508,-620,316,-29,-352,-429,514,-200,326,654,-231,498,66,-203,-1,0
0,124,511,-619,305,-31,-349,-428,502,-185,326,653,-231,499,64,-205,-1,1
0,125,516,-612,308,-32,-347,-428,518,-147,326,655,-231,495,63,-197,-1,0
0,126,515,-609,315,-30,-352,-431,515,-174,326,654,-231,494,65,-192,-1,1
0,127,512,-617,312,-29,-360,-431,513,-187,326,650,-231,496,65,-195,-1,1
0,128,509,-621,306,-30,-358,-427,529,-142,326,650,-232,494,64,-197,-1,1
0,0,511,-618,309,-31,-355,-427,526,-135,326,655,-232,491,63,-199,-1,1
0,1,513,-617,315,-28,-356,-429,501,-184,326,655,-232,493,65,-200,-1,1
0,2,506,-621,314,-27,-354,-427,498,-195,326,651,-232,495,67,-198,-1,1
0,3,504,-621,308,-30,-353,-429,505,-172,326,652,-230,491,66,-198,-1,1
0,4,510,-612,312,-31,-356,-431,504,-191,326,653,-229,493,64,-202,-1,1
0,5,513,-614,317,-31,-357,-428,510,-214,326,651,-229,499,65,-203,-1,1
0,6,511,-622,309,-31,-356,-428,508,-179,326,649,-229,492,67,-202,0,1
0,7,503,-620,304,-31,-357,-430,499,-146,326,649,-230,487,66,-201,0,1
0,8,501,-616,307,-26,-360,-428,499,-169,326,650,-230,491,65,-200,-1,1
0,9,509,-618,304,-27,-358,-429,507,-192,326,653,-228,497,64,-200,-1,1
0,10,511,-619,304,-32,-355,-433,502,-189,326,653,-229,494,63,-201,-1,1
0,11,508,-616,309,-31,-353,-428,502,-196,326,651,-230,488,64,-202,-1,1
0,12,509,-612,308,-27,-352,-425,524,-198,326,652,-229,492,66,-197,-1,1
0,13,507,-610,307,-28,-353,-428,520,-186,326,652,-231,498,66,-192,-1,1
0,14,502,-616,315,-28,-357,-429,503,-192,326,651,-233,497,66,-198,-1,0
0,15,505,-619,314,-27,-358,-431,524,-187,326,653,-230,494,67,-204,-1,0
0,16,509,-615,311,-29,-357,-433,529,-175,326,655,-231,492,67,-203,-1,0
0,17,511,-620,316,-27,-355,-430,490,-194,326,655,-231,489,66,-201,-1,0
0,18,513,-623,313,-28,-355,-425,506,-176,326,653,-227,493,67,-201,-1,0
0,19,511,-615,307,-33,-357,-426,536,-140,326,652,-227,499,67,-197,-1,0
0,20,509,-611,310,-29,-358,-431,504,-175,326,651,-233,493,65,-196,-1,0
0,21,507,-613,313,-28,-355,-431,486,-205,326,652,-236,492,63,-196,-1,0
1,22,507,-615,308,-33,-358,-430,502,-169,326,651,-234,496,63,-190,-1,0
1,23,510,-615,309,-32,-362,-429,520,-140,326,651,-235,496,65,-191,-1,0
1,24,508,-615,313,-26,-358,-425,530,-141,326,651,-235,496,67,-199,-1,0
1,25,505,-616,309,-27,-355,-426,516,-161,326,651,-235,495,67,-201,-1,0
1,26,508,-614,310,-30,-358,-430,494,-176,326,651,-235,493,65,-198,-1,0
1,27,511,-614,317,-28,-357,-426,495,-170,326,651,-235,495,64,-198,-1,-1
1,28,511,-616,310,-29,-355,-426,500,-176,326,651,-235,496,65,-203,-1,-1
1,29,514,-615,302,-33,-356,-431,497,-175,326,652,-235,494,64,-201,-1,-1
1,30,512,-613,305,-31,-356,-425,500,-128,326,651,-235,497,64,-197,-1,-2
1,31,508,-616,311,-28,-355,-421,503,-100,326,652,-235,500,66,-194,-1,-2
1,32,510,-616,311,-32,-355,-428,505,-127,326,654,-235,499,66,-195,-1,-1
1,33,511,-614,309,-31,-353,-430,489,-175,326,654,-235,498,65,-201,-1,-1
1,34,508,-618,310,-24,-354,-426,475,-219,326,654,-235,497,65,-205,-1,-1
1,35,505,-616,315,-26,-357,-428,502,-200,326,652,-235,494,64,-200,0,-1
1,36,505,-612,312,-31,-356,-432,509,-161,326,651,-235,493,65,-195,0,-1
1,37,512,-614,303,-31,-354,-431,480,-175,326,653,-235,493,66,-196,0,0
1,38,514,-613,307,-30,-357,-429,488,-158,326,654,-235,493,64,-198,0,0
1,39,509,-614,313,-30,-359,-428,509,-122,326,652,-235,498,63,-200,0,0
1,40,509,-619,309,-30,-355,-428,501,-142,326,651,-235,500,67,-201,0,0
1,41,510,-616,306,-30,-354,-428,502,-162,326,652,-235,495,67,-203,0,0
1,42,510,-610,311,-28,-355,-427,501,-158,326,652,-235,496,63,-203,0,0
1,43,514,-614,311,-27,-356,-425,485,-162,326,651,-235,498,62,-200,0,0
1,44,514,-619,306,-34,-357,-425,487,-166,326,651,-235,492,66,-201,0,0
1,45,509,-617,308,-33,-356,-429,507,-167,326,651,-235,491,66,-200,0,0
1,46,510,-617,312,-27,-356,-428,506,-181,326,652,-235,495,62,-197,0,0
1,47,513,-620,309,-31,-359,-425,495,-173,326,652,-235,495,63,-196,0,0
1,48,510,-622,306,-33,-361,-426,500,-148,326,651,-235,495,68,-199,0,-1
1,49,511,-623,309,-30,-356,-427,512,-143,326,653,-235,495,66,-203,0,0
1,50,510,-621,313,-30,-355,-426,499,-156,326,654,-235,492,64,-202,0,0
1,51,506,-617,309,-30,-360,-431,487,-157,326,651,-235,492,65,-195,-1,0
1,52,509,-617,309,-26,-358,-435,500,-146,326,651,-235,500,66,-192,-1,0
1,53,509,-620,314,-28,-354,-429,502,-156,326,653,-235,500,64,-198,-1,0
1,54,506,-619,311,-30,-355,-429,495,-180,326,650,-235,497,64,-199,-1,0
1,55,513,-614,306,-28,-356,-436,500,-191,326,649,-235,499,68,-197,-1,0
1,56,515,-613,305,-28,-355,-434,506,-176,326,652,-235,498,66,-199,-1,0
1,57,507,-612,305,-28,-358,-429,507,-159,326,652,-235,497,63,-199,-1,0
1,58,506,-613,309,-27,-359,-428,504,-181,326,651,-236,497,64,-198,0,1
1,59,508,-616,312,-29,-357,-426,505,-199,326,651,-233,494,66,-200,0,0
1,60,507,-615,311,-32,-355,-423,526,-157,326,651,-231,491,63,-200,0,0
1,61,507,-614,309,-32,-356,-428,538,-132,326,651,-231,495,61,-200,0,0
1,62,509,-619,311,-32,-359,-430,519,-154,326,652,-230,497,64,-202,0,0
1,63,512,-616,312,-32,-354,-423,507,-154,326,651,-229,495,66,-202,0,0
1,64,511,-612,310,-29,-351,-420,505,-166,326,651,-230,497,67,-198,0,0
1,65,511,-619,311,-27,-355,-423,519,-181,326,654,-229,497,67,-195,0,0
1,66,513,-622,313,-28,-356,-429,528,-168,326,655,-227,496,65,-197,0,0
1,67,511,-616,314,-31,-352,-430,508,-178,326,653,-230,500,65,-201,0,0
1,68,509,-618,310,-31,-354,-430,499,-185,326,653,-231,498,65,-201,-1,0
1,69,511,-621,308,-33,-357,-434,502,-158,326,652,-229,488,64,-198,-1,1
1,70,511,-615,315,-33,-356,-435,497,-162,326,649,-228,493,62,-199,-1,1
1,71,508,-614,317,-28,-356,-431,501,-175,326,650,-230,503,62,-201,-1,1
1,72,507,-617,310,-29,-357,-427,515,-133,326,652,-230,496,62,-200,-1,0
1,73,505,-616,311,-36,-357,-427,503,-153,326,651,-231,485,62,-200,0,0
1,74,504,-614,315,-32,-358,-426,492,-233,326,651,-231,490,63,-199,0,0
1,75,510,-613,314,-25,-360,-424,510,-222,326,654,-231,499,65,-197,0,-1
1,76,510,-612,312,-27,-359,-426,505,-181,326,653,-231,499,63,-198,0,-1
1,77,506,-618,309,-32,-351,-429,479,-201,326,651,-231,494,62,-200,0,-1
1,78,508,-620,307,-32,-347,-429,488,-207,326,651,-231,493,66,-199,0,0
1,79,509,-617,313,-30,-353,-427,513,-161,326,651,-231,498,68,-197,0,0
1,80,507,-616,311,-30,-357,-430,511,-134,326,652,-231,500,66,-197,-1,0
1,81,509,-616,304,-31,-356,-430,497,-155,326,651,-231,497,65,-199,-1,1
1,82,510,-614,306,-31,-352,-425,499,-187,326,651,-231,490,66,-199,-1,1
1,83,512,-612,314,-30,-346,-425,504,-192,326,655,-231,489,66,-200,-1,1
1,84,514,-614,317,-30,-350,-429,507,-180,326,654,-231,493,64,-203,-1,0
1,85,513,-618,313,-29,-359,-428,494,-183,326,652,-231,493,63,-204,-1,0
1,86,512,-615,306,-29,-357,-425,511,-153,326,651,-231,492,66,-200,0,-1
1,87,514,-612,305,-29,-355,-427,555,-124,326,650,-231,492,67,-199,0,-1
1,88,512,-617,311,-29,-357,-427,531,-147,326,652,-231,497,64,-200,0,-1
1,89,505,-624,307,-32,-360,-426,482,-181,326,653,-232,500,64,-199,0,-1
1,90,501,-618,299,-30,-359,-427,496,-193,326,653,-231,493,67,-199,0,-1
1,91,507,-610,303,-29,-357,-429,517,-197,326,655,-229,490,66,-199,-1,0
1,92,513,-615,309,-29,-356,-430,510,-190,326,655,-228,495,63,-199,-1,0
1,93,510,-622,313,-23,-357,-427,511,-186,326,650,-229,498,65,-199,-1,0
1,94,507,-616,312,-22,-357,-427,490,-212,326,649,-229,495,67,-199,-1,0
1,95,511,-608,312,-28,-357,-429,474,-216,326,653,-229,493,67,-197,-1,0
1,96,514,-616,314,-30,-356,-427,493,-192,326,653,-229,494,65,-196,-1,0
1,97,511,-621,309,-28,-357,-424,489,-189,326,652,-229,494,66,-201,-1,0
1,98,511,-615,307,-27,-359,-426,482,-197,326,651,-229,493,68,-203,-1,0
1,99,509,-615,311,-27,-358,-428,479,-221,326,651,-229,492,66,-200,-1,0
1,100,504,-619,310,-31,-355,-423,469,-228,326,651,-227,493,62,-202,-1,0
1,101,502,-616,307,-32,-356,-427,497,-202,326,651,-230,496,64,-203,-1,0
1,102,505,-616,310,-27,-357,-433,524,-184,326,651,-230,495,68,-196,-1,0
1,103,509,-621,309,-28,-358,-430,492,-175,326,651,-221,496,66,-196,-1,0
1,104,512,-620,305,-35,-356,-427,482,-159,326,652,-219,497,64,-200,-1,0
1,105,512,-620,305,-30,-354,-428,514,-177,326,652,-228,496,65,-196,-1,0
1,106,510,-624,308,-20,-356,-427,506,-220,326,651,-233,499,63,-196,-1,0
1,107,508,-620,309,-22,-357,-425,492,-222,326,651,-230,503,62,-200,-1,0
1,108,509,-616,308,-32,-355,-431,506,-206,326,652,-229,501,63,-200,-1,0
1,109,511,-618,307,-33,-355,-431,505,-196,326,651,-231,495,62,-202,-1,0
1,110,507,-616,308,-32,-353,-426,500,-182,326,651,-228,497,63,-204,-1,0
1,111,507,-612,309,-31,-350,-425,498,-187,326,654,-219,501,67,-200,-1,0
1,112,509,-615,311,-29,-352,-426,502,-183,326,653,-221,498,66,-199,-1,0
1,113,509,-616,312,-30,-356,-428,509,-171,326,649,-232,495,64,-201,-1,0
1,114,510,-613,311,-30,-357,-427,486,-212,326,649,-232,496,65,-197,-1,0
1,115,513,-614,313,-30,-356,-428,460,-256,326,652,-228,497,67,-197,-1,0
1,116,514,-614,315,-32,-358,-429,477,-223,326,651,-231,496,67,-203,-1,0
1,117,510,-615,312,-31,-353,-427,511,-174,326,651,-232,497,68,-201,-1,0
1,118,502,-620,310,-31,-350,-428,516,-168,326,652,-231,500,66,-198,-1,0
1,119,503,-618,313,-32,-356,-428,490,-189,326,651,-229,500,62,-200,-1,0
1,120,514,-614,313,-31,-359,-425,479,-204,326,651,-229,494,61,-201,-1,0
1,121,510,-617,309,-31,-356,-424,503,-188,326,653,-230,491,65,-200,-1,0
1,122,499,-618,309,-34,-355,-426,507,-184,326,655,-230,494,68,-200,-1,-1
1,123,508,-613,310,-32,-356,-424,476,-212,326,653,-228,491,68,-200,-1,-1
1,124,516,-615,313,-31,-353,-426,466,-205,326,651,-229,490,66,-201,-1,-1
1,125,511,-616,313,-30,-355,-430,475,-187,326,652,-231,493,64,-199,-1,-1
1,126,512,-612,308,-31,-359,-428,492,-202,326,655,-226,492,65,-197,-1,-1
1,127,513,-615,309,-32,-359,-425,511,-206,326,654,-222,491,66,-199,-1,-1
1,128,507,-620,311,-29,-357,-426,484,-205,326,653,-229,494,66,-199,-1,-1
1,0,505,-617,309,-28,-357,-426,469,-210,326,655,-232,498,66,-194,-1,-1
1,1,507,-612,308,-29,-360,-428,498,-203,326,654,-229,498,65,-199,-1,-1
1,2,508,-615,311,-31,-360,-436,472,-235,326,651,-230,495,64,-202,0,-1
1,3,512,-620,312,-31,-357,-436,450,-258,326,650,-232,493,65,-189,0,-1
1,4,512,-619,308,-32,-358,-429,501,-200,326,651,-229,497,65,-188,0,-1
1,5,511,-617,309,-31,-359,-426,526,-166,326,653,-229,503,66,-201,0,-1
1,6,511,-617,308,-28,-355,-427,514,-193,326,654,-230,498,68,-199,0,-1
1,7,510,-615,306,-30,-354,-423,516,-191,326,652,-229,490,67,-193,0,-1
1,8,510,-613,310,-32,-356,-424,494,-177,326,651,-229,494,66,-198,-1,-1
1,9,510,-614,314,-29,-356,-433,471,-180,326,651,-229,497,64,-198,-1,-1
1,10,509,-616,311,-28,-357,-431,509,-161,326,650,-230,490,63,-196,-1,-1
1,11,509,-616,309,-30,-355,-425,532,-148,326,650,-230,488,63,-197,-1,-1
1,12,507,-613,309,-30,-351,-430,507,-171,326,652,-227,496,65,-198,-1,0
1,13,508,-612,306,-30,-354,-433,498,-186,326,653,-231,497,66,-200,-1,0
1,14,512,-615,304,-31,-360,-429,500,-184,326,653,-231,488,64,-199,-1,0
1,15,511,-614,307,-30,-358,-431,484,-204,326,652,-216,487,66,-194,-1,0
1,16,508,-611,311,-33,-355,-430,478,-243,326,651,-215,495,69,-195,0,0
1,17,508,-615,308,-30,-356,-423,515,-226,326,652,-230,495,64,-201,0,0
1,18,509,-619,307,-17,-356,-423,545,-158,326,651,-231,493,61,-198,0,-1
1,19,510,-617,311,-21,-357,-428,528,-140,326,651,-224,495,66,-197,0,-1
1,20,509,-614,309,-34,-360,-429,501,-169,326,651,-229,495,62,-198,0,-1
1,21,509,-613,307,-32,-356,-426,493,-176,326,651,-232,498,55,-196,0,-1
2,22,509,-617,313,-27,-356,-425,491,-162,326,651,-228,500,59,-198,0,-1
2,23,508,-618,313,-29,-358,-427,502,-157,326,651,-232,494,65,-200,-1,-1
2,24,506,-616,306,-30,-353,-429,530,-148,326,651,-231,492,65,-200,-1,-1
2,25,509,-616,305,-30,-351,-430,522,-156,326,651,-222,495,64,-198,-1,-1
2,26,512,-616,309,-31,-356,-425,494,-165,326,652,-226,489,66,-198,-1,-1
2,27,507,-614,311,-28,-356,-423,512,-140,326,654,-231,489,66,-198,-1,0
2,28,506,-613,312,-30,-352,-426,545,-123,326,655,-228,503,65,-202,-1,0
2,29,509,-617,308,-31,-355,-429,532,-149,326,654,-227,499,64,-204,-1,0
2,30,508,-621,302,-28,-354,-427,506,-173,326,653,-231,490,65,-199,-1,0
2,31,507,-616,311,-29,-353,-425,509,-160,326,652,-229,495,66,-198,-1,0
2,32,510,-609,318,-31,-361,-424,511,-153,326,653,-227,497,66,-199,0,0
2,33,511,-611,313,-27,-362,-425,511,-152,326,655,-232,492,64,-198,0,0
2,34,508,-615,312,-28,-359,-431,527,-130,326,655,-231,491,62,-197,0,0
2,35,508,-614,313,-33,-359,-432,534,-134,326,652,-229,496,62,-200,0,0
2,36,510,-615,311,-30,-358,-425,511,-161,326,651,-229,499,64,-204,0,0
2,37,508,-620,315,-28,-358,-426,494,-163,326,651,-229,495,65,-200,0,0
2,38,509,-619,314,-31,-357,-431,506,-148,326,651,-228,496,65,-199,0,0
2,39,511,-614,311,-30,-359,-430,498,-159,326,651,-230,504,65,-202,0,0
2,40,507,-617,314,-30,-358,-429,473,-177,326,651,-230,503,67,-203,-1,0
2,41,507,-617,316,-31,-351,-432,478,-186,326,651,-228,494,67,-201,-1,0
2,42,510,-613,309,-30,-350,-428,507,-189,326,651,-229,493,64,-199,-1,0
2,43,507,-613,306,-29,-360,-426,512,-169,326,652,-234,497,64,-200,-1,-1
2,44,510,-612,310,-28,-358,-435,499,-155,326,650,-236,496,65,-199,-1,-1
2,45,512,-613,312,-29,-353,-436,502,-165,326,652,-226,492,65,-201,-1,-1
2,46,504,-614,312,-29,-359,-428,506,-167,326,655,-221,492,62,-204,0,-1
2,47,508,-616,311,-28,-355,-425,488,-160,326,654,-229,498,62,-204,0,-1
2,48,516,-618,310,-29,-350,-426,463,-183,326,649,-229,494,62,-199,0,-1
2,49,512,-616,312,-32,-355,-427,478,-185,326,649,-224,489,62,-192,0,-1
2,50,507,-617,310,-30,-354,-426,512,-140,326,652,-229,496,64,-198,0,0
2,51,510,-616,309,-28,-352,-422,509,-130,326,651,-233,499,65,-205,0,0
2,52,511,-614,312,-31,-357,-422,496,-158,326,651,-229,497,64,-200,0,0
2,53,508,-615,308,-32,-357,-429,502,-158,326,651,-230,497,65,-196,0,0
2,54,507,-617,304,-31,-354,-427,498,-144,326,651,-233,497,66,-199,0,0
2,55,509,-614,306,-30,-356,-424,481,-165,326,651,-231,495,64,-198,0,0
2,56,514,-617,311,-29,-355,-431,479,-186,326,651,-231,495,64,-196,0,0
2,57,515,-623,312,-27,-353,-435,498,-163,326,651,-229,494,64,-199,0,0
2,58,512,-618,311,-31,-357,-430,514,-139,326,651,-229,492,64,-197,0,0
2,59,510,-615,311,-33,-357,-428,501,-154,326,651,-229,495,66,-198,0,0
2,60,510,-615,311,-30,-353,-433,486,-171,326,651,-229,495,66,-203,0,0
2,61,511,-611,310,-30,-353,-437,497,-156,326,651,-229,495,64,-201,0,0
2,62,508,-610,307,-30,-354,-431,505,-141,326,651,-229,496,65,-192,0,0
2,63,507,-613,306,-29,-352,-425,497,-145,326,651,-229,495,67,-193,0,0
2,64,513,-616,310,-31,-355,-426,496,-150,326,651,-229,495,66,-197,0,0
2,65,511,-617,310,-31,-358,-427,497,-146,326,651,-229,494,66,-202,0,0
2,66,504,-617,305,-28,-357,-427,494,-146,326,652,-229,489,68,-204,0,0
2,67,508,-616,305,-30,-355,-432,502,-161,326,653,-229,490,66,-201,0,0
2,68,511,-616,310,-33,-355,-435,505,-155,326,653,-229,498,63,-198,0,0
2,69,508,-614,305,-31,-356,-429,505,-129,326,653,-229,494,64,-201,0,0
2,70,510,-615,302,-31,-355,-429,500,-142,326,653,-229,487,66,-200,0,0
2,71,512,-618,308,-33,-353,-433,484,-174,326,652,-229,492,66,-199,0,0
2,72,509,-616,310,-31,-353,-428,472,-174,326,650,-229,496,64,-199,0,0
2,73,508,-614,305,-31,-355,-423,474,-148,326,652,-229,492,63,-199,0,0
2,74,507,-614,309,-32,-357,-425,485,-139,326,655,-229,498,64,-200,0,0
2,75,511,-613,312,-31,-355,-426,499,-143,326,654,-229,504,64,-201,0,0
2,76,515,-616,312,-30,-352,-424,510,-131,326,652,-229,498,64,-200,0,0
2,77,510,-619,314,-31,-356,-425,513,-117,326,650,-229,496,67,-201,0,0
2,78,506,-616,308,-29,-359,-425,509,-133,326,652,-229,493,66,-200,0,0
2,79,512,-614,302,-30,-356,-425,501,-159,326,654,-229,489,61,-199,0,0
2,80,513,-617,308,-33,-354,-429,489,-160,326,652,-229,490,61,-198,0,0
2,81,508,-619,311,-31,-358,-429,485,-151,326,650,-229,489,65,-201,0,0
2,82,510,-617,309,-26,-359,-423,477,-161,326,654,-229,490,65,-201,0,0
2,83,513,-616,309,-27,-353,-425,472,-163,326,654,-229,495,63,-198,0,0
2,84,512,-613,309,-32,-351,-431,497,-133,326,650,-229,496,66,-198,-1,0
2,85,512,-614,309,-31,-357,-429,508,-125,326,648,-229,499,67,-202,-1,0
2,86,515,-616,308,-30,-358,-423,478,-159,326,650,-229,500,65,-200,-1,0
2,87,513,-610,307,-33,-354,-430,468,-174,326,652,-229,488,64,-198,-1,0
2,88,510,-607,310,-29,-355,-436,495,-156,326,652,-229,487,66,-201,-1,0
2,89,511,-616,311,-25,-357,-430,511,-143,326,653,-228,498,66,-196,-1,0
2,90,510,-620,308,-32,-355,-425,497,-149,326,652,-230,498,66,-192,-1,0
2,91,507,-615,305,-34,-358,-427,467,-168,326,651,-230,490,65,-200,-1,0
2,92,507,-614,305,-25,-359,-426,470,-174,326,651,-223,493,63,-203,0,0
2,93,510,-614,308,-29,-358,-422,508,-152,326,651,-224,496,63,-195,0,0
2,94,512,-615,310,-33,-359,-427,499,-143,326,649,-232,494,66,-193,0,0
2,95,512,-618,309,-23,-359,-429,463,-163,326,649,-233,497,67,-195,0,0
2,96,507,-617,308,-23,-359,-429,471,-153,326,651,-228,499,65,-194,0,0
2,97,508,-613,309,-29,-359,-431,487,-120,326,654,-230,496,65,-196,0,0
2,98,513,-616,312,-31,-356,-426,474,-132,326,657,-235,498,65,-199,0,0
2,99,511,-620,314,-28,-354,-424,458,-167,326,653,-226,498,64,-199,0,0
2,100,507,-615,312,-21,-354,-427,454,-171,326,651,-220,491,66,-200,0,0
2,101,508,-614,311,-23,-355,-426,464,-168,326,654,-227,489,66,-201,0,0
2,102,511,-621,315,-30,-356,-425,469,-190,326,652,-231,500,64,-202,0,0
2,103,511,-618,314,-30,-355,-433,466,-191,326,648,-229,504,64,-204,0,0
2,104,507,-612,310,-29,-354,-434,485,-159,326,651,-231,494,65,-200,0,0
2,105,509,-614,310,-34,-356,-427,511,-126,326,652,-230,491,65,-196,0,0
2,106,516,-617,308,-31,-362,-429,499,-121,326,651,-227,493,65,-199,0,0
2,107,511,-614,308,-28,-361,-429,461,-152,326,651,-231,495,66,-201,0,0
2,108,506,-610,310,-33,-355,-426,447,-172,326,651,-231,500,66,-195,0,0
2,109,507,-611,310,-33,-356,-431,461,-164,326,651,-228,498,65,-193,0,0
2,110,506,-612,310,-30,-360,-432,476,-144,326,651,-229,490,65,-195,0,0
2,111,509,-615,310,-32,-354,-426,469,-158,326,651,-229,491,65,-198,0,0
2,112,514,-615,307,-33,-349,-428,456,-199,326,652,-229,494,65,-198,0,0
2,113,515,-615,310,-31,-356,-431,462,-206,326,651,-229,496,65,-197,0,0
2,114,513,-615,310,-30,-357,-428,463,-191,326,651,-229,496,67,-198,0,0
2,115,511,-616,310,-30,-350,-428,458,-189,326,653,-229,494,68,-199,0,0
2,116,512,-615,314,-29,-352,-427,469,-186,326,654,-229,488,64,-199,0,0
2,117,514,-614,314,-31,-354,-421,475,-183,326,652,-229,488,64,-199,0,0
2,118,514,-617,313,-33,-351,-426,466,-190,326,650,-229,498,65,-198,0,0
2,119,509,-615,313,-31,-354,-434,466,-182,326,650,-230,503,64,-198,0,0
2,120,509,-613,310,-28,-358,-430,460,-172,326,650,-231,496,64,-200,0,0
2,121,510,-614,312,-29,-357,-427,451,-181,326,648,-231,492,65,-199,0,0
2,122,508,-615,313,-32,-354,-430,471,-180,326,649,-231,491,64,-200,0,0
2,123,509,-618,309,-31,-356,-431,482,-171,326,653,-231,488,64,-205,0,0
2,124,509,-621,307,-30,-357,-426,464,-183,326,642,-231,490,66,-201,-1,0
2,125,507,-620,306,-29,-358,-424,460,-184,326,638,-231,498,65,-197,0,0
2,126,507,-616,302,-27,-357,-427,482,-156,326,650,-231,497,65,-200,0,0
2,127,511,-616,302,-29,-355,-429,463,-167,326,657,-231,495,67,-201,0,0
2,128,512,-618,310,-33,-356,-426,433,-203,326,651,-231,498,67,-199,0,0
2,0,509,-619,313,-32,-355,-423,461,-175,326,650,-231,498,65,-200,0,0
2,1,507,-615,308,-27,-353,-428,494,-146,326,651,-231,495,64,-202,0,0
2,2,507,-609,306,-26,-353,-432,478,-174,326,650,-231,497,64,-198,0,-1
2,3,511,-609,309,-29,-358,-431,462,-175,326,652,-231,496,65,-199,0,-1
2,4,510,-616,309,-31,-362,-429,472,-138,326,651,-231,496,65,-203,-1,-1
2,5,504,-619,307,-31,-358,-426,455,-159,326,648,-232,497,65,-198,-1,-1
2,6,506,-615,311,-29,-354,-425,434,-197,326,649,-229,492,65,-197,-1,-1
2,7,511,-615,316,-27,-357,-429,469,-166,326,654,-232,491,67,-205,-1,0
2,8,507,-615,313,-28,-362,-429,504,-141,326,648,-232,499,65,-202,-1,0
2,9,507,-613,308,-31,-358,-424,486,-179,326,641,-220,498,62,-192,-1,0
2,10,511,-613,309,-32,-356,-426,456,-209,326,650,-219,493,64,-195,-1,0
2,11,507,-615,310,-30,-361,-430,476,-178,326,655,-227,496,64,-199,-1,0
2,12,507,-613,307,-29,-360,-428,501,-144,326,650,-226,500,61,-190,0,0
2,13,513,-613,309,-32,-354,-426,491,-149,326,651,-227,495,63,-193,0,0
2,14,515,-616,312,-33,-355,-428,475,-173,326,654,-233,488,68,-197,0,0
2,15,511,-618,307,-29,-357,-428,463,-192,326,649,-231,491,67,-195,0,0
2,16,505,-616,305,-29,-354,-427,476,-176,326,649,-229,499,64,-199,-1,0
2,17,504,-613,311,-31,-354,-427,501,-150,326,652,-233,502,64,-203,-1,0
2,18,509,-613,310,-31,-356,-426,494,-152,326,651,-231,497,66,-199,-1,0
2,19,509,-614,307,-30,-357,-429,449,-180,326,651,-229,494,66,-197,-1,0
2,20,508,-614,313,-30,-356,-430,426,-206,326,651,-229,498,65,-196,-1,0
2,21,508,-618,313,-29,-357,-425,454,-198,326,651,-229,497,64,-194,-1,0
3,22,508,-618,308,-31,-359,-423,478,-181,326,651,-229,494,64,-198,-1,0
3,23,508,-613,306,-29,-354,-429,481,-183,326,651,-229,494,66,-199,0,0
3,24,512,-613,308,-29,-352,-426,479,-175,326,651,-229,498,67,-200,0,0
3,25,513,-616,313,-33,-357,-424,476,-159,326,651,-229,497,66,-202,0,0
3,26,509,-618,310,-34,-357,-433,474,-168,326,651,-229,494,66,-201,0,0
3,27,511,-613,304,-31,-355,-435,470,-193,326,651,-229,493,64,-198,0,0
3,28,515,-610,305,-30,-358,-428,467,-202,326,651,-229,491,64,-197,0,0
3,29,511,-615,311,-31,-356,-428,469,-200,326,651,-229,488,66,-195,0,0
3,30,511,-620,313,-32,-354,-427,479,-183,326,651,-229,491,68,-198,0,0
3,31,515,-618,311,-31,-358,-425,480,-175,326,651,-231,499,65,-199,0,0
3,32,510,-616,307,-28,-356,-429,473,-197,326,652,-231,495,65,-193,0,0
3,33,506,-618,309,-30,-354,-427,469,-206,326,651,-229,491,69,-194,-1,0
3,34,512,-615,314,-34,-356,-423,466,-188,326,651,-227,494,67,-200,-1,0
3,35,513,-612,312,-28,-357,-425,473,-173,326,654,-230,493,63,-198,-1,0
3,36,509,-615,306,-28,-361,-428,476,-172,326,654,-230,490,64,-196,-1,0
3,37,511,-617,305,-32,-358,-429,467,-169,326,650,-220,494,65,-200,-1,0
3,38,508,-611,307,-30,-352,-430,482,-151,326,649,-220,500,65,-198,-1,0
3,39,504,-608,309,-28,-356,-430,510,-131,326,652,-230,496,65,-196,-1,0
3,40,510,-614,309,-31,-361,-428,488,-155,326,652,-230,494,65,-198,-1,-1
3,41,514,-617,308,-31,-360,-424,460,-188,326,651,-226,495,66,-197,-1,0
3,42,512,-612,306,-31,-353,-426,489,-164,326,651,-230,497,67,-195,0,-1
3,43,513,-609,310,-35,-349,-433,504,-152,326,651,-231,500,66,-199,0,-1
3,44,509,-614,312,-31,-356,-434,473,-173,326,651,-228,498,64,-200,0,-1
3,45,507,-616,306,-22,-360,-426,460,-168,326,651,-229,495,65,-196,0,0
3,46,515,-613,306,-23,-355,-425,461,-170,326,651,-229,493,66,-194,0,0
3,47,512,-617,311,-33,-355,-429,464,-187,326,651,-229,493,66,-201,-1,0
3,48,505,-618,311,-38,-361,-424,480,-168,326,651,-229,495,64,-204,0,0
3,49,508,-615,311,-33,-358,-424,479,-159,326,651,-229,496,64,-199,-1,0
3,50,512,-613,315,-28,-356,-429,459,-183,326,651,-229,494,66,-199,0,0
3,51,507,-611,312,-33,-358,-429,454,-195,326,651,-229,494,66,-200,0,0
3,52,504,-611,305,-34,-357,-426,466,-190,326,651,-229,499,64,-200,0,0
3,53,508,-613,310,-23,-354,-427,480,-161,326,651,-229,501,62,-200,0,0
3,54,512,-613,312,-20,-356,-425,473,-151,326,651,-230,497,63,-199,0,0
3,55,509,-614,307,-33,-359,-424,463,-179,326,653,-232,494,66,-198,0,0
3,56,507,-620,307,-36,-355,-431,475,-175,326,652,-233,493,67,-200,0,0
3,57,508,-621,312,-31,-354,-432,472,-157,326,650,-233,495,65,-201,0,0
3,58,502,-616,312,-32,-359,-427,456,-180,326,654,-229,498,64,-197,0,0
3,59,499,-616,312,-31,-353,-427,454,-199,326,656,-226,498,65,-196,0,0
3,60,508,-615,311,-29,-351,-428,452,-195,326,642,-229,495,64,-202,0,0
3,61,515,-612,310,-30,-359,-425,447,-202,326,631,-233,494,63,-203,0,0
3,62,510,-615,308,-30,-359,-423,466,-190,326,637,-228,496,63,-201,0,0
3,63,507,-621,307,-30,-354,-426,477,-159,326,635,-228,496,62,-195,0,0
3,64,510,-622,310,-29,-357,-426,468,-164,326,632,-232,494,62,-193,0,0
3,65,512,-621,313,-29,-355,-425,471,-184,326,647,-223,492,63,-199,0,0
3,66,508,-616,313,-29,-346,-430,473,-181,326,655,-218,495,62,-200,0,0
3,67,505,-610,313,-30,-352,-432,465,-184,326,649,-227,496,63,-198,0,0
3,68,507,-610,309,-29,-361,-427,464,-190,326,651,-232,492,63,-199,0,0
3,69,509,-617,303,-30,-358,-427,473,-168,326,656,-229,494,62,-201,0,0
3,70,508,-615,306,-31,-355,-432,495,-139,326,652,-231,499,63,-201,0,-1
3,71,509,-608,311,-29,-360,-426,500,-133,326,650,-232,499,67,-197,0,0
3,72,508,-613,307,-30,-360,-424,471,-135,326,651,-229,493,65,-196,0,-1
3,73,507,-621,305,-31,-352,-436,443,-153,326,649,-229,497,61,-201,0,0
3,74,510,-614,310,-30,-349,-442,444,-183,326,649,-229,503,62,-200,0,0
3,75,508,-611,311,-28,-356,-438,458,-185,326,651,-229,496,64,-197,-1,0
3,76,502,-619,308,-30,-359,-436,474,-159,326,653,-229,492,63,-199,0,0
3,77,505,-621,307,-33,-356,-436,488,-138,326,655,-229,496,62,-198,-1,0
3,78,511,-613,309,-30,-355,-431,483,-143,326,656,-229,496,64,-195,0,0
3,79,510,-613,310,-27,-351,-429,470,-157,326,653,-229,495,65,-197,-1,0
3,80,509,-615,309,-29,-350,-430,463,-153,326,649,-229,496,65,-200,0,0
3,81,512,-612,311,-30,-356,-430,462,-151,326,649,-229,498,65,-198,0,0
3,82,512,-610,311,-29,-354,-431,467,-157,326,651,-229,497,64,-198,-1,0
3,83,510,-614,304,-30,-350,-431,472,-143,326,651,-229,494,63,-201,0,0
3,84,510,-616,306,-31,-356,-433,470,-129,326,651,-229,494,63,-202,-1,0
3,85,510,-618,311,-30,-361,-439,468,-146,326,652,-229,499,63,-201,-1,0
3,86,506,-620,304,-29,-358,-442,470,-159,326,652,-229,502,63,-198,-1,0
3,87,503,-616,300,-33,-358,-430,473,-149,326,651,-229,498,63,-193,-1,0
3,88,506,-617,307,-34,-357,-420,472,-151,326,652,-229,495,63,-194,-1,0
3,89,513,-622,313,-30,-356,-429,471,-159,326,654,-229,495,63,-201,0,0
3,90,513,-616,310,-29,-360,-432,477,-145,326,653,-229,495,63,-203,-1,0
3,91,510,-608,308,-30,-357,-425,464,-155,326,651,-229,496,63,-201,0,0
3,92,508,-611,308,-31,-353,-426,455,-177,326,652,-229,500,63,-197,0,0
3,93,511,-617,305,-32,-355,-431,481,-156,326,652,-229,501,64,-193,-1,0
3,94,512,-614,309,-30,-357,-427,501,-134,326,651,-229,501,65,-197,-1,0
3,95,508,-614,315,-27,-356,-425,483,-154,326,651,-229,499,64,-201,-1,0
3,96,506,-617,311,-30,-355,-430,469,-166,326,653,-229,496,65,-200,-1,0
3,97,508,-612,306,-32,-358,-432,472,-168,326,653,-229,499,64,-203,-1,0
3,98,510,-611,308,-32,-360,-434,472,-184,326,650,-229,497,62,-202,-1,0
3,99,509,-618,310,-32,-357,-431,478,-177,326,653,-229,493,64,-190,-1,0
3,100,507,-618,310,-31,-356,-425,483,-165,326,656,-229,498,66,-194,-1,0
3,101,508,-610,309,-31,-358,-425,465,-177,326,653,-229,504,64,-199,-1,0
3,102,508,-612,309,-31,-357,-426,442,-190,326,650,-229,502,64,-195,-1,0
3,103,507,-622,313,-30,-359,-430,452,-175,326,652,-229,497,66,-195,0,0
3,104,508,-620,314,-31,-359,-428,472,-157,326,652,-230,495,65,-196,-1,0
3,105,513,-614,310,-31,-354,-423,449,-181,326,650,-230,494,63,-194,0,0
3,106,514,-617,305,-30,-353,-427,434,-196,326,651,-227,495,63,-201,0,0
3,107,513,-618,308,-31,-357,-435,472,-160,326,656,-230,495,65,-202,0,0
3,108,511,-614,312,-31,-358,-430,486,-144,326,655,-230,493,66,-194,0,0
3,109,507,-615,311,-28,-355,-422,463,-167,326,650,-224,497,66,-195,0,0
3,110,506,-619,312,-29,-351,-428,466,-165,326,650,-227,504,65,-198,0,0
3,111,502,-620,311,-31,-353,-432,468,-163,326,652,-230,499,66,-199,-1,0
3,112,505,-616,314,-30,-358,-426,438,-190,326,651,-222,491,66,-203,-1,0
3,113,513,-611,317,-30,-358,-422,434,-197,326,651,-215,495,64,-204,-1,0
3,114,509,-613,312,-32,-358,-427,472,-170,326,651,-217,499,64,-202,0,0
3,115,502,-618,309,-31,-357,-431,487,-156,326,651,-226,497,66,-199,0,0
3,116,506,-620,313,-29,-353,-433,456,-173,326,651,-228,498,66,-199,0,0
3,117,512,-616,311,-27,-355,-436,439,-191,326,651,-223,499,66,-202,0,0
3,118,509,-612,305,-30,-359,-433,461,-188,326,651,-227,498,64,-198,0,0
3,119,511,-614,310,-32,-356,-433,482,-179,326,651,-230,495,63,-194,0,0
3,120,513,-616,311,-32,-355,-432,481,-175,326,651,-224,495,63,-196,0,0
3,121,509,-615,306,-31,-358,-427,464,-185,326,651,-227,496,64,-201,0,0
3,122,510,-621,308,-31,-358,-424,453,-190,326,651,-234,494,66,-201,0,0
3,123,512,-622,311,-30,-355,-426,470,-163,326,651,-232,496,67,-201,0,0
3,124,509,-619,308,-30,-352,-429,489,-138,326,651,-232,497,66,-200,0,0
3,125,505,-621,307,-31,-355,-430,479,-148,326,651,-233,495,66,-198,-1,0
3,126,512,-619,310,-30,-360,-432,468,-174,326,651,-230,494,65,-195,0,0
3,127,517,-611,313,-29,-358,-430,459,-199,326,653,-232,496,63,-194,0,0
3,128,511,-612,310,-29,-356,-428,450,-208,326,654,-231,496,61,-200,0,0
3,0,504,-621,304,-27,-357,-426,459,-194,326,651,-229,494,63,-201,0,0
3,1,506,-619,304,-26,-357,-427,469,-190,326,649,-229,497,66,-194,0,0
3,2,507,-614,307,-27,-357,-428,468,-192,326,651,-229,497,64,-197,0,0
3,3,506,-617,309,-31,-357,-426,470,-174,326,652,-229,492,63,-203,0,0
3,4,511,-619,309,-32,-355,-429,472,-174,326,651,-229,489,65,-202,0,0
3,5,513,-617,308,-30,-356,-438,472,-185,326,651,-229,494,65,-195,-1,0
3,6,516,-617,308,-30,-357,-438,480,-171,326,651,-229,498,64,-190,-1,0
3,7,517,-617,311,-33,-356,-428,473,-169,326,651,-229,491,66,-195,-1,0
3,8,514,-614,310,-30,-357,-427,466,-179,326,651,-229,491,65,-202,-1,0
3,9,513,-614,309,-25,-357,-430,479,-165,326,651,-229,498,64,-199,-1,0
3,10,512,-613,310,-29,-354,-430,466,-172,326,651,-229,497,64,-195,-1,0
3,11,510,-611,312,-30,-355,-428,444,-205,326,651,-229,494,62,-199,-1,0
3,12,510,-616,311,-27,-356,-426,460,-197,326,651,-229,496,62,-199,-1,0
3,13,515,-619,309,-29,-354,-425,486,-160,326,652,-229,497,64,-195,-1,0
3,14,515,-613,310,-32,-355,-429,476,-162,326,651,-229,497,66,-194,-1,0
3,15,508,-613,310,-34,-359,-431,449,-193,326,651,-229,498,64,-196,-1,0
3,16,502,-617,310,-31,-360,-424,456,-199,326,654,-229,497,62,-197,-1,0
3,17,503,-616,311,-28,-359,-422,470,-178,326,655,-229,495,62,-199,0,0
3,18,508,-616,308,-29,-361,-432,461,-175,326,652,-229,495,62,-199,0,0
3,19,513,-617,307,-32,-359,-436,461,-184,326,649,-229,496,62,-196,0,0
3,20,512,-618,307,-34,-356,-425,473,-171,326,651,-229,496,63,-196,0,0
3,21,511,-613,304,-31,-358,-423,467,-160,326,653,-229,494,66,-195,0,0
4,22,514,-611,304,-27,-359,-431,481,-159,326,654,-229,493,67,-198,0,0
4,23,515,-616,312,-29,-354,-429,506,-155,326,652,-229,496,66,-196,0,0
4,24,512,-615,316,-30,-354,-421,483,-155,326,651,-229,498,66,-192,0,0
4,25,511,-614,314,-28,-357,-423,463,-159,326,651,-229,498,65,-197,0,0
4,26,513,-619,312,-29,-357,-430,472,-177,326,651,-229,499,63,-196,0,0
4,27,515,-619,308,-32,-355,-431,469,-190,326,651,-229,498,62,-194,0,0
4,28,514,-615,305,-30,-355,-427,469,-164,326,651,-229,492,65,-196,0,0
4,29,512,-617,308,-27,-356,-425,481,-147,326,651,-229,492,66,-195,0,0
4,30,507,-620,309,-28,-357,-427,466,-190,326,651,-229,496,65,-194,-1,0
4,31,504,-619,313,-31,-358,-428,445,-219,326,651,-229,496,64,-194,-1,0
4,32,508,-617,313,-33,-358,-430,461,-191,326,651,-229,497,65,-194,-1,0
4,33,513,-615,305,-33,-357,-427,481,-180,326,651,-229,498,67,-193,-1,0
4,34,513,-618,307,-31,-360,-425,476,-191,326,652,-229,497,65,-194,-1,0
4,35,511,-621,317,-30,-359,-429,470,-191,326,652,-229,496,62,-194,-1,0
4,36,511,-616,313,-30,-355,-432,472,-197,326,652,-229,495,64,-198,-1,0
4,37,514,-615,304,-29,-355,-428,472,-203,326,651,-229,494,65,-204,-1,0
4,38,512,-617,306,-28,-358,-429,471,-202,326,652,-229,495,64,-202,-1,0
4,39,508,-613,310,-31,-357,-430,468,-201,326,652,-229,496,64,-199,-1,0
4,40,509,-611,310,-32,-356,-422,465,-190,326,652,-229,492,65,-195,-1,0
4,41,512,-615,310,-30,-355,-420,475,-185,326,651,-227,490,64,-193,-1,0
4,42,511,-615,310,-31,-355,-424,474,-211,326,651,-231,494,63,-194,0,0
4,43,510,-615,310,-34,-358,-428,456,-225,326,651,-228,496,63,-196,0,0
4,44,511,-618,311,-32,-355,-436,454,-207,326,651,-220,494,64,-202,-1,0
4,45,511,-620,312,-29,-349,-431,465,-215,326,653,-223,494,65,-200,0,0
4,46,505,-620,308,-30,-353,-421,473,-214,326,654,-227,496,65,-197,0,0
4,47,502,-618,306,-31,-359,-424,482,-187,325,650,-226,500,64,-203,0,0
4,48,506,-613,310,-29,-358,-432,478,-207,324,649,-227,501,64,-203,-1,0
4,49,507,-608,311,-30,-356,-430,471,-232,324,651,-229,492,64,-195,-1,0
4,50,506,-615,312,-32,-356,-427,477,-195,322,652,-231,488,66,-195,-1,-1
4,51,511,-626,310,-33,-357,-429,479,-175,324,651,-229,495,67,-199,-1,0
4,52,516,-626,306,-33,-358,-428,466,-209,334,651,-222,495,66,-193,0,-1
4,53,511,-621,308,-29,-353,-431,456,-226,336,651,-223,489,66,-190,-1,0
4,54,510,-616,311,-27,-350,-431,449,-222,331,651,-234,494,68,-200,-1,0
4,55,515,-613,312,-30,-355,-428,441,-225,330,651,-233,502,66,-201,0,0
4,56,514,-615,310,-32,-362,-431,436,-227,334,651,-228,498,61,-195,0,0
4,57,510,-619,310,-32,-357,-427,453,-211,333,651,-233,497,61,-196,0,0
4,58,507,-619,316,-29,-355,-422,483,-179,332,651,-233,500,64,-200,0,0
4,59,507,-619,314,-29,-361,-427,483,-178,333,651,-227,494,63,-203,0,0
4,60,510,-617,304,-31,-359,-433,469,-213,333,651,-229,490,60,-202,0,0
4,61,509,-613,306,-31,-353,-432,473,-227,333,651,-229,499,61,-197,0,0
4,62,511,-614,313,-28,-357,-427,475,-213,333,652,-223,503,61,-198,0,0
4,63,516,-615,306,-28,-358,-426,473,-212,333,650,-224,497,61,-202,0,0
4,64,513,-614,302,-30,-352,-428,479,-231,333,651,-232,493,62,-201,-1,0
4,65,507,-613,314,-29,-354,-428,474,-230,333,656,-231,496,61,-199,-1,0
4,66,507,-615,316,-29,-356,-427,473,-197,333,656,-228,498,60,-201,-1,0
4,67,510,-617,308,-31,-354,-429,486,-187,333,652,-231,496,64,-199,-1,0
4,68,507,-615,310,-33,-355,-431,483,-207,333,653,-232,496,66,-196,-1,0
4,69,505,-614,316,-29,-358,-428,474,-202,333,656,-230,499,64,-200,-1,0
4,70,510,-616,314,-25,-359,-429,477,-191,333,654,-229,499,64,-201,-1,0
4,71,511,-616,307,-29,-358,-430,464,-221,333,653,-229,498,65,-196,-1,0
4,72,507,-616,307,-33,-356,-428,441,-249,333,652,-229,497,65,-196,-1,0
4,73,506,-620,311,-31,-356,-426,434,-259,333,651,-230,495,65,-197,-1,0
4,74,509,-622,313,-30,-356,-426,463,-248,333,651,-228,492,64,-199,-1,0
4,75,510,-620,309,-33,-356,-426,492,-207,333,652,-229,494,64,-202,-1,0
4,76,508,-615,308,-31,-358,-428,490,-185,333,651,-232,494,67,-200,-1,0
4,77,509,-617,307,-29,-360,-433,479,-201,333,651,-229,488,68,-194,-1,-1
4,78,515,-624,306,-31,-357,-431,474,-214,333,654,-228,488,65,-194,-1,-1
4,79,514,-623,307,-32,-355,-428,472,-198,333,654,-229,494,64,-197,-1,-1
4,80,510,-615,309,-29,-357,-429,470,-198,333,652,-227,497,65,-193,-1,0
4,81,513,-618,309,-28,-359,-425,472,-210,333,653,-229,495,67,-192,-1,0
4,82,511,-625,307,-31,-355,-423,473,-204,333,654,-229,494,65,-201,-1,0
4,83,511,-623,310,-33,-354,-432,474,-199,333,651,-221,498,63,-205,-1,0
4,84,512,-619,311,-32,-360,-431,472,-213,333,651,-218,499,65,-196,-1,0
4,85,507,-619,304,-29,-360,-425,472,-219,333,652,-220,496,66,-192,-1,0
4,86,504,-616,301,-29,-358,-428,481,-211,333,650,-218,493,64,-197,-1,0
4,87,505,-615,309,-33,-357,-430,473,-213,333,650,-219,496,62,-199,-1,0
4,88,506,-621,314,-31,-359,-423,462,-207,333,650,-222,500,65,-195,-1,0
4,89,508,-622,310,-27,-357,-428,472,-182,333,648,-219,497,71,-195,0,0
4,90,511,-614,311,-29,-356,-436,480,-183,333,651,-220,493,72,-201,0,0
4,91,508,-616,312,-32,-356,-430,474,-198,333,654,-229,493,67,-203,-1,0
4,92,507,-625,308,-31,-359,-423,472,-203,333,653,-231,493,63,-199,0,0
4,93,513,-618,310,-31,-360,-429,475,-205,333,651,-227,495,66,-199,-1,0
4,94,512,-611,311,-31,-354,-430,479,-194,333,652,-227,497,67,-202,0,0
4,95,506,-614,306,-29,-351,-425,485,-174,333,653,-231,495,64,-200,0,0
4,96,511,-614,305,-29,-357,-429,474,-180,333,654,-232,492,64,-198,0,0
4,97,516,-610,309,-31,-361,-431,465,-194,333,655,-230,495,65,-201,0,0
4,98,511,-610,309,-32,-357,-424,483,-184,333,653,-228,498,63,-198,0,0
4,99,509,-614,309,-32,-355,-427,484,-188,333,651,-229,498,63,-194,0,0
4,100,516,-615,310,-32,-355,-435,456,-207,333,652,-228,495,65,-196,0,0
4,101,514,-610,308,-31,-353,-432,470,-194,333,655,-227,496,66,-196,0,0
4,102,506,-613,308,-29,-353,-425,506,-167,333,655,-229,498,64,-193,0,0
4,103,507,-622,312,-29,-356,-428,495,-171,333,654,-232,498,65,-192,0,0
4,104,510,-621,316,-31,-357,-431,484,-185,333,655,-229,498,66,-194,0,0
4,105,508,-615,311,-32,-354,-429,507,-162,333,654,-228,499,63,-196,0,0
4,106,509,-620,306,-31,-352,-426,500,-161,333,652,-230,501,64,-200,0,0
4,107,510,-621,309,-32,-352,-428,468,-199,333,651,-229,497,68,-199,0,0
4,108,508,-612,313,-32,-354,-432,472,-200,333,651,-228,493,66,-199,0,0
4,109,507,-612,313,-31,-354,-429,482,-179,333,654,-230,500,62,-201,0,0
4,110,507,-620,307,-33,-351,-427,479,-190,333,658,-230,505,64,-199,0,0
4,111,508,-616,304,-32,-354,-429,481,-202,333,658,-228,498,66,-198,0,0
4,112,507,-611,306,-32,-358,-426,466,-209,333,653,-228,495,64,-200,0,0
4,113,505,-616,308,-32,-356,-431,458,-212,333,653,-230,499,64,-195,0,0
4,114,510,-617,310,-30,-355,-437,478,-194,333,654,-231,497,66,-189,0,0
4,115,512,-617,307,-32,-357,-431,471,-199,333,651,-231,498,65,-193,0,0
4,116,505,-619,305,-35,-358,-426,452,-220,333,650,-230,500,64,-196,0,0
4,117,507,-617,308,-33,-359,-432,475,-197,333,653,-229,497,65,-195,0,0
4,118,514,-617,313,-31,-359,-434,490,-172,333,656,-229,500,65,-197,-1,0
4,119,510,-620,311,-31,-356,-427,470,-182,333,655,-229,503,65,-196,-1,0
4,120,506,-621,308,-30,-357,-428,481,-172,333,652,-229,496,65,-198,-1,0
4,121,515,-619,311,-27,-359,-435,491,-157,333,648,-229,488,65,-203,-1,0
4,122,512,-616,312,-29,-358,-434,459,-178,333,649,-229,491,65,-201,-1,0
4,123,502,-614,309,-31,-358,-423,459,-186,333,652,-229,497,64,-199,-1,0
4,124,507,-615,310,-30,-358,-423,501,-164,333,651,-229,498,62,-201,-1,0
4,125,508,-614,314,-29,-360,-431,512,-154,333,651,-229,494,62,-199,-1,0
4,126,503,-611,314,-33,-360,-430,500,-167,333,651,-229,495,63,-195,-1,0
4,127,506,-613,311,-33,-358,-431,493,-187,333,651,-229,499,65,-195,-1,0
4,128,510,-615,307,-29,-359,-434,487,-202,333,653,-229,499,65,-198,-1,0
4,0,507,-615,304,-29,-354,-430,491,-200,333,655,-229,497,64,-198,0,0
4,1,507,-615,308,-29,-350,-429,493,-189,333,653,-229,495,65,-201,-1,0
4,2,513,-614,311,-29,-350,-433,479,-184,333,651,-229,496,65,-204,0,0
4,3,511,-614,307,-32,-353,-426,475,-190,333,651,-229,499,65,-200,0,0
4,4,504,-613,307,-33,-356,-421,473,-203,333,652,-229,491,65,-199,0,0
4,5,505,-615,310,-31,-358,-426,468,-199,333,652,-229,487,65,-202,0,0
4,6,508,-618,309,-31,-358,-428,481,-177,333,651,-229,495,65,-201,0,0
4,7,504,-615,308,-30,-352,-427,485,-179,333,653,-229,496,65,-192,0,0
4,8,502,-614,312,-26,-347,-431,467,-197,333,653,-229,489,65,-191,0,0
4,9,506,-615,309,-29,-352,-435,468,-182,333,651,-229,491,65,-197,0,0
4,10,511,-612,305,-29,-361,-431,479,-172,333,650,-229,499,65,-199,0,0
4,11,507,-612,310,-26,-360,-428,475,-200,333,650,-229,501,64,-201,0,0
4,12,505,-618,312,-29,-358,-429,473,-216,333,650,-229,496,65,-196,0,0
4,13,510,-618,311,-30,-359,-428,471,-198,333,649,-229,492,65,-188,0,0
4,14,509,-616,309,-28,-358,-427,468,-178,333,650,-229,493,64,-193,-1,0
4,15,509,-616,309,-28,-358,-427,471,-188,333,649,-229,500,66,-204,0,0
4,16,515,-617,314,-31,-354,-429,472,-207,333,649,-229,500,66,-203,0,0
4,17,517,-621,309,-31,-348,-428,475,-189,333,650,-229,494,67,-200,0,0
4,18,513,-619,302,-29,-354,-429,477,-179,333,650,-229,495,66,-203,0,0
4,19,510,-616,308,-27,-362,-427,464,-203,333,650,-229,498,64,-198,0,0
4,20,508,-615,313,-26,-359,-426,464,-200,333,649,-230,497,61,-194,0,0
4,21,511,-614,306,-28,-351,-431,475,-187,333,649,-233,495,62,-199,0,0
5,22,513,-619,305,-30,-351,-431,471,-208,333,650,-232,495,64,-199,0,0
5,23,511,-615,313,-31,-356,-425,490,-204,333,649,-228,497,64,-195,0,0
5,24,511,-607,310,-30,-355,-424,510,-176,333,649,-228,500,65,-197,0,0
5,25,511,-616,305,-31,-352,-428,486,-179,333,651,-231,498,65,-200,0,0
5,26,508,-624,310,-33,-355,-427,466,-194,333,651,-230,498,62,-196,0,0
5,27,510,-614,312,-32,-359,-423,471,-205,333,649,-228,502,62,-197,0,0
5,28,510,-608,312,-30,-358,-423,475,-214,333,650,-229,504,65,-202,0,0
5,29,503,-612,311,-27,-359,-430,465,-219,333,652,-229,500,66,-202,0,0
5,30,505,-619,310,-28,-360,-439,445,-234,333,651,-228,494,66,-200,0,0
5,31,512,-620,311,-32,-354,-435,449,-219,333,651,-230,496,65,-197,0,0
5,32,512,-618,309,-32,-351,-425,480,-181,333,651,-230,502,64,-196,0,0
5,33,508,-613,306,-29,-356,-423,481,-184,333,651,-227,494,64,-195,0,0
5,34,505,-614,309,-29,-354,-430,462,-209,333,651,-229,489,64,-195,0,0
5,35,505,-616,311,-31,-350,-436,463,-217,333,652,-232,495,65,-199,0,0
5,36,508,-617,308,-31,-355,-430,470,-211,333,651,-230,501,65,-202,-1,0
5,37,506,-616,306,-27,-359,-425,473,-190,333,651,-228,498,63,-200,-1,0
5,38,502,-614,309,-28,-358,-427,477,-179,333,653,-229,492,63,-200,-1,0
5,39,504,-612,316,-32,-357,-427,471,-198,333,654,-229,493,66,-197,-1,0
5,40,507,-613,315,-29,-354,-425,474,-200,333,652,-229,497,66,-196,-1,0
5,41,510,-616,307,-27,-353,-425,475,-198,333,651,-229,496,66,-199,-1,0
5,42,509,-620,309,-31,-357,-427,461,-228,333,651,-229,489,65,-200,-1,0
5,43,507,-621,313,-32,-358,-429,458,-241,333,651,-229,496,63,-192,0,0
5,44,512,-619,311,-31,-359,-428,480,-200,333,651,-230,507,63,-192,0,0
5,45,516,-617,306,-32,-360,-424,491,-180,333,652,-227,500,64,-200,0,0
5,46,513,-615,303,-31,-357,-426,456,-224,333,650,-230,490,66,-195,-1,0
5,47,511,-614,306,-31,-357,-429,446,-241,333,652,-231,491,66,-191,-1,0
5,48,514,-614,308,-26,-360,-427,470,-210,333,658,-221,495,67,-199,-1,0
5,49,515,-614,305,-20,-356,-430,458,-206,333,656,-219,494,66,-201,-1,0
5,50,510,-618,306,-26,-355,-430,441,-221,333,649,-229,489,63,-199,-1,0
5,51,507,-619,312,-30,-358,-424,467,-211,333,653,-232,487,64,-205,-1,0
5,52,508,-618,312,-27,-354,-428,485,-204,333,657,-230,490,67,-205,-1,0
5,53,508,-619,307,-31,-352,-432,461,-220,333,652,-230,497,67,-199,-1,0
5,54,510,-621,308,-35,-354,-427,450,-227,333,648,-230,500,65,-200,-1,0
5,55,511,-620,307,-32,-357,-427,479,-195,333,651,-230,495,65,-202,-1,0
5,56,508,-617,306,-31,-356,-429,502,-161,333,650,-232,491,64,-198,-1,0
5,57,511,-615,313,-32,-354,-425,472,-185,333,649,-231,497,63,-197,-1,0
5,58,513,-619,317,-28,-354,-428,452,-220,333,650,-230,494,65,-199,-1,0
5,59,509,-622,309,-27,-358,-430,495,-201,333,649,-229,489,66,-197,-1,0
5,60,506,-623,310,-29,-359,-423,510,-176,333,649,-228,492,66,-197,-1,0
5,61,511,-618,317,-30,-353,-429,479,-178,333,651,-231,495,67,-202,-1,0
5,62,513,-612,310,-29,-353,-437,472,-188,333,653,-233,494,66,-199,-1,0
5,63,511,-613,302,-30,-358,-432,477,-205,333,654,-229,495,64,-194,-1,0
5,64,510,-617,308,-31,-359,-427,467,-215,333,655,-229,494,63,-197,-1,0
5,65,507,-613,309,-31,-359,-428,465,-216,333,654,-229,491,65,-200,0,0
5,66,507,-611,306,-30,-355,-433,471,-210,333,653,-229,498,64,-200,-1,0
5,67,511,-615,308,-33,-349,-438,475,-191,333,654,-230,505,61,-198,0,0
5,68,512,-616,307,-34,-353,-433,472,-183,333,651,-225,495,62,-197,0,0
5,69,514,-615,309,-28,-360,-425,470,-196,333,649,-223,487,65,-198,0,0
5,70,513,-618,312,-27,-356,-428,476,-190,333,651,-228,493,66,-199,0,0
5,71,510,-618,308,-32,-352,-430,480,-174,333,652,-230,497,65,-198,-1,0
5,72,511,-614,305,-32,-356,-426,475,-192,333,652,-228,490,64,-198,-1,0
5,73,514,-617,307,-30,-357,-425,459,-213,333,654,-229,489,64,-201,-1,0
5,74,514,-619,308,-30,-359,-428,452,-202,333,656,-226,497,66,-202,-1,0
5,75,515,-613,309,-31,-358,-431,462,-209,332,653,-218,496,64,-197,-1,0
5,76,513,-614,309,-31,-356,-429,475,-226,334,650,-215,489,63,-197,0,0
5,77,513,-620,311,-29,-360,-425,481,-207,333,654,-222,497,65,-201,0,0
5,78,515,-619,313,-29,-361,-426,482,-179,326,657,-232,505,67,-199,0,0
5,79,512,-614,312,-31,-351,-429,481,-190,321,652,-226,500,66,-196,0,0
5,80,510,-617,311,-30,-346,-431,472,-220,323,649,-219,494,66,-201,0,0
5,81,508,-619,313,-31,-355,-429,479,-209,324,651,-228,496,65,-203,0,0
5,82,509,-617,312,-34,-358,-426,489,-179,323,652,-232,497,67,-195,-1,-1
5,83,511,-618,305,-31,-350,-425,480,-186,324,651,-227,492,67,-196,-1,0
5,84,507,-618,305,-30,-349,-433,470,-201,324,651,-227,495,63,-201,-1,0
5,85,501,-614,310,-32,-353,-436,467,-201,324,651,-228,501,64,-200,-1,0
5,86,506,-610,308,-31,-353,-429,465,-221,324,651,-229,501,66,-199,-1,0
5,87,511,-614,305,-31,-355,-424,479,-233,324,651,-232,497,63,-199,-1,0
5,88,507,-618,306,-32,-358,-425,487,-211,324,651,-230,494,62,-201,-1,0
5,89,510,-620,309,-32,-356,-426,456,-215,324,651,-228,495,62,-200,-1,0
5,90,516,-621,311,-32,-353,-426,461,-216,324,651,-230,501,62,-197,-1,0
5,91,510,-618,309,-32,-356,-430,516,-176,324,652,-231,497,63,-199,0,0
5,92,506,-617,309,-30,-358,-430,505,-185,324,652,-231,491,64,-203,0,0
5,93,509,-618,313,-28,-355,-428,444,-237,324,651,-229,498,65,-201,0,-1
5,94,511,-616,313,-29,-354,-431,459,-225,324,653,-228,504,65,-201,0,0
5,95,508,-609,308,-31,-355,-429,506,-171,324,658,-232,499,65,-202,0,0
5,96,507,-613,306,-32,-358,-425,483,-177,324,650,-227,497,64,-198,-1,0
5,97,509,-620,308,-31,-359,-428,456,-215,324,632,-223,499,62,-199,-1,0
5,98,508,-617,307,-31,-358,-433,467,-220,324,633,-229,496,61,-201,-1,0
5,99,506,-615,307,-31,-355,-425,465,-219,324,652,-228,493,63,-198,-1,0
5,100,507,-617,311,-29,-355,-422,457,-216,324,658,-222,495,64,-195,0,0
5,101,511,-614,310,-29,-360,-431,472,-196,324,651,-227,496,65,-194,-1,0
5,102,511,-610,306,-30,-360,-433,491,-178,324,651,-232,491,65,-193,0,0
5,103,511,-617,307,-31,-356,-424,505,-175,324,655,-229,491,64,-196,-1,0
5,104,513,-622,308,-30,-358,-417,506,-184,324,654,-230,494,64,-199,0,0
5,105,510,-619,305,-31,-361,-421,507,-173,324,653,-233,497,65,-198,0,0
5,106,506,-617,306,-32,-357,-431,509,-154,324,654,-230,498,64,-200,0,0
5,107,509,-618,311,-29,-354,-435,474,-185,324,651,-228,495,64,-199,0,0
5,108,513,-618,310,-28,-355,-431,450,-218,324,648,-218,494,65,-196,0,0
5,109,511,-616,308,-30,-355,-425,473,-199,324,650,-209,494,65,-202,0,0
5,110,511,-620,308,-28,-354,-428,479,-197,324,652,-220,496,64,-205,-1,0
5,111,507,-622,309,-26,-356,-433,472,-206,324,651,-233,497,64,-198,0,0
5,112,502,-616,309,-30,-358,-433,484,-187,324,651,-228,499,64,-197,0,0
5,113,512,-610,311,-33,-355,-432,476,-202,324,654,-224,498,64,-199,0,0
5,114,518,-614,311,-30,-354,-432,461,-232,324,656,-230,497,64,-195,0,0
5,115,509,-616,310,-26,-359,-429,468,-227,324,655,-234,495,63,-198,0,0
5,116,507,-615,310,-27,-359,-426,477,-215,324,653,-229,490,65,-201,0,0
5,117,511,-620,311,-31,-353,-427,497,-199,324,653,-225,494,67,-199,0,0
5,118,513,-624,310,-32,-354,-426,504,-182,324,654,-224,500,66,-201,0,0
5,119,508,-622,306,-30,-360,-425,481,-188,324,650,-229,497,66,-201,0,0
5,120,507,-618,308,-30,-353,-427,472,-199,324,649,-232,494,68,-196,0,0
5,121,510,-611,313,-31,-350,-425,486,-209,324,651,-229,500,68,-195,0,0
5,122,511,-611,306,-31,-358,-426,487,-210,324,652,-230,500,65,-199,0,0
5,123,510,-617,304,-31,-353,-431,472,-200,324,651,-232,496,62,-200,0,0
5,124,510,-617,312,-30,-345,-431,489,-182,324,651,-231,494,61,-200,0,0
5,125,511,-615,312,-29,-353,-427,513,-175,324,651,-230,496,64,-199,0,0
5,126,511,-616,308,-31,-361,-428,496,-193,324,651,-229,498,68,-192,0,0
5,127,512,-615,308,-32,-356,-432,477,-206,324,651,-228,499,65,-192,0,0
5,128,511,-614,309,-30,-353,-427,484,-199,324,651,-229,499,62,-195,0,0
5,0,509,-617,309,-29,-359,-423,492,-180,324,651,-231,496,66,-195,0,0
5,1,508,-618,307,-30,-359,-428,498,-177,324,651,-225,494,68,-197,0,0
5,2,509,-614,305,-32,-356,-430,505,-207,324,651,-221,493,65,-202,0,0
5,3,510,-616,308,-32,-358,-426,500,-233,324,651,-230,494,64,-205,0,0
5,4,510,-622,311,-33,-360,-427,506,-207,324,651,-233,495,65,-197,0,0
5,5,510,-622,309,-33,-356,-425,499,-192,324,651,-228,496,65,-194,0,0
5,6,508,-620,308,-29,-355,-422,469,-221,324,651,-229,499,65,-194,0,0
5,7,509,-617,310,-24,-357,-427,488,-206,324,651,-231,503,65,-190,0,0
5,8,514,-617,305,-27,-357,-429,516,-181,324,651,-230,499,65,-197,0,0
5,9,513,-617,301,-34,-357,-427,479,-212,324,652,-231,493,65,-207,0,0
5,10,510,-614,308,-32,-356,-422,461,-226,324,651,-231,496,64,-202,-1,0
5,11,508,-614,310,-30,-354,-418,508,-179,324,651,-231,497,64,-195,-1,0
5,12,510,-616,305,-33,-354,-424,512,-177,324,654,-232,492,62,-198,0,0
5,13,514,-617,310,-34,-355,-429,468,-235,324,647,-230,492,62,-196,-1,0
5,14,514,-615,315,-31,-353,-428,478,-242,324,634,-231,497,66,-192,0,0
5,15,511,-617,310,-32,-352,-428,510,-211,324,631,-234,498,66,-194,0,0
5,16,514,-617,306,-34,-354,-430,514,-194,324,637,-224,497,63,-198,0,0
5,17,513,-614,307,-32,-357,-428,511,-178,324,634,-220,501,64,-200,0,0
5,18,505,-616,306,-30,-359,-427,499,-179,324,630,-228,501,65,-199,0,0
5,19,508,-618,309,-29,-355,-428,482,-207,324,646,-225,494,65,-202,0,0
5,20,518,-620,311,-31,-346,-426,493,-208,324,656,-222,493,64,-201,0,0
5,21,512,-619,304,-33,-348,-422,497,-204,324,652,-231,498,64,-196,0,0
6,22,503,-617,304,-30,-356,-422,487,-215,324,649,-233,496,65,-199,0,0
6,23,508,-615,312,-25,-354,-426,502,-198,324,652,-227,492,64,-201,0,0
6,24,514,-614,315,-29,-351,-429,492,-204,324,651,-230,495,65,-197,-1,0
6,25,512,-614,310,-32,-356,-426,464,-241,324,652,-233,496,66,-193,-1,0
6,26,512,-617,306,-27,-356,-422,489,-225,324,654,-230,491,65,-196,-1,0
6,27,513,-620,308,-28,-354,-422,516,-186,324,649,-229,493,64,-202,-1,0
6,28,512,-619,312,-33,-355,-426,492,-205,324,648,-229,501,65,-202,-1,-1
6,29,511,-618,311,-30,-355,-429,486,-219,324,653,-230,497,64,-196,-1,0
6,30,513,-617,311,-26,-352,-428,508,-190,324,655,-226,492,64,-192,-1,0
6,31,510,-614,310,-30,-354,-426,503,-179,324,653,-227,497,66,-198,-1,0
6,32,505,-615,306,-31,-358,-424,504,-183,324,654,-231,495,63,-202,0,0
6,33,508,-619,307,-29,-357,-423,505,-192,324,652,-231,490,61,-198,-1,0
6,34,512,-618,308,-31,-354,-424,479,-219,324,649,-228,495,64,-197,0,0
6,35,508,-616,309,-33,-355,-425,475,-230,324,654,-229,497,66,-200,-1,0
6,36,508,-617,307,-31,-359,-426,495,-225,324,654,-230,493,64,-201,-1,0
6,37,512,-615,306,-26,-356,-428,502,-217,324,649,-229,495,64,-203,-1,0
6,38,511,-614,312,-30,-355,-426,503,-192,324,651,-229,497,66,-200,-1,0
6,39,509,-614,314,-33,-360,-425,496,-205,324,653,-230,491,65,-194,-1,0
6,40,511,-612,307,-27,-360,-427,483,-252,324,648,-231,494,61,-193,-1,0
6,41,512,-615,307,-24,-356,-428,498,-241,324,649,-231,500,62,-194,0,0
6,42,510,-618,311,-29,-356,-430,507,-208,324,652,-231,498,64,-197,0,0
6,43,511,-612,309,-31,-356,-428,478,-231,324,651,-231,494,66,-198,0,0
6,44,513,-610,308,-30,-353,-425,468,-244,324,651,-231,496,66,-195,0,0
6,45,508,-617,311,-31,-354,-427,487,-214,324,652,-231,497,64,-196,0,0
6,46,505,-618,310,-30,-357,-431,507,-200,324,650,-231,496,62,-198,0,0
6,47,507,-615,307,-30,-359,-428,508,-213,324,652,-229,496,65,-196,0,0
6,48,509,-617,306,-31,-358,-427,483,-228,324,655,-230,497,67,-197,0,0
6,49,508,-619,307,-31,-356,-431,480,-217,324,653,-228,495,65,-200,0,0
6,50,507,-617,312,-31,-357,-430,504,-196,324,651,-224,496,65,-199,-1,0
6,51,510,-612,311,-35,-357,-422,507,-202,324,653,-230,499,65,-200,-1,0
6,52,508,-614,305,-37,-356,-422,483,-225,324,652,-229,496,64,-202,-1,0
6,53,504,-617,306,-35,-358,-426,464,-243,324,649,-222,494,63,-198,-1,0
6,54,504,-616,313,-29,-359,-423,479,-250,324,649,-225,493,64,-199,-1,0
6,55,509,-616,313,-28,-356,-423,503,-246,324,650,-232,487,64,-200,-1,0
6,56,510,-613,307,-30,-354,-428,496,-251,324,649,-229,489,64,-197,-1,0
6,57,508,-613,307,-30,-356,-426,476,-263,324,649,-227,497,65,-198,-1,0
6,58,511,-619,312,-28,-357,-427,497,-239,324,650,-228,491,65,-203,-1,0
6,59,511,-622,309,-30,-356,-430,521,-204,324,648,-229,489,64,-205,-1,0
6,60,509,-615,303,-30,-354,-426,504,-212,324,650,-231,501,64,-197,-1,-1
6,61,512,-610,307,-29,-357,-423,506,-220,324,653,-232,502,64,-193,-1,-1
6,62,510,-612,309,-30,-359,-426,528,-206,324,652,-226,492,64,-200,-1,0
6,63,506,-616,308,-23,-358,-425,515,-210,324,650,-222,488,64,-201,-1,0
6,64,508,-617,309,-19,-358,-425,494,-219,324,652,-227,491,65,-195,-1,0
6,65,512,-616,311,-26,-354,-430,504,-203,324,655,-226,497,65,-200,-1,0
6,66,512,-619,309,-30,-350,-431,509,-199,324,653,-225,499,65,-204,-1,0
6,67,509,-622,307,-27,-353,-431,492,-230,324,651,-230,496,65,-196,-1,0
6,68,509,-619,309,-31,-357,-429,491,-250,324,652,-227,499,62,-198,-1,0
6,69,511,-615,310,-33,-354,-424,505,-230,324,653,-217,498,61,-203,0,0
6,70,512,-615,308,-28,-354,-425,506,-227,324,650,-217,487,64,-199,-1,0
6,71,516,-615,308,-27,-356,-424,497,-244,324,647,-222,489,66,-195,0,0
6,72,514,-614,307,-30,-356,-423,501,-225,324,649,-226,496,65,-200,0,0
6,73,508,-614,307,-31,-358,-426,525,-193,324,648,-232,489,63,-197,0,0
6,74,510,-613,313,-30,-356,-426,531,-204,324,648,-231,489,64,-190,0,0
6,75,513,-616,314,-33,-354,-423,506,-208,324,648,-230,498,64,-193,-1,0
6,76,509,-621,310,-35,-355,-426,494,-187,324,648,-230,495,62,-198,-1,0
6,77,507,-619,310,-29,-355,-429,507,-204,324,648,-229,489,62,-198,-1,0
6,78,512,-618,310,-28,-356,-426,513,-231,324,648,-229,495,65,-201,-1,0
6,79,515,-618,307,-33,-355,-427,497,-222,324,648,-229,499,66,-201,-1,0
6,80,510,-614,306,-33,-353,-428,487,-210,324,648,-229,492,65,-198,-1,0
6,81,510,-612,310,-28,-353,-425,500,-214,324,648,-229,493,64,-199,-1,0
6,82,516,-618,313,-29,-357,-423,490,-247,324,647,-229,495,65,-201,0,0
6,83,515,-620,309,-33,-355,-424,472,-271,324,650,-229,492,65,-201,0,0
6,84,508,-613,307,-31,-352,-427,499,-236,324,653,-229,490,65,-202,0,0
6,85,506,-613,307,-28,-356,-425,513,-209,324,654,-229,494,66,-200,0,0
6,86,509,-620,307,-31,-356,-425,489,-227,324,654,-229,498,66,-197,0,0
6,87,506,-622,309,-32,-358,-427,492,-222,324,652,-229,496,64,-198,0,0
6,88,504,-618,305,-29,-358,-423,511,-209,324,652,-229,495,63,-201,0,0
6,89,512,-613,302,-30,-353,-419,499,-224,324,653,-229,497,65,-196,0,0
6,90,514,-616,308,-31,-352,-427,489,-221,324,652,-229,497,65,-192,0,0
6,91,509,-618,312,-27,-357,-432,489,-202,324,649,-229,497,62,-197,0,0
6,92,510,-617,307,-28,-356,-425,475,-223,324,649,-231,499,61,-201,-1,0
6,93,513,-616,305,-31,-352,-423,466,-257,324,650,-231,495,63,-200,0,0
6,94,512,-616,304,-32,-355,-427,474,-255,324,649,-227,498,64,-200,0,0
6,95,512,-617,302,-32,-358,-424,476,-243,324,649,-226,506,63,-199,0,0
6,96,512,-618,309,-25,-359,-427,462,-262,324,650,-227,500,64,-194,0,0
6,97,507,-615,315,-22,-356,-436,460,-267,324,648,-227,492,66,-193,0,0
6,98,506,-615,309,-28,-352,-435,472,-239,324,650,-226,498,63,-201,0,0
6,99,509,-617,306,-33,-355,-427,471,-237,324,653,-227,499,61,-204,0,0
6,100,507,-617,310,-29,-359,-429,476,-243,324,652,-227,492,63,-198,0,0
6,101,504,-616,312,-29,-357,-432,478,-240,324,649,-227,493,63,-193,0,0
6,102,507,-615,311,-32,-355,-425,451,-264,324,650,-227,492,62,-194,0,0
6,103,511,-615,310,-31,-356,-424,461,-257,324,650,-227,490,63,-198,0,0
6,104,508,-618,310,-29,-355,-427,511,-211,324,651,-227,495,63,-204,0,0
6,105,505,-617,306,-29,-355,-425,502,-225,324,653,-227,496,61,-204,0,0
6,106,505,-614,307,-31,-356,-423,459,-265,324,654,-227,494,63,-197,0,0
6,107,512,-616,314,-29,-356,-426,458,-248,324,653,-227,491,67,-196,0,0
6,108,518,-619,312,-28,-351,-427,471,-229,324,653,-227,490,67,-202,0,0
6,109,512,-616,307,-32,-353,-427,459,-246,324,655,-227,491,65,-200,0,0
6,110,505,-613,305,-33,-359,-427,459,-235,324,653,-227,497,64,-192,0,0
6,111,515,-613,306,-30,-358,-428,494,-199,324,651,-227,497,66,-195,0,0
6,112,517,-617,310,-27,-352,-428,502,-203,324,651,-227,493,67,-201,0,0
6,113,508,-617,314,-28,-355,-427,465,-240,324,651,-226,494,65,-198,0,0
6,114,510,-615,312,-32,-358,-428,450,-246,324,653,-225,498,63,-196,0,0
6,115,510,-616,309,-31,-354,-429,480,-218,324,651,-229,502,65,-196,0,0
6,116,506,-618,312,-29,-355,-431,483,-228,324,650,-225,497,66,-195,-1,0
6,117,510,-614,310,-30,-356,-427,467,-263,324,654,-216,492,64,-196,-1,0
6,118,513,-612,305,-30,-353,-423,498,-243,324,656,-221,497,62,-198,-1,0
6,119,508,-613,307,-29,-355,-425,518,-211,324,650,-234,495,64,-201,-1,0
6,120,511,-614,313,-30,-357,-421,492,-218,324,649,-233,491,66,-200,-1,0
6,121,515,-616,310,-30,-354,-424,486,-222,324,652,-227,492,65,-200,0,0
6,122,510,-618,305,-29,-354,-444,496,-213,324,651,-232,492,62,-203,-1,0
6,123,510,-616,309,-30,-360,-447,478,-226,324,651,-233,490,62,-203,0,0
6,124,515,-614,311,-31,-350,-430,462,-247,324,651,-225,491,65,-199,0,0
6,125,513,-616,309,-30,-340,-430,464,-247,324,651,-227,493,66,-201,0,0
6,126,511,-616,307,-30,-354,-434,462,-245,324,651,-230,490,66,-203,0,0
6,127,513,-617,309,-31,-366,-426,462,-249,324,651,-223,490,66,-193,0,0
6,128,509,-620,308,-31,-358,-429,477,-234,324,651,-217,493,65,-191,0,0
6,0,505,-621,304,-31,-351,-437,483,-212,324,651,-219,496,63,-200,0,0
6,1,509,-618,310,-31,-356,-428,482,-212,324,651,-222,500,63,-197,0,0
6,2,508,-616,318,-30,-361,-424,480,-228,324,651,-227,500,63,-194,0,0
6,3,506,-616,312,-28,-358,-426,472,-237,324,652,-231,498,65,-200,0,0
6,4,511,-613,308,-29,-353,-427,468,-212,324,651,-229,495,66,-202,0,0
6,5,514,-614,308,-30,-355,-428,475,-187,324,651,-230,495,64,-197,0,0
6,6,510,-617,304,-28,-357,-427,483,-201,324,654,-231,495,62,-198,-1,0
6,7,506,-617,307,-29,-356,-427,486,-220,324,656,-230,492,64,-200,0,0
6,8,509,-616,310,-30,-358,-425,487,-211,324,655,-232,493,67,-199,0,0
6,9,509,-619,305,-34,-358,-426,481,-230,324,652,-233,491,67,-200,-1,0
6,10,508,-623,307,-31,-356,-429,471,-266,324,650,-232,493,63,-198,0,0
6,11,511,-622,314,-18,-358,-427,469,-258,324,653,-228,498,63,-191,0,0
6,12,510,-616,311,-20,-355,-426,463,-252,324,654,-230,494,66,-192,0,0
6,13,509,-612,304,-33,-352,-429,478,-249,324,653,-233,494,65,-192,0,0
6,14,512,-614,306,-31,-354,-431,498,-218,324,653,-232,499,62,-186,0,0
6,15,509,-616,311,-25,-359,-434,486,-202,324,652,-229,498,61,-196,0,0
6,16,505,-618,313,-33,-360,-433,475,-208,324,649,-231,496,64,-207,0,0
6,17,506,-619,309,-34,-357,-425,472,-217,324,650,-231,500,65,-196,-1,0
6,18,509,-616,307,-27,-355,-425,459,-220,324,652,-230,498,64,-192,-1,0
6,19,515,-617,310,-30,-356,-430,460,-221,324,651,-229,493,64,-201,-1,0
6,20,517,-620,309,-30,-359,-427,480,-220,324,651,-230,495,66,-201,-1,0
6,21,511,-617,310,-27,-358,-426,473,-234,324,651,-231,501,65,-196,-1,0
7,22,507,-615,312,-30,-354,-426,456,-240,324,651,-228,501,63,-195,-1,0
7,23,510,-619,308,-35,-351,-420,480,-216,324,651,-226,498,64,-200,0,0
7,24,513,-617,307,-30,-353,-421,495,-213,324,651,-227,498,65,-204,0,0
7,25,512,-612,311,-29,-357,-427,482,-232,324,651,-227,496,66,-197,0,0
7,26,509,-617,310,-31,-357,-429,478,-225,324,651,-226,496,66,-192,0,0
7,27,506,-622,310,-27,-361,-426,488,-212,324,651,-226,500,64,-200,0,0
7,28,506,-615,308,-26,-358,-423,474,-226,324,651,-226,498,64,-201,0,0
7,29,507,-611,305,-29,-346,-427,466,-227,324,651,-227,494,64,-193,-1,0
7,30,509,-616,310,-29,-349,-430,490,-210,324,651,-227,496,63,-198,0,0
7,31,510,-613,310,-29,-356,-425,501,-209,324,651,-226,493,64,-206,-1,0
7,32,512,-607,303,-30,-352,-425,500,-204,324,651,-228,489,66,-203,-1,0
7,33,512,-611,304,-30,-351,-429,507,-202,324,651,-232,494,64,-193,-1,0
7,34,510,-617,310,-30,-355,-427,500,-221,324,651,-232,498,63,-192,-1,0
7,35,510,-616,308,-30,-356,-426,483,-223,324,651,-229,492,65,-198,-1,0
7,36,508,-615,307,-31,-355,-429,481,-207,324,651,-229,490,65,-198,-1,0
7,37,505,-616,313,-33,-352,-429,490,-203,324,651,-230,497,64,-195,-1,0
7,38,509,-616,310,-33,-355,-431,498,-191,324,651,-231,498,65,-197,-1,0
7,39,514,-614,305,-31,-361,-432,510,-179,324,651,-231,498,63,-199,0,0
7,40,508,-615,308,-31,-355,-427,496,-201,324,651,-231,499,61,-197,0,0
7,41,504,-621,307,-29,-349,-427,465,-225,324,651,-230,493,64,-198,0,0
7,42,509,-623,305,-26,-356,-428,475,-206,324,651,-229,494,66,-199,0,0
7,43,507,-616,308,-29,-358,-426,516,-170,324,651,-229,497,64,-200,0,0
7,44,506,-615,307,-30,-354,-430,506,-185,324,651,-229,490,62,-201,0,0
7,45,510,-621,306,-28,-357,-431,464,-225,324,651,-230,491,62,-197,-1,0
7,46,509,-622,306,-30,-360,-426,480,-208,324,651,-230,502,63,-200,-1,0
7,47,509,-616,305,-31,-356,-425,519,-174,324,651,-234,500,64,-203,-1,0
7,48,509,-613,308,-27,-356,-426,501,-195,324,651,-234,496,63,-197,-1,0
7,49,508,-615,311,-28,-358,-427,466,-223,324,651,-225,499,63,-195,0,0
7,50,512,-617,312,-32,-358,-427,476,-216,324,651,-224,496,66,-201,-1,0
7,51,514,-618,312,-31,-356,-426,491,-206,324,651,-231,490,67,-204,0,0
7,52,512,-619,312,-30,-352,-426,479,-210,324,651,-231,495,65,-200,0,0
7,53,511,-618,305,-32,-353,-426,470,-215,324,651,-227,497,63,-196,0,0
7,54,512,-613,306,-34,-358,-427,480,-201,324,651,-228,497,65,-194,0,0
7,55,512,-610,314,-33,-357,-431,482,-186,324,651,-228,499,66,-202,0,0
7,56,508,-614,309,-31,-354,-431,471,-207,324,651,-229,498,63,-206,0,0
7,57,506,-616,305,-30,-355,-427,483,-226,324,651,-231,494,64,-199,0,0
7,58,509,-615,309,-29,-357,-425,502,-210,324,651,-230,495,66,-199,0,0
7,59,512,-620,309,-29,-350,-424,492,-197,324,651,-230,495,63,-201,0,0
7,60,509,-623,308,-31,-348,-424,471,-208,324,651,-231,495,62,-197,0,0
7,61,510,-615,308,-32,-356,-427,469,-213,324,651,-231,497,64,-194,-1,0
7,62,512,-611,305,-31,-359,-426,484,-197,324,651,-231,495,63,-192,0,0
7,63,508,-614,306,-30,-356,-423,494,-177,324,651,-231,495,62,-195,-1,0
7,64,510,-617,310,-32,-354,-424,490,-178,324,651,-231,494,65,-198,-1,0
7,65,514,-615,306,-32,-352,-426,479,-196,324,651,-231,494,65,-191,-1,0
7,66,513,-615,303,-29,-353,-430,473,-220,324,651,-231,496,64,-193,-1,0
7,67,507,-614,309,-30,-358,-431,474,-228,324,651,-231,497,66,-202,-1,0
7,68,507,-611,311,-32,-354,-426,474,-214,324,651,-231,498,67,-201,-1,0
7,69,511,-614,309,-30,-350,-423,476,-215,324,651,-231,496,63,-197,0,0
7,70,510,-618,310,-29,-357,-426,490,-223,324,651,-231,492,63,-199,0,0
7,71,509,-617,307,-30,-360,-427,505,-199,324,651,-231,492,64,-200,0,0
7,72,508,-613,301,-29,-356,-426,508,-159,324,651,-232,493,64,-197,0,0
7,73,509,-614,304,-29,-359,-425,506,-156,324,651,-233,489,61,-193,0,0
7,74,513,-616,309,-34,-359,-425,498,-190,324,651,-231,489,63,-191,0,0
7,75,512,-616,305,-34,-353,-426,497,-197,324,651,-229,492,65,-198,0,0
7,76,503,-616,303,-29,-353,-427,506,-174,324,651,-229,492,65,-201,0,0
7,77,502,-618,310,-31,-357,-426,487,-194,324,651,-229,491,65,-201,0,0
7,78,511,-621,317,-33,-357,-426,469,-231,324,651,-229,494,64,-200,0,0
7,79,514,-620,312,-31,-359,-429,495,-209,324,651,-229,494,64,-199,-1,0
7,80,511,-617,303,-29,-361,-427,512,-177,324,651,-229,496,65,-201,0,0
7,81,505,-615,306,-31,-359,-426,491,-199,324,651,-229,498,64,-198,-1,0
7,82,506,-618,309,-32,-359,-429,486,-215,324,651,-229,494,64,-197,-1,0
7,83,512,-621,306,-31,-357,-433,502,-193,324,651,-229,488,65,-199,-1,0
7,84,508,-619,303,-30,-350,-433,512,-185,324,651,-231,493,65,-200,-1,-1
7,85,501,-612,307,-29,-353,-431,516,-184,325,651,-231,499,64,-201,-1,-1
7,86,506,-613,310,-31,-359,-429,496,-192,323,651,-229,497,66,-203,-1,-1
7,87,509,-617,306,-32,-357,-428,484,-201,324,651,-229,491,65,-202,-1,-1
7,88,504,-616,310,-30,-352,-426,503,-183,332,651,-229,491,62,-200,-1,0
7,89,505,-617,314,-29,-358,-426,500,-184,336,651,-229,495,61,-200,0,0
7,90,507,-619,309,-29,-363,-427,482,-216,333,651,-229,497,65,-199,-1,0
7,91,510,-616,306,-32,-355,-425,505,-204,331,651,-229,494,66,-197,0,0
7,92,513,-614,307,-34,-352,-425,520,-171,326,651,-229,490,63,-194,0,0
7,93,508,-613,308,-29,-356,-428,492,-199,321,651,-230,491,64,-195,0,0
7,94,503,-613,310,-28,-359,-426,494,-217,325,651,-231,493,67,-198,0,0
7,95,508,-615,308,-30,-357,-421,515,-191,326,651,-230,495,65,-195,0,0
7,96,513,-614,306,-32,-356,-422,506,-188,323,651,-229,495,64,-193,0,0
7,97,510,-612,310,-33,-356,-427,503,-189,324,651,-229,494,65,-197,0,0
7,98,505,-617,309,-31,-357,-427,514,-180,325,651,-229,497,65,-196,-1,0
7,99,506,-622,302,-29,-357,-424,499,-180,323,651,-229,497,66,-193,-1,0
7,100,508,-615,306,-29,-354,-428,482,-185,324,651,-229,497,68,-199,-1,0
7,101,508,-608,315,-27,-355,-433,498,-185,324,651,-229,500,66,-202,-1,0
7,102,510,-613,314,-27,-357,-429,502,-181,324,651,-229,498,63,-200,-1,0
7,103,509,-615,309,-31,-356,-426,481,-195,323,651,-229,498,62,-199,-1,0
7,104,509,-612,304,-32,-357,-428,470,-214,323,651,-229,500,62,-198,-1,0
7,105,512,-617,305,-30,-357,-427,475,-205,324,651,-229,497,63,-196,-1,0
7,106,510,-622,309,-29,-355,-424,487,-184,323,651,-229,490,64,-195,0,0
7,107,502,-615,309,-29,-358,-424,504,-184,322,651,-229,493,65,-198,-1,0
7,108,503,-614,310,-31,-360,-425,505,-183,328,651,-229,500,65,-200,0,0
7,109,513,-619,309,-32,-355,-425,495,-180,335,651,-230,501,64,-199,-1,0
7,110,513,-618,304,-32,-355,-424,501,-191,332,651,-232,495,65,-203,-1,0
7,111,509,-619,306,-33,-360,-424,503,-199,330,651,-232,495,65,-205,-1,0
7,112,512,-620,313,-33,-358,-425,497,-201,333,650,-230,495,66,-196,-1,0
7,113,508,-616,310,-33,-355,-427,509,-183,334,653,-229,491,67,-194,-1,0
7,114,503,-613,307,-31,-355,-424,513,-154,332,654,-233,492,65,-205,-1,0
7,115,507,-615,311,-30,-356,-425,487,-167,332,651,-229,498,64,-206,-1,0
7,116,510,-616,312,-33,-357,-429,486,-192,333,651,-223,499,64,-197,-1,0
7,117,505,-617,308,-30,-357,-430,505,-182,333,651,-227,497,65,-198,-1,0
7,118,509,-615,305,-26,-352,-426,486,-193,333,651,-233,495,65,-203,-1,0
7,119,518,-612,309,-31,-352,-429,478,-214,333,654,-231,493,65,-199,0,0
7,120,512,-615,309,-34,-354,-437,505,-191,333,655,-228,495,65,-200,-1,0
7,121,504,-616,303,-33,-356,-431,493,-185,333,650,-229,501,63,-203,-1,0
7,122,508,-611,303,-31,-356,-423,460,-212,332,648,-230,499,65,-197,-1,0
7,123,513,-612,307,-30,-355,-429,484,-199,334,649,-230,495,65,-192,-1,0
7,124,515,-616,312,-29,-354,-431,518,-167,331,649,-229,495,64,-197,-1,-1
7,125,515,-616,313,-28,-359,-425,500,-189,322,651,-228,495,65,-200,-1,-1
7,126,510,-610,312,-29,-361,-426,477,-212,321,652,-229,494,65,-201,-1,-1
7,127,504,-609,308,-30,-356,-431,472,-206,325,650,-229,495,64,-198,-1,-1
7,128,508,-616,305,-30,-354,-429,477,-206,325,653,-229,495,65,-196,-1,-1
7,0,511,-618,308,-27,-354,-425,502,-187,326,655,-229,494,65,-201,-1,-1
7,1,507,-614,311,-28,-354,-426,509,-176,329,651,-229,495,63,-204,-1,0
7,2,504,-613,307,-31,-357,-428,476,-202,328,651,-229,497,66,-197,-1,0
7,3,510,-615,302,-33,-357,-423,473,-204,328,655,-229,501,67,-194,-1,0
7,4,517,-614,308,-33,-356,-419,488,-184,328,657,-229,499,65,-202,-1,0
7,5,511,-614,313,-32,-357,-422,474,-198,328,653,-229,493,63,-206,0,0
7,6,501,-617,307,-29,-359,-428,478,-202,328,650,-229,492,65,-198,0,0
7,7,504,-615,307,-28,-355,-428,497,-173,328,651,-229,499,66,-191,0,0
7,8,508,-609,311,-32,-351,-423,478,-184,328,652,-230,499,64,-196,0,0
7,9,507,-611,308,-35,-353,-422,458,-210,328,651,-228,490,62,-199,0,0
7,10,509,-617,307,-28,-355,-428,478,-189,328,652,-229,492,63,-196,0,0
7,11,511,-616,310,-26,-354,-427,502,-171,328,653,-234,497,66,-198,-1,0
7,12,511,-613,310,-32,-353,-422,509,-185,328,650,-225,489,67,-206,0,0
7,13,508,-615,309,-34,-356,-422,498,-189,328,649,-223,488,65,-201,0,0
7,14,506,-617,310,-31,-357,-424,480,-183,328,652,-230,497,64,-194,0,0
7,15,509,-619,307,-27,-357,-423,471,-192,328,651,-226,500,64,-197,0,-1
7,16,509,-615,310,-27,-359,-422,475,-189,328,651,-222,502,64,-198,0,0
7,17,504,-612,313,-33,-359,-427,496,-179,328,651,-232,498,65,-199,0,0
7,18,506,-614,308,-33,-354,-432,501,-191,328,651,-234,489,65,-203,0,0
7,19,508,-616,307,-29,-354,-426,490,-186,328,651,-229,491,66,-205,0,0
7,20,504,-616,308,-31,-357,-420,475,-186,328,651,-231,491,67,-203,0,0
7,21,508,-617,306,-31,-357,-426,461,-210,328,651,-234,486,66,-199,-1,0
8,22,512,-617,304,-29,-355,-426,478,-194,328,651,-229,490,63,-199,-1,0
8,23,508,-618,305,-33,-357,-422,492,-182,328,651,-229,496,64,-200,-1,0
8,24,506,-616,307,-32,-359,-427,473,-215,328,651,-230,494,66,-196,-1,0
8,25,504,-613,309,-28,-356,-429,481,-209,328,651,-228,495,62,-194,-1,0
8,26,503,-612,309,-32,-353,-427,520,-165,328,653,-220,498,61,-201,-1,0
8,27,505,-615,306,-34,-353,-428,515,-173,328,656,-214,496,64,-202,0,0
8,28,512,-616,308,-30,-353,-428,491,-193,328,655,-221,495,63,-189,0,0
8,29,512,-615,310,-30,-351,-426,496,-186,328,653,-233,493,62,-188,0,0
8,30,504,-616,308,-32,-353,-428,500,-188,328,653,-230,493,64,-196,0,0
8,31,504,-619,313,-32,-356,-426,506,-169,328,653,-223,500,65,-195,0,0
8,32,510,-619,311,-31,-355,-424,496,-165,328,650,-227,496,63,-193,0,0
8,33,510,-615,299,-28,-357,-428,480,-195,328,650,-232,491,62,-198,0,0
8,34,504,-614,302,-27,-355,-427,501,-192,328,653,-229,497,62,-203,0,0
8,35,505,-616,311,-27,-352,-425,503,-179,328,655,-230,498,63,-200,0,0
8,36,511,-619,309,-29,-355,-427,474,-201,328,653,-231,491,62,-196,0,0
8,37,514,-622,309,-31,-361,-429,485,-197,328,651,-228,493,63,-198,0,0
8,38,511,-618,314,-28,-360,-426,513,-163,328,651,-229,499,66,-198,0,0
8,39,506,-612,311,-27,-352,-425,507,-177,328,651,-230,496,65,-199,0,0
8,40,506,-613,309,-30,-351,-427,507,-191,328,651,-227,494,64,-200,0,0
8,41,505,-616,312,-28,-354,-428,514,-165,328,651,-230,500,64,-193,-1,0
8,42,502,-617,308,-25,-357,-425,501,-166,328,651,-231,502,65,-191,0,0
8,43,502,-619,306,-31,-357,-423,508,-185,328,651,-221,498,65,-198,-1,0
8,44,502,-620,313,-32,-359,-428,510,-184,328,651,-220,497,66,-198,-1,0
8,45,507,-619,311,-27,-358,-432,483,-185,328,651,-229,498,66,-195,-1,0
8,46,517,-620,305,-29,-353,-427,495,-187,328,651,-229,500,67,-196,-1,0
8,47,514,-620,308,-33,-353,-426,535,-159,328,651,-227,499,65,-195,-1,0
8,48,503,-617,311,-31,-354,-431,530,-150,328,651,-231,496,62,-192,-1,0
8,49,509,-615,310,-27,-353,-428,502,-173,328,651,-231,497,64,-193,-1,0
8,50,516,-616,308,-27,-357,-423,488,-195,328,651,-228,498,66,-197,-1,0
8,51,508,-618,307,-30,-360,-432,492,-195,328,651,-231,494,64,-202,0,0
8,52,504,-616,308,-35,-358,-437,505,-190,328,652,-230,493,65,-200,0,0
8,53,512,-617,310,-35,-357,-429,511,-184,328,654,-228,496,67,-197,0,0
8,54,514,-618,308,-29,-357,-425,509,-159,328,656,-230,498,67,-199,0,0
8,55,506,-614,310,-30,-356,-428,508,-149,328,655,-229,498,66,-203,0,0
8,56,508,-613,312,-33,-356,-426,505,-170,328,651,-228,498,65,-201,0,0
8,57,508,-615,311,-31,-355,-421,506,-167,328,649,-231,495,64,-197,-1,0
8,58,503,-617,305,-28,-354,-418,514,-147,328,651,-231,489,65,-199,0,0
8,59,509,-622,304,-29,-355,-423,510,-165,328,652,-228,489,65,-202,-1,0
8,60,518,-623,307,-30,-358,-427,487,-196,328,651,-228,493,62,-200,0,0
8,61,511,-617,305,-29,-360,-427,476,-195,328,651,-231,496,64,-195,-1,0
8,62,505,-614,305,-28,-361,-424,499,-165,328,651,-230,499,66,-194,0,0
8,63,507,-616,306,-30,-358,-423,520,-144,328,651,-228,495,65,-199,0,0
8,64,508,-618,305,-32,-357,-427,501,-186,328,651,-229,490,64,-203,0,0
8,65,510,-618,305,-30,-356,-432,486,-225,328,651,-230,492,64,-203,0,0
8,66,513,-614,306,-29,-354,-427,512,-192,328,651,-228,496,64,-200,0,0
8,67,515,-611,308,-31,-354,-423,530,-152,328,651,-229,495,63,-197,0,0
8,68,511,-613,308,-32,-357,-428,511,-151,328,651,-229,495,64,-198,0,0
8,69,508,-614,305,-33,-357,-429,478,-168,328,651,-227,498,66,-199,0,-1
8,70,511,-618,303,-32,-350,-423,471,-188,328,651,-229,497,66,-197,-1,-1
8,71,508,-621,306,-30,-349,-419,495,-182,328,652,-232,498,67,-197,-1,0
8,72,505,-613,308,-31,-355,-424,507,-173,328,651,-230,498,66,-199,-1,0
8,73,507,-610,307,-31,-356,-429,500,-187,328,651,-227,495,63,-201,-1,0
8,74,510,-618,306,-31,-352,-430,508,-170,328,655,-229,495,64,-200,-1,0
8,75,509,-618,307,-35,-357,-430,509,-154,328,656,-229,494,68,-196,-1,0
8,76,510,-615,310,-39,-357,-426,473,-204,328,652,-227,495,66,-198,0,0
8,77,514,-614,310,-34,-349,-425,462,-234,328,648,-227,503,63,-197,0,0
8,78,512,-613,305,-28,-352,-427,501,-197,328,650,-230,507,64,-192,0,0
8,79,508,-614,308,-31,-358,-425,510,-182,328,652,-231,499,66,-194,0,0
8,80,506,-617,310,-32,-359,-423,500,-187,328,652,-229,498,64,-200,0,0
8,81,506,-617,308,-28,-356,-427,511,-185,328,650,-228,497,61,-204,0,0
8,82,508,-618,312,-29,-351,-425,492,-214,328,650,-227,494,64,-202,0,-1
8,83,509,-618,316,-33,-352,-423,468,-205,328,650,-230,495,68,-197,0,0
8,84,511,-618,311,-32,-357,-427,491,-158,328,653,-232,497,66,-200,-1,-1
8,85,514,-616,306,-30,-358,-427,511,-174,328,656,-230,498,64,-201,-1,0
8,86,513,-614,307,-31,-353,-424,501,-213,328,653,-227,499,65,-197,-1,0
8,87,512,-611,309,-31,-349,-424,498,-203,328,648,-230,497,65,-199,-1,0
8,88,510,-613,309,-28,-353,-421,501,-192,328,650,-231,494,65,-200,0,0
8,89,504,-616,309,-28,-355,-422,503,-190,328,652,-223,494,65,-197,-1,0
8,90,500,-616,309,-31,-352,-426,499,-190,328,651,-220,491,64,-196,0,0
8,91,507,-615,308,-32,-354,-425,474,-211,328,651,-228,491,65,-198,0,0
8,92,511,-615,311,-30,-356,-424,472,-210,328,651,-232,499,64,-200,0,0
8,93,506,-614,310,-29,-356,-425,504,-190,328,651,-229,495,62,-202,0,-1
8,94,504,-618,308,-29,-359,-425,515,-195,329,651,-228,491,64,-197,0,0
8,95,507,-621,311,-27,-359,-428,493,-196,327,651,-230,500,66,-190,0,-1
8,96,506,-617,311,-28,-355,-431,475,-187,322,651,-230,499,65,-195,-1,0
8,97,506,-616,307,-31,-353,-428,480,-187,321,651,-231,493,62,-199,0,0
8,98,508,-620,305,-31,-353,-426,495,-189,323,651,-229,499,62,-198,-1,0
8,99,510,-618,305,-30,-355,-428,502,-190,324,652,-228,500,63,-195,0,0
8,100,510,-615,306,-30,-357,-427,500,-201,325,651,-229,492,64,-197,-1,0
8,101,509,-615,309,-28,-356,-428,504,-201,326,651,-230,493,65,-201,0,0
8,102,505,-613,312,-27,-358,-428,503,-193,325,654,-231,499,65,-199,0,0
8,103,509,-611,315,-31,-359,-427,505,-185,326,655,-230,497,64,-197,0,0
8,104,514,-617,312,-35,-355,-425,508,-172,326,652,-229,495,65,-197,0,0
8,105,509,-620,309,-32,-355,-423,486,-190,326,651,-232,494,65,-200,0,0
8,106,504,-613,313,-28,-360,-427,462,-224,325,651,-234,494,64,-201,0,0
8,107,504,-613,313,-30,-359,-429,495,-205,326,652,-222,495,66,-198,0,0
8,108,507,-620,309,-31,-355,-426,519,-172,325,651,-218,497,67,-197,0,0
8,109,506,-617,308,-30,-355,-427,480,-191,321,649,-230,498,65,-199,-1,0
8,110,505,-616,307,-28,-357,-427,476,-203,320,648,-234,496,63,-203,0,0
8,111,511,-622,307,-29,-359,-423,507,-195,325,650,-226,494,63,-199,-1,0
8,112,515,-621,308,-32,-357,-425,490,-212,326,653,-226,491,65,-192,-1,0
8,113,511,-613,308,-34,-353,-428,481,-211,325,654,-231,490,67,-191,-1,0
8,114,508,-613,311,-31,-356,-426,511,-173,325,651,-230,492,65,-194,-1,0
8,115,509,-617,315,-30,-360,-426,519,-157,326,651,-229,495,63,-193,-1,0
8,116,507,-618,313,-30,-354,-429,508,-165,325,654,-228,495,64,-195,-1,0
8,117,506,-619,306,-29,-352,-430,507,-184,325,654,-230,493,66,-201,-1,0
8,118,508,-617,306,-29,-356,-427,493,-203,325,651,-230,491,63,-202,-1,0
8,119,511,-616,310,-31,-356,-426,494,-191,325,651,-228,490,61,-200,0,0
8,120,509,-617,306,-31,-354,-424,517,-174,325,652,-229,494,64,-198,0,0
8,121,506,-619,304,-28,-358,-418,512,-189,325,652,-229,500,68,-194,0,0
8,122,508,-622,308,-29,-361,-423,498,-196,325,652,-229,494,64,-197,0,0
8,123,511,-620,306,-32,-357,-431,503,-178,325,652,-229,487,59,-202,0,0
8,124,507,-618,304,-32,-357,-429,493,-183,325,651,-229,493,62,-199,0,-1
8,125,505,-618,309,-27,-359,-425,477,-196,325,649,-229,500,64,-198,-1,0
8,126,506,-615,311,-26,-359,-426,493,-185,325,648,-229,500,62,-198,0,-1
8,127,506,-613,306,-31,-356,-426,500,-181,325,648,-229,497,64,-196,-1,0
8,128,507,-615,306,-32,-355,-425,484,-199,325,648,-229,493,67,-197,-1,0
8,0,508,-615,305,-29,-357,-427,458,-231,325,648,-229,493,65,-201,-1,0
8,1,509,-616,302,-27,-356,-424,456,-223,325,649,-229,498,64,-200,-1,0
8,2,510,-620,308,-28,-356,-421,492,-168,325,652,-229,497,64,-201,-1,0
8,3,507,-622,312,-28,-359,-425,512,-152,325,655,-229,490,65,-203,0,0
8,4,507,-618,310,-30,-359,-431,495,-185,325,653,-229,497,65,-195,0,0
8,5,509,-619,308,-31,-355,-430,486,-199,325,650,-231,503,66,-193,0,0
8,6,510,-619,306,-28,-355,-425,493,-197,325,650,-231,492,66,-202,0,0
8,7,513,-616,306,-26,-357,-422,498,-201,325,651,-229,488,66,-204,0,0
8,8,515,-615,308,-28,-355,-421,511,-184,325,652,-229,498,67,-200,0,0
8,9,510,-616,310,-32,-356,-424,503,-169,325,651,-231,499,67,-202,0,0
8,10,508,-614,307,-32,-358,-429,475,-183,325,651,-231,495,65,-199,0,0
8,11,509,-617,306,-31,-357,-431,467,-201,325,651,-229,497,63,-197,0,0
8,12,508,-620,309,-31,-356,-429,472,-214,325,651,-231,500,63,-201,0,0
8,13,507,-616,309,-31,-357,-426,476,-220,325,651,-230,494,64,-198,-1,0
8,14,509,-613,309,-30,-359,-426,476,-213,325,651,-222,493,63,-194,0,0
8,15,511,-618,309,-31,-357,-427,492,-187,325,651,-224,499,62,-198,-1,0
8,16,511,-622,307,-33,-354,-424,508,-178,325,651,-231,500,64,-200,0,0
8,17,515,-616,309,-31,-355,-424,488,-204,325,651,-231,496,66,-199,0,0
8,18,511,-612,312,-29,-354,-429,464,-208,325,651,-229,494,66,-201,0,0
8,19,504,-617,310,-30,-355,-429,484,-185,325,651,-232,493,63,-203,0,0
8,20,508,-618,311,-30,-356,-424,513,-177,325,651,-230,493,62,-201,0,0
8,21,514,-614,308,-32,-354,-425,515,-173,325,651,-229,496,62,-200,0,0
9,22,512,-617,303,-34,-353,-428,504,-175,325,652,-233,499,63,-198,0,0
9,23,511,-623,303,-30,-358,-426,505,-191,325,650,-233,495,65,-196,0,0
9,24,510,-622,303,-28,-358,-427,512,-186,325,651,-230,491,65,-194,0,0
9,25,504,-616,306,-35,-356,-427,491,-187,325,655,-233,497,65,-190,0,0
9,26,507,-614,309,-35,-357,-427,466,-210,325,655,-229,502,64,-192,0,0
9,27,512,-614,306,-30,-357,-430,468,-201,325,651,-222,499,66,-202,0,0
9,28,508,-616,306,-30,-359,-428,480,-185,325,652,-226,497,68,-202,-1,0
9,29,506,-617,314,-31,-359,-423,481,-205,325,651,-231,496,64,-193,-1,0
9,30,510,-617,313,-31,-355,-425,483,-220,325,649,-232,495,62,-192,-1,0
9,31,509,-619,308,-31,-356,-427,486,-206,325,650,-229,494,66,-200,-1,0
9,32,506,-619,308,-30,-358,-424,479,-190,325,652,-223,493,68,-203,-1,0
9,33,508,-616,308,-30,-357,-425,470,-188,325,651,-220,492,63,-200,-1,0
9,34,506,-616,306,-33,-357,-429,479,-193,325,651,-229,495,63,-199,0,0
9,35,506,-619,311,-30,-360,-426,509,-179,325,651,-237,496,65,-197,0,0
9,36,505,-620,311,-29,-361,-423,502,-177,325,651,-229,492,65,-195,0,-1
9,37,506,-613,307,-32,-355,-428,454,-226,325,651,-218,495,65,-198,-1,0
9,38,511,-609,311,-31,-353,-433,452,-235,325,651,-222,502,64,-201,0,0
9,39,508,-613,314,-30,-356,-427,480,-183,325,651,-231,498,64,-198,-1,0
9,40,500,-612,311,-33,-359,-424,479,-174,325,651,-229,493,64,-196,-1,0
9,41,499,-608,307,-31,-355,-427,483,-197,325,651,-228,495,65,-198,-1,0
9,42,506,-614,308,-27,-354,-425,493,-212,325,651,-233,496,63,-201,-1,0
9,43,515,-621,314,-28,-356,-423,478,-222,325,652,-233,499,61,-199,-1,0
9,44,515,-622,316,-30,-356,-425,470,-209,326,654,-230,500,62,-199,-1,0
9,45,509,-621,311,-30,-357,-427,494,-181,325,656,-230,495,66,-202,-1,0
9,46,509,-620,305,-29,-355,-424,500,-180,325,655,-231,495,67,-199,0,0
9,47,510,-617,304,-28,-354,-425,463,-217,326,652,-231,499,64,-199,0,0
9,48,511,-615,310,-30,-356,-429,437,-246,325,654,-228,498,64,-199,0,0
9,49,513,-614,318,-33,-360,-429,462,-228,321,657,-228,493,65,-197,0,0
9,50,510,-610,316,-32,-359,-427,494,-181,322,657,-228,494,63,-198,0,0
9,51,508,-610,307,-32,-354,-428,465,-178,327,654,-227,497,62,-199,0,0
9,52,511,-617,307,-35,-352,-428,432,-215,325,655,-229,495,62,-194,0,0
9,53,511,-620,309,-31,-356,-424,449,-228,323,656,-232,497,62,-193,-1,0
9,54,503,-615,305,-28,-359,-425,484,-200,325,652,-229,502,63,-193,-1,0
9,55,504,-610,304,-30,-357,-425,506,-173,326,649,-230,494,64,-190,-1,0
9,56,513,-614,309,-33,-353,-424,490,-192,325,650,-233,487,65,-194,-1,0
9,57,508,-621,307,-34,-353,-427,477,-197,325,652,-231,492,62,-200,-1,0
9,58,504,-617,303,-32,-355,-428,497,-163,326,654,-228,492,63,-198,-1,0
9,59,510,-611,305,-31,-357,-423,503,-167,325,653,-228,489,67,-194,-1,0
9,60,514,-616,304,-28,-356,-423,477,-212,325,651,-228,494,67,-190,-1,0
9,61,510,-619,302,-29,-353,-429,468,-226,325,651,-228,497,64,-193,0,0
9,62,509,-613,304,-31,-355,-429,492,-197,325,652,-229,496,65,-199,0,0
9,63,510,-611,306,-29,-360,-426,508,-177,325,652,-229,498,65,-195,0,0
9,64,510,-615,305,-27,-358,-426,498,-179,325,650,-229,495,64,-194,0,0
9,65,510,-616,303,-30,-352,-425,475,-180,325,652,-230,487,65,-196,0,0
9,66,508,-613,303,-32,-353,-424,448,-188,325,656,-230,489,64,-195,0,0
9,67,508,-616,309,-31,-356,-424,440,-202,325,655,-229,498,63,-194,-1,0
9,68,512,-617,313,-29,-356,-427,480,-182,325,649,-231,496,65,-196,0,0
9,69,512,-615,309,-31,-352,-428,519,-152,325,649,-231,491,65,-197,-1,0
9,70,511,-615,309,-34,-351,-430,499,-170,325,652,-231,492,64,-201,-1,0
9,71,515,-616,316,-32,-357,-434,479,-191,325,651,-229,492,62,-201,-1,0
9,72,514,-615,313,-27,-356,-430,492,-184,325,651,-229,492,62,-195,-1,0
9,73,513,-618,308,-28,-353,-424,480,-201,325,651,-229,495,65,-193,-1,0
9,74,515,-620,315,-31,-360,-428,455,-234,325,651,-229,498,66,-198,-1,0
9,75,511,-617,315,-31,-363,-430,482,-211,325,652,-230,494,66,-198,-1,0
9,76,510,-618,306,-31,-357,-423,510,-181,325,651,-231,491,66,-192,-1,0
9,77,516,-621,307,-32,-357,-426,487,-190,325,651,-230,496,65,-195,0,0
9,78,514,-616,313,-32,-360,-430,464,-199,325,654,-231,495,63,-203,-1,0
9,79,506,-615,311,-31,-355,-425,481,-184,325,655,-231,494,62,-201,0,0
9,80,507,-622,309,-30,-355,-425,507,-162,325,653,-228,496,66,-198,-1,0
9,81,512,-620,309,-32,-360,-430,514,-152,325,651,-228,492,66,-198,0,0
9,82,509,-613,306,-32,-356,-425,498,-177,325,651,-231,488,64,-195,-1,0
9,83,509,-613,305,-32,-347,-420,483,-205,325,652,-230,496,65,-197,-1,0
9,84,513,-617,311,-32,-346,-427,500,-192,325,655,-230,504,66,-197,-1,0
9,85,514,-617,313,-30,-352,-431,502,-191,325,652,-229,497,65,-193,-1,0
9,86,511,-615,311,-31,-356,-426,470,-227,325,648,-225,494,65,-192,-1,0
9,87,508,-615,313,-31,-358,-424,462,-226,325,649,-228,496,64,-196,-1,0
9,88,509,-616,313,-30,-354,-431,472,-181,325,652,-231,497,63,-194,-1,0
9,89,510,-616,309,-33,-348,-428,471,-160,326,651,-228,496,66,-190,-1,0
9,90,508,-614,310,-32,-353,-419,488,-177,326,651,-228,492,67,-192,0,0
9,91,506,-613,313,-30,-361,-420,516,-188,325,651,-229,495,64,-195,0,0
9,92,506,-614,308,-31,-356,-426,502,-198,326,651,-228,498,64,-196,0,0
9,93,506,-615,305,-31,-351,-428,466,-216,326,651,-230,492,66,-200,0,0
9,94,506,-618,310,-30,-356,-425,467,-211,324,651,-232,487,65,-200,0,0
9,95,507,-617,309,-31,-359,-423,496,-196,324,651,-231,491,63,-200,0,0
9,96,508,-613,307,-31,-356,-424,501,-191,324,651,-225,495,64,-199,0,0
9,97,510,-617,312,-30,-356,-429,497,-165,323,651,-223,494,65,-198,0,0
9,98,509,-622,312,-27,-355,-430,503,-149,322,651,-229,489,67,-200,-1,0
9,99,510,-618,311,-26,-355,-429,489,-186,322,651,-233,488,65,-201,-1,0
9,100,515,-615,316,-32,-357,-431,471,-209,322,651,-229,493,63,-200,-1,0
9,101,512,-617,313,-33,-358,-427,489,-193,322,652,-229,498,64,-200,-1,0
9,102,508,-618,309,-28,-353,-428,509,-176,322,654,-232,497,66,-198,-1,0
9,103,511,-621,309,-30,-350,-429,499,-166,323,653,-231,492,66,-197,-1,0
9,104,516,-624,305,-35,-354,-425,496,-159,324,651,-231,496,65,-198,-1,0
9,105,514,-618,304,-34,-357,-425,510,-174,323,651,-231,500,67,-194,-1,0
9,106,510,-614,312,-31,-354,-429,500,-205,324,652,-229,498,68,-191,-1,0
9,107,511,-620,313,-29,-354,-427,485,-193,326,653,-227,494,66,-195,-1,0
9,108,509,-624,303,-30,-360,-424,479,-182,326,654,-229,490,63,-197,0,0
9,109,505,-618,306,-32,-360,-427,468,-217,325,653,-232,488,62,-196,0,0
9,110,506,-614,313,-32,-356,-425,480,-224,326,650,-229,489,64,-197,0,0
9,111,509,-618,302,-30,-356,-424,498,-202,326,653,-228,493,64,-197,0,0
9,112,510,-619,298,-32,-356,-425,489,-204,325,654,-231,495,61,-196,0,0
9,113,509,-616,308,-33,-356,-429,478,-200,325,651,-231,495,64,-196,0,0
9,114,510,-615,309,-28,-358,-427,474,-188,326,650,-228,500,68,-197,0,0
9,115,513,-615,306,-28,-357,-422,480,-194,325,654,-229,501,66,-200,0,0
9,116,511,-616,309,-31,-350,-423,494,-198,324,654,-229,493,63,-201,0,0
9,117,506,-614,311,-30,-349,-425,485,-218,324,653,-228,492,65,-198,0,0
9,118,504,-613,310,-28,-353,-426,463,-229,323,654,-229,497,66,-197,0,0
9,119,509,-614,312,-29,-357,-429,472,-202,322,654,-232,499,66,-198,0,0
9,120,514,-616,309,-32,-357,-431,475,-206,322,654,-232,496,66,-195,0,0
9,121,513,-619,309,-32,-356,-430,465,-228,322,654,-229,496,64,-196,0,0
9,122,510,-623,313,-29,-356,-426,482,-201,322,654,-228,497,63,-196,0,0
9,123,509,-617,309,-28,-357,-423,486,-179,322,654,-229,493,66,-195,0,0
9,124,511,-611,306,-29,-357,-425,469,-187,325,654,-231,489,66,-196,0,0
9,125,512,-615,303,-34,-355,-426,477,-189,326,654,-233,494,64,-196,0,0
9,126,509,-620,304,-32,-356,-423,498,-189,325,653,-226,500,65,-196,-1,0
9,127,506,-619,310,-27,-357,-424,510,-181,326,654,-223,498,64,-198,0,0
9,128,509,-617,311,-28,-353,-428,502,-190,325,654,-229,498,61,-198,0,0
9,0,512,-616,304,-33,-351,-426,475,-230,324,651,-230,501,62,-198,0,0
9,1,513,-616,306,-33,-355,-422,470,-221,324,648,-228,498,66,-198,0,-1
9,2,509,-620,313,-30,-359,-423,485,-169,323,650,-230,493,66,-198,0,0
9,3,501,-621,310,-31,-358,-426,469,-182,324,652,-227,498,61,-199,0,-1
9,4,503,-619,303,-32,-355,-424,453,-220,325,651,-216,501,61,-197,-1,0
9,5,513,-622,304,-31,-354,-425,473,-215,326,651,-215,488,65,-199,-1,0
9,6,510,-624,311,-30,-355,-427,467,-230,325,651,-228,488,65,-202,-1,0
9,7,507,-620,309,-31,-353,-425,448,-245,325,651,-232,498,62,-197,-1,0
9,8,514,-617,304,-29,-351,-421,471,-213,326,651,-223,493,62,-198,-1,0
9,9,514,-615,310,-27,-357,-423,483,-198,326,651,-225,488,66,-202,-1,0
9,10,511,-618,314,-28,-358,-428,467,-221,326,651,-233,493,65,-196,-1,0
9,11,517,-624,309,-31,-354,-428,474,-210,325,652,-226,496,62,-196,-1,0
9,12,516,-621,306,-29,-357,-424,472,-203,326,652,-223,495,62,-202,0,0
9,13,507,-611,309,-30,-357,-424,437,-245,326,652,-232,498,65,-196,-1,0
9,14,509,-612,310,-31,-352,-429,448,-238,324,652,-232,496,64,-188,0,0
9,15,514,-616,310,-31,-352,-430,504,-166,323,651,-228,494,62,-197,0,0
9,16,509,-617,310,-31,-352,-426,515,-145,325,653,-231,497,61,-202,0,0
9,17,501,-619,310,-31,-350,-424,481,-197,326,654,-233,495,62,-198,0,0
9,18,506,-616,309,-31,-352,-424,455,-233,325,653,-231,490,64,-196,0,0
9,19,511,-613,308,-32,-357,-424,459,-212,325,651,-231,493,65,-198,0,0
9,20,508,-617,305,-30,-356,-422,487,-176,326,651,-231,497,62,-200,0,0
9,21,508,-622,306,-29,-356,-425,502,-165,325,651,-226,490,62,-195,0,0
