0,37,505,-483,313,161,-355,-622,58,-284,91,652,-229,564,247,-461,0,0
0,38,507,-480,315,158,-352,-616,61,-297,90,648,-229,557,244,-464,0,0
0,39,509,-472,307,153,-354,-616,76,-295,93,650,-229,555,251,-456,0,0
0,40,510,-487,301,154,-354,-620,83,-287,96,652,-229,559,250,-451,0,0
0,41,508,-504,303,156,-354,-625,76,-289,81,651,-229,562,252,-451,0,0
0,42,506,-507,311,156,-357,-621,63,-316,65,651,-229,560,257,-455,0,0
0,43,507,-516,314,155,-357,-620,63,-328,78,652,-229,557,253,-463,0,0
0,44,508,-527,308,155,-354,-617,88,-286,95,651,-229,561,251,-458,0,0
0,45,506,-525,309,157,-353,-606,104,-254,92,649,-229,565,253,-450,0,0
0,46,505,-525,312,152,-356,-612,93,-272,88,650,-229,557,252,-458,0,0
0,47,506,-532,308,148,-357,-619,104,-265,92,651,-229,553,254,-458,0,0
0,48,506,-534,307,153,-356,-609,130,-237,91,651,-229,559,258,-451,0,0
0,49,503,-532,310,158,-355,-609,128,-251,91,651,-229,562,261,-458,0,0
0,50,500,-530,309,156,-356,-629,124,-274,92,651,-229,561,258,-465,0,0
0,51,503,-529,312,154,-356,-629,126,-282,80,651,-229,551,250,-457,0,0
0,52,509,-535,309,153,-354,-625,122,-293,64,651,-229,544,245,-461,0,0
0,53,509,-538,298,152,-353,-636,132,-282,63,651,-229,554,247,-467,0,0
0,54,506,-534,301,155,-354,-636,153,-254,67,651,-229,564,248,-459,0,0
0,55,506,-531,314,158,-354,-626,157,-260,62,651,-229,559,247,-458,0,0
0,56,509,-532,311,155,-354,-624,144,-285,67,651,-229,557,247,-460,0,0
0,57,507,-539,307,154,-355,-616,128,-292,89,650,-229,561,247,-458,0,0
0,58,504,-544,312,155,-355,-601,127,-283,90,652,-229,558,248,-463,0,0
0,59,505,-540,310,157,-356,-605,144,-275,81,654,-229,547,247,-469,0,0
0,60,508,-535,306,157,-355,-619,154,-283,86,652,-229,535,248,-463,0,0
0,61,510,-538,310,156,-352,-623,149,-294,82,649,-229,545,254,-455,0,0
0,62,508,-538,310,157,-353,-623,146,-292,64,650,-229,557,260,-462,0,0
0,63,506,-531,302,157,-357,-621,146,-289,63,652,-229,544,261,-471,0,0
0,64,508,-528,301,158,-355,-621,147,-295,72,652,-229,534,252,-464,-1,0
0,65,510,-529,312,159,-354,-622,154,-289,68,652,-229,546,244,-453,0,0
0,66,508,-530,312,155,-359,-612,150,-291,63,650,-229,546,252,-459,0,0
0,67,505,-529,307,152,-363,-599,155,-291,67,652,-229,540,260,-462,0,0
0,68,504,-529,309,155,-358,-598,165,-287,68,653,-229,549,255,-457,0,0
0,69,505,-530,312,156,-352,-603,143,-307,68,638,-229,551,247,-459,0,0
0,70,508,-530,312,154,-355,-597,130,-321,68,629,-229,542,246,-458,0,-1
0,71,508,-527,312,155,-359,-595,151,-307,68,646,-229,538,252,-457,0,0
0,72,506,-516,307,157,-354,-614,159,-300,67,659,-229,545,258,-464,0,-1
0,73,507,-504,307,155,-354,-621,145,-300,66,651,-229,558,257,-457,0,0
0,74,510,-512,313,155,-356,-603,152,-280,69,648,-229,563,253,-447,0,0
0,75,509,-518,313,154,-354,-595,173,-267,72,653,-229,547,257,-456,0,0
0,76,504,-512,309,155,-355,-604,172,-286,69,652,-229,537,261,-462,0,0
0,77,502,-517,306,160,-357,-600,153,-321,63,651,-229,544,253,-457,0,0
0,78,507,-522,309,157,-352,-601,141,-335,64,651,-229,539,247,-463,0,0
0,79,506,-511,314,155,-350,-624,148,-313,69,651,-229,539,251,-463,0,0
0,80,501,-505,313,160,-355,-630,148,-301,68,651,-229,557,252,-460,0,0
0,81,506,-511,309,159,-356,-607,140,-310,66,651,-229,557,248,-472,0,-1
0,82,508,-510,311,152,-355,-605,142,-306,67,651,-229,539,249,-473,0,-1
0,83,505,-505,313,153,-355,-627,136,-315,65,651,-229,536,250,-458,0,-1
0,84,509,-503,312,158,-355,-618,134,-333,64,651,-229,538,249,-456,0,-1
0,85,509,-506,310,157,-357,-590,148,-327,65,651,-229,535,248,-464,0,-1
0,86,501,-509,313,155,-359,-599,160,-321,65,651,-229,539,250,-469,0,-1
0,87,503,-507,316,155,-357,-623,151,-332,65,651,-229,541,248,-464,0,-1
0,88,510,-507,314,155,-352,-627,134,-350,65,651,-229,535,244,-460,0,-1
0,89,507,-511,313,155,-354,-626,130,-354,65,651,-229,539,254,-466,0,-1
0,90,505,-510,312,157,-356,-627,139,-343,65,651,-229,542,262,-470,0,-1
0,91,508,-506,311,158,-354,-626,143,-336,65,651,-229,538,253,-465,0,-1
0,92,509,-505,312,156,-355,-624,133,-344,65,651,-229,535,246,-461,0,-1
0,93,507,-505,314,156,-359,-613,137,-337,65,652,-229,537,254,-465,0,-1
0,94,504,-506,310,157,-357,-609,158,-328,65,651,-229,540,259,-466,0,-1
0,95,502,-504,301,155,-352,-617,153,-346,65,649,-229,540,255,-464,-1,0
0,96,504,-510,302,157,-354,-609,131,-359,65,649,-229,537,247,-469,0,0
0,97,508,-527,313,158,-357,-605,131,-355,65,650,-229,536,246,-469,-1,0
0,98,507,-529,313,153,-354,-621,157,-346,65,650,-229,541,257,-467,-1,0
0,99,503,-525,302,153,-353,-618,157,-352,65,650,-229,542,257,-470,-1,0
0,100,502,-529,304,156,-354,-613,129,-375,64,650,-229,535,246,-471,-1,0
0,101,503,-531,310,155,-354,-625,112,-395,65,650,-229,532,246,-468,-1,0
0,102,504,-547,310,156,-356,-613,119,-398,64,650,-229,529,249,-467,-1,0
0,103,505,-567,310,157,-360,-587,128,-377,62,650,-229,531,241,-468,-1,0
0,104,506,-552,302,155,-358,-593,121,-369,61,650,-229,535,239,-469,-1,0
0,105,510,-529,302,156,-354,-611,129,-380,62,650,-229,532,250,-468,-1,0
0,106,511,-532,314,158,-353,-617,155,-384,64,650,-229,530,256,-468,-1,0
0,107,507,-535,312,153,-353,-612,146,-381,65,650,-229,533,252,-471,-1,0
0,108,505,-529,306,153,-354,-603,120,-386,63,650,-229,531,247,-474,-1,0
0,109,506,-531,313,159,-354,-600,135,-390,61,650,-229,529,250,-471,-1,0
0,110,507,-543,314,155,-352,-599,158,-384,63,650,-229,535,249,-471,-1,0
0,111,506,-551,305,151,-357,-602,149,-384,63,650,-229,538,246,-474,-1,0
0,112,507,-547,307,156,-359,-607,143,-393,63,650,-229,535,247,-473,-1,0
0,113,506,-540,310,158,-356,-600,144,-396,63,650,-229,530,247,-472,-1,0
0,114,507,-539,302,157,-359,-601,141,-384,63,650,-229,529,247,-473,-1,0
0,115,507,-546,302,158,-361,-622,148,-380,63,650,-229,529,248,-472,-1,0
0,116,504,-558,309,158,-353,-625,155,-396,63,650,-229,529,248,-473,-1,0
0,117,503,-566,307,155,-354,-607,146,-403,63,650,-229,527,245,-474,-1,0
0,118,503,-561,305,156,-357,-599,148,-388,63,650,-229,528,243,-472,-1,0
0,119,508,-560,311,155,-351,-606,154,-389,63,650,-229,532,243,-472,-1,0
0,120,510,-569,314,151,-352,-604,131,-418,61,650,-229,524,241,-475,-1,0
0,121,508,-563,310,152,-356,-597,124,-426,62,650,-229,518,240,-473,-1,0
0,122,508,-546,307,158,-351,-595,146,-400,64,650,-229,525,247,-472,-1,0
0,123,506,-547,307,159,-354,-594,144,-397,62,650,-229,532,249,-473,-1,0
0,124,505,-562,310,156,-363,-596,119,-421,59,650,-229,533,240,-473,-1,0
0,125,508,-564,309,156,-360,-598,123,-416,60,650,-229,523,240,-475,-1,0
0,126,507,-560,307,159,-352,-603,148,-397,60,650,-229,508,251,-475,0,0
0,127,501,-561,311,159,-352,-608,157,-405,60,650,-229,513,250,-472,-1,0
0,128,503,-564,313,157,-355,-600,153,-422,60,650,-229,529,240,-473,0,0
0,0,511,-559,309,160,-355,-592,151,-416,60,650,-229,528,241,-474,-1,0
0,1,512,-538,310,158,-354,-595,158,-388,60,650,-229,527,247,-469,-1,0
0,2,505,-511,310,154,-354,-597,160,-384,60,650,-229,533,247,-468,0,0
0,3,502,-508,301,155,-356,-598,150,-411,60,650,-229,528,246,-473,0,0
0,4,503,-522,303,157,-356,-604,147,-420,60,650,-229,526,249,-472,0,0
0,5,505,-527,315,157,-353,-602,149,-405,60,650,-229,532,250,-472,0,0
0,6,506,-529,313,157,-352,-594,144,-417,60,650,-230,528,246,-477,0,0
0,7,508,-529,304,157,-353,-590,141,-435,59,650,-229,525,245,-477,0,0
0,8,505,-522,308,155,-352,-591,150,-416,61,651,-229,526,248,-473,0,0
0,9,504,-522,312,156,-355,-591,154,-411,62,652,-230,514,247,-475,0,0
0,10,505,-530,308,157,-357,-594,154,-431,61,651,-229,515,246,-476,0,0
0,11,505,-533,311,156,-354,-598,152,-428,62,651,-222,525,247,-473,0,-1
0,12,508,-532,314,157,-351,-595,143,-410,64,651,-218,513,246,-476,0,0
0,13,506,-528,312,157,-356,-592,142,-421,62,651,-219,508,243,-476,0,-1
0,14,504,-512,312,157,-357,-593,152,-426,60,651,-220,530,246,-472,0,0
0,15,507,-500,313,158,-353,-594,152,-416,62,651,-220,529,250,-475,0,0
0,16,508,-510,313,157,-354,-593,148,-417,61,651,-219,506,250,-477,0,0
0,17,507,-523,311,156,-355,-592,152,-420,58,651,-218,516,242,-473,0,0
0,18,508,-539,307,158,-354,-592,153,-428,60,651,-219,529,237,-474,0,0
0,19,509,-559,310,157,-353,-597,151,-444,60,651,-219,515,240,-476,0,0
0,20,504,-567,310,153,-353,-601,153,-447,57,651,-218,503,241,-477,0,0
0,21,504,-563,301,156,-357,-598,152,-441,58,651,-219,510,238,-476,0,0
0,22,507,-561,301,159,-359,-597,158,-438,61,651,-219,516,238,-475,0,-1
0,23,505,-563,308,158,-356,-598,163,-436,59,651,-217,512,239,-479,-1,0
0,24,505,-564,312,155,-355,-596,152,-443,57,651,-218,512,238,-482,0,-1
0,25,508,-565,311,156,-355,-594,152,-449,59,651,-219,513,238,-478,-1,0
0,26,505,-563,313,156,-354,-594,179,-435,61,651,-221,513,239,-477,0,0
0,27,503,-561,314,155,-354,-596,177,-433,59,651,-221,513,239,-480,-1,0
0,28,507,-568,312,155,-356,-601,144,-459,54,651,-219,506,239,-479,0,0
0,29,508,-569,312,156,-356,-605,157,-451,55,651,-218,510,239,-480,0,0
0,30,508,-563,310,157,-354,-604,200,-408,62,651,-225,528,239,-479,0,0
0,31,510,-561,310,157,-352,-597,197,-404,61,651,-232,535,239,-476,0,0
0,32,509,-565,311,158,-354,-594,172,-430,58,651,-231,530,239,-475,0,0
0,33,511,-567,314,160,-359,-600,176,-418,59,651,-230,529,239,-476,0,0
0,34,509,-563,317,159,-355,-601,184,-397,58,651,-230,532,239,-477,0,0
0,35,502,-562,312,154,-350,-597,170,-430,57,651,-229,528,239,-476,0,0
0,36,503,-565,306,155,-353,-598,160,-466,58,651,-229,526,239,-477,0,0
0,37,511,-565,311,159,-355,-614,175,-444,58,651,-229,528,239,-476,0,0
1,38,510,-566,313,158,-354,-622,189,-421,58,651,-229,531,239,-476,0,0
1,39,506,-574,300,156,-353,-607,182,-434,59,651,-229,531,239,-478,0,0
1,40,507,-573,302,157,-353,-599,187,-420,62,651,-229,525,239,-477,0,0
1,41,506,-564,314,160,-354,-617,196,-396,62,651,-229,526,239,-474,0,0
1,42,504,-570,309,157,-356,-628,179,-432,59,651,-229,531,239,-473,0,0
1,43,505,-574,306,151,-356,-617,172,-450,59,651,-229,526,239,-472,0,0
1,44,503,-565,312,153,-355,-620,183,-425,61,651,-229,531,239,-472,0,-1
1,45,507,-565,313,159,-354,-626,185,-441,58,651,-229,555,239,-474,0,-1
1,46,512,-568,310,157,-353,-607,205,-453,54,651,-229,567,239,-473,0,0
1,47,509,-558,309,153,-353,-602,216,-432,57,651,-229,560,239,-472,0,0
1,48,504,-563,308,155,-353,-623,170,-466,60,651,-229,558,239,-477,0,0
1,49,507,-571,313,157,-355,-618,153,-488,61,651,-229,561,239,-479,0,0
1,50,508,-559,314,157,-357,-602,207,-423,63,651,-231,567,239,-472,0,0
1,51,507,-542,309,157,-355,-608,233,-385,62,651,-231,584,239,-469,0,0
1,52,508,-542,309,158,-353,-613,201,-418,61,651,-231,590,238,-474,0,0
1,53,509,-556,310,157,-356,-615,190,-441,61,651,-231,577,240,-476,-1,0
1,54,506,-556,311,156,-354,-629,207,-443,61,651,-231,571,238,-472,-1,0
1,55,502,-540,309,157,-352,-632,195,-465,61,651,-231,571,232,-473,-1,0
1,56,504,-534,310,156,-354,-623,171,-483,61,651,-231,567,230,-474,-1,0
1,57,507,-539,315,154,-354,-627,194,-455,61,651,-231,568,233,-472,-1,0
1,58,505,-536,313,157,-352,-633,223,-414,61,651,-231,576,234,-475,-1,0
1,59,504,-533,308,158,-355,-632,199,-433,61,651,-231,574,231,-476,-1,0
1,60,510,-535,308,157,-357,-629,179,-479,61,651,-231,564,235,-473,-1,0
1,61,512,-536,310,158,-353,-623,201,-478,61,651,-231,562,242,-475,-1,0
1,62,505,-537,309,158,-353,-619,207,-464,61,651,-231,566,243,-478,-1,0
1,63,502,-541,311,154,-356,-622,189,-477,61,651,-231,567,240,-473,-1,-1
1,64,508,-551,309,153,-356,-630,179,-504,61,651,-231,561,241,-476,-1,-1
1,65,509,-552,310,157,-358,-635,177,-507,61,651,-231,559,241,-481,-1,-1
1,66,504,-540,312,157,-357,-635,181,-487,61,651,-231,565,240,-474,-1,-1
1,67,505,-541,301,157,-352,-631,194,-479,61,651,-231,570,240,-474,-1,-1
1,68,508,-548,300,154,-353,-626,210,-478,61,651,-231,570,240,-478,-1,-1
1,69,512,-543,311,150,-355,-626,206,-471,61,651,-231,569,240,-477,-1,-1
1,70,514,-539,312,153,-352,-627,188,-483,61,651,-231,569,240,-479,-1,-1
1,71,504,-538,306,156,-353,-625,190,-497,61,651,-231,569,240,-482,-1,-1
1,72,500,-539,303,154,-357,-624,211,-469,61,651,-231,572,240,-476,-1,-1
1,73,506,-542,304,154,-355,-627,209,-462,62,651,-231,571,240,-483,-1,-1
1,74,505,-539,308,155,-352,-624,200,-495,63,651,-231,566,240,-491,-1,-1
1,75,504,-533,312,155,-355,-622,211,-494,63,651,-231,566,240,-479,-1,-1
1,76,507,-537,310,157,-355,-628,204,-478,63,651,-231,565,240,-476,-1,-1
1,77,506,-544,303,158,-353,-617,189,-497,64,651,-231,561,240,-481,-1,-1
1,78,508,-541,299,157,-353,-603,199,-515,62,651,-231,560,240,-475,-1,-1
1,79,509,-533,311,155,-354,-614,212,-510,59,651,-231,560,240,-473,-1,-1
1,80,504,-532,319,155,-352,-629,210,-502,62,651,-231,560,240,-482,-1,-1
1,81,507,-540,309,157,-352,-621,211,-508,63,651,-231,562,240,-481,-1,-1
1,82,513,-541,307,158,-355,-609,212,-523,59,651,-231,561,240,-473,-1,-1
1,83,509,-538,313,155,-359,-615,194,-540,58,651,-231,559,240,-481,-1,-1
1,84,505,-542,307,153,-359,-627,191,-541,63,651,-231,565,240,-487,-1,-1
1,85,507,-540,311,154,-357,-631,214,-534,65,651,-231,572,240,-478,-1,-1
1,86,507,-534,320,156,-354,-628,214,-532,65,651,-231,571,240,-478,-1,-1
1,87,505,-537,314,155,-354,-629,189,-539,64,651,-231,571,240,-488,0,-1
1,88,505,-538,307,153,-356,-630,195,-533,62,651,-231,571,240,-487,-1,-1
1,89,505,-534,310,155,-355,-624,224,-505,62,651,-231,570,240,-475,0,-1
1,90,504,-536,314,157,-352,-624,217,-509,62,651,-231,565,240,-477,0,-1
1,91,504,-534,311,154,-354,-626,197,-545,63,651,-231,561,240,-490,0,0
1,92,506,-530,311,151,-356,-624,202,-544,63,651,-231,563,240,-491,0,-1
1,93,507,-533,313,154,-353,-623,213,-527,63,651,-231,566,240,-483,0,-1
1,94,506,-533,312,160,-353,-626,217,-534,62,651,-231,563,240,-477,0,0
1,95,506,-529,312,158,-355,-625,214,-544,61,651,-231,564,240,-481,0,0
1,96,510,-530,313,155,-353,-623,200,-542,61,651,-231,567,240,-487,0,0
1,97,512,-534,313,155,-356,-625,198,-538,62,651,-231,564,240,-489,0,0
1,98,506,-534,307,156,-357,-626,215,-535,61,651,-231,562,240,-481,0,0
1,99,502,-527,309,157,-354,-628,221,-534,60,651,-231,564,240,-475,0,0
1,100,508,-524,309,158,-354,-632,223,-532,63,651,-231,568,240,-478,0,0
1,101,511,-530,305,155,-357,-626,231,-529,63,651,-231,568,240,-477,0,0
1,102,505,-531,307,156,-355,-618,227,-528,60,651,-231,567,240,-478,0,0
1,103,504,-530,311,158,-355,-620,216,-526,61,651,-231,568,240,-483,0,0
1,104,506,-533,311,154,-356,-622,219,-512,64,651,-231,567,240,-482,0,0
1,105,507,-521,310,154,-354,-619,224,-501,62,651,-231,561,240,-478,0,0
1,106,509,-504,311,159,-354,-634,221,-517,56,651,-231,562,240,-480,0,0
1,107,508,-514,315,157,-353,-652,221,-534,53,651,-231,562,240,-482,-1,-1
1,108,502,-534,320,155,-355,-638,213,-527,55,651,-231,558,240,-479,-1,-1
1,109,500,-533,313,158,-356,-620,192,-528,59,651,-231,562,240,-485,-1,-1
1,110,503,-527,303,157,-355,-631,189,-538,63,651,-231,565,240,-491,-1,0
1,111,504,-534,308,155,-355,-642,209,-518,60,651,-231,563,240,-483,-1,-1
1,112,504,-531,314,156,-358,-633,218,-500,59,651,-231,572,240,-474,-1,-1
1,113,502,-514,311,153,-354,-625,219,-508,67,651,-231,584,240,-479,-1,0
1,114,501,-517,313,151,-351,-628,230,-511,52,651,-231,577,240,-483,-1,0
1,115,504,-533,313,154,-354,-631,220,-522,33,651,-231,560,240,-482,0,0
1,116,506,-528,311,156,-354,-627,197,-546,44,651,-231,557,240,-481,-1,0
1,117,506,-512,311,157,-352,-629,202,-532,59,651,-231,570,240,-479,0,-1
1,118,505,-510,313,157,-355,-648,218,-507,61,651,-231,576,240,-476,0,-1
1,119,506,-520,315,156,-356,-659,211,-525,50,651,-231,566,240,-479,0,-1
1,120,506,-530,317,155,-355,-641,199,-541,39,651,-231,559,240,-485,0,-1
1,121,505,-533,319,155,-355,-626,205,-534,40,651,-231,561,240,-483,0,0
1,122,505,-532,315,155,-353,-631,214,-528,45,651,-231,563,240,-477,0,0
1,123,506,-530,308,156,-352,-638,221,-521,47,651,-231,562,240,-480,-1,0
1,124,507,-527,312,155,-354,-636,231,-510,53,651,-231,560,240,-487,0,-1
1,125,506,-524,313,156,-354,-630,245,-504,60,651,-231,560,240,-483,-1,-1
1,126,506,-529,298,156,-353,-627,247,-506,53,651,-231,560,240,-476,0,-1
1,127,503,-531,298,155,-355,-631,229,-517,42,651,-231,558,240,-485,0,0
1,128,504,-526,314,155,-353,-636,214,-535,37,651,-231,557,240,-491,0,0
1,0,507,-524,313,156,-351,-636,217,-543,35,651,-231,558,240,-482,-1,0
1,1,503,-528,309,157,-351,-634,231,-533,36,651,-231,557,240,-480,0,0
1,2,504,-531,318,158,-353,-633,247,-507,34,651,-231,560,240,-487,0,0
1,3,510,-532,319,157,-355,-637,258,-491,37,651,-231,555,240,-489,0,0
1,4,507,-526,304,157,-355,-635,260,-501,39,651,-231,548,240,-485,0,0
1,5,503,-525,300,159,-352,-620,254,-507,37,651,-231,548,240,-487,0,0
1,6,509,-529,310,156,-352,-617,248,-506,36,651,-231,548,240,-489,0,0
1,7,510,-524,306,155,-356,-626,244,-507,36,651,-231,541,240,-485,0,0
1,8,508,-521,297,159,-356,-625,247,-508,36,651,-231,540,240,-484,0,0
1,9,511,-525,307,159,-353,-622,260,-506,33,651,-231,551,240,-484,0,0
1,10,510,-520,319,154,-353,-627,264,-502,34,651,-231,560,240,-487,0,0
1,11,505,-519,311,156,-353,-628,248,-512,37,651,-231,560,240,-490,0,0
1,12,504,-534,296,159,-356,-626,238,-524,35,651,-231,556,240,-487,0,0
1,13,508,-537,301,156,-357,-630,247,-512,33,651,-231,558,240,-486,0,0
1,14,511,-518,311,153,-354,-632,251,-499,36,651,-231,564,240,-485,0,0
1,15,507,-512,304,156,-353,-627,247,-506,37,651,-231,557,240,-484,0,0
1,16,501,-521,300,158,-356,-620,245,-514,34,651,-231,551,240,-488,0,0
1,17,504,-530,310,158,-354,-624,242,-514,33,651,-231,554,240,-493,0,0
1,18,510,-534,317,156,-352,-636,238,-510,32,651,-231,561,240,-484,0,0
1,19,509,-524,316,155,-353,-634,242,-504,32,651,-231,561,240,-480,0,0
1,20,505,-511,315,156,-353,-626,254,-502,34,651,-231,562,240,-485,0,0
1,21,502,-518,307,155,-353,-629,266,-486,35,651,-231,564,240,-476,0,0
1,22,504,-524,302,154,-357,-617,271,-467,35,651,-231,562,240,-474,0,0
1,23,511,-516,307,156,-356,-606,272,-471,33,651,-231,560,240,-483,0,0
1,24,508,-515,307,158,-353,-621,275,-471,33,651,-231,560,240,-481,0,0
1,25,503,-518,308,158,-354,-619,274,-453,37,651,-231,561,240,-477,0,0
1,26,504,-508,311,157,-355,-600,278,-450,40,651,-231,562,240,-482,0,0
1,27,508,-507,311,156,-355,-611,281,-471,36,651,-231,560,240,-483,0,0
1,28,507,-514,308,155,-355,-635,260,-498,34,651,-231,559,240,-486,0,0
1,29,505,-510,307,157,-353,-629,246,-505,38,651,-231,560,240,-493,0,0
1,30,504,-510,311,158,-355,-609,260,-483,39,651,-231,559,240,-486,0,0
1,31,506,-510,312,158,-356,-607,273,-469,37,651,-231,559,240,-480,0,0
1,32,508,-507,307,156,-354,-609,272,-470,38,651,-231,561,240,-487,0,0
1,33,504,-507,309,153,-352,-606,273,-455,38,651,-231,561,240,-485,0,0
1,34,501,-509,313,155,-355,-613,279,-441,37,651,-231,559,240,-476,0,0
1,35,504,-511,308,159,-357,-628,295,-442,38,651,-231,561,240,-478,0,0
1,36,507,-509,305,157,-355,-623,310,-443,39,651,-231,560,240,-481,0,0
1,37,507,-508,314,154,-354,-620,304,-453,35,651,-231,561,240,-477,0,0
2,38,504,-507,314,156,-356,-636,286,-473,29,651,-231,559,240,-480,0,0
2,39,505,-505,311,159,-356,-636,279,-483,31,651,-231,545,240,-482,0,0
2,40,506,-507,312,158,-353,-630,286,-476,34,651,-231,544,240,-479,0,0
2,41,506,-510,309,158,-357,-637,295,-461,35,651,-231,561,240,-486,0,0
2,42,506,-507,307,158,-359,-631,298,-444,38,651,-231,563,240,-489,0,0
2,43,505,-506,311,155,-352,-617,301,-440,37,651,-231,555,240,-480,0,0
2,44,506,-508,309,155,-355,-621,310,-440,35,651,-231,560,240,-483,0,0
2,45,507,-510,309,158,-361,-626,321,-435,37,651,-231,563,240,-487,0,0
2,46,506,-512,315,159,-355,-622,323,-438,38,651,-231,557,240,-482,-1,0
2,47,506,-510,315,158,-351,-621,309,-446,34,651,-231,558,240,-485,0,0
2,48,506,-507,312,155,-353,-612,300,-446,33,651,-231,563,240,-489,-1,0
2,49,507,-509,315,154,-356,-608,308,-453,34,651,-231,556,240,-491,-1,0
2,50,507,-511,314,157,-356,-614,310,-462,35,651,-231,545,240,-493,-1,0
2,51,507,-509,310,158,-354,-609,301,-473,35,651,-231,551,240,-489,-1,0
2,52,505,-507,309,153,-354,-598,301,-475,35,651,-231,560,240,-484,-1,0
2,53,507,-504,309,152,-357,-602,310,-456,37,651,-231,560,240,-489,-1,0
2,54,509,-506,313,157,-355,-607,305,-454,38,651,-231,555,240,-495,-1,0
2,55,505,-509,310,158,-354,-602,303,-469,36,651,-231,554,240,-487,-1,0
2,56,501,-504,299,156,-358,-597,316,-456,34,651,-231,559,240,-479,-1,0
2,57,503,-504,301,157,-352,-600,326,-426,36,651,-231,562,240,-487,-1,0
2,58,506,-507,311,159,-350,-600,329,-425,36,651,-230,559,240,-493,-1,0
2,59,507,-502,313,159,-356,-594,333,-430,34,651,-230,560,240,-489,-1,0
2,60,507,-500,309,157,-356,-606,336,-421,33,651,-233,563,240,-488,-1,0
2,61,505,-506,307,157,-354,-626,337,-410,35,651,-228,560,240,-488,0,0
2,62,507,-508,308,157,-356,-624,331,-411,37,651,-221,562,240,-485,0,0
2,63,509,-504,310,158,-354,-618,320,-433,37,651,-226,564,240,-484,0,0
2,64,507,-503,310,157,-351,-626,324,-438,35,651,-231,564,240,-485,0,0
2,65,507,-505,315,156,-352,-628,329,-418,34,651,-229,567,240,-487,0,0
2,66,508,-505,319,156,-352,-626,316,-414,34,651,-227,564,240,-486,0,0
2,67,504,-504,310,153,-356,-626,324,-429,35,651,-228,559,240,-483,0,0
2,68,507,-504,303,152,-363,-624,344,-429,36,651,-228,561,240,-490,0,0
2,69,511,-504,311,155,-360,-626,340,-418,35,651,-231,563,240,-488,0,0
2,70,504,-505,313,157,-353,-625,338,-412,33,651,-230,559,240,-474,0,0
2,71,503,-506,309,157,-353,-621,351,-404,46,651,-228,561,240,-478,0,0
2,72,506,-499,310,157,-357,-622,348,-393,59,651,-229,569,240,-481,0,0
2,73,505,-495,313,155,-356,-626,335,-385,51,651,-229,571,242,-478,0,0
2,74,506,-500,311,155,-356,-627,333,-393,46,651,-229,565,242,-484,0,0
2,75,506,-500,306,156,-355,-626,336,-408,55,651,-229,563,240,-478,0,0
2,76,503,-498,305,155,-354,-626,334,-412,50,651,-229,564,240,-477,0,0
2,77,504,-503,310,153,-354,-632,333,-415,31,651,-229,559,241,-489,0,0
2,78,508,-505,311,154,-357,-635,344,-410,36,651,-229,563,242,-487,0,0
2,79,507,-500,298,155,-357,-626,355,-395,52,651,-229,584,246,-478,0,0
2,80,505,-502,302,156,-355,-640,350,-396,58,651,-229,594,250,-483,0,0
2,81,505,-500,314,158,-355,-664,351,-398,59,651,-229,589,251,-483,0,-1
2,82,505,-493,313,156,-356,-652,361,-386,50,651,-229,591,245,-481,0,-1
2,83,504,-500,312,152,-354,-626,355,-393,41,651,-229,594,242,-488,0,-1
2,84,505,-506,312,154,-355,-623,345,-405,53,651,-229,590,248,-485,0,0
2,85,507,-498,309,157,-356,-628,353,-389,63,651,-229,591,249,-481,0,0
2,86,503,-496,307,153,-354,-613,359,-375,54,651,-229,593,240,-489,0,0
2,87,504,-504,310,156,-356,-592,352,-383,53,651,-229,591,239,-487,0,0
2,88,508,-499,309,160,-356,-598,360,-382,61,651,-229,592,242,-479,0,0
2,89,505,-493,305,157,-355,-624,378,-376,59,651,-229,591,240,-483,0,0
2,90,505,-500,308,157,-357,-629,374,-380,59,651,-229,588,239,-479,0,0
2,91,512,-496,313,157,-358,-621,370,-377,58,651,-229,588,240,-476,0,0
2,92,510,-484,309,155,-354,-626,382,-363,53,651,-229,593,240,-481,-1,0
2,93,502,-487,307,157,-353,-628,380,-368,54,651,-229,592,240,-479,0,0
2,94,504,-492,312,156,-354,-622,365,-385,55,651,-229,587,240,-478,0,0
2,95,509,-495,308,154,-356,-625,365,-378,54,651,-229,589,240,-479,0,0
2,96,508,-496,305,155,-356,-628,368,-365,54,651,-229,591,240,-478,0,0
2,97,511,-488,317,156,-353,-623,369,-364,54,651,-229,589,240,-479,0,0
2,98,507,-488,317,158,-353,-620,389,-350,54,651,-229,591,239,-480,0,0
2,99,502,-492,302,159,-357,-623,408,-333,54,651,-229,595,242,-475,0,0
2,100,505,-489,300,158,-357,-624,415,-333,56,651,-229,593,248,-473,0,0
2,101,507,-481,313,159,-353,-622,411,-337,59,651,-229,591,250,-476,0,0
2,102,503,-487,317,158,-353,-624,396,-337,61,651,-229,592,247,-476,0,0
2,103,503,-489,310,156,-355,-627,397,-335,62,651,-229,591,243,-475,0,0
2,104,506,-484,307,157,-353,-625,407,-335,61,651,-229,588,239,-479,0,0
2,105,510,-490,309,157,-353,-628,409,-331,61,651,-229,588,240,-480,0,0
2,106,511,-488,309,157,-356,-632,419,-309,63,651,-229,593,245,-476,0,0
2,107,505,-483,306,157,-357,-627,436,-287,63,651,-229,596,243,-472,0,0
2,108,502,-488,307,154,-357,-624,430,-296,61,651,-229,595,239,-473,0,0
2,109,509,-494,310,154,-354,-627,423,-307,62,651,-229,591,242,-471,0,0
2,110,508,-495,308,157,-352,-630,440,-297,64,651,-229,590,248,-469,0,0
2,111,503,-490,306,157,-355,-630,451,-283,62,651,-229,593,250,-469,-1,0
2,112,504,-483,313,155,-356,-629,441,-281,61,651,-229,592,247,-472,-1,0
2,113,504,-480,315,155,-354,-632,447,-276,63,651,-229,589,242,-475,0,0
2,114,504,-485,309,156,-356,-636,468,-259,65,651,-229,597,243,-472,-1,0
2,115,504,-486,311,155,-355,-633,465,-246,64,651,-229,604,247,-466,-1,0
2,116,505,-481,314,155,-352,-631,452,-246,64,651,-229,597,246,-464,-1,0
2,117,506,-479,311,156,-354,-632,467,-241,65,651,-229,595,248,-469,-1,0
2,118,507,-481,311,155,-357,-629,479,-233,66,651,-229,604,250,-473,-1,0
2,119,506,-488,316,153,-354,-624,472,-232,67,651,-229,605,243,-464,-1,0
2,120,505,-496,317,155,-352,-624,484,-225,67,651,-229,598,242,-461,0,0
2,121,506,-494,310,158,-353,-624,495,-218,66,651,-229,593,254,-468,-1,0
2,122,506,-491,306,154,-354,-627,486,-224,66,651,-229,597,254,-465,0,0
2,123,506,-496,312,150,-353,-629,490,-220,67,651,-229,598,244,-461,0,0
2,124,507,-495,309,153,-354,-624,509,-198,66,651,-229,602,251,-465,0,0
2,125,506,-483,298,158,-358,-619,526,-170,67,651,-229,611,262,-463,0,0
2,126,505,-485,300,157,-356,-625,537,-155,73,651,-229,610,261,-457,0,0
2,127,508,-494,313,155,-354,-631,529,-167,83,651,-229,612,259,-461,0,0
2,128,506,-485,311,157,-356,-631,506,-188,88,651,-229,622,260,-467,0,0
2,0,502,-474,305,159,-356,-622,509,-185,76,651,-229,616,262,-463,0,0
2,1,505,-482,309,159,-354,-608,532,-167,58,651,-229,598,260,-454,0,0
2,2,508,-489,312,158,-356,-613,534,-163,68,651,-229,599,258,-449,0,0
2,3,504,-488,308,155,-355,-623,527,-155,91,651,-229,614,259,-449,0,0
2,4,505,-491,305,155,-353,-614,550,-130,92,651,-229,619,260,-452,0,0
2,5,510,-496,308,155,-354,-598,569,-119,86,651,-229,620,258,-455,0,0
2,6,507,-499,313,155,-353,-603,545,-127,89,651,-229,619,257,-451,0,0
2,7,504,-499,314,155,-352,-625,531,-129,88,651,-229,616,258,-447,0,0
2,8,506,-498,307,156,-355,-625,552,-122,87,651,-229,612,257,-452,0,0
2,9,508,-494,301,161,-357,-607,570,-111,91,651,-229,617,257,-453,0,0
2,10,507,-497,304,161,-355,-610,567,-95,93,651,-229,624,257,-445,0,0
2,11,506,-499,309,157,-355,-629,570,-90,93,651,-229,619,257,-447,0,0
2,12,506,-492,312,154,-357,-628,573,-109,93,651,-229,619,257,-450,0,0
2,13,506,-495,308,155,-357,-622,552,-131,91,651,-229,623,257,-449,0,0
2,14,504,-505,306,156,-354,-629,540,-142,90,651,-229,620,257,-449,0,0
2,15,501,-502,310,158,-353,-626,555,-125,90,651,-229,620,257,-447,-1,0
2,16,505,-499,308,157,-355,-609,567,-106,92,651,-229,619,257,-447,-1,0
2,17,510,-501,302,156,-356,-609,561,-106,90,651,-229,617,257,-450,-1,0
2,18,507,-502,309,160,-355,-613,560,-109,85,651,-229,621,257,-450,-1,0
2,19,506,-502,314,160,-352,-604,564,-116,90,651,-229,624,257,-450,0,0
2,20,510,-500,310,155,-351,-615,565,-116,96,651,-229,621,257,-450,-1,0
2,21,509,-501,311,154,-355,-625,574,-99,91,651,-229,621,257,-448,0,0
2,22,508,-500,313,158,-357,-610,583,-82,85,651,-229,624,257,-443,-1,0
2,23,509,-499,307,159,-354,-609,588,-84,87,651,-229,623,257,-445,0,0
2,24,503,-502,304,158,-354,-618,588,-92,88,651,-229,624,257,-451,-1,0
2,25,502,-504,310,154,-357,-608,590,-86,87,651,-229,621,257,-445,0,0
2,26,508,-501,313,152,-356,-613,597,-66,87,651,-229,621,257,-440,0,0
2,27,507,-498,309,156,-353,-639,596,-55,87,651,-229,625,257,-444,0,0
2,28,506,-498,305,159,-353,-630,589,-78,87,651,-229,614,257,-448,0,0
2,29,509,-497,304,156,-357,-605,590,-96,87,651,-229,605,257,-447,0,0
2,30,509,-501,310,155,-358,-612,598,-87,87,651,-229,618,257,-446,0,0
2,31,506,-498,313,158,-355,-627,597,-75,87,651,-229,626,257,-446,0,0
2,32,506,-492,303,157,-353,-615,596,-66,87,651,-229,622,257,-446,0,0
2,33,502,-498,300,156,-357,-594,596,-62,87,651,-229,627,257,-446,0,0
2,34,503,-492,312,157,-359,-598,580,-76,87,651,-229,632,257,-446,0,0
2,35,507,-480,314,156,-356,-608,565,-92,87,651,-229,624,257,-446,0,0
2,36,508,-486,308,157,-353,-603,569,-85,87,651,-229,622,257,-446,0,0
2,37,505,-496,307,157,-353,-599,574,-81,87,651,-229,626,257,-446,0,0
3,38,505,-494,304,156,-354,-611,571,-99,87,651,-229,623,257,-446,0,0
3,39,508,-489,303,157,-355,-624,568,-124,87,651,-229,604,257,-446,0,0
3,40,506,-496,309,158,-355,-624,567,-119,87,651,-229,598,257,-448,0,0
3,41,502,-496,315,158,-353,-618,564,-98,87,651,-229,615,257,-449,0,-1
3,42,502,-481,314,157,-354,-610,563,-99,87,651,-229,614,257,-449,0,0
3,43,505,-479,311,156,-354,-611,567,-118,87,651,-229,600,257,-452,0,0
3,44,506,-498,312,157,-353,-622,560,-130,87,651,-229,598,257,-450,-1,0
3,45,507,-507,311,157,-354,-624,536,-146,87,651,-229,596,257,-454,-1,0
3,46,506,-495,308,155,-354,-622,524,-161,87,651,-229,589,257,-462,-1,0
3,47,502,-491,307,153,-352,-629,532,-153,87,651,-229,588,257,-458,-1,0
3,48,501,-498,310,155,-354,-633,532,-150,87,651,-229,589,257,-457,-1,0
3,49,505,-500,311,159,-357,-628,524,-160,87,651,-229,590,257,-458,-1,0
3,50,507,-496,310,160,-353,-630,530,-153,87,651,-229,595,257,-454,0,0
3,51,506,-495,305,155,-350,-639,528,-155,87,651,-229,592,257,-456,-1,0
3,52,506,-494,305,154,-355,-642,517,-171,87,651,-229,588,257,-456,0,0
3,53,510,-495,310,157,-358,-630,522,-166,87,651,-229,589,257,-456,-1,0
3,54,509,-492,308,155,-354,-621,537,-151,87,651,-229,592,257,-459,0,0
3,55,505,-484,310,154,-352,-623,540,-150,87,651,-229,589,257,-456,0,0
3,56,508,-483,314,161,-355,-623,533,-150,87,651,-229,588,257,-451,0,0
3,57,510,-484,307,160,-358,-622,532,-150,87,651,-229,594,257,-456,0,0
3,58,507,-487,306,154,-357,-626,534,-158,87,651,-229,587,257,-459,0,0
3,59,506,-493,312,155,-356,-628,537,-142,87,651,-229,576,257,-457,0,0
3,60,507,-489,313,158,-357,-628,537,-123,88,651,-229,585,257,-464,0,0
3,61,507,-475,311,157,-356,-632,534,-148,87,651,-229,597,257,-467,0,0
3,62,506,-476,302,156,-355,-632,534,-170,86,651,-229,590,257,-460,0,0
3,63,503,-484,301,155,-358,-628,535,-141,89,651,-229,586,257,-459,0,0
3,64,502,-483,307,155,-357,-626,538,-124,94,651,-229,594,257,-463,0,0
3,65,506,-483,299,157,-353,-619,535,-153,93,651,-229,594,257,-467,0,0
3,66,506,-480,297,158,-353,-613,526,-165,91,651,-229,592,258,-462,0,0
3,67,506,-480,314,158,-357,-623,526,-155,92,651,-229,595,261,-460,0,0
3,68,510,-481,314,159,-358,-631,533,-147,92,651,-229,595,261,-465,0,0
3,69,508,-477,304,159,-355,-626,536,-138,90,651,-229,594,260,-465,0,0
3,70,502,-481,307,156,-352,-627,531,-132,92,651,-229,594,261,-464,0,0
3,71,505,-490,309,154,-354,-634,529,-144,93,651,-229,594,261,-465,0,-1
3,72,508,-488,310,155,-357,-632,529,-158,90,651,-229,594,260,-468,-1,0
3,73,505,-480,314,156,-356,-630,522,-156,89,651,-229,584,260,-465,0,0
3,74,504,-479,305,155,-352,-635,512,-155,91,651,-229,572,260,-463,-1,-1
3,75,507,-480,300,156,-355,-633,508,-167,90,651,-229,580,260,-470,0,0
3,76,509,-477,311,156,-362,-636,512,-174,90,651,-229,593,260,-470,-1,-1
3,77,509,-476,310,155,-360,-652,509,-176,90,651,-229,594,261,-467,-1,0
3,78,504,-480,298,156,-351,-651,497,-182,90,651,-229,590,262,-464,0,0
3,79,501,-480,302,159,-353,-631,499,-188,88,651,-229,585,264,-457,0,0
3,80,507,-476,316,160,-357,-629,493,-193,88,651,-229,574,262,-456,0,0
3,81,509,-480,316,157,-353,-638,473,-198,87,651,-229,566,259,-463,0,0
3,82,502,-484,309,156,-353,-632,481,-189,86,651,-229,578,260,-470,0,-1
3,83,501,-480,313,159,-357,-626,496,-184,89,651,-229,591,263,-469,0,0
3,84,507,-486,318,155,-354,-632,483,-190,92,651,-229,577,260,-466,0,0
3,85,506,-496,305,150,-353,-634,475,-180,88,651,-229,569,257,-470,0,0
3,86,504,-498,293,154,-361,-630,483,-178,89,651,-229,591,260,-472,0,0
3,87,505,-501,307,158,-364,-622,475,-208,94,651,-229,592,261,-468,0,0
3,88,505,-499,323,155,-357,-615,467,-221,89,651,-229,569,260,-468,0,0
3,89,502,-491,316,155,-354,-616,471,-207,84,651,-229,569,260,-475,0,0
3,90,502,-493,309,159,-356,-625,470,-208,87,651,-229,578,261,-473,0,0
3,91,502,-504,313,157,-354,-631,468,-216,90,651,-229,573,260,-467,0,0
3,92,505,-501,310,155,-354,-627,469,-210,93,651,-229,571,260,-472,0,0
3,93,509,-485,309,159,-358,-618,467,-214,85,651,-229,573,260,-475,0,0
3,94,505,-486,312,158,-357,-605,452,-234,68,651,-229,571,260,-472,0,0
3,95,498,-490,312,154,-354,-595,447,-237,75,651,-230,573,260,-472,0,0
3,96,500,-482,311,153,-357,-602,462,-213,94,651,-229,575,260,-474,0,0
3,97,505,-488,310,157,-356,-619,459,-217,94,651,-228,570,260,-475,-1,0
3,98,507,-494,310,160,-354,-629,439,-245,85,651,-231,573,260,-475,0,0
3,99,508,-483,313,159,-354,-626,445,-231,92,651,-228,589,260,-474,-1,0
3,100,511,-488,317,157,-355,-632,451,-212,95,651,-218,595,260,-473,-1,0
3,101,511,-498,314,157,-355,-639,432,-243,88,651,-218,586,260,-474,-1,0
3,102,509,-488,306,158,-355,-628,430,-254,86,651,-222,587,260,-475,-1,0
3,103,506,-477,305,157,-355,-621,447,-223,88,651,-219,593,260,-476,-1,0
3,104,505,-482,311,156,-354,-626,445,-221,89,651,-217,591,260,-474,-1,0
3,105,507,-490,311,155,-356,-626,436,-242,86,651,-221,588,260,-472,-1,0
3,106,507,-492,312,156,-358,-623,439,-232,87,651,-221,588,260,-476,-1,0
3,107,502,-481,315,152,-356,-627,446,-217,89,651,-220,589,260,-478,-1,0
3,108,502,-471,303,153,-357,-630,444,-226,91,651,-221,591,260,-476,-1,0
3,109,505,-485,294,160,-361,-628,425,-246,89,651,-221,592,260,-476,0,0
3,110,506,-493,308,159,-358,-628,407,-255,87,651,-221,590,260,-478,-1,0
3,111,505,-483,315,152,-352,-629,420,-243,87,651,-221,590,260,-479,0,0
3,112,506,-478,307,154,-354,-625,432,-236,87,651,-221,594,260,-477,0,0
3,113,506,-482,308,156,-355,-621,414,-250,87,651,-221,593,260,-477,0,0
3,114,505,-480,317,155,-352,-624,414,-246,87,651,-221,592,260,-482,0,0
3,115,504,-475,312,158,-354,-625,434,-222,87,651,-221,596,260,-479,0,0
3,116,503,-485,304,158,-354,-618,427,-227,90,651,-221,597,260,-473,0,0
3,117,505,-495,307,156,-353,-623,413,-255,88,651,-221,594,260,-484,0,0
3,118,508,-485,316,155,-355,-626,418,-262,83,651,-221,593,260,-489,0,0
3,119,506,-480,314,155,-354,-612,424,-262,86,651,-221,595,260,-483,0,0
3,120,506,-490,310,158,-352,-610,430,-268,91,651,-221,594,260,-486,0,0
3,121,507,-497,315,159,-355,-619,431,-255,90,651,-221,591,260,-485,0,0
3,122,505,-494,312,158,-356,-619,416,-241,87,651,-221,593,260,-485,0,0
3,123,503,-497,306,159,-355,-621,410,-249,92,651,-221,598,261,-489,0,0
3,124,507,-507,306,159,-357,-627,406,-266,94,651,-221,600,262,-486,0,0
3,125,510,-514,307,157,-356,-626,393,-275,79,651,-221,594,263,-485,0,0
3,126,508,-525,309,157,-353,-622,400,-270,74,651,-221,589,262,-487,0,0
3,127,507,-534,310,157,-353,-637,414,-270,78,651,-221,589,262,-489,0,0
3,128,507,-533,308,154,-353,-654,410,-279,85,651,-221,592,264,-489,0,0
3,0,507,-531,307,155,-352,-651,406,-279,89,651,-221,596,262,-487,0,0
3,1,505,-531,310,158,-352,-634,411,-264,79,651,-221,597,259,-484,0,-1
3,2,504,-532,310,160,-354,-627,413,-255,74,651,-220,594,261,-494,0,-1
3,3,506,-532,313,159,-357,-630,414,-258,83,651,-220,591,263,-499,0,0
3,4,508,-537,313,159,-355,-623,405,-271,96,651,-221,591,260,-491,0,0
3,5,509,-541,302,157,-351,-615,389,-294,87,651,-219,590,257,-500,0,0
3,6,507,-543,299,156,-356,-620,383,-296,68,651,-221,591,260,-507,-1,0
3,7,504,-544,312,156,-359,-623,387,-278,76,651,-227,592,261,-494,-1,0
3,8,503,-540,318,158,-354,-613,386,-281,98,651,-231,592,260,-487,-1,0
3,9,504,-545,308,157,-351,-613,380,-299,84,651,-231,592,260,-494,0,0
3,10,504,-560,307,157,-355,-629,381,-294,61,651,-230,590,261,-498,0,0
3,11,508,-563,316,156,-356,-631,388,-285,81,651,-230,589,261,-493,-1,0
3,12,509,-556,308,155,-356,-620,387,-292,83,651,-229,590,261,-495,0,0
3,13,505,-558,296,156,-353,-621,380,-293,61,651,-229,587,260,-497,-1,0
3,14,503,-562,303,157,-352,-630,379,-289,65,651,-229,585,261,-494,0,0
3,15,505,-564,308,156,-355,-633,374,-302,70,651,-229,592,261,-498,0,0
3,16,507,-565,305,154,-357,-628,362,-322,64,651,-229,585,257,-504,0,0
3,17,508,-561,309,154,-356,-626,355,-325,65,651,-229,574,256,-501,0,0
3,18,508,-560,311,157,-357,-628,357,-320,68,651,-230,585,258,-501,0,0
3,19,504,-560,308,157,-356,-628,358,-329,67,651,-229,596,259,-503,0,0
3,20,505,-548,306,158,-355,-630,354,-327,69,651,-229,592,258,-504,0,0
3,21,506,-535,302,158,-354,-629,360,-308,69,651,-231,591,259,-500,0,0
3,22,504,-535,302,158,-354,-625,366,-302,64,651,-227,597,259,-497,0,0
3,23,505,-539,308,157,-355,-626,359,-309,73,651,-219,596,259,-500,0,0
3,24,507,-539,310,156,-355,-629,349,-309,83,651,-219,594,260,-502,0,0
3,25,506,-536,301,156,-359,-626,352,-307,73,651,-221,598,261,-501,0,0
3,26,505,-533,301,157,-360,-627,355,-302,62,651,-218,604,261,-502,0,0
3,27,507,-531,309,159,-353,-628,355,-290,67,651,-218,608,261,-507,0,0
3,28,506,-524,305,158,-351,-624,356,-291,70,651,-222,613,260,-507,0,0
3,29,504,-510,299,155,-357,-628,348,-307,68,651,-219,620,261,-502,0,0
3,30,507,-507,313,158,-359,-622,336,-315,71,651,-220,627,261,-501,0,0
3,31,506,-513,317,163,-355,-611,335,-309,71,651,-229,625,260,-501,0,0
3,32,506,-507,299,160,-353,-620,342,-303,69,651,-233,616,260,-501,0,0
3,33,506,-498,301,154,-355,-630,342,-305,69,651,-231,618,260,-502,-1,0
3,34,506,-503,320,156,-356,-623,338,-313,68,651,-231,622,262,-503,0,0
3,35,509,-510,313,158,-355,-619,330,-324,67,651,-232,605,259,-504,-1,0
3,36,507,-509,296,157,-353,-624,322,-337,65,651,-231,586,256,-504,-1,0
3,37,502,-508,299,157,-354,-623,321,-341,64,651,-230,589,257,-505,-1,-1
4,38,504,-511,305,158,-357,-624,323,-336,65,651,-231,596,259,-505,-1,0
4,39,509,-511,303,158,-357,-626,327,-333,65,651,-231,596,259,-504,0,-1
4,40,505,-509,307,157,-356,-624,334,-334,64,651,-230,592,259,-509,-1,-1
4,41,502,-506,309,156,-353,-627,337,-327,65,651,-230,588,258,-512,0,0
4,42,503,-507,305,159,-353,-635,338,-318,65,651,-232,592,258,-506,0,0
4,43,505,-511,311,162,-354,-633,338,-331,65,651,-227,595,259,-501,0,0
4,44,509,-512,316,158,-354,-624,325,-357,65,651,-219,590,259,-506,0,0
4,45,509,-509,310,154,-353,-621,315,-370,65,651,-217,591,259,-511,0,0
4,46,505,-508,306,157,-356,-624,318,-365,65,651,-219,594,259,-508,0,0
4,47,503,-508,312,158,-355,-626,321,-358,65,651,-219,592,259,-508,0,0
4,48,505,-504,315,157,-352,-615,326,-351,65,651,-219,590,259,-508,0,0
4,49,505,-500,307,156,-356,-608,329,-347,65,651,-221,589,259,-512,0,0
4,50,504,-505,306,157,-360,-619,325,-351,65,651,-220,587,258,-518,0,0
4,51,505,-508,314,159,-355,-630,324,-356,65,651,-221,586,257,-514,0,0
4,52,507,-504,316,158,-354,-627,323,-361,63,651,-221,587,258,-513,0,0
4,53,509,-503,310,157,-358,-624,307,-376,64,651,-221,588,257,-518,0,0
4,54,507,-499,303,157,-355,-628,289,-394,67,651,-221,585,257,-517,0,0
4,55,505,-488,303,157,-352,-630,296,-389,67,651,-221,588,259,-506,0,0
4,56,507,-481,312,157,-354,-615,306,-377,64,651,-221,589,254,-504,0,0
4,57,506,-482,318,158,-354,-607,293,-381,64,651,-221,575,248,-522,0,0
4,58,505,-480,311,159,-354,-617,288,-388,65,651,-221,566,246,-523,0,0
4,59,505,-473,301,156,-354,-610,304,-382,65,651,-221,574,245,-510,-1,0
4,60,505,-470,306,157,-354,-605,313,-380,65,651,-221,574,251,-518,-1,0
4,61,504,-471,316,158,-354,-623,304,-393,65,652,-221,565,258,-526,-1,0
4,62,505,-473,312,155,-353,-618,295,-397,65,651,-221,564,250,-519,-1,0
4,63,507,-467,303,154,-354,-595,290,-395,65,649,-221,571,246,-521,-1,0
4,64,508,-466,308,156,-356,-600,289,-399,65,650,-221,571,256,-527,-1,0
4,65,503,-474,316,157,-356,-606,291,-396,65,651,-221,567,259,-524,-1,0
4,66,502,-467,311,156,-355,-598,288,-388,65,649,-221,567,259,-521,-1,0
4,67,507,-460,306,158,-355,-599,293,-385,65,648,-221,573,260,-520,0,0
4,68,509,-465,310,161,-353,-600,306,-382,65,648,-221,574,252,-523,-1,0
4,69,503,-464,312,161,-354,-603,305,-373,65,648,-221,570,254,-530,0,0
4,70,502,-460,310,160,-354,-605,288,-379,65,648,-221,569,262,-525,-1,0
4,71,506,-461,311,159,-353,-594,273,-408,63,648,-221,566,258,-525,0,0
4,72,507,-458,308,158,-356,-606,275,-421,62,648,-221,566,255,-533,-1,0
4,73,504,-462,301,159,-356,-625,286,-408,63,648,-221,573,257,-528,0,0
4,74,504,-470,307,158,-355,-608,296,-397,63,648,-221,574,251,-526,0,0
4,75,506,-467,317,159,-356,-604,292,-402,61,648,-221,572,246,-530,0,0
4,76,505,-464,312,159,-356,-621,275,-410,61,648,-221,570,251,-527,0,0
4,77,506,-472,302,159,-352,-616,272,-411,62,648,-221,566,250,-522,0,0
4,78,509,-475,307,159,-352,-605,290,-399,63,648,-221,564,251,-524,0,0
4,79,508,-468,312,159,-355,-602,296,-385,63,648,-221,570,258,-531,0,0
4,80,508,-458,314,159,-355,-601,282,-403,63,648,-221,573,255,-532,0,0
4,81,511,-460,309,159,-356,-611,269,-434,62,648,-221,567,248,-529,0,0
4,82,511,-473,297,159,-355,-617,264,-448,61,648,-221,560,248,-531,0,0
4,83,508,-474,300,158,-355,-598,259,-447,61,648,-221,558,248,-533,-1,0
4,84,507,-463,315,159,-354,-598,252,-447,61,648,-221,561,242,-534,0,0
4,85,506,-457,314,159,-353,-622,243,-448,61,648,-221,561,243,-535,0,0
4,86,505,-463,306,157,-354,-627,243,-441,62,648,-221,558,248,-534,0,0
4,87,502,-472,310,158,-355,-621,248,-444,62,648,-221,560,247,-531,0,0
4,88,503,-475,312,159,-354,-622,246,-453,59,648,-221,561,247,-534,0,0
4,89,506,-473,309,158,-354,-628,254,-444,64,648,-221,559,249,-539,0,0
4,90,505,-472,310,156,-353,-630,258,-445,62,648,-221,559,249,-535,-1,0
4,91,504,-475,309,156,-352,-629,245,-470,41,648,-221,560,250,-534,0,0
4,92,506,-477,313,159,-352,-616,244,-477,41,648,-221,560,249,-538,0,0
4,93,509,-476,311,159,-353,-602,264,-449,62,648,-221,562,245,-538,0,-1
4,94,510,-476,310,156,-355,-604,276,-434,64,648,-221,564,244,-536,-1,-1
4,95,507,-475,315,156,-358,-612,278,-440,52,648,-221,564,248,-538,-1,-1
4,96,505,-473,315,159,-355,-620,279,-437,58,648,-220,562,249,-541,-1,-1
4,97,506,-479,307,159,-352,-622,264,-445,61,648,-221,561,247,-540,-1,0
4,98,509,-481,310,158,-354,-622,247,-462,53,648,-221,561,246,-538,-1,0
4,99,507,-477,311,158,-354,-625,256,-452,54,648,-216,561,247,-536,-1,0
4,100,504,-480,300,157,-353,-616,279,-433,59,648,-215,561,247,-537,-1,0
4,101,504,-480,302,158,-353,-600,280,-436,61,648,-224,561,248,-537,-1,0
4,102,506,-476,311,161,-354,-601,260,-451,59,648,-231,559,249,-535,-1,0
4,103,509,-482,312,160,-356,-606,254,-458,58,648,-229,556,245,-536,-1,0
4,104,510,-487,312,157,-359,-598,268,-454,58,648,-225,559,240,-537,-1,0
4,105,504,-480,313,157,-355,-595,277,-445,60,648,-227,563,242,-534,-1,0
4,106,501,-478,308,158,-352,-599,272,-457,52,648,-228,561,244,-533,-1,0
4,107,506,-479,300,158,-354,-598,270,-478,37,648,-225,557,242,-535,-1,0
4,108,506,-470,299,157,-355,-596,274,-464,32,648,-223,558,246,-534,-1,0
4,109,503,-467,307,156,-355,-596,279,-439,36,648,-226,560,251,-535,-1,0
4,110,504,-473,310,157,-356,-596,285,-439,48,648,-232,560,246,-539,-1,0
4,111,508,-477,306,155,-355,-600,293,-446,59,648,-233,560,245,-538,-1,0
4,112,508,-471,309,156,-353,-598,297,-441,59,648,-218,560,249,-534,-1,0
4,113,505,-469,316,159,-354,-604,298,-438,56,648,-208,564,248,-533,0,0
4,114,502,-471,308,158,-354,-621,291,-440,60,648,-222,558,247,-534,0,0
4,115,503,-471,300,156,-353,-621,279,-442,60,648,-235,549,248,-532,0,0
4,116,507,-467,308,158,-356,-603,280,-442,57,648,-229,554,248,-532,0,0
4,117,508,-464,311,159,-356,-599,290,-443,57,648,-228,562,243,-537,0,0
4,118,505,-459,304,158,-352,-603,289,-446,53,648,-233,561,240,-538,0,0
4,119,505,-448,308,158,-352,-606,288,-445,53,648,-231,560,240,-534,0,0
4,120,506,-443,315,158,-356,-622,291,-439,58,648,-228,563,239,-537,-1,0
4,121,508,-446,309,159,-356,-629,287,-438,59,648,-229,559,239,-542,0,0
4,122,510,-446,308,159,-355,-609,285,-442,56,648,-229,557,240,-537,-1,0
4,123,510,-446,314,158,-355,-592,294,-438,58,648,-229,556,241,-534,0,0
4,124,506,-443,314,158,-356,-593,288,-438,58,648,-229,546,240,-539,0,-1
4,125,506,-438,308,160,-357,-598,272,-447,57,648,-229,547,240,-541,-1,0
4,126,509,-442,309,158,-356,-596,275,-450,58,648,-229,553,240,-538,0,0
4,127,507,-447,315,155,-354,-596,289,-446,46,648,-229,550,240,-538,0,0
4,128,507,-436,311,157,-355,-604,293,-447,30,648,-229,553,240,-541,0,0
4,0,509,-429,305,157,-355,-617,289,-450,27,648,-229,561,240,-543,0,0
4,1,509,-434,310,156,-355,-615,288,-448,40,648,-229,562,240,-540,0,0
4,2,506,-435,312,158,-357,-596,287,-444,53,648,-229,562,240,-536,-1,0
4,3,505,-427,310,161,-355,-589,290,-441,61,648,-229,565,240,-538,0,0
4,4,505,-425,315,161,-354,-593,291,-444,62,648,-229,561,240,-540,0,0
4,5,506,-433,318,161,-355,-592,286,-449,50,648,-229,559,240,-540,0,0
4,6,506,-444,308,161,-355,-588,286,-452,36,648,-229,561,240,-538,0,0
4,7,506,-445,307,160,-356,-599,288,-452,33,648,-229,557,240,-536,0,0
4,8,509,-448,313,160,-356,-618,291,-447,36,648,-229,559,240,-538,0,0
4,9,509,-477,310,160,-353,-616,291,-453,32,648,-229,560,240,-542,0,0
4,10,508,-506,312,159,-355,-594,281,-474,33,648,-229,543,240,-546,0,0
4,11,509,-503,310,158,-355,-588,278,-477,36,648,-229,537,240,-543,0,0
4,12,506,-487,299,158,-352,-600,290,-454,32,648,-229,554,240,-541,0,0
4,13,501,-487,301,158,-352,-604,296,-437,43,648,-229,556,240,-545,0,0
4,14,504,-485,314,158,-354,-599,287,-441,58,648,-229,541,240,-545,0,0
4,15,507,-479,312,158,-354,-605,287,-443,60,648,-229,537,240,-541,0,0
4,16,505,-483,310,158,-355,-619,288,-449,58,648,-229,547,240,-538,0,0
4,17,505,-482,316,159,-355,-620,282,-465,60,648,-229,553,240,-540,0,0
4,18,506,-481,313,157,-353,-612,275,-468,61,648,-229,548,240,-548,0,0
4,19,505,-497,308,157,-355,-622,271,-468,59,648,-229,537,240,-551,0,0
4,20,508,-504,311,157,-356,-629,277,-479,56,648,-229,535,240,-545,0,0
4,21,512,-497,314,156,-353,-609,290,-466,50,648,-229,542,240,-535,0,0
4,22,509,-501,313,157,-351,-594,296,-442,44,648,-229,540,240,-539,0,0
4,23,506,-508,309,158,-355,-606,291,-459,33,648,-229,532,241,-551,0,0
4,24,507,-506,310,157,-360,-625,291,-473,30,648,-229,533,240,-549,0,0
4,25,507,-495,312,156,-357,-629,298,-449,35,648,-229,540,240,-537,0,0
4,26,504,-481,309,157,-352,-622,290,-462,33,648,-229,537,242,-533,-1,0
4,27,505,-469,305,157,-353,-624,271,-509,26,648,-229,535,239,-540,0,0
4,28,508,-462,311,156,-355,-628,273,-506,30,648,-229,542,232,-552,-1,0
4,29,507,-458,309,157,-357,-627,290,-477,31,648,-229,539,229,-554,0,0
4,30,504,-462,295,157,-356,-622,289,-474,30,648,-229,534,229,-544,-1,0
4,31,502,-466,304,154,-353,-619,288,-478,33,648,-229,539,229,-539,0,0
4,32,504,-462,320,159,-353,-622,294,-474,34,648,-229,541,229,-541,-1,0
4,33,503,-462,315,164,-355,-624,286,-477,31,648,-229,535,230,-547,0,0
4,34,506,-453,303,158,-356,-622,283,-477,30,648,-229,534,230,-550,-1,0
4,35,506,-446,303,152,-356,-624,294,-468,31,648,-229,536,230,-547,0,0
4,36,503,-458,308,156,-354,-629,294,-470,30,648,-229,531,230,-545,0,0
4,37,510,-472,313,159,-352,-631,286,-477,29,648,-229,530,230,-543,-1,0
5,38,516,-476,313,156,-358,-628,290,-471,30,648,-229,537,230,-540,0,0
5,39,511,-475,308,156,-362,-627,296,-464,30,648,-229,539,230,-544,0,0
5,40,505,-470,313,155,-354,-625,288,-474,30,648,-229,537,230,-547,0,0
5,41,504,-461,316,155,-353,-626,294,-475,30,648,-229,537,230,-551,0,0
5,42,504,-452,310,155,-361,-627,317,-453,30,648,-229,541,230,-557,0,0
5,43,506,-449,310,155,-359,-621,330,-442,30,648,-229,540,230,-545,0,0
5,44,509,-457,309,155,-353,-619,322,-447,30,648,-229,532,230,-530,0,0
5,45,506,-469,298,156,-355,-630,310,-452,30,648,-229,526,230,-538,0,0
5,46,508,-469,301,154,-357,-636,307,-461,30,648,-229,534,230,-542,0,0
5,47,512,-461,314,155,-354,-622,299,-472,30,648,-229,541,230,-537,0,0
5,48,509,-464,312,160,-355,-617,285,-476,30,648,-229,534,230,-542,0,0
5,49,504,-472,308,161,-357,-619,280,-480,30,648,-229,529,230,-543,0,0
5,50,504,-468,313,162,-357,-604,289,-480,29,648,-229,534,230,-539,0,0
5,51,508,-456,313,161,-356,-608,293,-471,28,648,-229,537,230,-545,0,0
5,52,510,-452,306,158,-355,-626,289,-473,29,648,-229,538,230,-551,0,0
5,53,508,-460,300,157,-353,-612,297,-483,29,648,-230,541,230,-543,0,0
5,54,503,-465,300,159,-353,-591,305,-467,29,648,-230,540,230,-533,0,0
5,55,504,-463,310,156,-354,-596,308,-444,29,648,-227,537,230,-540,0,-1
5,56,509,-465,312,154,-353,-602,311,-455,29,648,-231,534,230,-543,0,-1
5,57,508,-467,309,158,-352,-597,300,-479,29,648,-230,532,230,-539,0,0
5,58,503,-459,312,157,-353,-592,297,-471,29,648,-218,531,230,-541,0,0
5,59,503,-459,309,157,-354,-602,304,-465,29,648,-218,534,230,-543,-1,0
5,60,506,-470,309,162,-352,-615,301,-477,29,648,-231,536,230,-540,0,0
5,61,508,-466,313,163,-356,-609,300,-465,28,648,-233,539,230,-540,0,0
5,62,507,-451,312,158,-362,-607,326,-436,29,648,-227,541,230,-543,0,0
5,63,505,-457,313,157,-358,-623,343,-430,29,648,-230,541,230,-542,-1,0
5,64,507,-466,316,160,-351,-626,326,-443,28,648,-232,541,230,-542,0,0
5,65,509,-460,311,156,-353,-618,323,-445,30,648,-230,536,230,-541,0,0
5,66,508,-458,307,154,-358,-622,340,-428,32,648,-231,530,230,-544,0,0
5,67,506,-466,311,157,-357,-625,338,-423,31,648,-231,529,230,-554,0,0
5,68,505,-474,309,158,-354,-623,321,-440,30,648,-231,531,230,-550,0,0
5,69,503,-471,308,159,-354,-628,318,-449,30,648,-231,531,230,-537,0,0
5,70,507,-461,310,160,-356,-634,314,-443,31,648,-231,530,230,-537,0,0
5,71,509,-457,311,160,-356,-631,303,-449,30,648,-232,529,230,-544,0,0
5,72,505,-462,309,159,-353,-629,310,-451,29,648,-229,532,230,-541,0,0
5,73,507,-463,304,155,-353,-631,324,-434,29,648,-231,532,230,-534,0,0
5,74,513,-461,309,157,-354,-631,323,-445,31,648,-233,525,230,-550,0,0
5,75,512,-467,311,162,-353,-626,316,-470,33,648,-223,523,230,-558,0,0
5,76,505,-467,302,158,-354,-617,321,-455,32,648,-218,527,230,-544,0,0
5,77,503,-457,306,153,-354,-614,332,-439,30,648,-227,532,230,-546,0,0
5,78,504,-455,314,155,-353,-624,327,-468,30,648,-230,525,230,-557,0,0
5,79,504,-462,309,157,-357,-629,316,-483,29,648,-227,507,230,-547,0,0
5,80,505,-464,310,157,-359,-623,320,-454,27,648,-228,514,230,-535,0,0
5,81,506,-470,315,157,-354,-626,321,-453,28,648,-228,528,230,-545,0,0
5,82,507,-473,309,156,-355,-627,309,-472,30,648,-228,516,230,-552,0,-1
5,83,507,-467,308,159,-358,-623,313,-461,30,648,-232,512,230,-550,0,-1
5,84,505,-469,315,160,-353,-628,333,-445,31,648,-230,528,230,-556,0,-1
5,85,504,-472,313,157,-351,-635,334,-443,31,648,-228,530,230,-551,0,-1
5,86,503,-462,305,156,-355,-634,325,-441,30,648,-229,527,230,-542,0,-1
5,87,503,-458,307,157,-356,-627,330,-440,30,648,-229,521,230,-553,0,-1
5,88,508,-463,313,156,-357,-624,340,-443,30,648,-229,508,230,-557,0,-1
5,89,508,-460,312,157,-357,-628,338,-440,30,648,-229,515,230,-546,-1,-1
5,90,501,-459,306,158,-353,-625,326,-458,30,648,-229,530,230,-546,0,-1
5,91,505,-464,306,153,-354,-622,318,-484,30,648,-229,526,230,-549,-1,-1
5,92,510,-464,312,151,-355,-627,329,-483,30,648,-229,524,230,-542,0,0
5,93,508,-463,307,157,-353,-616,334,-477,30,648,-229,530,230,-548,0,-1
5,94,506,-464,301,160,-356,-601,324,-483,30,648,-229,526,230,-552,0,0
5,95,504,-455,305,159,-357,-600,327,-481,30,648,-229,526,230,-540,0,-1
5,96,503,-454,310,159,-354,-599,338,-469,31,648,-229,532,230,-538,0,0
5,97,507,-462,313,157,-357,-609,338,-477,29,648,-229,518,230,-547,0,-1
5,98,507,-464,310,157,-358,-626,337,-499,27,648,-229,511,230,-548,0,0
5,99,502,-459,302,159,-354,-613,331,-502,27,648,-229,526,230,-545,0,0
5,100,504,-455,302,160,-354,-595,327,-487,31,648,-229,528,230,-542,0,0
5,101,508,-455,309,158,-356,-615,345,-473,32,648,-229,517,230,-541,0,0
5,102,505,-459,311,158,-355,-638,355,-468,31,648,-229,525,230,-544,0,0
5,103,508,-465,305,158,-353,-625,338,-477,29,648,-229,533,230,-551,0,0
5,104,507,-462,297,158,-353,-609,331,-487,29,648,-229,526,230,-550,0,0
5,105,503,-456,301,158,-353,-615,340,-478,29,648,-229,526,230,-539,0,0
5,106,504,-457,310,157,-356,-616,338,-470,28,648,-229,531,230,-539,0,0
5,107,508,-461,308,158,-358,-610,329,-481,29,648,-229,528,230,-543,0,0
5,108,508,-466,304,158,-356,-608,338,-490,32,648,-229,529,230,-541,0,0
5,109,506,-470,310,155,-355,-611,356,-466,32,648,-229,528,230,-542,0,0
5,110,505,-474,312,156,-357,-616,358,-447,32,648,-229,526,230,-541,0,0
5,111,507,-473,303,157,-357,-625,354,-456,32,648,-229,525,230,-539,-1,0
5,112,511,-459,299,157,-356,-631,367,-454,32,648,-229,526,230,-542,0,0
5,113,505,-453,304,157,-356,-624,372,-437,32,648,-229,532,230,-542,-1,0
5,114,501,-459,311,157,-358,-613,354,-441,32,648,-229,538,230,-537,-1,0
5,115,507,-457,308,156,-357,-615,352,-452,32,648,-229,533,230,-545,0,0
5,116,508,-458,309,158,-354,-626,368,-444,31,648,-229,532,230,-551,-1,0
5,117,508,-472,314,159,-352,-626,368,-445,29,648,-229,535,230,-544,0,0
5,118,512,-475,309,156,-355,-620,356,-452,28,648,-229,534,230,-543,-1,0
5,119,509,-467,306,158,-355,-624,355,-448,29,648,-229,530,230,-545,0,0
5,120,507,-468,309,159,-353,-625,355,-447,29,648,-229,530,230,-550,-1,0
5,121,511,-471,312,156,-355,-624,347,-450,29,648,-229,528,230,-554,0,0
5,122,508,-467,314,156,-356,-616,359,-451,29,648,-229,527,230,-548,-1,0
5,123,504,-469,311,159,-356,-603,377,-442,29,648,-229,529,230,-545,0,0
5,124,507,-471,308,158,-355,-599,373,-437,29,648,-229,528,230,-544,0,0
5,125,507,-461,317,155,-353,-608,366,-442,28,648,-229,529,230,-545,0,0
5,126,505,-454,316,155,-353,-610,377,-435,28,648,-229,534,230,-548,0,0
5,127,504,-458,301,156,-355,-600,386,-416,29,648,-229,536,230,-548,0,0
5,128,503,-459,301,160,-355,-593,385,-411,28,648,-229,534,230,-537,0,0
5,0,505,-450,312,160,-355,-591,383,-409,28,648,-229,533,230,-535,0,0
5,1,505,-448,311,160,-356,-596,384,-402,33,648,-229,531,230,-543,0,0
5,2,503,-455,309,161,-355,-612,392,-406,34,648,-229,528,230,-548,0,0
5,3,505,-456,313,161,-357,-617,394,-407,30,648,-229,532,230,-548,0,0
5,4,512,-458,313,161,-358,-603,391,-396,29,648,-229,537,230,-538,0,0
5,5,512,-457,309,161,-355,-598,415,-371,32,648,-229,539,230,-534,0,0
5,6,504,-448,311,160,-353,-613,455,-341,32,648,-229,550,229,-538,0,0
5,7,503,-438,309,161,-355,-624,475,-336,31,648,-229,563,229,-535,0,0
5,8,507,-434,299,162,-354,-626,473,-347,32,648,-229,563,230,-534,0,0
5,9,507,-434,302,157,-354,-627,479,-337,32,648,-229,560,229,-536,0,0
5,10,506,-434,308,154,-359,-618,499,-321,33,648,-229,560,229,-536,0,0
5,11,506,-438,303,157,-358,-605,499,-336,34,648,-229,556,238,-537,0,0
5,12,506,-437,304,157,-354,-601,485,-348,36,648,-229,555,246,-539,0,0
5,13,506,-436,307,155,-359,-601,497,-326,37,648,-229,559,245,-538,0,0
5,14,506,-438,309,158,-361,-604,515,-314,36,648,-229,562,244,-531,0,-1
5,15,507,-431,311,158,-353,-611,503,-324,34,648,-229,562,244,-530,0,0
5,16,509,-428,308,158,-350,-607,499,-311,34,648,-229,564,243,-534,0,0
5,17,507,-440,304,162,-354,-596,513,-290,34,648,-229,566,242,-533,-1,0
5,18,506,-444,310,161,-354,-603,504,-305,32,649,-229,560,242,-531,0,0
5,19,508,-431,309,159,-354,-610,502,-310,36,647,-229,556,242,-533,-1,0
5,20,504,-424,298,161,-355,-600,527,-288,39,649,-229,559,243,-535,0,0
5,21,503,-433,306,161,-351,-605,532,-295,36,653,-229,559,243,-534,-1,0
5,22,508,-439,317,157,-352,-624,512,-308,34,654,-229,558,241,-530,-1,0
5,23,510,-443,311,164,-356,-620,510,-307,36,652,-229,561,243,-532,-1,0
5,24,509,-441,305,169,-353,-601,524,-303,36,654,-229,561,243,-534,-1,0
5,25,504,-432,309,160,-351,-598,534,-281,31,656,-229,559,235,-531,-1,0
5,26,502,-430,313,155,-358,-603,539,-255,40,654,-229,564,234,-531,-1,0
5,27,510,-430,310,158,-358,-600,539,-246,51,655,-229,565,243,-534,0,0
5,28,512,-431,309,158,-353,-604,532,-246,50,655,-229,566,244,-532,-1,0
5,29,504,-429,311,154,-355,-607,537,-245,52,652,-229,571,240,-529,0,0
5,30,505,-425,311,156,-359,-598,550,-246,59,649,-229,572,240,-529,-1,0
5,31,510,-424,309,159,-357,-596,551,-240,59,649,-229,570,241,-532,0,0
5,32,506,-425,312,159,-357,-600,550,-226,58,650,-229,570,240,-530,0,0
5,33,505,-425,309,158,-356,-598,562,-231,62,649,-229,569,240,-528,0,0
5,34,509,-422,300,156,-353,-596,569,-236,59,649,-229,565,240,-529,0,0
5,35,505,-418,303,156,-354,-595,564,-223,58,650,-229,562,240,-530,0,0
5,36,504,-416,313,159,-358,-595,566,-210,58,650,-229,564,240,-531,0,0
5,37,508,-419,314,160,-357,-599,563,-220,58,650,-229,567,240,-531,0,0
6,38,508,-418,306,158,-356,-601,560,-217,60,650,-229,570,240,-530,0,-1
6,39,507,-417,302,159,-356,-596,587,-186,63,650,-229,570,240,-530,0,0
6,40,506,-426,303,159,-355,-596,594,-171,65,650,-229,572,240,-532,0,0
6,41,505,-429,311,157,-356,-599,568,-197,65,650,-229,575,240,-525,0,0
6,42,505,-422,316,157,-356,-597,562,-212,66,650,-229,570,240,-526,0,0
6,43,507,-425,307,157,-353,-597,568,-195,67,650,-229,570,241,-529,0,-1
6,44,506,-430,305,158,-353,-598,575,-182,67,650,-229,586,247,-519,0,0
6,45,502,-425,311,160,-355,-594,592,-175,66,650,-229,595,250,-520,0,-1
6,46,503,-425,311,161,-354,-590,591,-159,67,650,-229,587,245,-519,-1,0
6,47,506,-433,304,157,-353,-595,582,-163,68,650,-229,585,237,-513,0,0
6,48,505,-432,306,156,-353,-602,587,-178,68,650,-229,590,238,-520,-1,0
6,49,503,-426,315,157,-355,-598,578,-167,67,650,-229,590,243,-519,-1,-1
6,50,503,-431,316,158,-357,-604,575,-153,70,650,-229,592,243,-515,-1,-1
6,51,503,-440,309,159,-358,-616,582,-157,71,650,-229,592,242,-517,0,-1
6,52,507,-440,308,158,-357,-605,570,-162,66,650,-229,590,244,-516,-1,-1
6,53,509,-436,310,155,-356,-588,572,-170,75,650,-229,589,242,-509,-1,0
6,54,506,-435,301,156,-354,-594,593,-168,91,650,-229,589,242,-514,0,-1
6,55,506,-437,302,159,-353,-607,586,-160,90,650,-229,592,248,-521,-1,0
6,56,509,-442,309,158,-356,-602,581,-153,84,650,-229,587,249,-517,0,0
6,57,506,-443,304,155,-358,-598,597,-135,89,650,-229,581,242,-509,0,0
6,58,501,-439,303,158,-356,-599,602,-114,92,650,-229,587,241,-504,0,0
6,59,505,-440,304,160,-354,-585,599,-107,91,650,-229,594,249,-510,0,0
6,60,508,-441,300,156,-356,-577,601,-100,95,650,-229,592,253,-505,0,0
6,61,503,-435,308,159,-358,-582,601,-96,96,650,-229,591,250,-500,0,0
6,62,502,-437,313,164,-355,-581,600,-94,94,649,-229,593,248,-504,0,0
6,63,507,-441,302,160,-355,-582,606,-87,93,649,-229,595,250,-500,0,0
6,64,508,-441,306,160,-357,-595,602,-89,95,650,-229,594,250,-497,0,0
6,65,507,-444,317,164,-356,-602,602,-86,98,650,-229,591,245,-504,0,0
6,66,510,-443,308,158,-356,-597,618,-65,100,649,-229,591,243,-501,0,0
6,67,507,-436,301,155,-358,-596,630,-57,99,651,-229,598,247,-493,0,0
6,68,504,-438,308,158,-355,-592,625,-65,99,655,-229,600,248,-498,0,0
6,69,511,-439,312,161,-352,-581,625,-64,100,653,-229,597,245,-496,0,0
6,70,515,-431,310,162,-353,-572,627,-57,99,649,-229,595,246,-487,0,0
6,71,508,-436,309,162,-352,-567,620,-68,99,649,-229,594,244,-492,-1,-1
6,72,506,-438,309,157,-353,-573,622,-88,99,652,-229,593,249,-499,0,0
6,73,510,-429,312,156,-357,-591,619,-99,99,651,-229,593,259,-496,0,0
6,74,508,-435,306,157,-355,-604,609,-96,99,651,-229,592,253,-498,-1,0
6,75,502,-447,300,157,-352,-602,615,-86,99,651,-229,591,251,-502,0,0
6,76,504,-443,305,156,-354,-589,627,-81,99,651,-229,595,258,-497,-1,0
6,77,506,-441,311,156,-357,-579,626,-90,99,651,-229,596,253,-496,-1,0
6,78,505,-446,306,158,-356,-582,622,-99,99,651,-229,591,244,-502,-1,0
6,79,506,-443,308,158,-354,-595,622,-78,99,651,-229,589,242,-498,0,0
6,80,508,-439,316,156,-354,-601,624,-59,99,651,-229,590,244,-493,-1,0
6,81,507,-440,310,158,-356,-603,620,-79,99,650,-229,592,253,-497,0,0
6,82,504,-445,309,160,-356,-601,604,-100,99,649,-229,593,262,-498,-1,0
6,83,506,-443,314,158,-353,-598,597,-89,99,649,-229,592,257,-495,0,0
6,84,509,-435,312,156,-353,-603,601,-78,100,650,-229,597,257,-495,0,0
6,85,511,-429,308,159,-357,-604,605,-91,99,649,-229,602,261,-497,0,0
6,86,508,-425,306,159,-358,-593,615,-98,97,649,-229,595,257,-495,0,0
6,87,506,-424,306,155,-353,-590,627,-82,96,650,-229,594,260,-493,0,0
6,88,509,-427,316,154,-351,-595,626,-74,95,650,-229,601,263,-495,0,0
6,89,509,-429,316,157,-355,-591,619,-80,95,650,-229,598,252,-497,0,0
6,90,507,-430,297,156,-356,-591,621,-73,98,650,-229,593,248,-495,0,0
6,91,504,-429,300,155,-354,-596,626,-56,99,650,-229,600,258,-495,0,0
6,92,501,-424,308,158,-354,-583,623,-57,98,650,-229,608,266,-490,0,0
6,93,506,-423,304,159,-355,-569,613,-79,98,650,-229,605,260,-487,0,0
6,94,505,-426,305,158,-356,-582,620,-82,98,650,-229,598,252,-494,0,0
6,95,502,-421,302,157,-354,-597,622,-68,98,650,-230,600,250,-492,0,0
6,96,507,-414,299,157,-352,-592,606,-82,99,650,-229,600,249,-487,0,0
6,97,508,-417,310,156,-357,-588,611,-98,97,650,-229,601,246,-488,0,0
6,98,504,-420,316,156,-358,-595,626,-71,96,650,-230,610,248,-484,0,0
6,99,507,-417,307,157,-353,-600,615,-52,97,650,-228,608,252,-485,0,0
6,100,507,-418,304,157,-354,-603,595,-86,97,650,-221,606,247,-492,0,0
6,101,503,-418,302,156,-358,-602,597,-97,98,650,-217,618,249,-491,0,0
6,102,507,-417,308,156,-357,-589,614,-63,100,650,-219,627,260,-488,0,0
6,103,507,-418,315,157,-356,-576,629,-61,102,650,-220,616,260,-488,0,0
6,104,501,-418,306,157,-357,-576,615,-93,101,649,-220,606,256,-492,0,0
6,105,505,-413,308,158,-356,-596,596,-99,101,649,-219,603,259,-493,0,0
6,106,507,-420,315,155,-356,-618,614,-83,102,649,-219,597,259,-489,0,0
6,107,502,-425,309,151,-356,-615,626,-89,102,650,-219,599,258,-486,0,0
6,108,505,-418,307,155,-356,-595,606,-98,102,649,-219,602,259,-497,0,0
6,109,507,-425,313,159,-353,-588,595,-96,101,650,-219,602,259,-498,0,0
6,110,503,-433,308,157,-352,-597,599,-93,102,655,-219,600,259,-493,0,0
6,111,502,-419,304,157,-355,-596,608,-93,102,654,-219,596,259,-500,0,0
6,112,505,-412,307,160,-355,-588,621,-85,97,650,-219,599,262,-493,0,0
6,113,504,-420,306,159,-352,-590,627,-75,95,651,-219,606,260,-482,0,0
6,114,502,-419,306,159,-353,-593,625,-81,98,653,-218,608,255,-488,0,0
6,115,505,-412,305,160,-356,-595,624,-91,99,650,-219,604,260,-493,-1,0
6,116,506,-417,300,159,-356,-598,610,-98,98,649,-220,604,259,-493,0,0
6,117,504,-418,300,160,-353,-608,595,-100,99,652,-217,602,251,-493,0,0
6,118,503,-416,311,162,-355,-623,596,-96,100,655,-219,602,255,-490,0,0
6,119,507,-416,317,158,-357,-629,596,-103,99,653,-228,602,261,-485,0,0
6,120,512,-415,311,154,-355,-609,593,-120,99,649,-232,600,260,-486,0,0
6,121,508,-418,307,157,-353,-592,595,-122,99,650,-228,599,256,-489,0,0
6,122,503,-418,310,158,-353,-597,600,-111,99,652,-229,595,251,-494,0,0
6,123,505,-415,307,156,-354,-600,601,-113,99,651,-229,594,253,-493,0,0
6,124,512,-413,306,157,-356,-599,596,-122,97,651,-223,601,260,-489,0,0
6,125,509,-410,309,159,-355,-600,590,-127,98,651,-223,602,255,-488,0,0
6,126,502,-405,305,159,-353,-602,590,-128,99,651,-229,593,244,-488,0,0
6,127,505,-408,303,158,-355,-602,596,-120,97,651,-230,598,247,-491,0,0
6,128,510,-414,307,157,-354,-603,599,-117,100,651,-228,607,257,-494,0,0
6,0,509,-414,308,156,-356,-595,593,-126,101,651,-230,602,261,-491,0,0
6,1,506,-410,308,157,-360,-592,593,-124,97,651,-231,597,259,-495,0,0
6,2,508,-412,307,155,-356,-599,601,-112,107,651,-228,602,258,-497,0,0
6,3,509,-414,307,154,-352,-600,598,-111,113,651,-229,606,259,-486,0,0
6,4,507,-401,312,155,-356,-588,588,-118,102,651,-229,604,257,-490,0,0
6,5,505,-395,309,158,-356,-580,595,-120,93,651,-229,605,257,-501,0,0
6,6,506,-412,305,159,-354,-586,591,-123,97,651,-229,607,259,-497,0,0
6,7,505,-411,312,159,-357,-587,572,-124,109,651,-229,604,260,-494,0,0
6,8,506,-398,313,158,-356,-585,572,-127,111,651,-229,603,260,-495,-1,-1
6,9,509,-405,307,159,-356,-591,583,-138,110,651,-229,605,260,-494,0,-1
6,10,507,-407,309,160,-361,-595,576,-145,119,651,-229,604,260,-496,-1,0
6,11,504,-396,309,159,-360,-595,565,-150,121,651,-229,601,260,-497,-1,0
6,12,506,-389,310,157,-353,-594,575,-149,114,651,-229,605,261,-491,-1,0
6,13,506,-394,313,156,-352,-579,595,-128,116,651,-229,605,260,-486,-1,0
6,14,505,-405,312,156,-358,-565,591,-124,126,651,-229,600,259,-495,-1,-1
6,15,503,-407,310,156,-358,-575,566,-148,118,651,-229,602,263,-503,-1,0
6,16,504,-404,306,157,-353,-583,556,-153,98,651,-229,603,258,-497,-1,0
6,17,508,-406,305,157,-353,-572,563,-149,102,651,-229,597,249,-496,-1,-1
6,18,511,-401,314,157,-355,-570,564,-161,120,651,-229,599,253,-501,-1,-1
6,19,511,-390,313,157,-355,-586,569,-153,111,651,-229,605,260,-498,-1,0
6,20,506,-398,294,157,-358,-601,572,-139,92,651,-229,599,258,-494,0,0
6,21,504,-399,297,157,-362,-598,563,-163,100,651,-229,590,259,-497,0,0
6,22,504,-392,316,157,-359,-587,557,-191,102,651,-229,590,261,-504,0,0
6,23,505,-409,316,157,-357,-586,557,-189,95,651,-229,591,256,-505,0,0
6,24,507,-419,307,157,-356,-595,560,-180,114,651,-229,591,256,-502,0,0
6,25,506,-404,309,157,-353,-600,564,-178,123,651,-229,592,260,-503,0,0
6,26,505,-401,309,157,-354,-596,568,-177,109,651,-229,593,259,-501,0,0
6,27,507,-407,307,157,-357,-591,562,-182,98,652,-229,592,259,-495,0,0
6,28,506,-404,306,157,-357,-592,546,-188,98,651,-229,592,258,-494,0,0
6,29,501,-402,305,157,-355,-593,535,-186,106,649,-229,594,257,-497,0,0
6,30,506,-404,312,157,-354,-595,536,-189,110,650,-229,594,258,-499,0,0
6,31,510,-400,318,157,-356,-597,538,-201,102,651,-229,593,258,-498,0,0
6,32,511,-393,315,157,-357,-584,535,-208,98,650,-229,592,257,-499,-1,0
6,33,515,-397,315,158,-360,-573,537,-204,100,649,-229,592,258,-500,0,0
6,34,512,-405,311,160,-359,-586,534,-206,97,650,-229,592,257,-500,0,0
6,35,504,-402,303,161,-357,-597,523,-224,105,650,-229,590,251,-503,-1,0
6,36,510,-395,305,160,-356,-592,526,-230,117,649,-229,590,249,-504,0,0
6,37,514,-402,313,160,-356,-596,536,-219,117,649,-229,593,249,-501,-1,0
7,38,505,-407,307,161,-356,-602,533,-217,118,650,-229,593,246,-502,-1,0
7,39,504,-395,305,158,-356,-598,531,-217,117,650,-229,591,252,-506,-1,0
7,40,508,-387,313,155,-355,-581,537,-207,100,650,-229,592,263,-504,-1,0
7,41,507,-393,310,158,-354,-574,538,-207,94,650,-229,593,260,-502,-1,0
7,42,507,-390,305,161,-355,-587,533,-215,103,650,-229,594,250,-504,-1,0
7,43,503,-386,308,161,-357,-585,534,-217,101,650,-229,598,248,-503,-1,0
7,44,498,-396,314,160,-356,-576,535,-227,96,650,-229,597,250,-500,-1,0
7,45,504,-399,315,162,-355,-589,520,-235,98,650,-229,592,249,-499,-1,0
7,46,507,-393,309,160,-354,-600,507,-226,97,650,-229,590,246,-501,-1,0
7,47,502,-392,307,160,-355,-589,520,-213,97,650,-229,591,250,-504,-1,0
7,48,505,-391,315,165,-355,-590,533,-216,98,650,-229,591,258,-503,0,0
7,49,511,-385,316,162,-356,-596,531,-220,96,650,-229,590,260,-500,0,0
7,50,507,-388,307,158,-355,-580,538,-210,95,650,-229,594,255,-498,0,0
7,51,507,-390,303,159,-355,-575,532,-213,99,650,-229,599,248,-502,0,0
7,52,512,-384,310,157,-356,-583,504,-245,101,650,-229,597,247,-504,0,0
7,53,509,-385,312,156,-356,-580,500,-249,96,650,-229,592,260,-501,0,0
7,54,502,-390,306,157,-354,-569,514,-227,94,650,-229,593,262,-501,0,0
7,55,506,-389,309,158,-353,-568,506,-246,96,650,-229,594,246,-504,0,0
7,56,509,-394,318,157,-354,-578,498,-277,97,650,-229,591,247,-503,-1,0
7,57,504,-398,317,156,-355,-588,505,-267,96,650,-229,591,261,-502,0,0
7,58,503,-394,312,156,-355,-596,504,-259,96,650,-229,592,260,-503,0,0
7,59,507,-392,313,157,-352,-596,499,-265,97,650,-229,593,251,-501,0,0
7,60,507,-396,313,160,-353,-583,505,-252,97,650,-229,594,254,-500,-1,0
7,61,504,-391,308,158,-357,-577,512,-240,97,650,-229,593,258,-501,0,0
7,62,505,-382,308,158,-357,-586,511,-244,97,650,-229,593,258,-499,0,0
7,63,508,-382,311,159,-354,-596,509,-244,97,650,-229,594,259,-498,0,0
7,64,507,-388,310,159,-354,-593,512,-244,97,650,-229,593,259,-501,0,0
7,65,510,-392,310,158,-353,-589,511,-248,97,650,-229,592,258,-501,-1,0
7,66,513,-390,312,159,-352,-591,504,-243,97,650,-229,592,259,-500,0,0
7,67,509,-385,311,158,-355,-593,500,-238,97,650,-229,592,262,-502,-1,0
7,68,510,-388,311,156,-356,-588,503,-246,97,650,-229,595,260,-503,0,0
7,69,512,-389,313,158,-354,-574,503,-256,97,650,-229,598,257,-503,-1,0
7,70,505,-384,311,158,-353,-564,500,-251,97,650,-229,592,260,-505,-1,0
7,71,501,-385,310,157,-355,-567,519,-241,97,650,-229,587,262,-504,-1,0
7,72,508,-389,313,158,-355,-581,534,-245,97,650,-229,592,253,-505,0,0
7,73,510,-387,312,159,-356,-580,519,-249,97,650,-229,594,247,-505,-1,0
7,74,508,-387,307,158,-359,-573,506,-245,97,650,-229,590,251,-501,0,0
7,75,505,-387,308,157,-359,-582,514,-251,97,650,-229,590,252,-499,0,-1
7,76,504,-386,315,158,-358,-588,515,-267,97,650,-229,591,248,-501,-1,0
7,77,506,-386,315,159,-358,-585,494,-286,97,650,-229,589,248,-501,0,0
7,78,505,-390,313,159,-357,-594,484,-299,97,650,-229,590,251,-502,-1,0
7,79,503,-388,309,158,-355,-600,494,-281,97,650,-229,593,249,-504,-1,0
7,80,504,-383,305,157,-356,-595,505,-255,97,650,-229,592,247,-504,-1,0
7,81,505,-386,309,157,-355,-598,519,-252,97,650,-229,588,256,-502,-1,0
7,82,508,-388,317,158,-355,-603,526,-247,97,650,-229,590,259,-502,-1,0
7,83,513,-385,314,158,-359,-603,512,-246,97,650,-229,592,250,-503,-1,0
7,84,508,-386,313,157,-356,-603,499,-276,97,650,-229,592,245,-504,-1,0
7,85,503,-385,319,156,-351,-595,500,-299,96,650,-229,593,247,-501,-1,0
7,86,507,-383,314,155,-352,-592,483,-296,95,650,-229,593,253,-499,-1,0
7,87,507,-386,310,157,-354,-595,478,-295,93,650,-229,591,259,-503,-1,0
7,88,505,-387,308,155,-355,-600,498,-295,94,650,-229,592,255,-505,-1,0
7,89,506,-386,297,154,-357,-604,495,-293,94,650,-229,593,248,-505,-1,0
7,90,505,-390,295,159,-357,-606,489,-293,94,650,-229,589,249,-502,-1,0
7,91,505,-391,303,160,-355,-590,505,-279,94,649,-229,594,250,-500,0,0
7,92,506,-390,303,156,-355,-574,511,-270,93,649,-229,593,253,-503,-1,0
7,93,509,-388,305,157,-354,-584,502,-285,94,650,-229,576,260,-504,0,0
7,94,507,-390,307,158,-354,-592,506,-295,94,649,-229,575,261,-501,0,0
7,95,506,-396,302,155,-354,-573,509,-288,91,649,-229,591,260,-504,0,0
7,96,510,-394,309,154,-355,-560,499,-282,89,650,-229,592,260,-505,0,-1
7,97,512,-384,316,156,-354,-571,497,-293,94,653,-229,585,259,-499,0,-1
7,98,506,-382,309,157,-351,-588,504,-295,96,654,-229,588,260,-502,0,-1
7,99,504,-385,306,157,-353,-599,503,-280,92,653,-229,593,262,-504,0,-1
7,100,509,-387,309,158,-356,-597,500,-278,91,653,-229,588,261,-502,-1,0
7,101,509,-391,313,159,-356,-592,499,-297,93,654,-229,589,254,-504,-1,-1
7,102,509,-389,320,160,-355,-599,485,-310,92,653,-229,588,245,-506,-1,0
7,103,506,-386,314,161,-355,-600,475,-307,90,653,-229,577,249,-506,-1,0
7,104,504,-387,304,158,-357,-593,487,-309,90,653,-229,570,257,-505,-1,0
7,105,508,-390,310,154,-358,-592,491,-314,91,653,-229,572,250,-505,-1,-1
7,106,510,-396,311,156,-354,-590,479,-322,90,653,-229,571,248,-504,-1,-1
7,107,504,-398,300,160,-353,-593,469,-332,90,653,-229,569,260,-503,-1,-1
7,108,501,-396,303,158,-355,-599,460,-337,90,653,-229,572,263,-505,-1,-1
7,109,507,-396,313,157,-356,-585,450,-340,90,653,-229,572,252,-505,-1,-1
7,110,509,-396,311,157,-355,-572,461,-339,90,653,-229,566,249,-502,-1,-1
7,111,509,-394,307,155,-355,-587,474,-334,90,653,-229,563,253,-504,-1,-1
7,112,514,-393,310,160,-355,-600,469,-337,90,653,-229,562,249,-505,-1,-1
7,113,516,-388,313,163,-356,-597,465,-343,90,653,-229,562,246,-502,-1,-1
7,114,510,-382,313,155,-355,-586,475,-335,90,653,-229,568,248,-504,-1,0
7,115,504,-390,312,154,-355,-573,480,-324,90,653,-229,572,249,-506,-1,-1
7,116,505,-404,309,163,-356,-576,474,-336,90,653,-229,571,247,-505,0,-1
7,117,506,-411,307,162,-353,-596,470,-336,90,653,-229,572,247,-506,-1,0
7,118,504,-411,311,160,-354,-599,470,-323,90,653,-229,568,247,-504,0,-1
7,119,506,-405,311,162,-355,-588,472,-334,90,654,-229,563,247,-502,0,-1
7,120,508,-398,300,162,-353,-594,473,-349,90,653,-229,567,248,-506,0,0
7,121,506,-398,302,161,-355,-603,473,-339,90,653,-229,569,246,-506,0,0
7,122,506,-396,315,162,-357,-597,467,-325,90,654,-229,563,246,-503,0,0
7,123,511,-395,318,161,-354,-589,453,-339,90,653,-229,563,248,-505,0,0
7,124,508,-393,307,161,-352,-593,450,-355,90,650,-229,569,250,-510,0,0
7,125,502,-390,298,162,-356,-599,464,-339,90,650,-229,570,255,-507,0,0
7,126,504,-394,306,161,-357,-599,478,-317,91,651,-229,571,260,-501,0,0
7,127,509,-398,308,158,-355,-602,475,-330,90,650,-229,572,259,-500,0,0
7,128,507,-391,300,157,-361,-600,467,-342,90,649,-229,572,258,-505,0,0
7,0,508,-382,303,159,-364,-592,471,-320,94,650,-229,571,258,-504,0,0
7,1,516,-388,314,158,-356,-593,474,-324,95,650,-229,572,255,-504,-1,-1
7,2,515,-396,310,155,-349,-593,463,-340,92,649,-229,572,254,-506,0,0
7,3,505,-396,307,158,-358,-578,455,-329,91,650,-229,566,255,-504,0,-1
7,4,503,-398,313,159,-369,-567,455,-330,92,650,-229,560,254,-502,-1,0
7,5,509,-397,311,158,-366,-578,451,-349,91,650,-229,562,256,-505,0,0
7,6,507,-394,307,157,-355,-596,449,-356,92,650,-229,562,253,-506,-1,0
7,7,503,-393,308,157,-354,-598,452,-360,91,650,-229,562,249,-507,-1,0
7,8,504,-396,313,158,-358,-593,443,-366,90,650,-229,563,247,-507,-1,0
7,9,505,-398,312,160,-358,-593,444,-359,92,650,-229,562,247,-503,-1,0
7,10,503,-397,307,159,-355,-593,470,-340,94,650,-229,562,249,-504,-1,0
7,11,505,-398,309,159,-354,-593,472,-333,94,650,-229,565,253,-509,-1,0
7,12,507,-397,315,160,-357,-598,449,-343,93,650,-229,563,251,-506,-1,0
7,13,504,-396,309,158,-358,-600,454,-344,94,650,-229,559,247,-501,-1,0
7,14,503,-398,298,156,-353,-595,462,-339,94,650,-229,559,247,-504,-1,0
7,15,505,-398,305,156,-352,-593,446,-348,93,650,-229,561,247,-506,-1,0
7,16,504,-395,312,157,-356,-597,450,-354,94,650,-229,561,244,-504,0,0
7,17,508,-393,310,158,-356,-597,470,-345,94,650,-229,562,249,-503,-1,0
7,18,513,-396,307,157,-354,-589,461,-347,90,650,-229,562,256,-503,0,0
7,19,506,-398,303,157,-355,-588,446,-357,90,650,-229,560,259,-504,0,0
7,20,504,-396,305,157,-356,-596,448,-365,92,650,-229,561,260,-502,-1,0
7,21,510,-395,308,156,-355,-589,441,-377,91,650,-229,561,260,-500,0,0
7,22,509,-399,308,160,-355,-572,425,-388,87,650,-229,559,256,-504,0,0
7,23,504,-401,306,163,-354,-567,425,-392,88,649,-229,558,260,-508,0,0
7,24,506,-400,303,161,-354,-572,439,-385,89,649,-229,560,263,-507,0,0
7,25,506,-399,299,157,-355,-572,446,-368,88,649,-229,563,250,-504,0,0
7,26,506,-395,309,156,-354,-570,439,-362,89,650,-229,560,248,-507,0,0
7,27,507,-397,316,157,-353,-567,440,-373,86,649,-229,556,259,-511,0,0
7,28,506,-404,308,157,-354,-564,443,-385,88,650,-229,562,254,-507,0,0
7,29,506,-405,311,156,-356,-580,434,-384,89,654,-229,558,241,-505,0,0
7,30,506,-410,316,158,-355,-603,425,-385,72,655,-229,540,245,-506,0,0
7,31,504,-412,310,159,-356,-590,433,-384,75,649,-229,545,255,-504,0,0
7,32,507,-403,309,158,-355,-573,442,-364,89,648,-229,565,258,-502,0,0
7,33,512,-404,312,158,-352,-588,438,-351,80,651,-229,567,262,-504,0,0
7,34,509,-415,309,159,-350,-588,436,-374,75,652,-229,561,260,-503,0,0
7,35,505,-414,306,159,-354,-571,437,-383,74,651,-229,566,250,-503,0,0
7,36,507,-402,309,157,-355,-586,440,-364,71,651,-229,566,250,-505,0,0
7,37,508,-403,306,155,-352,-602,444,-365,80,651,-229,562,254,-503,0,0
8,38,506,-405,303,156,-354,-590,448,-371,83,651,-229,561,249,-499,0,0
8,39,508,-403,307,158,-358,-588,449,-350,75,651,-229,560,249,-498,0,0
8,40,510,-408,313,158,-355,-596,448,-343,76,651,-229,560,260,-504,0,0
8,41,508,-410,309,158,-355,-591,444,-368,82,651,-229,561,261,-509,0,0
8,42,504,-406,297,159,-359,-590,439,-370,83,651,-229,560,250,-505,0,0
8,43,502,-408,300,158,-356,-590,441,-357,88,651,-229,561,241,-504,0,0
8,44,503,-414,310,159,-357,-589,443,-371,84,651,-229,561,249,-507,0,0
8,45,509,-413,310,159,-364,-594,441,-384,81,651,-229,561,261,-503,-1,0
8,46,509,-411,307,157,-362,-589,441,-370,90,651,-229,561,254,-501,0,0
8,47,506,-414,310,156,-356,-567,444,-359,84,651,-229,561,243,-503,-1,0
8,48,508,-413,311,157,-356,-571,445,-368,71,651,-229,559,247,-504,0,0
8,49,511,-413,310,160,-355,-600,444,-368,64,651,-229,562,252,-505,0,0
8,50,505,-413,310,162,-352,-596,445,-355,67,651,-229,562,255,-504,0,0
8,51,504,-414,304,158,-354,-564,446,-353,69,651,-229,551,261,-504,0,0
8,52,508,-416,295,158,-355,-566,453,-357,64,651,-229,549,259,-504,0,0
8,53,504,-417,300,158,-353,-593,461,-350,66,651,-229,561,253,-500,0,0
8,54,501,-417,314,161,-354,-598,459,-340,65,651,-229,563,257,-503,0,0
8,55,505,-416,313,161,-356,-590,456,-346,70,651,-230,558,259,-511,0,0
8,56,504,-416,307,159,-354,-593,460,-350,87,651,-230,562,253,-506,0,0
8,57,503,-416,308,164,-352,-598,455,-345,96,651,-227,565,248,-498,0,0
8,58,508,-415,312,162,-354,-596,440,-365,77,651,-231,561,249,-500,0,0
8,59,509,-410,308,162,-360,-594,441,-381,62,651,-230,559,248,-501,0,0
8,60,504,-409,303,167,-358,-594,450,-369,75,651,-218,557,248,-500,0,0
8,61,502,-410,303,165,-354,-596,446,-365,81,651,-218,557,252,-499,0,0
8,62,509,-402,299,165,-357,-599,443,-373,67,651,-230,561,250,-500,0,0
8,63,510,-397,298,168,-358,-595,443,-372,62,651,-232,549,248,-505,0,0
8,64,506,-403,299,163,-354,-592,432,-376,68,651,-228,540,249,-510,0,0
8,65,507,-407,297,161,-354,-593,421,-389,65,651,-231,547,249,-504,0,0
8,66,506,-407,302,172,-355,-594,431,-386,63,651,-231,547,248,-499,0,0
8,67,506,-401,310,172,-355,-586,443,-375,67,651,-228,540,249,-500,0,0
8,68,509,-397,306,167,-359,-577,435,-378,65,651,-229,540,250,-506,0,0
8,69,507,-408,305,171,-358,-571,421,-385,62,651,-229,542,247,-509,0,0
8,70,503,-412,314,169,-351,-572,423,-387,67,651,-229,541,250,-504,0,0
8,71,505,-397,311,167,-353,-585,438,-376,82,651,-229,539,257,-502,0,0
8,72,509,-394,309,166,-361,-600,450,-357,93,651,-229,542,263,-507,0,0
8,73,508,-400,313,167,-359,-607,454,-344,86,651,-229,555,257,-505,0,-1
8,74,503,-395,307,169,-354,-605,449,-343,70,651,-229,563,247,-497,-1,0
8,75,503,-395,306,166,-357,-588,450,-348,66,651,-229,556,251,-501,0,-1
8,76,511,-400,313,167,-358,-579,453,-358,68,651,-229,557,257,-504,-1,-1
8,77,514,-391,311,195,-353,-580,447,-370,70,651,-229,559,252,-498,0,0
8,78,506,-389,307,224,-353,-583,443,-367,62,651,-229,555,245,-499,-1,0
8,79,506,-402,310,226,-356,-584,446,-355,62,651,-229,556,246,-505,-1,-1
8,80,517,-401,312,252,-352,-580,447,-353,82,651,-229,560,246,-503,-1,-1
8,81,519,-398,309,287,-353,-569,446,-354,83,651,-229,556,243,-501,-1,-1
8,82,509,-404,308,286,-362,-566,450,-350,66,651,-229,551,247,-504,-1,0
8,83,505,-406,310,286,-360,-569,450,-348,74,651,-229,556,257,-502,0,-1
8,84,509,-408,311,294,-353,-562,447,-351,94,651,-229,558,260,-499,-1,-1
8,85,508,-413,312,290,-353,-557,448,-354,91,651,-229,559,256,-502,-1,-1
8,86,506,-413,311,281,-355,-568,449,-352,75,651,-229,554,262,-504,-1,0
8,87,508,-413,309,281,-355,-584,442,-365,72,651,-229,550,265,-501,0,0
8,88,506,-417,306,284,-354,-600,437,-374,64,651,-229,558,247,-499,-1,0
8,89,505,-414,309,289,-353,-601,447,-352,60,651,-229,559,244,-499,-1,0
8,90,506,-415,307,289,-352,-587,450,-343,81,651,-229,547,258,-500,-1,-1
8,91,506,-418,299,282,-353,-580,446,-358,84,652,-229,549,261,-500,-1,-1
8,92,507,-417,303,276,-354,-589,450,-345,69,650,-229,562,256,-500,-1,-1
8,93,506,-417,314,256,-357,-599,453,-329,79,648,-229,559,257,-502,-1,-1
8,94,504,-416,311,230,-356,-600,457,-350,84,651,-229,553,257,-500,-1,-1
8,95,508,-413,307,220,-353,-604,465,-354,69,652,-229,561,259,-500,-1,-1
8,96,513,-412,312,234,-356,-607,462,-332,82,651,-229,562,257,-501,-1,0
8,97,508,-414,312,265,-357,-602,450,-339,88,652,-229,557,249,-500,-1,0
8,98,507,-415,307,286,-353,-599,445,-360,67,652,-229,558,250,-499,-1,0
8,99,508,-411,314,295,-358,-598,446,-355,78,650,-229,562,260,-501,-1,0
8,100,511,-412,311,295,-362,-590,446,-346,97,650,-229,561,262,-501,-1,0
8,101,518,-416,295,292,-353,-589,443,-355,82,651,-229,556,258,-500,-1,-1
8,102,515,-416,301,294,-351,-594,449,-351,80,651,-229,560,258,-499,-2,-1
8,103,503,-411,312,295,-357,-586,466,-334,93,651,-229,559,258,-499,-2,-1
8,104,502,-414,304,292,-357,-576,475,-341,82,651,-229,542,257,-501,-2,-1
8,105,509,-418,307,291,-354,-590,471,-351,62,651,-229,541,258,-502,-2,-1
8,106,505,-414,321,291,-353,-603,470,-327,73,653,-229,559,257,-501,-2,-1
8,107,502,-412,317,292,-352,-595,474,-311,95,651,-229,563,257,-500,-2,-1
8,108,505,-416,306,292,-355,-592,466,-332,93,651,-229,556,260,-499,-2,-1
8,109,507,-416,313,293,-360,-599,455,-343,84,657,-229,561,254,-500,-2,-1
8,110,504,-413,312,292,-357,-595,456,-332,86,649,-229,570,249,-498,-2,-1
8,111,503,-414,295,294,-356,-590,455,-334,88,633,-229,573,256,-497,-2,-1
8,112,508,-415,293,288,-361,-590,446,-355,91,634,-229,568,262,-503,-2,-1
8,113,508,-413,310,281,-359,-594,445,-361,89,638,-229,560,258,-496,-2,-1
8,114,506,-418,316,283,-352,-595,453,-349,87,635,-229,561,257,-482,-2,-1
8,115,507,-413,308,289,-353,-595,455,-353,90,644,-229,568,260,-492,-2,-1
8,116,506,-397,306,292,-356,-598,450,-364,91,657,-229,570,259,-507,-2,-1
8,117,505,-399,307,294,-354,-600,450,-357,89,655,-229,569,262,-502,-2,-1
8,118,506,-415,309,293,-355,-600,451,-346,91,652,-229,571,262,-492,-2,-1
8,119,505,-418,309,289,-354,-596,445,-354,94,654,-229,567,259,-495,-2,-1
8,120,504,-413,305,292,-351,-596,457,-353,93,652,-229,562,258,-499,-2,-1
8,121,504,-414,309,298,-355,-590,482,-321,94,651,-229,565,259,-488,-2,-1
8,122,509,-417,317,298,-357,-576,472,-296,98,654,-229,567,261,-485,-1,-1
8,123,513,-416,314,295,-355,-566,440,-306,100,653,-229,562,262,-491,-1,-1
8,124,507,-418,304,290,-356,-572,426,-320,98,650,-229,560,262,-485,-1,-1
8,125,503,-423,300,289,-357,-588,417,-331,99,648,-229,562,262,-482,-1,-1
8,126,505,-427,306,297,-356,-596,407,-349,99,649,-229,558,263,-498,-1,-1
8,127,507,-426,309,302,-354,-594,408,-357,97,649,-229,555,261,-506,-1,-1
8,128,507,-425,307,298,-355,-589,420,-333,97,649,-229,561,260,-496,-1,-1
8,0,507,-419,309,298,-356,-590,439,-309,98,649,-229,562,261,-489,-1,-1
8,1,508,-424,316,299,-355,-594,436,-333,97,649,-229,558,260,-494,-1,-1
8,2,507,-456,317,298,-355,-596,421,-365,98,649,-229,557,260,-498,-1,-1
8,3,509,-483,313,301,-358,-592,432,-352,98,649,-229,559,261,-497,-1,-1
8,4,511,-483,313,307,-356,-587,448,-334,94,649,-229,559,261,-496,-1,-1
8,5,508,-479,312,303,-352,-594,444,-343,91,649,-229,556,261,-491,-1,-1
8,6,503,-482,306,295,-352,-601,443,-334,93,649,-229,558,261,-485,-1,-1
8,7,509,-480,311,299,-356,-586,447,-319,94,649,-229,560,261,-497,-1,-1
8,8,514,-479,319,299,-356,-575,441,-330,90,649,-229,560,261,-507,-1,0
8,9,508,-483,312,296,-355,-585,439,-337,89,649,-229,560,261,-496,-1,0
8,10,508,-465,308,300,-355,-582,444,-331,91,649,-229,561,261,-496,0,0
8,11,513,-433,316,302,-355,-574,447,-320,93,649,-229,559,261,-507,0,0
8,12,510,-412,315,309,-355,-587,452,-310,93,649,-229,560,261,-494,0,0
8,13,504,-419,308,320,-355,-597,452,-313,93,649,-229,560,261,-479,0,0
8,14,505,-434,307,311,-356,-595,444,-326,92,649,-229,550,261,-491,0,0
8,15,510,-437,310,302,-357,-588,437,-338,97,649,-229,540,261,-498,0,0
8,16,509,-434,315,314,-356,-579,437,-349,98,649,-229,540,261,-494,0,0
8,17,505,-433,311,306,-355,-582,442,-350,99,649,-229,550,261,-490,0,0
8,18,505,-441,303,288,-355,-596,448,-337,109,649,-229,558,261,-485,0,0
8,19,507,-443,308,297,-353,-594,452,-333,112,649,-229,548,261,-487,0,0
8,20,508,-435,305,315,-355,-594,448,-339,102,649,-229,536,261,-494,0,0
8,21,507,-436,300,314,-360,-600,436,-349,96,649,-229,539,261,-499,0,0
8,22,506,-445,306,312,-357,-594,434,-361,97,649,-229,542,261,-495,0,0
8,23,506,-448,305,317,-352,-592,440,-363,95,649,-229,535,261,-488,0,0
8,24,507,-441,302,317,-355,-596,442,-355,93,649,-230,534,261,-490,0,0
8,25,505,-446,304,317,-356,-582,442,-351,95,649,-230,536,261,-490,0,0
8,26,506,-450,304,317,-355,-564,442,-353,95,649,-228,538,261,-483,0,0
8,27,511,-447,303,313,-355,-564,444,-354,96,649,-231,536,261,-487,0,0
8,28,510,-447,306,309,-355,-571,445,-351,98,649,-230,536,261,-499,0,0
8,29,506,-445,308,309,-354,-581,444,-347,100,648,-211,552,261,-494,0,0
8,30,508,-446,304,308,-356,-590,443,-346,101,650,-194,566,261,-482,0,0
8,31,509,-450,301,306,-355,-577,446,-350,100,653,-200,564,261,-484,0,0
8,32,509,-449,307,308,-352,-565,441,-357,100,652,-209,560,261,-486,0,0
8,33,507,-443,309,309,-352,-575,442,-353,100,649,-207,563,261,-482,0,0
8,34,510,-443,304,307,-354,-576,450,-350,100,649,-207,563,261,-487,0,0
8,35,512,-448,303,307,-356,-566,446,-360,100,650,-207,561,261,-488,0,0
8,36,506,-450,304,308,-356,-566,443,-358,101,649,-207,565,261,-487,0,0
8,37,503,-449,302,308,-353,-561,449,-354,100,649,-214,568,261,-493,0,0
9,38,506,-448,303,309,-354,-557,443,-371,100,649,-217,570,261,-495,0,0
9,39,510,-453,306,317,-357,-564,444,-368,101,649,-209,572,261,-485,0,0
9,40,511,-451,306,312,-354,-569,455,-342,99,649,-206,576,261,-483,0,0
9,41,509,-449,310,300,-352,-572,449,-353,95,649,-218,571,261,-487,0,0
9,42,507,-463,311,303,-354,-560,438,-366,94,649,-223,574,261,-480,0,0
9,43,508,-460,310,303,-354,-544,446,-345,97,649,-217,592,261,-478,0,0
9,44,508,-448,308,294,-354,-553,446,-354,97,649,-215,586,261,-485,0,0
9,45,508,-460,307,297,-354,-568,440,-386,96,649,-220,575,261,-488,0,-1
9,46,511,-463,308,301,-354,-578,445,-374,97,649,-216,590,261,-489,0,-1
9,47,508,-451,307,296,-356,-596,449,-345,97,649,-211,590,261,-492,0,-1
9,48,502,-461,310,317,-356,-589,446,-347,97,649,-215,568,261,-491,0,-1
9,49,506,-479,313,368,-352,-579,446,-359,97,649,-217,562,261,-490,0,-1
9,50,511,-470,311,398,-353,-591,446,-357,97,649,-218,564,261,-492,0,-1
9,51,508,-460,311,398,-356,-583,444,-353,97,649,-221,562,260,-488,0,-1
9,52,507,-460,315,401,-354,-572,444,-350,96,649,-218,572,261,-485,0,0
9,53,512,-461,308,415,-351,-583,447,-348,97,649,-216,577,261,-488,0,0
9,54,509,-468,298,417,-352,-578,447,-354,97,649,-222,567,260,-490,0,0
9,55,502,-474,305,407,-356,-574,448,-352,96,649,-218,560,262,-489,0,0
9,56,505,-476,315,406,-354,-591,468,-327,98,649,-208,562,260,-493,0,0
9,57,509,-477,311,413,-353,-602,474,-317,99,649,-214,565,255,-492,0,0
9,58,507,-484,311,413,-354,-591,447,-340,97,649,-217,563,258,-484,0,0
9,59,503,-486,316,413,-354,-578,447,-343,95,649,-209,559,263,-486,0,0
9,60,502,-477,312,414,-352,-578,476,-315,96,649,-210,544,262,-493,0,-1
9,61,506,-476,312,409,-353,-595,461,-317,96,649,-213,537,260,-490,0,-1
9,62,513,-481,315,409,-357,-598,435,-341,95,649,-208,555,260,-487,0,-1
9,63,512,-478,311,414,-357,-577,460,-334,95,649,-208,566,259,-488,0,-1
9,64,503,-478,306,411,-353,-568,481,-315,96,649,-216,559,259,-487,0,-1
9,65,504,-481,310,412,-354,-583,470,-325,96,649,-218,558,261,-485,0,-1
9,66,512,-482,311,416,-356,-599,463,-345,94,649,-210,563,260,-489,0,-1
9,67,511,-478,307,414,-353,-597,471,-335,93,649,-209,562,260,-494,0,-1
9,68,502,-475,311,413,-351,-595,474,-317,95,649,-217,565,261,-488,0,-1
9,69,504,-476,315,414,-355,-600,459,-327,97,649,-219,571,260,-484,0,-1
9,70,511,-476,313,415,-356,-584,457,-339,96,649,-216,572,260,-491,0,-1
9,71,511,-477,310,413,-354,-565,468,-339,93,649,-218,567,260,-493,0,0
9,72,505,-479,311,414,-353,-563,461,-341,93,649,-220,565,260,-487,0,0
9,73,501,-478,310,418,-353,-561,458,-331,94,649,-217,573,260,-484,0,0
9,74,505,-477,311,415,-353,-560,468,-323,93,649,-219,575,260,-489,0,0
9,75,510,-479,313,410,-355,-563,465,-339,93,649,-218,566,260,-490,0,0
9,76,509,-477,311,416,-356,-562,462,-330,94,649,-213,566,260,-497,0,-1
9,77,507,-471,314,420,-356,-570,474,-309,93,649,-218,570,260,-503,0,-1
9,78,506,-473,310,414,-355,-592,479,-330,93,649,-220,564,260,-496,0,-1
9,79,506,-478,306,412,-352,-597,479,-343,97,649,-214,555,260,-495,0,-1
9,80,507,-483,312,416,-354,-592,475,-338,98,649,-216,558,260,-495,0,-1
9,81,510,-481,313,417,-358,-592,466,-345,95,649,-222,560,260,-497,0,-1
9,82,505,-476,305,415,-354,-595,473,-328,96,649,-215,559,260,-504,0,-1
9,83,502,-476,307,415,-350,-594,481,-304,99,649,-210,561,260,-500,0,-1
9,84,506,-468,313,415,-355,-578,476,-325,99,649,-216,561,260,-497,0,-1
9,85,510,-464,308,413,-358,-564,473,-336,98,649,-215,561,260,-501,0,-1
9,86,508,-468,308,412,-352,-562,475,-316,99,649,-208,562,260,-497,0,-1
9,87,503,-465,314,418,-353,-571,474,-325,98,649,-209,554,260,-493,0,-1
9,88,503,-459,312,421,-355,-592,474,-343,98,649,-211,550,260,-495,0,-1
9,89,509,-451,309,418,-353,-595,476,-325,98,649,-209,560,260,-493,0,0
9,90,506,-453,312,417,-354,-576,476,-312,98,649,-210,562,260,-492,0,-1
9,91,503,-459,310,418,-354,-579,473,-333,98,649,-211,545,260,-496,0,-1
9,92,509,-456,302,421,-353,-596,475,-341,99,649,-210,534,260,-496,0,-1
9,93,512,-458,304,420,-355,-596,473,-332,98,649,-210,540,261,-495,0,-1
9,94,511,-465,311,414,-355,-587,468,-334,98,649,-210,542,261,-504,0,-1
9,95,512,-460,315,414,-352,-577,483,-320,99,649,-210,539,260,-503,0,0
9,96,510,-456,312,419,-355,-565,494,-305,98,649,-210,540,262,-493,0,0
9,97,505,-473,301,418,-357,-567,477,-326,95,649,-210,542,261,-496,0,0
9,98,507,-474,301,414,-353,-569,466,-349,94,649,-211,539,252,-500,0,0
9,99,513,-458,311,415,-353,-567,477,-338,96,649,-211,539,249,-497,0,0
9,100,510,-461,312,415,-353,-575,479,-323,96,649,-209,541,249,-497,0,0
9,101,506,-473,308,415,-352,-574,468,-333,95,649,-212,537,247,-501,0,0
9,102,506,-470,303,416,-353,-568,483,-326,96,649,-216,543,253,-490,0,0
9,103,506,-459,301,418,-355,-571,505,-294,95,649,-213,556,263,-480,0,0
9,104,507,-457,313,418,-354,-572,502,-303,96,649,-207,550,262,-494,0,0
9,105,508,-463,322,416,-352,-565,490,-329,96,649,-211,535,257,-505,0,0
9,106,508,-466,308,415,-355,-562,498,-314,95,649,-219,532,259,-500,0,0
9,107,508,-465,302,421,-359,-566,504,-306,96,649,-218,533,260,-493,0,0
9,108,509,-458,317,422,-357,-564,500,-327,97,649,-216,537,260,-494,0,0
9,109,505,-453,318,419,-352,-564,501,-328,95,649,-216,543,259,-498,0,0
9,110,505,-458,307,424,-353,-575,494,-330,94,649,-211,542,258,-501,0,0
9,111,506,-463,305,426,-356,-579,489,-342,97,649,-205,541,259,-498,0,0
9,112,508,-461,309,423,-353,-574,499,-329,97,649,-208,547,259,-495,0,0
9,113,510,-463,306,418,-351,-572,503,-320,97,649,-209,544,258,-500,-1,0
9,114,506,-464,304,416,-353,-569,499,-325,97,649,-208,538,259,-497,-1,0
9,115,503,-462,311,420,-357,-562,495,-324,97,649,-210,547,259,-493,-1,-1
9,116,504,-464,308,421,-355,-560,486,-324,97,649,-211,565,259,-496,-1,-1
9,117,510,-468,305,420,-352,-563,473,-340,95,649,-209,559,259,-501,-1,-1
9,118,512,-458,309,425,-354,-563,476,-349,94,649,-210,544,259,-502,-1,-2
9,119,508,-444,310,425,-354,-567,493,-347,95,649,-211,543,259,-501,-1,-2
9,120,505,-450,305,414,-352,-572,504,-349,96,649,-209,539,259,-495,-1,-2
9,121,507,-464,307,414,-353,-566,507,-354,95,649,-210,544,259,-488,-1,-2
9,122,509,-467,312,423,-355,-559,495,-355,95,649,-216,561,259,-495,-1,-2
9,123,503,-461,311,429,-355,-563,474,-349,96,649,-218,549,259,-503,-1,-1
9,124,502,-463,311,434,-356,-574,480,-335,96,649,-217,532,259,-497,-1,-1
9,125,504,-466,312,429,-358,-579,495,-318,96,649,-219,554,259,-498,-1,-1
9,126,506,-461,311,425,-357,-575,491,-318,96,649,-217,564,259,-504,-1,0
9,127,507,-454,312,429,-354,-569,492,-323,96,649,-211,551,259,-495,-1,0
9,128,505,-452,308,426,-355,-566,507,-304,96,649,-209,553,259,-490,-1,0
9,0,505,-453,303,425,-357,-567,506,-294,96,649,-211,550,259,-497,-1,0
9,1,505,-448,310,427,-356,-564,493,-325,96,649,-210,535,259,-500,-1,0
9,2,508,-454,319,427,-353,-564,486,-346,96,649,-210,537,259,-496,-1,0
9,3,513,-464,312,426,-352,-580,487,-338,96,649,-210,541,259,-497,-1,0
9,4,510,-458,312,425,-353,-598,497,-337,96,649,-210,536,259,-501,-1,0
9,5,508,-454,317,428,-354,-593,506,-332,95,649,-210,544,259,-500,-1,0
9,6,511,-462,310,429,-355,-569,497,-326,96,649,-210,563,259,-500,-1,0
9,7,511,-466,309,425,-355,-559,473,-351,96,649,-210,560,259,-499,-1,0
9,8,507,-465,312,424,-351,-579,465,-373,95,649,-211,540,259,-498,-1,0
9,9,504,-464,310,429,-351,-587,479,-350,94,649,-210,544,259,-499,-1,0
9,10,502,-459,306,426,-356,-569,479,-330,94,649,-209,563,259,-503,-1,0
9,11,503,-458,306,417,-357,-575,474,-334,94,649,-215,563,259,-498,-1,0
9,12,506,-461,308,421,-352,-601,481,-341,94,649,-222,554,259,-491,-1,-1
9,13,503,-461,307,433,-353,-597,478,-352,94,649,-215,549,259,-496,0,-1
9,14,503,-467,304,431,-357,-574,472,-355,94,649,-206,540,259,-503,0,-1
9,15,509,-476,308,427,-356,-573,488,-347,94,649,-214,537,259,-501,0,-1
9,16,512,-477,312,430,-354,-571,502,-334,94,649,-219,550,259,-499,0,-1
9,17,507,-469,306,428,-351,-564,494,-321,94,649,-213,553,259,-500,0,-1
9,18,502,-464,307,426,-352,-567,484,-327,94,649,-215,550,259,-499,0,-1
9,19,505,-472,310,432,-355,-568,476,-350,94,649,-219,556,259,-499,0,-1
9,20,508,-472,310,424,-356,-550,482,-350,94,649,-215,559,259,-501,0,-1
9,21,506,-466,309,416,-353,-531,494,-339,94,649,-212,553,259,-502,0,-1
9,22,503,-474,301,429,-355,-538,491,-347,94,649,-214,554,259,-501,0,-1
9,23,505,-476,298,436,-357,-557,487,-352,94,649,-216,558,259,-498,0,0
9,24,507,-473,310,424,-353,-564,499,-336,94,649,-220,556,259,-495,0,0
9,25,506,-474,317,423,-352,-567,508,-316,94,649,-216,559,259,-494,0,0
9,26,505,-474,309,431,-354,-586,503,-316,94,649,-210,562,259,-497,0,0
9,27,507,-474,300,427,-353,-600,504,-321,94,649,-210,556,259,-502,0,0
9,28,508,-475,300,424,-354,-598,504,-327,94,649,-210,556,259,-500,0,0
9,29,506,-473,311,430,-358,-587,500,-343,94,649,-210,564,259,-497,0,0
9,30,504,-475,315,421,-356,-581,497,-353,94,649,-210,554,259,-499,0,0
9,31,506,-476,306,417,-355,-583,497,-347,94,649,-209,538,259,-499,0,0
9,32,506,-469,307,429,-355,-598,506,-333,94,649,-215,544,259,-500,0,0
9,33,505,-471,312,432,-354,-620,501,-329,94,649,-223,551,259,-500,0,0
9,34,505,-472,310,425,-354,-620,489,-333,94,649,-216,541,259,-500,0,0
9,35,506,-464,309,425,-354,-602,493,-338,94,649,-207,538,259,-501,0,0
9,36,506,-462,310,420,-353,-589,503,-345,94,649,-207,545,259,-501,0,0
9,37,505,-465,310,415,-354,-582,501,-354,94,649,-209,542,259,-499,0,0
