0,123,529,-658,313,-30,-355,-396,263,-242,1759,656,-232,625,258,476,0,0
0,124,524,-655,312,-31,-353,-394,276,-227,1758,657,-232,626,258,476,0,0
0,125,526,-653,307,-32,-353,-397,276,-240,1761,657,-232,626,259,479,0,0
0,126,535,-654,311,-31,-354,-399,277,-247,1759,657,-232,624,260,479,0,0
0,127,537,-655,318,-28,-352,-398,270,-266,1758,657,-232,622,260,475,0,0
0,128,530,-657,316,-30,-351,-396,256,-287,1774,657,-232,622,261,477,0,0
0,0,528,-658,313,-32,-354,-397,258,-280,1779,657,-232,623,260,480,0,0
0,1,531,-655,313,-29,-357,-399,267,-268,1762,657,-232,623,261,479,0,0
0,2,533,-655,312,-28,-354,-398,255,-272,1757,657,-232,625,261,479,0,0
0,3,530,-658,311,-31,-352,-398,247,-279,1766,657,-232,624,260,478,0,0
0,4,528,-657,311,-31,-355,-399,259,-285,1764,657,-232,622,260,478,0,0
0,5,528,-655,312,-30,-355,-398,263,-291,1760,657,-232,623,261,477,0,0
0,6,526,-655,311,-31,-349,-396,259,-285,1764,657,-232,624,260,475,0,0
0,7,524,-655,309,-32,-351,-396,260,-275,1763,657,-232,623,257,476,0,0
0,8,529,-654,312,-31,-357,-397,254,-286,1763,657,-232,621,257,479,0,0
0,9,532,-656,317,-31,-355,-396,239,-312,1763,657,-232,624,259,477,0,0
0,10,527,-656,311,-31,-352,-396,242,-318,1762,655,-232,626,259,476,0,0
0,11,526,-655,305,-31,-354,-396,255,-298,1763,651,-232,624,260,482,0,0
0,12,532,-653,313,-31,-356,-396,261,-284,1762,648,-232,622,261,483,0,0
0,13,533,-653,317,-31,-356,-396,265,-281,1762,649,-232,623,258,478,0,0
0,14,529,-656,311,-31,-355,-397,274,-273,1762,653,-232,624,258,476,0,0
0,15,528,-656,312,-32,-351,-396,282,-260,1762,655,-232,624,261,479,0,0
0,16,528,-656,314,-29,-351,-395,292,-241,1762,655,-232,624,261,480,0,0
0,17,528,-656,312,-28,-355,-397,304,-230,1762,655,-232,624,261,476,0,0
0,18,529,-656,310,-31,-357,-396,300,-242,1762,656,-232,625,261,478,0,0
0,19,528,-659,311,-32,-353,-393,280,-263,1762,655,-232,625,259,479,0,0
0,20,528,-658,312,-30,-352,-396,272,-274,1762,655,-232,623,262,479,0,0
0,21,530,-654,313,-30,-354,-398,275,-272,1762,655,-232,622,259,482,0,0
0,22,531,-653,311,-31,-354,-396,268,-278,1762,655,-232,623,246,481,0,0
0,23,531,-657,308,-31,-353,-396,270,-274,1762,655,-232,624,243,479,0,0
0,24,529,-657,315,-28,-352,-396,291,-249,1762,655,-232,622,257,482,0,0
0,25,529,-653,319,-27,-353,-397,291,-247,1762,655,-232,620,262,481,0,0
0,26,529,-653,314,-30,-354,-396,279,-268,1762,655,-232,623,258,474,0,0
0,27,529,-655,313,-32,-354,-391,285,-275,1762,654,-232,625,259,472,0,0
0,28,529,-657,314,-31,-353,-394,298,-267,1762,653,-232,622,260,480,0,0
0,29,529,-659,313,-32,-352,-399,291,-274,1762,655,-232,621,259,483,0,0
0,30,529,-655,312,-31,-353,-395,279,-287,1762,656,-232,622,258,477,0,0
0,31,529,-654,310,-31,-354,-395,277,-295,1762,653,-232,623,259,482,0,0
0,32,529,-656,312,-31,-354,-398,273,-301,1762,652,-232,621,259,489,0,0
0,33,529,-658,317,-31,-352,-397,271,-296,1762,653,-232,621,259,481,0,0
0,34,528,-658,313,-31,-352,-396,282,-267,1762,653,-232,623,259,472,0,0
0,35,528,-659,310,-31,-353,-397,297,-247,1762,652,-232,622,259,475,0,0
0,36,530,-656,314,-30,-354,-397,293,-256,1762,653,-232,625,259,476,0,0
0,37,530,-652,316,-30,-354,-395,287,-261,1762,653,-232,627,259,476,0,0
0,38,527,-654,317,-29,-353,-397,300,-248,1762,653,-232,624,259,480,0,0
0,39,528,-658,316,-28,-352,-399,315,-240,1762,653,-232,622,259,477,0,0
0,40,529,-657,311,-30,-353,-397,310,-248,1762,652,-232,623,259,478,0,0
0,41,528,-657,311,-30,-354,-395,292,-271,1762,653,-232,623,259,481,0,0
0,42,528,-658,318,-28,-354,-398,289,-283,1762,653,-232,623,259,478,0,0
0,43,531,-656,319,-31,-353,-398,290,-274,1762,651,-232,621,258,476,0,0
0,44,533,-655,314,-31,-352,-394,277,-269,1762,653,-232,621,259,476,0,0
0,45,527,-656,310,-25,-352,-394,272,-278,1762,657,-232,626,260,478,0,0
0,46,524,-656,313,-27,-353,-398,287,-268,1762,657,-232,626,252,480,0,0
0,47,528,-655,314,-30,-353,-399,299,-248,1762,655,-232,621,243,479,0,0
0,48,528,-656,314,-27,-352,-397,303,-253,1762,655,-232,622,247,476,0,0
0,49,528,-656,315,-27,-352,-395,306,-265,1762,655,-232,625,259,480,0,0
0,50,532,-656,313,-31,-354,-396,310,-264,1762,655,-232,624,262,482,0,0
0,51,532,-657,311,-31,-354,-398,301,-273,1762,656,-232,622,258,479,0,0
0,52,530,-654,312,-28,-352,-399,278,-295,1762,657,-232,623,259,479,0,0
0,53,530,-655,313,-28,-352,-398,268,-301,1762,657,-232,622,265,478,0,0
0,54,528,-656,316,-27,-354,-397,282,-284,1762,657,-232,623,257,480,0,0
0,55,528,-654,317,-27,-350,-397,296,-255,1762,657,-232,625,246,482,0,0
0,56,531,-656,306,-31,-349,-399,304,-243,1762,657,-232,626,252,479,0,0
0,57,531,-658,297,-30,-353,-399,307,-258,1762,657,-232,625,260,476,0,0
0,58,528,-656,307,-26,-354,-399,305,-259,1762,657,-232,623,257,476,0,0
0,59,526,-652,318,-28,-353,-397,312,-243,1762,657,-232,622,256,475,0,0
0,60,526,-654,317,-33,-352,-395,326,-242,1762,657,-232,622,260,476,0,0
0,61,527,-656,313,-32,-351,-396,321,-246,1762,657,-232,623,260,477,0,0
0,62,526,-655,310,-28,-352,-399,309,-250,1762,657,-232,624,257,473,0,0
0,63,525,-655,308,-30,-355,-398,302,-273,1762,657,-232,623,250,473,0,0
0,64,528,-655,314,-30,-355,-396,292,-298,1762,657,-232,624,249,477,-1,0
0,65,525,-655,317,-24,-353,-395,287,-301,1762,657,-232,623,261,478,-1,0
0,66,519,-656,312,-24,-353,-397,301,-276,1762,657,-232,622,263,479,-1,0
0,67,526,-656,309,-30,-355,-398,310,-249,1762,657,-232,622,257,478,-1,0
0,68,531,-655,312,-29,-356,-398,301,-253,1762,657,-232,623,259,478,-1,0
0,69,527,-656,315,-27,-355,-397,300,-263,1762,657,-232,623,262,477,-1,0
0,70,528,-656,311,-32,-355,-397,315,-249,1762,657,-232,623,260,477,-1,0
0,71,533,-655,309,-33,-352,-397,330,-235,1762,657,-232,625,259,479,0,0
0,72,531,-657,312,-30,-350,-397,328,-241,1763,657,-232,625,259,481,0,0
0,73,529,-659,317,-30,-354,-397,322,-259,1762,657,-232,623,260,480,0,0
0,74,529,-655,314,-31,-354,-398,324,-250,1762,657,-232,623,258,476,0,-1
0,75,530,-653,306,-31,-352,-398,316,-224,1763,657,-232,623,257,477,0,0
0,76,530,-655,306,-32,-355,-398,300,-254,1762,657,-232,624,257,479,0,0
0,77,527,-656,311,-31,-356,-399,299,-306,1760,657,-232,624,250,478,0,0
0,78,525,-655,315,-29,-354,-397,305,-278,1760,657,-232,623,240,476,0,0
0,79,528,-655,313,-27,-351,-398,309,-233,1761,657,-232,623,247,477,0,0
0,80,531,-656,308,-27,-351,-395,317,-252,1761,657,-232,623,260,478,0,0
0,81,531,-656,309,-28,-353,-392,324,-265,1761,657,-232,623,262,477,0,-1
0,82,529,-655,314,-29,-356,-402,326,-244,1761,657,-232,623,257,478,0,-1
0,83,528,-655,313,-32,-353,-407,324,-247,1761,657,-232,623,258,477,0,-1
0,84,529,-657,310,-33,-351,-399,311,-274,1761,657,-232,623,265,474,0,-1
0,85,529,-656,316,-29,-355,-395,299,-294,1761,657,-232,624,256,472,0,-1
0,86,529,-655,321,-29,-357,-399,298,-295,1761,654,-232,623,247,473,0,-1
0,87,529,-655,317,-30,-353,-398,301,-285,1761,650,-232,623,257,474,0,-1
0,88,529,-656,312,-26,-351,-395,313,-270,1761,653,-232,623,261,472,0,-1
0,89,529,-655,312,-26,-354,-397,323,-252,1761,657,-232,623,257,472,0,-1
0,90,529,-656,315,-29,-355,-397,334,-238,1761,656,-232,623,256,473,0,-1
0,91,529,-656,311,-29,-354,-398,344,-232,1761,657,-232,623,246,474,0,-1
0,92,529,-656,309,-31,-354,-398,341,-231,1761,658,-232,623,243,477,0,-1
0,93,529,-657,312,-34,-353,-397,340,-233,1761,657,-232,625,255,477,0,0
0,94,529,-657,312,-30,-354,-397,339,-246,1761,656,-232,626,255,474,0,0
0,95,529,-656,313,-29,-354,-397,313,-274,1761,657,-232,624,250,473,0,0
0,96,528,-656,316,-30,-353,-396,284,-302,1761,657,-232,623,259,472,0,0
0,97,529,-656,314,-30,-354,-397,290,-312,1761,657,-232,626,263,472,0,0
0,98,528,-656,308,-31,-354,-398,306,-301,1761,657,-232,625,253,473,0,0
0,99,528,-657,312,-32,-353,-396,308,-280,1761,657,-232,621,252,470,0,0
0,100,529,-656,316,-32,-355,-395,311,-270,1761,657,-232,621,258,467,0,0
0,101,530,-655,314,-32,-355,-396,320,-276,1761,657,-232,623,263,473,0,0
0,102,527,-657,312,-31,-352,-397,326,-274,1761,657,-232,621,260,476,-1,0
0,103,528,-657,310,-31,-352,-399,325,-259,1761,657,-232,621,248,471,-1,0
0,104,531,-655,308,-31,-352,-398,315,-262,1761,657,-232,624,249,470,-1,0
0,105,534,-656,310,-31,-353,-396,307,-277,1761,657,-232,624,262,473,-1,0
0,106,531,-657,316,-28,-355,-396,312,-272,1761,657,-232,623,258,474,-1,0
0,107,528,-655,315,-27,-355,-395,321,-258,1761,657,-232,622,243,472,0,-1
0,108,529,-655,309,-31,-354,-395,321,-261,1761,655,-232,622,247,471,-1,-1
0,109,524,-657,310,-32,-354,-395,319,-259,1761,651,-232,623,261,471,0,0
0,110,521,-655,315,-29,-354,-397,324,-243,1761,651,-232,623,264,471,0,-1
0,111,526,-655,315,-29,-355,-399,328,-237,1761,654,-232,622,255,471,0,0
0,112,530,-657,316,-31,-354,-398,326,-240,1761,655,-232,623,248,471,0,0
0,113,526,-658,316,-32,-354,-396,326,-241,1761,655,-232,625,255,470,0,0
0,114,524,-657,312,-32,-357,-396,329,-243,1761,655,-232,625,262,470,0,0
0,115,529,-655,310,-31,-357,-397,315,-257,1761,655,-232,623,257,473,0,0
0,116,527,-653,313,-31,-352,-398,302,-274,1761,655,-232,622,248,473,0,0
0,117,524,-652,312,-32,-352,-400,304,-280,1761,655,-232,622,242,470,0,0
0,118,528,-657,312,-31,-356,-396,303,-280,1761,655,-232,623,246,471,0,0
0,119,524,-659,313,-29,-354,-395,313,-266,1761,655,-232,622,256,474,0,0
0,120,517,-657,314,-29,-352,-404,328,-218,1761,654,-232,624,259,473,0,0
0,121,525,-657,315,-29,-354,-405,315,-203,1761,655,-232,622,252,471,0,0
0,122,532,-659,315,-29,-356,-397,304,-254,1761,657,-232,617,250,469,0,0
0,123,527,-657,315,-30,-353,-396,321,-270,1761,657,-232,619,254,469,0,0
1,124,528,-655,315,-30,-352,-400,329,-225,1761,657,-232,624,257,471,0,-1
1,125,533,-656,313,-31,-354,-398,327,-216,1760,657,-232,623,261,472,0,-1
1,126,529,-657,313,-30,-353,-396,332,-243,1758,657,-232,623,256,470,0,-1
1,127,529,-659,316,-30,-354,-395,320,-254,1757,657,-232,624,244,470,0,-1
1,128,531,-662,314,-31,-354,-394,301,-259,1757,657,-232,624,245,470,0,-1
1,0,529,-660,309,-31,-351,-397,309,-261,1757,657,-232,621,252,468,0,-1
1,1,527,-656,313,-30,-349,-398,325,-239,1757,657,-232,624,254,468,0,-1
1,2,526,-655,318,-28,-354,-397,327,-218,1757,657,-232,625,258,472,0,-1
1,3,529,-656,316,-26,-356,-397,326,-217,1757,657,-232,615,260,472,0,-1
1,4,531,-656,311,-28,-354,-398,334,-217,1757,657,-232,613,250,467,0,-1
1,5,533,-655,311,-30,-352,-398,338,-219,1757,657,-232,623,244,465,0,-1
1,6,533,-656,314,-29,-352,-398,334,-239,1757,657,-232,626,245,471,0,-1
1,7,532,-656,315,-30,-353,-399,324,-258,1757,657,-232,622,247,473,0,-1
1,8,533,-655,312,-32,-353,-399,310,-266,1757,656,-232,618,255,468,0,0
1,9,533,-656,310,-32,-352,-398,301,-271,1757,658,-232,618,264,469,-1,0
1,10,532,-659,313,-32,-351,-397,309,-270,1757,657,-232,622,256,471,0,0
1,11,533,-658,314,-31,-353,-396,325,-253,1757,653,-232,623,245,469,-1,0
1,12,533,-654,315,-31,-357,-397,329,-242,1757,654,-232,621,254,470,-1,0
1,13,533,-656,312,-31,-354,-399,321,-245,1757,658,-232,624,263,468,-1,0
1,14,532,-657,308,-31,-351,-399,320,-247,1757,655,-232,623,252,467,-1,0
1,15,533,-655,313,-31,-354,-396,329,-243,1757,652,-232,618,241,471,-1,0
1,16,533,-654,314,-32,-359,-396,338,-242,1757,654,-232,621,246,473,-1,1
1,17,530,-655,309,-31,-357,-396,338,-240,1757,656,-232,621,252,471,-1,1
1,18,526,-656,314,-29,-353,-395,333,-244,1757,654,-232,621,248,473,-1,1
1,19,527,-656,319,-30,-353,-395,325,-239,1757,655,-232,624,245,474,-1,1
1,20,529,-656,310,-31,-354,-396,335,-203,1757,655,-232,622,251,471,-1,1
1,21,528,-658,309,-29,-356,-397,359,-200,1757,655,-232,619,254,471,-1,1
1,22,528,-660,316,-27,-355,-399,351,-254,1757,655,-232,624,245,472,-1,1
1,23,528,-657,315,-27,-353,-398,323,-271,1757,655,-232,621,244,471,-1,1
1,24,528,-655,313,-30,-354,-398,316,-241,1757,655,-232,616,250,469,-1,0
1,25,528,-655,314,-32,-355,-397,320,-240,1757,655,-232,622,247,470,-1,0
1,26,528,-659,311,-31,-353,-397,326,-245,1757,655,-232,625,248,471,-1,0
1,27,528,-657,308,-31,-352,-397,337,-219,1757,655,-232,622,254,472,0,0
1,28,529,-654,307,-31,-353,-394,337,-216,1757,655,-232,624,249,471,0,0
1,29,531,-656,310,-30,-353,-393,339,-244,1757,655,-232,626,245,470,0,0
1,30,531,-658,316,-30,-353,-397,340,-261,1757,655,-232,621,247,472,0,-1
1,31,531,-657,316,-32,-354,-398,315,-263,1757,655,-232,612,245,474,0,-1
1,32,531,-657,312,-32,-354,-397,304,-263,1757,655,-232,616,251,472,0,-1
1,33,530,-656,312,-26,-353,-394,333,-250,1757,655,-232,619,259,472,0,-1
1,34,531,-654,313,-25,-354,-393,344,-235,1757,655,-232,615,254,471,0,-1
1,35,531,-655,310,-29,-355,-394,325,-241,1757,655,-232,619,253,472,0,-1
1,36,529,-657,309,-30,-353,-393,324,-249,1757,655,-232,622,260,475,0,-1
1,37,527,-656,310,-30,-352,-393,338,-245,1757,655,-232,613,260,473,0,-1
1,38,529,-656,313,-30,-354,-398,341,-253,1757,655,-232,617,252,467,0,-1
1,39,531,-657,316,-29,-354,-398,332,-267,1757,655,-232,629,251,468,0,0
1,40,529,-657,312,-30,-354,-394,326,-265,1757,655,-232,622,249,472,0,0
1,41,528,-657,309,-31,-356,-396,323,-262,1757,655,-232,619,241,471,0,0
1,42,529,-658,313,-29,-356,-398,319,-269,1757,655,-232,627,247,471,0,0
1,43,528,-658,315,-29,-354,-396,331,-260,1757,655,-232,623,256,473,0,0
1,44,528,-658,310,-30,-354,-396,345,-243,1757,655,-232,623,249,472,0,0
1,45,528,-657,310,-29,-354,-396,340,-244,1757,654,-232,626,250,471,0,0
1,46,528,-658,312,-29,-353,-397,330,-250,1757,655,-232,623,258,473,0,0
1,47,528,-658,312,-32,-353,-395,336,-245,1757,655,-232,620,255,475,0,0
1,48,528,-659,313,-31,-354,-394,339,-241,1757,654,-232,622,252,475,-1,0
1,49,528,-656,314,-29,-355,-396,331,-242,1757,655,-232,624,253,476,-1,0
1,50,528,-654,313,-29,-353,-397,342,-237,1757,658,-232,620,246,477,-1,0
1,51,528,-656,314,-30,-352,-396,344,-245,1757,658,-232,619,244,476,-1,0
1,52,528,-657,316,-28,-354,-398,316,-271,1757,657,-232,622,252,473,-1,0
1,53,528,-654,315,-28,-355,-397,297,-280,1757,656,-232,623,254,473,-1,0
1,54,528,-655,315,-30,-354,-395,305,-272,1757,657,-232,623,259,475,-1,0
1,55,528,-657,314,-31,-354,-397,307,-275,1757,657,-232,622,263,475,-1,0
1,56,528,-656,312,-30,-354,-399,297,-297,1757,657,-232,622,258,471,-1,0
1,57,528,-655,310,-28,-352,-397,298,-307,1757,657,-232,623,252,472,-1,0
1,58,529,-658,310,-28,-354,-397,309,-297,1757,657,-232,624,253,474,-1,0
1,59,528,-661,315,-29,-354,-397,319,-289,1757,657,-232,623,261,472,-1,0
1,60,528,-660,317,-32,-352,-397,322,-284,1757,657,-232,623,257,471,-1,0
1,61,530,-654,315,-31,-353,-398,323,-272,1757,655,-232,622,243,472,-1,0
1,62,530,-656,315,-28,-356,-397,322,-268,1756,652,-232,621,238,474,-1,0
1,63,529,-658,313,-29,-354,-395,314,-274,1755,651,-232,622,248,474,-1,0
1,64,528,-654,312,-30,-352,-397,303,-277,1756,654,-232,622,251,474,0,0
1,65,528,-654,312,-31,-353,-397,301,-286,1756,656,-232,621,252,473,0,0
1,66,530,-658,309,-29,-353,-396,309,-296,1756,655,-232,621,254,477,0,0
1,67,532,-658,307,-31,-353,-396,320,-289,1756,655,-232,621,249,481,0,0
1,68,531,-657,311,-28,-354,-397,326,-275,1756,655,-232,622,247,477,0,0
1,69,530,-655,315,-17,-354,-399,328,-263,1756,655,-232,623,254,475,0,0
1,70,531,-653,315,-19,-353,-398,319,-267,1756,655,-232,621,258,474,0,0
1,71,529,-655,313,-30,-353,-398,307,-285,1756,655,-232,621,258,471,0,0
1,72,528,-659,310,-32,-353,-398,301,-297,1755,655,-232,624,256,473,0,0
1,73,529,-656,309,-28,-353,-398,295,-303,1755,655,-232,625,248,475,0,0
1,74,529,-653,311,-33,-354,-398,289,-309,1758,655,-232,621,244,475,1,-1
1,75,527,-656,313,-32,-355,-398,297,-307,1759,656,-232,618,248,477,0,-1
1,76,530,-658,314,-27,-354,-398,298,-302,1759,655,-232,620,255,478,1,-1
1,77,529,-655,312,-30,-354,-398,299,-308,1760,652,-232,624,259,475,1,-1
1,78,523,-654,310,-31,-354,-399,321,-315,1755,651,-232,624,259,474,1,-1
1,79,525,-656,312,-30,-355,-397,326,-297,1752,652,-232,623,254,474,1,-1
1,80,532,-658,315,-29,-353,-398,292,-281,1755,654,-232,622,247,473,1,-1
1,81,532,-656,311,-31,-353,-398,270,-300,1754,654,-232,622,246,473,1,-1
1,82,523,-655,309,-31,-355,-396,284,-320,1752,653,-232,624,260,472,1,-1
1,83,519,-656,314,-30,-350,-398,292,-312,1756,653,-232,624,266,472,1,-1
1,84,526,-657,314,-30,-350,-400,279,-316,1759,653,-232,623,248,476,1,-1
1,85,532,-654,311,-32,-355,-396,272,-340,1758,653,-232,622,244,476,1,-1
1,86,529,-656,314,-31,-356,-393,273,-341,1758,653,-232,622,261,476,1,-1
1,87,527,-660,314,-28,-352,-398,275,-336,1754,653,-232,623,257,477,1,-1
1,88,530,-658,311,-28,-354,-401,280,-349,1753,653,-232,623,247,475,1,-1
1,89,530,-657,313,-30,-357,-399,284,-351,1755,653,-232,622,256,472,1,-1
1,90,527,-658,315,-30,-354,-399,277,-336,1753,653,-232,622,259,472,1,-1
1,91,528,-657,311,-29,-352,-398,271,-331,1751,653,-231,623,246,473,1,-1
1,92,530,-655,309,-31,-351,-396,273,-337,1753,653,-229,624,246,473,1,-1
1,93,532,-655,311,-32,-353,-396,274,-336,1755,653,-228,625,254,474,1,-1
1,94,532,-655,313,-31,-355,-397,274,-332,1755,653,-229,625,249,472,1,-1
1,95,527,-657,314,-31,-354,-397,274,-336,1753,653,-229,624,245,471,0,-1
1,96,529,-657,308,-29,-353,-396,272,-338,1752,652,-228,623,251,474,0,0
1,97,534,-654,304,-28,-353,-397,270,-335,1754,651,-228,622,257,473,0,0
1,98,524,-655,312,-31,-354,-398,273,-338,1753,652,-231,621,260,472,0,0
1,99,517,-656,319,-31,-355,-395,274,-344,1751,656,-231,622,261,475,0,0
1,100,525,-655,313,-28,-356,-393,274,-333,1752,658,-229,622,255,476,0,0
1,101,533,-655,312,-30,-353,-405,288,-316,1754,656,-230,623,250,475,0,0
1,102,531,-655,316,-32,-352,-409,300,-314,1752,655,-233,623,257,474,0,0
1,103,522,-655,313,-30,-354,-398,288,-326,1752,656,-232,624,264,473,0,0
1,104,518,-656,310,-28,-354,-395,273,-343,1756,655,-232,623,258,471,0,0
1,105,526,-658,314,-29,-353,-400,268,-348,1758,655,-232,622,255,470,0,0
1,106,534,-659,314,-30,-354,-399,269,-329,1758,655,-232,623,259,473,0,0
1,107,529,-657,306,-31,-354,-394,275,-308,1757,653,-232,624,259,475,0,0
1,108,529,-655,306,-31,-353,-399,272,-307,1758,653,-232,624,247,472,0,0
1,109,532,-658,312,-30,-353,-403,261,-322,1759,654,-232,626,240,469,0,0
1,110,530,-657,315,-32,-354,-400,256,-337,1755,655,-232,624,251,472,0,0
1,111,529,-649,308,-32,-354,-396,258,-338,1748,654,-232,623,261,474,0,0
1,112,530,-647,304,-28,-353,-397,266,-322,1752,655,-232,625,261,470,0,0
1,113,531,-650,308,-26,-354,-399,278,-317,1757,655,-232,616,255,469,0,0
1,114,530,-655,308,-30,-356,-397,267,-344,1748,655,-232,610,250,474,0,0
1,115,531,-657,311,-29,-352,-397,240,-361,1739,655,-233,620,245,473,0,0
1,116,530,-656,318,-26,-352,-398,239,-348,1739,655,-231,627,242,467,0,0
1,117,520,-657,317,-27,-356,-393,247,-335,1742,655,-229,623,246,469,0,0
1,118,513,-658,314,-29,-355,-397,244,-329,1750,655,-229,623,246,476,0,0
1,119,519,-656,313,-30,-352,-412,241,-330,1755,654,-229,625,247,474,0,0
1,120,529,-654,312,-32,-352,-411,242,-345,1750,655,-229,622,254,471,0,0
1,121,529,-656,308,-30,-353,-395,244,-351,1747,655,-229,622,256,472,-1,0
1,122,527,-656,312,-29,-354,-393,256,-340,1751,653,-229,623,250,472,0,0
1,123,529,-655,314,-32,-353,-399,263,-332,1751,651,-229,623,249,471,-1,0
2,124,529,-655,311,-31,-352,-399,260,-334,1751,652,-229,624,256,472,-1,0
2,125,526,-656,311,-27,-355,-396,257,-345,1753,651,-229,623,255,471,-1,0
2,126,525,-658,314,-29,-357,-395,259,-351,1755,651,-229,623,250,468,-1,0
2,127,527,-658,315,-31,-353,-396,260,-340,1757,655,-232,623,252,467,-1,0
2,128,527,-656,313,-31,-351,-399,255,-333,1753,658,-233,622,259,469,-1,0
2,0,528,-655,311,-30,-354,-398,250,-341,1751,654,-230,622,263,471,-1,0
2,1,530,-658,312,-31,-356,-396,254,-342,1751,652,-229,623,261,471,-1,0
2,2,530,-659,310,-32,-353,-396,267,-334,1745,655,-231,624,251,469,-1,0
2,3,529,-657,310,-31,-354,-397,274,-328,1740,658,-233,623,247,470,-1,0
2,4,529,-655,313,-31,-355,-398,274,-318,1742,658,-232,622,257,471,-1,0
2,5,530,-655,318,-31,-353,-397,279,-305,1744,657,-232,622,263,469,-1,0
2,6,532,-656,316,-31,-353,-395,283,-301,1741,656,-232,623,256,469,-1,0
2,7,531,-656,312,-32,-354,-396,276,-304,1741,657,-232,623,257,470,-1,0
2,8,529,-658,313,-31,-353,-397,279,-301,1742,657,-232,623,262,467,-1,0
2,9,529,-658,311,-31,-352,-398,293,-301,1744,657,-232,623,255,466,-1,0
2,10,527,-656,310,-33,-353,-396,289,-304,1744,657,-232,623,247,465,-1,0
2,11,520,-655,314,-31,-353,-396,269,-304,1743,657,-232,622,253,465,-1,0
2,12,514,-657,317,-28,-353,-397,262,-312,1744,657,-232,623,257,466,-1,0
2,13,519,-657,314,-28,-353,-397,269,-316,1745,657,-232,624,250,467,-1,0
2,14,527,-654,315,-30,-353,-397,278,-306,1743,657,-232,623,251,466,-1,0
2,15,528,-655,317,-30,-354,-396,279,-299,1743,657,-232,622,262,464,-1,0
2,16,530,-657,311,-28,-356,-396,275,-314,1744,657,-232,624,261,464,-1,0
2,17,528,-657,308,-29,-355,-397,273,-331,1741,657,-232,624,258,466,-1,0
2,18,523,-656,313,-30,-352,-398,272,-325,1727,656,-232,621,258,470,-1,0
2,19,526,-657,316,-28,-352,-397,274,-307,1727,656,-232,622,258,468,-1,0
2,20,531,-659,314,-27,-354,-395,281,-306,1749,657,-232,625,261,466,-1,0
2,21,530,-662,314,-28,-355,-398,290,-317,1755,655,-232,623,261,468,-1,0
2,22,527,-658,315,-30,-354,-400,295,-314,1741,652,-232,621,258,471,-1,0
2,23,528,-653,312,-30,-354,-397,286,-307,1739,653,-232,623,257,470,-1,0
2,24,529,-653,310,-30,-354,-395,286,-293,1745,658,-232,623,254,469,-1,0
2,25,529,-657,311,-32,-353,-397,310,-274,1744,659,-232,623,247,465,-1,0
2,26,527,-659,311,-33,-353,-396,325,-269,1742,653,-232,624,248,457,-1,0
2,27,528,-657,310,-29,-353,-395,317,-271,1744,648,-232,622,259,461,-1,0
2,28,531,-656,315,-28,-354,-397,303,-272,1745,653,-232,622,263,469,-1,0
2,29,530,-656,316,-30,-355,-399,292,-282,1739,657,-232,624,257,467,-1,0
2,30,527,-656,313,-29,-354,-397,291,-289,1729,653,-232,623,258,468,-1,0
2,31,526,-656,313,-27,-353,-395,308,-275,1726,653,-232,620,262,473,-1,0
2,32,527,-656,312,-28,-353,-397,324,-254,1732,658,-232,622,258,472,-1,0
2,33,529,-656,313,-28,-357,-398,322,-261,1746,658,-232,624,258,470,-1,0
2,34,529,-657,314,-27,-352,-395,311,-286,1756,655,-232,624,258,469,-1,0
2,35,529,-656,314,-27,-343,-396,315,-275,1754,655,-232,623,249,464,-1,0
2,36,528,-655,314,-28,-350,-401,332,-247,1752,656,-232,622,249,463,-1,0
2,37,528,-659,316,-26,-351,-391,330,-258,1755,655,-232,621,258,466,-1,0
2,38,527,-656,312,-28,-345,-387,304,-297,1753,655,-232,623,254,469,-1,0
2,39,529,-655,307,-32,-350,-397,288,-314,1751,655,-232,625,247,469,-1,0
2,40,526,-659,320,-32,-358,-400,278,-320,1753,655,-232,624,251,469,-1,0
2,41,518,-658,330,-30,-354,-396,266,-332,1754,655,-232,622,254,469,0,0
2,42,524,-655,317,-31,-352,-396,275,-314,1752,656,-232,623,255,470,0,0
2,43,532,-658,309,-33,-356,-401,297,-275,1750,653,-232,623,260,465,0,0
2,44,528,-658,312,-29,-354,-403,305,-274,1755,650,-232,623,263,462,0,0
2,45,524,-653,311,-27,-354,-401,306,-294,1750,653,-232,623,256,464,0,0
2,46,526,-656,310,-29,-354,-396,316,-279,1730,655,-232,623,242,464,0,0
2,47,529,-659,315,-30,-352,-396,328,-248,1728,652,-232,623,243,465,0,0
2,48,529,-656,316,-29,-352,-399,329,-240,1746,651,-232,624,260,465,0,0
2,49,527,-656,311,-30,-353,-396,316,-249,1760,654,-232,624,262,466,0,0
2,50,526,-657,312,-29,-355,-396,303,-280,1752,657,-232,624,254,466,0,0
2,51,531,-658,315,-29,-353,-399,299,-303,1731,656,-232,624,259,463,0,0
2,52,529,-657,313,-32,-351,-395,295,-290,1734,653,-232,623,264,462,0,0
2,53,524,-657,311,-32,-354,-395,293,-270,1748,653,-232,622,254,466,0,0
2,54,527,-657,312,-28,-359,-406,294,-278,1736,654,-232,623,252,466,0,0
2,55,530,-656,313,-29,-357,-407,291,-284,1722,653,-232,624,258,461,0,0
2,56,529,-657,311,-32,-351,-396,294,-263,1732,653,-232,622,254,462,0,0
2,57,527,-658,312,-31,-353,-396,308,-248,1729,655,-232,620,250,466,0,0
2,58,530,-658,314,-28,-354,-400,320,-256,1731,655,-232,621,254,464,0,0
2,59,534,-656,314,-29,-350,-396,319,-262,1754,654,-232,620,252,464,0,0
2,60,530,-654,312,-32,-351,-396,313,-253,1747,655,-232,621,245,465,0,0
2,61,527,-654,313,-31,-355,-400,300,-244,1725,655,-232,623,242,467,1,0
2,62,534,-657,315,-30,-354,-398,282,-247,1730,655,-232,625,243,469,1,0
2,63,524,-657,314,-32,-353,-395,274,-257,1732,654,-232,626,246,465,1,-1
2,64,510,-655,314,-32,-354,-397,276,-261,1729,653,-232,626,244,465,1,-1
2,65,524,-657,316,-30,-354,-397,275,-263,1748,653,-232,624,241,467,1,-1
2,66,527,-659,313,-28,-353,-399,276,-270,1755,653,-232,624,250,460,1,-1
2,67,509,-658,311,-29,-353,-408,287,-259,1731,653,-232,624,254,459,1,-1
2,68,513,-656,312,-31,-354,-406,302,-216,1722,652,-232,622,251,466,1,-1
2,69,532,-656,314,-32,-355,-394,312,-190,1733,652,-232,623,249,463,1,-1
2,70,532,-655,315,-32,-353,-393,306,-199,1727,656,-232,624,246,462,1,-1
2,71,515,-656,316,-32,-352,-400,283,-218,1727,657,-232,622,245,461,1,-1
2,72,516,-656,313,-31,-353,-397,266,-235,1751,653,-232,622,248,451,1,-1
2,73,530,-655,315,-31,-354,-395,254,-242,1754,654,-232,622,248,457,1,-1
2,74,521,-657,319,-31,-353,-398,231,-255,1727,658,-232,621,247,467,1,-1
2,75,509,-656,317,-31,-353,-395,206,-284,1728,656,-232,622,247,463,1,-1
2,76,526,-656,313,-31,-354,-397,201,-297,1748,654,-232,626,244,463,1,-1
2,77,538,-657,314,-31,-353,-408,207,-284,1736,655,-232,625,241,468,1,-1
2,78,527,-656,315,-31,-354,-407,210,-270,1721,655,-232,622,239,467,0,-1
2,79,530,-656,310,-31,-356,-395,219,-257,1730,655,-232,622,240,464,0,-1
2,80,532,-657,307,-31,-356,-393,230,-238,1732,655,-232,623,244,463,0,-1
2,81,527,-656,315,-29,-354,-399,225,-235,1726,655,-232,622,251,460,0,0
2,82,528,-656,316,-30,-353,-397,204,-258,1727,655,-232,622,260,463,0,-1
2,83,526,-656,314,-32,-354,-395,187,-289,1729,655,-232,622,258,463,0,-1
2,84,525,-656,315,-34,-358,-397,179,-298,1729,655,-232,621,250,461,0,-1
2,85,527,-657,314,-33,-355,-396,180,-277,1730,655,-232,623,253,463,0,0
2,86,526,-658,312,-28,-349,-401,195,-260,1730,655,-232,624,261,464,-1,0
2,87,526,-654,313,-28,-350,-408,211,-257,1730,655,-232,621,264,466,-1,0
2,88,526,-653,317,-29,-351,-405,216,-237,1730,655,-232,622,258,468,-1,0
2,89,527,-658,319,-34,-346,-395,215,-218,1730,655,-232,624,244,463,-1,0
2,90,529,-658,316,-34,-349,-393,214,-232,1730,655,-232,623,238,460,-1,0
2,91,529,-656,312,-17,-356,-397,203,-254,1730,655,-232,621,244,464,-1,0
2,92,528,-656,315,-15,-354,-397,197,-244,1730,653,-232,624,249,456,-1,0
2,93,530,-657,317,-29,-352,-396,208,-233,1730,653,-232,624,254,453,-1,0
2,94,531,-657,315,-32,-352,-398,202,-248,1730,653,-232,620,257,466,-1,0
2,95,529,-656,313,-27,-350,-397,191,-244,1730,653,-232,620,246,465,-1,0
2,96,528,-656,315,-29,-353,-396,204,-222,1730,653,-232,624,242,456,-1,0
2,97,528,-655,318,-28,-356,-401,220,-215,1730,653,-232,622,257,462,-1,0
2,98,529,-653,318,-28,-355,-401,219,-219,1730,653,-232,622,263,466,-1,0
2,99,528,-654,316,-33,-353,-396,209,-228,1730,653,-232,623,258,459,-1,0
2,100,528,-656,316,-30,-353,-405,195,-236,1730,653,-232,625,258,461,-1,0
2,101,528,-656,316,-26,-352,-409,187,-234,1730,653,-232,622,259,465,-2,0
2,102,528,-655,317,-37,-353,-398,195,-230,1730,653,-232,613,259,458,-2,0
2,103,530,-655,318,-32,-355,-393,203,-226,1730,653,-232,613,262,456,-2,0
2,104,528,-656,316,-9,-354,-399,208,-209,1730,653,-232,623,255,463,-2,0
2,105,526,-657,317,-13,-351,-406,215,-204,1730,653,-232,625,243,465,-2,0
2,106,527,-657,318,-37,-352,-407,204,-224,1730,653,-232,619,249,457,-2,0
2,107,526,-657,316,-35,-355,-398,190,-232,1730,653,-232,621,254,451,-2,0
2,108,526,-657,311,-25,-353,-392,203,-210,1730,653,-232,624,250,452,-2,0
2,109,529,-656,315,-32,-350,-397,227,-185,1730,653,-232,623,254,460,-2,0
2,110,529,-656,326,-33,-353,-399,234,-180,1730,653,-232,625,263,463,-2,0
2,111,528,-655,322,-28,-354,-394,220,-188,1730,653,-232,624,260,463,-2,0
2,112,529,-653,309,-33,-353,-392,199,-213,1730,653,-232,621,251,460,-2,0
2,113,529,-654,314,-33,-356,-394,179,-245,1730,653,-232,622,247,452,-2,0
2,114,529,-657,318,-25,-356,-399,178,-241,1730,653,-232,624,248,456,-2,0
2,115,529,-655,312,-25,-352,-399,193,-218,1730,653,-232,623,250,464,-2,0
2,116,527,-652,314,-30,-352,-394,196,-223,1730,653,-232,622,249,462,-2,0
2,117,529,-656,315,-29,-356,-397,188,-240,1730,652,-232,623,246,453,-2,0
2,118,531,-659,311,-29,-356,-408,185,-233,1730,653,-232,623,246,454,-2,0
2,119,530,-655,315,-31,-354,-408,193,-221,1730,656,-232,623,254,459,-2,0
2,120,528,-656,318,-31,-354,-396,208,-212,1730,657,-232,623,262,464,-2,0
2,121,527,-659,316,-28,-355,-393,206,-209,1730,655,-232,622,263,463,-2,0
2,122,530,-656,316,-28,-355,-399,182,-223,1730,656,-232,623,259,455,-2,0
2,123,532,-653,316,-27,-354,-397,172,-237,1730,657,-232,623,261,457,-2,0
3,124,528,-657,313,-29,-352,-395,181,-235,1730,657,-232,622,256,461,-1,0
3,125,529,-657,310,-31,-352,-399,189,-225,1730,656,-232,621,248,454,-1,0
3,126,530,-654,312,-28,-353,-398,196,-224,1730,657,-232,622,252,458,-1,0
3,127,528,-656,317,-29,-353,-396,201,-227,1730,658,-232,623,255,465,-1,0
3,128,529,-658,320,-30,-353,-396,199,-220,1730,654,-232,624,245,455,-1,0
3,0,529,-657,317,-28,-353,-397,206,-210,1730,653,-232,622,241,453,-1,0
3,1,525,-657,314,-27,-353,-397,209,-213,1730,657,-232,619,251,460,-1,0
3,2,527,-656,314,-29,-353,-397,196,-233,1730,656,-232,622,253,458,-1,0
3,3,531,-653,313,-29,-353,-398,193,-240,1730,652,-232,625,249,457,-1,0
3,4,525,-653,313,-27,-354,-396,200,-231,1730,653,-232,623,250,455,-1,0
3,5,516,-656,314,-31,-354,-395,194,-235,1730,656,-232,621,249,455,-1,0
3,6,514,-655,311,-33,-353,-398,180,-252,1730,654,-232,623,249,456,-1,0
3,7,524,-655,311,-31,-354,-397,181,-252,1730,654,-232,624,249,453,-1,0
3,8,533,-658,317,-31,-354,-394,192,-239,1730,655,-232,622,248,453,-1,0
3,9,523,-657,314,-31,-353,-402,196,-243,1730,655,-232,621,250,457,-1,0
3,10,515,-655,311,-31,-354,-408,202,-244,1730,655,-232,623,249,457,0,0
3,11,527,-656,315,-31,-354,-399,212,-222,1730,655,-232,623,247,456,0,0
3,12,536,-657,315,-31,-352,-395,219,-204,1730,655,-232,621,256,456,0,0
3,13,528,-656,312,-31,-353,-398,219,-208,1730,654,-232,620,264,452,0,0
3,14,524,-656,313,-32,-354,-397,214,-218,1730,656,-232,622,255,452,0,0
3,15,531,-658,316,-31,-354,-397,201,-225,1730,657,-232,624,249,455,0,0
3,16,523,-658,314,-28,-354,-397,189,-237,1730,657,-232,623,258,452,0,0
3,17,511,-655,313,-28,-355,-395,197,-251,1730,657,-232,621,262,451,0,0
3,18,521,-654,314,-30,-354,-397,213,-248,1730,657,-232,621,257,457,0,0
3,19,534,-658,315,-29,-354,-397,220,-223,1730,657,-232,622,252,457,0,0
3,20,530,-658,314,-29,-354,-396,218,-209,1730,657,-232,623,243,452,0,0
3,21,522,-655,313,-31,-354,-397,214,-225,1730,657,-232,622,237,457,0,0
3,22,521,-655,311,-32,-353,-397,214,-225,1730,657,-232,622,246,458,0,0
3,23,522,-657,314,-32,-353,-393,217,-211,1730,657,-232,625,256,454,0,0
3,24,528,-658,319,-32,-353,-392,214,-220,1730,657,-232,626,257,459,0,0
3,25,531,-658,317,-31,-354,-395,214,-228,1730,657,-232,624,260,460,0,0
3,26,528,-658,312,-28,-354,-396,215,-225,1730,657,-232,624,256,454,0,0
3,27,530,-658,313,-28,-353,-396,196,-236,1730,657,-232,624,249,455,0,0
3,28,530,-657,314,-30,-353,-396,183,-251,1730,657,-232,622,253,453,0,0
3,29,527,-657,317,-31,-354,-397,197,-258,1730,657,-232,622,251,445,0,0
3,30,527,-658,313,-32,-354,-397,206,-262,1730,657,-232,622,241,449,0,0
3,31,527,-659,308,-30,-352,-397,202,-254,1730,657,-232,622,245,460,0,0
3,32,530,-657,309,-27,-354,-397,208,-241,1730,657,-232,622,252,460,0,0
3,33,529,-654,314,-29,-357,-397,215,-236,1728,657,-232,622,246,454,0,0
3,34,523,-654,316,-32,-355,-398,211,-233,1727,657,-232,621,248,448,0,0
3,35,522,-657,314,-31,-353,-398,214,-237,1728,657,-232,621,258,453,0,0
3,36,530,-659,313,-30,-354,-400,216,-246,1729,657,-232,623,261,459,0,0
3,37,534,-656,313,-27,-355,-400,198,-249,1728,656,-232,623,263,453,0,0
3,38,528,-654,313,-26,-355,-395,181,-249,1728,657,-232,622,266,449,0,0
3,39,524,-655,311,-31,-356,-395,185,-247,1729,657,-232,621,256,454,0,0
3,40,527,-656,313,-34,-356,-400,191,-244,1728,654,-232,623,249,457,0,0
3,41,529,-655,309,-29,-355,-401,189,-246,1728,652,-232,622,255,458,0,0
3,42,527,-656,305,-29,-354,-397,197,-248,1728,655,-232,622,254,457,0,0
3,43,526,-658,311,-34,-352,-396,206,-241,1728,657,-232,628,252,455,1,0
3,44,529,-658,312,-33,-352,-397,195,-237,1728,656,-232,621,259,455,0,0
3,45,527,-657,313,-29,-359,-401,188,-246,1728,656,-232,612,260,457,1,0
3,46,524,-656,317,-29,-359,-398,195,-260,1728,656,-232,621,257,452,0,0
3,47,525,-655,315,-32,-353,-398,192,-274,1728,656,-232,627,262,450,1,0
3,48,524,-656,311,-32,-353,-409,186,-276,1728,656,-232,622,259,455,1,0
3,49,525,-654,314,-30,-356,-410,195,-256,1728,656,-232,621,252,455,0,0
3,50,531,-655,313,-29,-352,-397,213,-234,1728,656,-232,623,254,451,0,-1
3,51,533,-656,310,-29,-352,-392,215,-230,1728,657,-232,621,255,450,0,0
3,52,525,-656,314,-30,-356,-398,209,-232,1728,656,-232,622,254,450,0,-1
3,53,528,-655,315,-27,-352,-398,212,-236,1728,656,-232,622,254,455,0,0
3,54,534,-655,311,-26,-342,-397,215,-245,1728,657,-232,622,254,457,0,0
3,55,519,-657,313,-28,-344,-399,209,-249,1728,654,-232,623,254,455,0,0
3,56,513,-658,314,-31,-354,-398,209,-252,1728,650,-232,623,254,451,0,0
3,57,526,-655,311,-31,-356,-397,219,-265,1728,651,-232,624,254,450,0,0
3,58,529,-655,312,-30,-355,-396,202,-284,1728,653,-232,623,254,450,0,-1
3,59,525,-659,317,-30,-356,-397,178,-281,1728,653,-232,622,254,449,0,-1
3,60,520,-660,314,-29,-357,-399,202,-239,1728,657,-232,625,254,449,0,-1
3,61,516,-658,311,-28,-356,-398,229,-213,1728,658,-232,626,254,451,0,-1
3,62,523,-657,314,-31,-354,-397,216,-228,1728,654,-232,622,254,455,0,-1
3,63,534,-658,312,-32,-352,-398,213,-233,1728,655,-232,623,255,455,0,-1
3,64,530,-657,314,-30,-354,-399,234,-212,1728,658,-232,625,255,451,0,-1
3,65,523,-656,315,-29,-355,-396,239,-203,1728,656,-232,618,253,451,0,-1
3,66,530,-656,308,-31,-353,-397,231,-219,1728,656,-232,616,257,451,0,-1
3,67,530,-658,310,-30,-352,-398,228,-236,1728,657,-232,622,254,451,0,-1
3,68,513,-657,319,-29,-352,-397,227,-239,1728,657,-232,626,246,450,0,-1
3,69,505,-657,319,-29,-354,-397,219,-239,1728,657,-232,622,251,452,0,-1
3,70,526,-657,312,-30,-355,-399,203,-243,1728,657,-232,622,254,456,0,-1
3,71,536,-658,311,-29,-353,-399,198,-232,1728,657,-232,624,247,455,0,-1
3,72,526,-658,316,-29,-353,-398,213,-208,1728,657,-232,621,243,452,0,-1
3,73,527,-658,310,-33,-354,-400,220,-214,1728,657,-232,620,244,452,0,-1
3,74,534,-657,310,-31,-351,-395,215,-245,1728,657,-232,623,251,451,0,-1
3,75,528,-656,317,-27,-351,-396,220,-248,1728,657,-232,621,256,448,0,-1
3,76,522,-661,303,-37,-358,-411,229,-219,1728,657,-232,614,246,441,0,-1
3,77,539,-647,321,-23,-339,-398,223,-213,1728,657,-232,637,244,463,0,-1
3,78,523,-661,318,-14,-347,-397,213,-245,1728,657,-233,618,249,450,0,-1
3,79,502,-679,289,-30,-375,-416,212,-251,1728,657,-231,589,252,425,0,-1
3,80,540,-639,333,-11,-342,-393,211,-220,1728,657,-229,645,261,481,0,-1
3,81,526,-653,320,-21,-343,-394,209,-211,1728,656,-230,629,255,466,0,-1
3,82,501,-681,288,-43,-370,-414,208,-207,1728,655,-230,590,247,424,0,0
3,83,534,-643,335,-13,-345,-391,209,-187,1728,654,-228,641,259,472,0,0
3,84,526,-647,317,-14,-345,-392,207,-189,1728,655,-230,633,258,462,0,0
3,85,498,-674,281,-37,-371,-413,212,-203,1728,655,-231,586,250,417,0,0
3,86,531,-642,338,-13,-345,-398,225,-189,1728,655,-229,631,256,463,0,0
3,87,537,-637,337,-10,-338,-399,223,-178,1728,655,-228,648,256,475,0,0
3,88,511,-674,276,-45,-370,-417,213,-192,1728,655,-229,597,254,423,0,0
3,89,536,-651,312,-29,-351,-394,214,-200,1728,655,-229,621,263,454,-1,0
3,90,538,-646,322,-25,-343,-389,205,-206,1728,655,-229,633,258,463,-1,0
3,91,522,-664,301,-41,-359,-405,187,-221,1728,655,-229,613,256,439,-1,0
3,92,532,-653,326,-27,-351,-392,195,-219,1728,655,-229,625,261,463,-1,0
3,93,526,-656,312,-27,-354,-394,218,-188,1728,655,-229,620,249,455,-1,0
3,94,527,-657,306,-30,-355,-406,217,-180,1728,655,-228,622,253,448,-1,0
3,95,530,-656,317,-28,-351,-403,209,-207,1728,655,-230,626,257,452,-1,0
3,96,527,-660,316,-31,-352,-396,220,-206,1728,655,-232,621,250,448,-1,0
3,97,529,-659,317,-30,-354,-394,236,-173,1728,655,-233,621,253,453,-1,0
3,98,530,-655,314,-29,-355,-400,232,-178,1728,654,-232,622,254,454,-1,0
3,99,532,-654,313,-29,-353,-398,212,-210,1728,655,-232,624,253,449,-1,0
3,100,531,-659,314,-29,-352,-396,196,-217,1728,655,-232,623,254,449,-1,0
3,101,530,-660,312,-27,-356,-399,188,-212,1728,652,-232,623,251,456,-1,0
3,102,529,-656,308,-29,-355,-397,189,-218,1728,654,-232,624,249,456,-1,0
3,103,526,-654,309,-33,-350,-395,202,-222,1728,657,-232,622,254,448,-1,0
3,104,526,-656,314,-31,-350,-395,214,-213,1728,654,-232,622,250,448,-1,0
3,105,529,-659,315,-30,-354,-397,222,-193,1728,650,-232,623,250,455,-1,0
3,106,529,-657,311,-31,-353,-398,233,-187,1728,654,-232,622,262,457,-1,0
3,107,528,-654,311,-31,-351,-396,245,-192,1728,656,-232,620,261,454,-1,0
3,108,531,-655,312,-31,-354,-395,257,-188,1728,654,-232,622,256,455,-1,0
3,109,533,-656,313,-32,-354,-397,263,-175,1728,655,-232,624,261,455,0,0
3,110,530,-654,314,-30,-352,-397,254,-177,1728,655,-232,622,262,450,-1,0
3,111,530,-657,315,-27,-353,-400,233,-197,1728,655,-232,623,253,447,0,0
3,112,530,-660,314,-30,-354,-403,226,-212,1728,655,-232,624,248,452,-1,0
3,113,528,-656,313,-29,-352,-401,238,-201,1728,655,-232,622,257,453,0,0
3,114,528,-653,316,-25,-355,-396,248,-189,1728,655,-231,622,264,451,-1,0
3,115,530,-655,314,-27,-359,-397,245,-208,1728,655,-228,624,258,457,0,0
3,116,527,-657,311,-34,-353,-398,238,-216,1728,655,-229,623,255,461,-1,0
3,117,527,-658,314,-32,-349,-395,243,-188,1728,655,-231,622,262,456,-1,0
3,118,529,-657,315,-26,-354,-396,261,-170,1728,655,-231,623,261,452,-1,0
3,119,529,-656,310,-30,-357,-398,267,-182,1728,655,-230,623,247,456,-1,0
3,120,528,-658,308,-31,-353,-396,256,-184,1728,655,-231,623,246,456,-1,0
3,121,529,-659,312,-24,-352,-395,244,-176,1728,655,-233,623,260,450,-1,0
3,122,528,-658,311,-24,-354,-397,233,-194,1728,655,-233,623,262,449,-1,0
3,123,526,-656,312,-31,-354,-399,224,-222,1728,655,-231,623,257,449,-1,0
4,124,528,-655,318,-31,-353,-399,230,-218,1728,655,-229,623,258,453,-1,0
4,125,530,-655,319,-30,-353,-398,250,-190,1728,655,-230,623,249,457,-1,0
4,126,530,-655,313,-32,-353,-399,266,-179,1728,655,-232,623,240,456,-1,0
4,127,530,-656,309,-33,-353,-399,273,-186,1728,655,-232,623,248,452,-1,0
4,128,530,-657,313,-29,-354,-398,282,-184,1728,655,-232,623,258,448,-1,0
4,0,528,-657,317,-24,-354,-399,286,-178,1728,655,-232,623,257,447,-1,0
4,1,525,-658,315,-27,-353,-398,282,-177,1728,655,-232,622,258,449,-1,0
4,2,527,-658,311,-34,-353,-397,267,-178,1728,655,-232,622,260,451,-1,0
4,3,532,-654,312,-33,-357,-398,250,-191,1728,655,-232,624,259,454,-1,0
4,4,532,-655,318,-30,-352,-397,237,-210,1728,655,-232,624,256,458,-1,0
4,5,528,-658,317,-31,-343,-395,231,-216,1728,655,-232,623,259,456,0,0
4,6,528,-658,311,-31,-348,-398,238,-207,1728,655,-232,623,260,452,0,0
4,7,530,-656,311,-31,-358,-397,256,-205,1728,655,-232,622,259,454,0,0
4,8,529,-655,313,-32,-356,-395,265,-203,1728,655,-232,622,258,455,0,0
4,9,527,-659,312,-31,-353,-396,261,-189,1728,655,-232,624,257,458,0,0
4,10,525,-660,314,-32,-356,-400,264,-181,1728,655,-232,623,257,459,0,-1
4,11,526,-656,315,-33,-354,-399,276,-183,1728,655,-232,622,258,456,0,-1
4,12,531,-658,313,-28,-355,-396,277,-182,1728,655,-232,623,256,453,0,-1
4,13,532,-661,313,-29,-356,-396,260,-192,1728,655,-232,624,257,455,0,-1
4,14,528,-658,311,-27,-353,-398,241,-214,1728,655,-232,623,260,456,0,0
4,15,529,-656,310,-17,-353,-396,239,-213,1728,655,-232,622,252,453,0,0
4,16,531,-655,320,-20,-356,-395,253,-185,1728,655,-232,623,251,448,0,0
4,17,527,-655,319,-32,-355,-400,270,-176,1728,655,-232,623,259,453,0,0
4,18,525,-658,311,-31,-352,-402,273,-183,1728,655,-232,623,250,460,0,0
4,19,528,-657,311,-26,-353,-400,277,-179,1729,655,-232,622,245,452,0,0
4,20,529,-653,315,-31,-354,-401,275,-181,1728,655,-232,622,255,445,0,0
4,21,528,-655,313,-32,-353,-401,245,-213,1728,655,-232,624,254,450,0,0
4,22,528,-657,313,-28,-353,-401,203,-256,1729,655,-232,623,252,455,0,0
4,23,528,-655,316,-30,-353,-401,197,-279,1727,655,-232,623,261,455,0,0
4,24,527,-655,314,-31,-353,-402,210,-278,1725,655,-232,625,259,455,0,0
4,25,528,-658,312,-31,-354,-400,201,-269,1724,655,-232,626,254,454,0,0
4,26,530,-657,315,-30,-354,-398,186,-262,1725,655,-232,624,264,451,0,0
4,27,531,-657,316,-31,-353,-398,198,-250,1724,655,-232,623,267,454,0,0
4,28,531,-657,314,-32,-353,-398,217,-237,1724,655,-232,622,260,455,0,0
4,29,530,-655,316,-31,-354,-396,218,-247,1724,655,-232,621,256,452,0,0
4,30,529,-658,315,-31,-354,-396,212,-263,1725,655,-232,622,256,452,0,0
4,31,527,-659,313,-32,-352,-396,213,-263,1725,655,-232,623,259,454,0,0
4,32,532,-657,314,-31,-353,-394,212,-267,1725,655,-232,623,261,453,0,0
4,33,528,-657,314,-31,-354,-394,216,-275,1725,655,-232,623,253,450,0,0
4,34,517,-659,312,-33,-352,-396,211,-280,1725,655,-232,623,251,451,0,0
4,35,521,-655,310,-31,-353,-396,190,-292,1725,655,-232,623,258,453,0,0
4,36,531,-654,313,-27,-355,-397,177,-298,1725,655,-232,623,259,453,0,0
4,37,530,-656,316,-27,-354,-398,189,-274,1725,655,-232,624,257,454,0,0
4,38,528,-654,312,-30,-353,-398,204,-256,1725,655,-232,624,254,449,0,0
4,39,532,-656,313,-29,-354,-398,209,-263,1725,655,-232,624,250,449,0,0
4,40,531,-660,318,-29,-355,-398,220,-256,1725,654,-232,622,256,457,0,0
4,41,525,-655,316,-29,-353,-398,226,-247,1725,655,-232,622,258,458,0,-1
4,42,530,-646,310,-29,-353,-398,215,-263,1725,655,-232,623,249,456,0,-1
4,43,534,-648,312,-29,-355,-398,208,-279,1725,650,-232,624,251,455,0,-1
4,44,520,-654,314,-30,-353,-398,211,-268,1725,648,-232,623,263,458,0,-1
4,45,512,-657,317,-29,-352,-398,196,-267,1725,654,-232,623,260,459,0,-1
4,46,528,-658,317,-29,-356,-396,184,-294,1725,655,-232,623,253,457,0,-1
4,47,537,-658,314,-31,-354,-396,193,-301,1725,652,-232,623,253,454,0,-1
4,48,528,-657,312,-31,-351,-398,204,-274,1725,655,-232,623,256,452,0,-1
4,49,528,-656,314,-31,-356,-399,209,-252,1725,659,-232,624,260,454,0,-1
4,50,534,-656,315,-30,-359,-398,211,-267,1725,653,-232,625,261,458,0,-1
4,51,522,-658,313,-28,-354,-398,212,-276,1725,648,-232,620,252,455,0,-1
4,52,518,-658,313,-30,-351,-401,212,-256,1725,652,-232,620,246,453,0,-1
4,53,531,-654,312,-31,-354,-396,218,-241,1725,657,-232,621,253,456,0,-1
4,54,525,-655,311,-31,-353,-394,218,-246,1725,657,-232,616,259,458,0,-1
4,55,509,-657,310,-31,-351,-395,214,-259,1725,657,-232,617,246,458,0,-1
4,56,518,-656,310,-30,-352,-390,217,-257,1725,657,-232,625,240,456,0,-1
4,57,533,-655,314,-27,-352,-392,225,-248,1725,657,-232,625,256,448,0,-1
4,58,530,-657,317,-29,-352,-400,222,-244,1725,657,-232,620,260,451,0,-1
4,59,526,-658,317,-32,-355,-398,215,-241,1725,657,-232,622,247,461,0,-1
4,60,530,-659,313,-28,-355,-394,217,-234,1725,657,-232,624,248,455,0,-1
4,61,528,-658,314,-27,-353,-397,218,-240,1725,657,-232,623,260,450,0,0
4,62,531,-657,316,-30,-353,-398,222,-251,1725,657,-232,623,265,454,0,0
4,63,533,-659,313,-29,-353,-396,228,-245,1725,657,-232,624,261,454,0,0
4,64,521,-656,312,-25,-352,-399,233,-240,1725,657,-232,624,254,452,0,0
4,65,516,-647,312,-28,-354,-399,241,-243,1725,657,-232,623,246,452,-1,0
4,66,527,-647,312,-31,-354,-398,235,-241,1725,657,-232,623,244,456,-1,0
4,67,535,-654,314,-30,-354,-397,216,-250,1725,658,-232,623,252,458,0,0
4,68,527,-657,313,-28,-358,-397,206,-282,1725,657,-232,623,256,455,-1,0
4,69,527,-655,312,-29,-359,-399,205,-294,1725,653,-232,623,248,454,-1,0
4,70,532,-655,312,-30,-355,-400,215,-265,1725,653,-232,623,246,455,-1,0
4,71,529,-656,314,-30,-352,-395,230,-242,1725,657,-232,621,257,450,-1,0
4,72,529,-658,319,-28,-354,-391,233,-247,1725,658,-232,622,254,446,-1,0
4,73,531,-656,319,-29,-354,-396,236,-248,1725,657,-232,624,243,452,-1,0
4,74,528,-656,313,-32,-352,-398,243,-241,1725,657,-232,621,252,457,-1,0
4,75,528,-658,311,-32,-353,-396,237,-243,1725,658,-232,620,264,451,-1,0
4,76,532,-658,316,-32,-355,-397,232,-253,1725,657,-232,624,255,451,-1,0
4,77,523,-658,315,-32,-354,-397,231,-264,1725,652,-232,625,243,457,-1,0
4,78,517,-657,309,-31,-353,-395,226,-268,1725,651,-232,624,248,453,-1,0
4,79,525,-658,309,-30,-354,-397,232,-254,1725,653,-232,623,252,450,-1,0
4,80,532,-656,313,-29,-353,-398,245,-230,1725,654,-232,621,248,451,-1,0
4,81,530,-655,316,-31,-352,-397,249,-218,1725,653,-232,621,254,450,-1,0
4,82,525,-656,317,-34,-354,-399,247,-225,1725,653,-232,623,266,448,-1,0
4,83,522,-658,314,-30,-356,-400,237,-244,1725,653,-232,623,263,456,-1,0
4,84,525,-656,309,-23,-353,-393,219,-259,1725,654,-232,623,258,459,0,0
4,85,531,-653,312,-26,-353,-392,213,-263,1725,655,-232,624,263,454,0,0
4,86,530,-654,316,-32,-355,-396,218,-262,1725,654,-232,622,265,455,0,0
4,87,527,-658,310,-31,-354,-397,215,-265,1725,656,-232,622,260,454,0,0
4,88,527,-658,308,-28,-351,-396,210,-274,1725,657,-232,623,253,449,0,0
4,89,528,-656,313,-29,-351,-395,212,-272,1724,657,-232,622,250,453,0,0
4,90,529,-656,315,-31,-354,-396,213,-257,1725,658,-232,623,258,454,0,0
4,91,529,-656,315,-28,-349,-394,212,-251,1725,657,-232,625,258,450,0,0
4,92,529,-655,318,-27,-341,-393,214,-267,1724,655,-232,623,247,457,0,0
4,93,529,-657,316,-28,-347,-394,211,-280,1723,655,-232,622,249,465,0,0
4,94,528,-658,312,-30,-354,-399,213,-270,1723,656,-232,624,261,458,-1,0
4,95,529,-655,312,-29,-353,-397,222,-245,1723,655,-232,623,255,451,-1,0
4,96,534,-654,314,-30,-352,-394,222,-228,1723,655,-232,623,246,454,-1,0
4,97,528,-657,315,-33,-354,-397,222,-226,1723,655,-232,626,250,456,-1,0
4,98,517,-655,316,-32,-353,-396,222,-232,1723,655,-232,624,251,455,-1,0
4,99,520,-654,315,-29,-354,-396,213,-240,1723,655,-232,621,246,458,0,0
4,100,530,-658,315,-32,-354,-397,202,-247,1723,655,-232,623,245,456,-1,0
4,101,530,-659,312,-30,-353,-396,196,-252,1723,656,-232,624,247,454,-1,0
4,102,527,-654,307,-15,-354,-397,181,-268,1723,654,-232,622,256,455,-1,0
4,103,530,-655,310,-18,-352,-397,167,-292,1723,651,-232,623,263,454,-1,0
4,104,530,-657,317,-31,-352,-396,177,-284,1724,651,-232,623,259,450,-1,0
4,105,527,-655,315,-28,-355,-398,199,-255,1722,652,-232,622,258,453,-1,0
4,106,527,-656,310,-25,-353,-397,215,-240,1721,651,-232,624,266,459,-1,0
4,107,530,-660,312,-33,-353,-391,219,-235,1725,651,-232,624,257,455,-1,0
4,108,531,-657,315,-33,-356,-393,215,-237,1727,654,-232,622,247,452,0,0
4,109,530,-655,316,-26,-354,-399,201,-250,1723,656,-232,625,251,457,-1,0
4,110,527,-658,314,-25,-352,-397,184,-273,1724,653,-233,626,254,461,0,0
4,111,524,-659,311,-27,-353,-396,181,-288,1725,651,-232,622,247,461,0,0
4,112,527,-658,306,-30,-353,-398,184,-287,1722,653,-228,622,244,456,0,0
4,113,531,-657,309,-30,-353,-395,184,-277,1722,654,-228,621,247,452,0,0
4,114,529,-656,314,-29,-354,-390,181,-277,1725,653,-230,619,246,454,0,0
4,115,524,-657,312,-33,-353,-391,182,-279,1725,654,-231,621,246,459,0,0
4,116,524,-658,310,-33,-353,-397,198,-259,1723,655,-231,622,253,456,0,0
4,117,529,-656,314,-27,-355,-397,213,-243,1722,655,-231,620,259,453,0,0
4,118,531,-657,314,-30,-354,-392,203,-248,1721,654,-230,621,258,454,0,0
4,119,528,-658,314,-30,-354,-394,188,-262,1722,655,-230,624,252,451,0,0
4,120,525,-656,317,-16,-354,-399,182,-284,1723,655,-230,623,259,447,0,0
4,121,529,-658,314,-18,-352,-397,171,-300,1723,654,-230,623,260,453,0,0
4,122,532,-659,314,-32,-354,-391,175,-292,1723,655,-230,624,247,457,0,0
4,123,523,-655,320,-33,-357,-396,194,-268,1723,655,-230,623,248,453,0,0
5,124,515,-658,317,-29,-353,-397,190,-256,1723,653,-230,623,260,451,0,0
5,125,524,-659,309,-31,-351,-395,177,-262,1723,650,-230,623,260,454,0,0
5,126,535,-649,312,-28,-352,-402,182,-271,1723,649,-230,623,257,456,0,0
5,127,530,-645,316,-25,-352,-404,192,-268,1723,652,-230,624,260,456,0,0
5,128,526,-654,316,-29,-352,-395,206,-251,1723,654,-230,618,258,453,0,0
5,0,529,-658,313,-30,-352,-391,216,-243,1724,655,-230,616,258,451,0,0
5,1,530,-654,315,-30,-352,-397,198,-261,1722,655,-230,624,257,456,0,0
5,2,531,-653,323,-30,-353,-396,176,-277,1722,655,-230,623,248,456,0,0
5,3,530,-656,319,-29,-355,-395,182,-277,1725,655,-230,619,252,447,0,0
5,4,526,-658,309,-29,-354,-396,193,-272,1718,655,-230,624,254,448,0,0
5,5,530,-658,312,-30,-353,-394,183,-272,1710,655,-230,626,253,453,0,0
5,6,532,-657,317,-32,-354,-395,167,-277,1717,655,-230,621,256,452,0,0
5,7,516,-655,310,-32,-358,-395,169,-283,1724,655,-230,623,252,452,0,0
5,8,512,-657,307,-30,-354,-395,179,-284,1721,655,-230,625,248,454,0,0
5,9,523,-658,315,-29,-345,-395,184,-272,1719,655,-230,621,258,453,0,0
5,10,527,-655,318,-29,-348,-395,187,-257,1723,655,-230,618,256,457,0,0
5,11,524,-654,314,-28,-354,-395,180,-265,1726,655,-230,620,240,459,0,0
5,12,519,-656,312,-29,-354,-395,160,-289,1720,655,-230,624,238,455,0,-1
5,13,516,-658,314,-30,-354,-395,148,-297,1710,656,-230,624,250,451,0,0
5,14,527,-656,312,-29,-356,-395,147,-297,1712,654,-230,624,252,450,0,0
5,15,537,-654,313,-29,-353,-396,142,-312,1713,651,-230,624,251,452,0,-1
5,16,531,-655,318,-31,-350,-392,147,-305,1706,655,-230,623,256,457,0,0
5,17,530,-658,315,-33,-349,-393,169,-274,1715,658,-230,624,255,455,0,-1
5,18,530,-657,308,-30,-350,-398,178,-264,1728,653,-230,624,246,450,0,0
5,19,525,-652,310,-28,-352,-392,170,-270,1721,652,-230,623,248,452,0,-1
5,20,530,-654,314,-31,-353,-388,167,-265,1719,656,-230,623,248,455,0,-1
5,21,531,-659,315,-32,-352,-398,164,-262,1727,653,-230,623,242,456,-1,-1
5,22,527,-657,317,-30,-354,-401,154,-273,1718,649,-230,622,251,456,-1,0
5,23,527,-654,315,-29,-356,-397,148,-281,1698,653,-230,620,261,458,-1,0
5,24,527,-658,310,-31,-349,-398,151,-272,1692,653,-230,621,257,459,-1,0
5,25,529,-660,311,-32,-347,-398,153,-270,1706,651,-230,622,259,458,-1,0
5,26,534,-655,316,-30,-353,-394,149,-281,1718,655,-230,620,262,453,-1,0
5,27,524,-654,315,-29,-357,-397,151,-285,1714,655,-230,622,252,451,-1,0
5,28,513,-656,313,-30,-354,-396,164,-295,1709,649,-230,625,246,455,-1,0
5,29,522,-655,313,-30,-348,-390,169,-327,1710,653,-230,624,252,456,-1,0
5,30,533,-654,314,-28,-347,-394,160,-367,1713,658,-230,622,251,461,-1,0
5,31,531,-658,315,-29,-352,-399,155,-408,1721,657,-230,623,241,459,-1,0
5,32,529,-660,313,-30,-354,-391,155,-445,1728,658,-230,624,235,450,-1,0
5,33,531,-657,312,-29,-352,-389,156,-454,1721,656,-230,623,243,456,-1,0
5,34,530,-656,316,-29,-353,-398,172,-442,1716,652,-230,623,257,464,-1,0
5,35,531,-657,313,-29,-354,-400,187,-444,1719,654,-230,622,256,454,-1,0
5,36,532,-656,307,-31,-353,-395,170,-461,1719,658,-230,622,251,446,0,0
5,37,530,-654,315,-32,-353,-393,155,-471,1717,654,-230,623,255,453,-1,0
5,38,529,-655,322,-30,-352,-395,168,-481,1718,651,-230,622,254,453,0,0
5,39,530,-656,317,-28,-353,-397,177,-500,1718,652,-230,622,245,454,0,0
5,40,527,-657,311,-30,-353,-399,157,-513,1718,651,-230,622,246,465,0,0
5,41,520,-659,310,-30,-351,-396,151,-510,1718,652,-230,623,254,467,0,0
5,42,523,-658,310,-27,-352,-392,155,-506,1718,654,-230,623,254,459,0,0
5,43,533,-657,312,-28,-356,-393,138,-509,1718,654,-230,624,247,457,0,0
5,44,532,-658,313,-29,-356,-396,133,-506,1718,651,-230,623,236,460,0,0
5,45,527,-656,315,-28,-353,-396,155,-491,1718,651,-230,622,240,461,0,0
5,46,530,-656,314,-31,-352,-396,170,-474,1719,654,-230,623,253,461,0,0
5,47,533,-659,306,-36,-354,-401,162,-469,1719,655,-230,624,253,459,0,0
5,48,529,-659,308,-36,-355,-402,155,-475,1717,655,-230,623,252,460,0,0
5,49,525,-658,316,-35,-353,-398,158,-476,1719,655,-230,623,258,465,0,0
5,50,525,-660,313,-36,-351,-397,159,-463,1719,655,-230,625,261,460,0,0
5,51,528,-658,312,-36,-350,-398,163,-441,1710,655,-230,624,258,451,0,0
5,52,527,-655,315,-35,-353,-397,169,-441,1700,655,-230,621,254,454,0,0
5,53,528,-654,314,-35,-356,-395,166,-468,1700,655,-230,620,244,466,-1,0
5,54,531,-656,311,-35,-354,-395,146,-474,1703,654,-230,621,245,468,-1,0
5,55,529,-658,314,-35,-353,-397,147,-444,1705,652,-230,623,260,457,-1,0
5,56,528,-657,316,-35,-355,-397,172,-418,1705,651,-230,624,261,452,-1,0
5,57,529,-657,309,-35,-355,-391,172,-415,1702,651,-230,622,256,454,-1,0
5,58,528,-657,306,-35,-354,-392,156,-410,1702,652,-230,621,258,452,-1,0
5,59,529,-655,314,-35,-354,-398,168,-400,1705,655,-230,625,262,454,-1,0
5,60,529,-656,317,-35,-354,-391,192,-394,1705,655,-230,621,258,457,-1,0
5,61,523,-658,310,-35,-354,-388,192,-386,1704,655,-230,612,255,457,-1,0
5,62,523,-657,311,-35,-353,-400,185,-375,1705,655,-230,617,255,459,-1,0
5,63,532,-657,314,-35,-353,-401,189,-376,1705,651,-230,627,251,460,-1,0
5,64,530,-660,312,-35,-355,-394,187,-384,1704,647,-230,623,245,454,-1,0
5,65,527,-659,313,-35,-353,-397,186,-371,1704,653,-230,620,243,455,0,0
5,66,532,-655,316,-35,-351,-401,187,-355,1704,658,-230,623,246,465,0,0
5,67,533,-655,313,-35,-353,-395,187,-351,1705,654,-230,621,251,466,0,0
5,68,528,-657,311,-35,-354,-397,185,-348,1703,651,-230,621,258,456,0,0
5,69,527,-657,312,-35,-354,-403,185,-339,1704,655,-230,624,260,452,0,0
5,70,528,-655,316,-36,-353,-400,203,-312,1711,656,-230,622,259,457,0,0
5,71,530,-655,314,-36,-354,-395,229,-279,1716,652,-230,621,262,457,0,0
5,72,530,-660,308,-35,-354,-395,228,-274,1720,651,-230,626,262,456,0,0
5,73,531,-659,308,-36,-353,-397,200,-297,1723,654,-230,618,260,458,0,0
5,74,532,-655,311,-36,-354,-396,182,-303,1719,655,-230,610,262,455,0,0
5,75,529,-655,311,-30,-355,-397,185,-290,1721,654,-230,619,261,455,0,0
5,76,529,-658,313,-27,-353,-398,195,-280,1725,654,-230,626,255,464,0,0
5,77,534,-657,314,-29,-353,-396,205,-266,1713,653,-230,622,254,466,0,0
5,78,526,-659,314,-27,-355,-393,212,-245,1708,651,-230,622,254,461,0,0
5,79,517,-659,317,-28,-354,-394,227,-227,1708,653,-230,625,248,460,0,0
5,80,525,-655,316,-29,-352,-396,235,-227,1702,655,-230,622,243,463,0,0
5,81,529,-656,310,-26,-355,-398,223,-239,1698,655,-230,622,246,454,0,0
5,82,529,-658,311,-28,-354,-396,220,-248,1702,655,-230,623,258,449,0,0
5,83,526,-655,314,-36,-350,-397,235,-236,1709,655,-230,622,257,459,0,0
5,84,515,-654,312,-37,-351,-403,233,-221,1713,655,-230,622,245,459,0,0
5,85,516,-658,317,-32,-355,-403,220,-225,1712,655,-230,622,249,450,0,0
5,86,530,-658,319,-29,-353,-398,218,-238,1707,655,-230,622,257,464,0,0
5,87,530,-657,309,-30,-350,-396,219,-237,1712,655,-230,622,249,469,0,0
5,88,526,-655,306,-31,-352,-398,214,-222,1713,655,-230,622,244,451,0,0
5,89,532,-655,312,-33,-355,-396,210,-213,1707,655,-230,622,251,458,0,0
5,90,531,-655,311,-30,-355,-395,215,-205,1709,655,-230,623,251,465,0,0
5,91,528,-652,310,-25,-354,-397,227,-190,1711,655,-230,623,245,453,0,0
5,92,532,-653,316,-27,-353,-396,238,-181,1707,655,-230,624,242,460,0,0
5,93,532,-658,316,-34,-353,-398,243,-171,1695,655,-230,621,238,467,0,-1
5,94,532,-657,311,-33,-354,-398,244,-162,1693,655,-230,615,239,460,0,0
5,95,533,-654,312,-30,-355,-397,236,-170,1708,655,-229,618,245,462,0,-1
5,96,531,-657,315,-31,-353,-398,230,-190,1714,655,-229,625,249,462,0,0
5,97,531,-658,314,-31,-351,-397,225,-202,1702,655,-229,622,250,450,0,-1
5,98,535,-656,311,-31,-352,-397,215,-207,1691,655,-229,619,257,455,0,0
5,99,527,-656,309,-31,-354,-397,218,-195,1700,655,-229,622,265,468,0,-1
5,100,518,-659,310,-31,-354,-397,224,-179,1713,655,-229,624,260,467,0,0
5,101,526,-658,313,-31,-353,-395,219,-184,1710,655,-231,623,250,459,0,0
5,102,533,-652,313,-31,-353,-395,228,-190,1699,655,-232,621,243,463,0,0
5,103,529,-652,314,-31,-354,-396,246,-175,1694,655,-232,622,244,468,0,0
5,104,529,-658,314,-31,-353,-397,243,-160,1696,655,-232,622,255,456,0,-1
5,105,531,-660,310,-31,-354,-397,230,-160,1697,655,-232,619,261,447,0,0
5,106,529,-657,311,-31,-355,-397,237,-169,1696,655,-232,620,253,458,0,0
5,107,530,-656,316,-32,-353,-397,244,-178,1698,655,-232,627,246,465,0,0
5,108,530,-658,318,-31,-354,-397,236,-184,1697,654,-232,626,248,457,0,0
5,109,530,-658,314,-28,-354,-397,231,-188,1697,655,-232,618,247,457,0,0
5,110,531,-657,309,-28,-353,-398,240,-174,1697,655,-232,617,245,461,0,0
5,111,530,-660,309,-30,-353,-397,246,-153,1697,653,-232,623,244,457,0,0
5,112,530,-659,314,-33,-353,-396,250,-151,1697,654,-232,624,245,449,0,0
5,113,532,-657,316,-30,-353,-396,258,-149,1697,655,-232,621,249,456,0,0
5,114,529,-657,316,-27,-353,-396,272,-121,1697,654,-232,623,243,462,0,0
5,115,524,-657,315,-29,-351,-395,282,-106,1697,653,-232,624,242,455,0,0
5,116,527,-657,311,-32,-351,-397,267,-139,1697,655,-232,621,256,455,0,0
5,117,533,-660,310,-32,-353,-397,245,-170,1697,655,-232,622,255,458,0,0
5,118,532,-658,314,-27,-355,-397,236,-167,1697,654,-232,624,245,457,0,0
5,119,528,-654,314,-26,-353,-399,242,-159,1698,655,-232,622,256,458,0,0
5,120,528,-657,314,-30,-353,-399,263,-149,1697,655,-232,621,264,459,0,0
5,121,530,-660,316,-31,-354,-397,274,-129,1699,655,-232,624,256,461,0,0
5,122,530,-659,313,-29,-354,-395,258,-131,1705,655,-232,623,263,461,0,0
5,123,528,-658,311,-29,-353,-397,254,-147,1708,655,-232,620,268,457,0,0
6,124,530,-658,313,-29,-352,-397,283,-135,1702,655,-232,623,246,457,0,0
6,125,531,-658,311,-29,-353,-395,291,-114,1696,655,-232,623,242,472,0,0
6,126,527,-658,309,-30,-354,-395,277,-116,1698,655,-232,623,257,472,0,0
6,127,525,-658,313,-32,-353,-398,271,-130,1700,655,-232,625,254,456,0,0
6,128,530,-656,313,-32,-351,-399,257,-152,1700,654,-232,623,241,454,0,0
6,0,528,-656,307,-30,-353,-395,237,-173,1699,653,-232,623,241,459,0,0
6,1,525,-661,311,-28,-355,-394,244,-167,1700,653,-232,626,246,460,0,0
6,2,531,-660,315,-30,-354,-396,270,-143,1700,653,-232,625,252,461,0,0
6,3,522,-658,312,-33,-352,-396,277,-127,1700,653,-232,620,253,456,0,0
6,4,516,-661,312,-32,-352,-395,272,-125,1700,653,-232,622,247,451,0,0
6,5,531,-658,318,-29,-353,-394,276,-126,1700,653,-232,624,248,462,0,0
6,6,522,-656,309,-36,-354,-396,276,-124,1700,653,-232,620,246,460,0,0
6,7,512,-658,306,-31,-354,-394,279,-120,1700,653,-232,620,239,451,0,0
6,8,527,-657,322,-11,-351,-390,279,-118,1700,653,-232,625,243,463,0,0
6,9,521,-655,310,-22,-358,-399,264,-130,1700,653,-232,619,246,458,0,0
6,10,517,-652,308,-31,-353,-392,257,-145,1700,653,-232,622,251,455,0,0
6,11,523,-657,322,-22,-347,-387,271,-141,1700,652,-232,624,257,461,0,0
6,12,520,-664,312,-25,-353,-404,279,-128,1700,654,-232,620,255,451,0,0
6,13,521,-653,315,-22,-346,-400,275,-126,1700,653,-233,633,256,464,0,0
6,14,514,-668,303,-28,-357,-400,273,-130,1700,652,-234,609,249,456,0,0
6,15,526,-658,325,-19,-351,-397,280,-114,1700,657,-230,623,249,469,0,0
6,16,527,-649,321,-22,-346,-398,294,-95,1699,660,-232,631,253,470,0,0
6,17,507,-678,281,-48,-369,-413,297,-108,1700,656,-232,587,247,433,0,0
6,18,532,-650,329,-21,-344,-390,281,-122,1701,655,-220,635,251,474,0,0
6,19,525,-650,320,-15,-339,-395,262,-131,1697,656,-223,637,252,473,0,0
6,20,516,-668,293,-39,-356,-409,246,-164,1696,655,-229,607,248,446,0,0
6,21,533,-649,324,-29,-345,-392,234,-185,1698,655,-226,631,254,469,0,0
6,22,516,-657,309,-28,-349,-397,245,-166,1698,654,-228,618,253,457,0,0
6,23,520,-659,315,-24,-350,-397,264,-149,1697,654,-228,621,249,465,0,0
6,24,525,-658,318,-27,-350,-392,254,-159,1699,655,-228,623,250,470,0,0
6,25,519,-658,304,-29,-349,-397,241,-168,1700,654,-230,615,252,461,0,0
6,26,524,-656,312,-15,-345,-396,261,-156,1699,654,-226,619,250,468,0,0
6,27,523,-662,316,-20,-349,-398,281,-130,1696,652,-225,613,250,464,0,0
6,28,525,-657,316,-29,-348,-403,280,-117,1696,651,-226,619,254,465,0,0
6,29,525,-656,312,-26,-352,-404,284,-125,1697,655,-223,623,252,470,0,0
6,30,522,-662,315,-22,-357,-401,278,-138,1697,657,-223,618,247,467,0,0
6,31,521,-658,315,-22,-353,-402,262,-153,1701,655,-227,615,247,463,0,0
6,32,522,-654,309,-23,-351,-405,268,-152,1702,658,-229,616,252,462,0,0
6,33,521,-655,313,-23,-351,-402,279,-128,1697,660,-229,619,252,463,0,0
6,34,520,-662,315,-27,-352,-401,272,-125,1697,656,-231,620,249,462,0,0
6,35,524,-662,311,-24,-356,-402,263,-151,1701,656,-231,620,247,467,0,0
6,36,525,-654,310,-22,-354,-400,270,-151,1700,658,-229,619,246,468,0,0
6,37,523,-653,311,-24,-347,-403,285,-125,1698,658,-228,619,247,465,0,0
6,38,524,-657,312,-25,-345,-403,302,-115,1698,656,-226,621,252,470,0,0
6,39,520,-658,312,-29,-350,-399,305,-113,1698,652,-224,618,253,466,0,0
6,40,517,-655,314,-26,-350,-402,292,-120,1697,651,-225,616,252,460,0,0
6,41,522,-658,311,-22,-344,-406,274,-152,1697,655,-227,620,253,465,0,0
6,42,523,-662,306,-26,-350,-403,266,-166,1698,655,-226,620,249,464,0,0
6,43,521,-654,314,-25,-355,-399,278,-141,1698,652,-224,623,248,466,0,0
6,44,520,-653,313,-22,-355,-402,291,-126,1698,654,-225,623,253,467,0,0
6,45,521,-663,306,-25,-354,-402,281,-129,1698,656,-225,615,251,463,0,0
6,46,523,-661,313,-23,-351,-400,268,-125,1698,654,-224,621,250,462,0,0
6,47,529,-652,315,-19,-355,-400,276,-120,1698,653,-227,620,252,466,0,0
6,48,531,-653,310,-22,-357,-399,293,-119,1698,658,-227,612,250,467,0,0
6,49,524,-655,313,-26,-349,-399,301,-117,1698,658,-223,617,247,465,0,0
6,50,517,-654,313,-28,-350,-402,295,-114,1698,653,-223,619,250,467,0,0
6,51,520,-655,305,-24,-359,-402,286,-119,1698,653,-227,614,253,467,0,0
6,52,522,-656,304,-17,-352,-401,280,-138,1698,654,-226,615,253,464,0,0
6,53,519,-654,311,-22,-342,-401,274,-150,1698,653,-224,620,250,465,0,0
6,54,520,-654,316,-32,-350,-398,277,-138,1698,655,-227,619,246,463,0,0
6,55,523,-656,314,-28,-357,-397,286,-121,1698,655,-227,622,249,463,0,0
6,56,525,-654,312,-20,-354,-401,282,-120,1698,653,-222,627,252,466,0,0
6,57,525,-655,309,-27,-353,-402,270,-125,1698,653,-222,620,248,461,0,0
6,58,524,-656,311,-31,-351,-401,279,-121,1698,653,-229,617,247,458,0,0
6,59,523,-653,315,-24,-350,-400,302,-112,1698,654,-227,620,249,464,0,0
6,60,520,-656,313,-24,-355,-401,299,-113,1698,659,-219,619,249,463,0,0
6,61,522,-658,312,-26,-354,-399,283,-131,1698,657,-222,621,250,463,0,0
6,62,522,-656,313,-23,-348,-398,277,-149,1698,650,-228,622,249,468,0,0
6,63,518,-658,314,-22,-346,-397,269,-159,1698,653,-228,617,248,465,0,0
6,64,518,-661,315,-21,-347,-394,266,-154,1698,655,-225,618,253,464,0,0
6,65,517,-656,317,-23,-350,-392,280,-134,1698,654,-225,623,254,468,0,0
6,66,518,-650,313,-30,-356,-397,283,-132,1698,655,-227,617,249,466,0,0
6,67,522,-651,311,-28,-352,-402,267,-150,1698,656,-229,616,248,466,0,0
6,68,522,-655,312,-21,-342,-401,267,-154,1697,653,-227,620,247,468,0,0
6,69,520,-659,312,-25,-348,-401,285,-137,1697,654,-223,617,248,464,0,0
6,70,522,-657,318,-25,-350,-398,287,-121,1697,656,-220,621,251,466,0,0
6,71,519,-655,315,-20,-347,-393,277,-118,1695,652,-224,623,249,468,0,0
6,72,516,-660,310,-20,-349,-396,277,-116,1694,652,-229,622,246,466,0,0
6,73,524,-660,314,-22,-353,-402,281,-122,1694,653,-226,628,251,468,0,0
6,74,523,-659,310,-28,-354,-404,268,-146,1696,656,-227,624,254,464,0,0
6,75,527,-651,312,-26,-348,-400,249,-166,1696,654,-232,625,251,467,0,0
6,76,524,-653,311,-22,-347,-402,258,-157,1696,652,-230,624,248,467,0,0
6,77,517,-659,311,-26,-351,-406,275,-144,1700,656,-225,613,251,458,0,0
6,78,529,-652,321,-20,-345,-391,277,-149,1703,659,-222,622,251,466,0,0
6,79,519,-664,304,-29,-358,-397,273,-152,1697,654,-230,609,244,456,0,0
6,80,525,-658,321,-28,-359,-398,275,-141,1695,653,-234,619,248,472,0,0
6,81,535,-643,337,-15,-346,-386,272,-135,1698,658,-228,634,257,483,0,0
6,82,508,-672,290,-36,-367,-405,261,-154,1698,656,-228,593,250,436,0,0
6,83,528,-651,320,-28,-347,-398,249,-174,1697,655,-229,629,250,470,0,0
6,84,535,-646,323,-18,-339,-395,244,-171,1698,658,-231,637,252,481,0,0
6,85,510,-678,284,-35,-367,-413,251,-154,1698,655,-232,586,250,440,0,0
6,86,527,-646,330,-17,-346,-389,265,-134,1695,653,-229,626,257,482,0,0
6,87,524,-652,315,-26,-353,-387,276,-124,1694,653,-232,623,250,477,0,0
6,88,520,-669,301,-35,-364,-400,288,-125,1694,653,-233,608,241,457,0,0
6,89,527,-650,335,-20,-346,-392,285,-122,1694,653,-232,634,245,475,0,0
6,90,516,-661,308,-32,-356,-399,271,-123,1694,651,-232,616,243,461,0,0
6,91,528,-659,307,-34,-357,-404,278,-126,1694,655,-232,618,245,470,0,0
6,92,532,-653,318,-30,-352,-406,285,-125,1694,657,-232,626,239,472,0,0
6,93,524,-658,307,-31,-354,-402,267,-128,1694,654,-232,620,236,458,0,0
6,94,529,-655,312,-27,-351,-393,257,-152,1694,652,-232,624,248,468,0,0
6,95,527,-655,309,-31,-351,-398,259,-176,1694,655,-232,621,248,468,0,0
6,96,527,-657,310,-29,-353,-399,257,-174,1694,655,-232,623,245,467,0,0
6,97,529,-655,315,-26,-352,-397,263,-158,1694,654,-232,621,255,469,0,0
6,98,528,-655,311,-32,-353,-398,266,-151,1694,655,-232,617,263,465,0,0
6,99,530,-658,309,-29,-353,-396,249,-154,1694,655,-232,619,261,469,0,0
6,100,522,-657,315,-21,-354,-397,238,-157,1694,655,-232,621,254,471,0,0
6,101,514,-656,318,-27,-354,-397,255,-145,1694,654,-232,622,253,467,0,0
6,102,522,-658,312,-33,-355,-398,274,-119,1694,655,-232,622,253,462,0,0
6,103,532,-656,309,-27,-355,-397,275,-117,1694,655,-232,622,256,464,0,0
6,104,528,-656,314,-26,-354,-394,260,-143,1694,654,-232,623,260,470,0,0
6,105,525,-659,313,-31,-354,-395,244,-159,1694,655,-232,622,255,470,0,0
6,106,532,-658,314,-29,-355,-395,244,-156,1694,657,-232,621,242,464,0,0
6,107,531,-656,319,-27,-354,-395,244,-157,1694,657,-232,621,235,466,0,0
6,108,527,-656,316,-31,-353,-395,242,-156,1694,656,-232,622,243,469,0,0
6,109,529,-657,313,-30,-353,-395,252,-142,1694,657,-232,622,242,463,0,0
6,110,531,-657,313,-28,-352,-395,271,-127,1694,657,-232,622,236,462,0,0
6,111,532,-655,313,-28,-353,-395,276,-120,1694,656,-232,624,243,465,0,0
6,112,530,-656,315,-30,-355,-395,269,-124,1694,655,-232,625,254,463,0,0
6,113,529,-659,315,-33,-356,-395,268,-123,1694,654,-232,623,250,462,0,0
6,114,527,-658,311,-33,-355,-395,262,-122,1694,655,-232,620,238,466,0,0
6,115,526,-655,310,-26,-353,-395,245,-146,1694,657,-232,620,237,466,0,0
6,116,530,-656,312,-23,-354,-395,237,-175,1694,654,-232,622,241,465,0,0
6,117,532,-656,312,-29,-353,-395,242,-170,1694,653,-232,624,248,471,0,0
6,118,526,-655,314,-30,-353,-395,243,-153,1694,657,-232,624,249,470,0,0
6,119,525,-659,316,-27,-354,-395,243,-164,1694,658,-232,622,248,465,0,0
6,120,532,-661,310,-28,-354,-395,247,-184,1694,654,-232,621,253,463,0,0
6,121,523,-657,308,-30,-354,-395,251,-176,1694,655,-232,622,252,465,0,0
6,122,516,-655,314,-29,-354,-395,259,-153,1694,656,-232,624,243,468,0,0
6,123,528,-656,316,-31,-353,-395,262,-145,1694,653,-232,623,239,469,0,0
7,124,534,-656,313,-31,-352,-395,260,-152,1694,651,-232,620,240,470,0,0
7,125,528,-659,314,-28,-354,-395,259,-161,1694,654,-232,621,245,466,0,0
7,126,527,-662,316,-28,-354,-395,250,-172,1694,655,-232,621,254,462,0,0
7,127,532,-659,312,-29,-351,-395,243,-173,1694,654,-232,620,252,465,0,0
7,128,524,-658,312,-29,-352,-395,253,-159,1694,656,-232,622,246,466,0,0
7,0,519,-659,315,-29,-353,-395,265,-145,1694,654,-232,623,245,468,0,0
7,1,526,-655,314,-29,-355,-395,263,-138,1694,650,-232,622,240,468,0,0
7,2,528,-651,313,-29,-354,-395,248,-146,1694,653,-232,623,236,465,0,0
7,3,524,-658,312,-30,-351,-396,238,-163,1694,656,-232,624,244,465,0,0
7,4,525,-660,314,-30,-352,-393,253,-152,1694,655,-232,622,249,467,0,0
7,5,532,-652,316,-29,-356,-393,275,-122,1694,656,-232,624,244,465,0,0
7,6,531,-655,315,-30,-354,-398,269,-127,1694,658,-232,624,244,460,0,0
7,7,527,-668,313,-31,-350,-399,248,-157,1694,655,-232,614,249,464,0,0
7,8,526,-669,314,-31,-351,-397,240,-163,1694,655,-232,617,242,466,-1,0
7,9,526,-657,314,-30,-352,-398,243,-157,1694,656,-232,622,243,464,0,0
7,10,534,-658,311,-28,-352,-399,244,-161,1694,655,-232,613,258,469,-1,0
7,11,539,-662,310,-29,-353,-398,242,-157,1694,655,-232,612,257,472,-1,0
7,12,529,-658,313,-32,-354,-398,238,-151,1694,655,-232,622,239,471,0,0
7,13,519,-657,314,-31,-354,-397,235,-158,1694,655,-232,625,241,472,-1,0
7,14,526,-658,315,-28,-353,-395,241,-158,1694,655,-232,619,258,469,0,0
7,15,528,-659,315,-28,-353,-395,244,-151,1694,655,-232,616,257,464,0,0
7,16,523,-660,315,-30,-353,-397,244,-146,1694,655,-232,618,248,463,0,0
7,17,523,-659,320,-30,-353,-399,242,-154,1694,655,-232,624,243,462,0,0
7,18,525,-656,317,-28,-354,-398,225,-175,1694,655,-232,625,251,464,0,0
7,19,527,-658,311,-26,-354,-398,214,-180,1694,655,-232,620,258,469,0,0
7,20,525,-660,315,-27,-353,-399,235,-150,1694,655,-232,623,253,470,0,0
7,21,526,-659,318,-31,-353,-398,245,-128,1694,655,-232,624,245,466,0,0
7,22,529,-659,310,-33,-353,-397,221,-145,1694,656,-232,621,244,466,0,0
7,23,518,-658,310,-31,-352,-397,209,-160,1694,654,-232,623,244,471,0,0
7,24,513,-657,316,-31,-353,-397,216,-157,1694,653,-232,621,245,469,0,0
7,25,527,-660,315,-31,-354,-396,216,-154,1694,654,-232,621,249,470,0,0
7,26,534,-660,312,-31,-354,-397,213,-153,1694,654,-232,626,243,471,0,0
7,27,526,-659,315,-31,-354,-399,213,-149,1694,653,-232,621,238,468,0,0
7,28,519,-659,316,-31,-359,-399,217,-146,1694,654,-232,609,241,467,0,0
7,29,516,-660,316,-31,-361,-398,214,-150,1694,655,-232,614,241,469,0,0
7,30,525,-660,314,-31,-354,-398,195,-158,1694,655,-232,625,239,465,0,0
7,31,534,-658,314,-31,-350,-399,183,-164,1694,655,-232,623,241,458,0,0
7,32,528,-659,316,-31,-353,-397,188,-151,1694,654,-232,620,240,462,0,0
7,33,528,-658,315,-31,-355,-394,188,-147,1694,655,-232,622,239,467,0,0
7,34,539,-657,313,-31,-353,-394,172,-176,1694,654,-232,624,245,469,0,0
7,35,525,-660,313,-31,-353,-396,169,-185,1694,650,-232,622,249,472,0,0
7,36,511,-661,314,-31,-354,-399,178,-161,1694,651,-232,617,250,466,0,0
7,37,525,-656,313,-31,-355,-397,168,-162,1694,656,-232,618,253,461,0,0
7,38,529,-656,312,-31,-354,-395,157,-174,1694,658,-232,624,249,465,0,0
7,39,515,-661,312,-31,-353,-394,168,-157,1694,657,-232,623,240,471,-1,0
7,40,521,-658,309,-31,-353,-397,169,-157,1694,657,-232,621,241,469,0,0
7,41,535,-656,311,-31,-353,-399,148,-177,1694,657,-232,623,247,463,0,0
7,42,529,-656,317,-31,-353,-392,144,-165,1694,657,-232,622,248,462,0,0
7,43,527,-658,316,-31,-353,-392,159,-146,1694,657,-232,621,243,468,0,0
7,44,533,-661,310,-31,-352,-402,156,-149,1694,657,-232,622,241,470,0,0
7,45,528,-659,312,-31,-351,-402,141,-150,1694,658,-232,620,246,468,-1,0
7,46,526,-654,317,-31,-353,-392,141,-143,1694,658,-232,619,246,470,0,0
7,47,529,-657,315,-31,-353,-394,147,-136,1694,653,-232,620,244,473,-1,0
7,48,529,-661,309,-31,-353,-399,139,-136,1694,652,-232,622,250,469,0,0
7,49,527,-658,310,-31,-354,-397,124,-146,1694,653,-232,622,252,465,0,0
7,50,528,-655,314,-31,-349,-395,122,-158,1694,650,-232,621,247,467,0,0
7,51,528,-657,313,-31,-345,-396,121,-169,1694,649,-232,622,247,472,0,0
7,52,534,-659,311,-31,-352,-395,101,-183,1694,655,-232,623,245,471,0,0
7,53,527,-660,315,-31,-357,-389,79,-192,1694,658,-232,620,243,468,0,0
7,54,515,-657,316,-31,-352,-389,77,-191,1694,657,-232,620,256,471,0,0
7,55,525,-654,312,-31,-351,-396,88,-179,1694,657,-232,622,264,471,0,0
7,56,530,-657,313,-31,-355,-398,109,-144,1694,655,-232,623,252,465,0,0
7,57,515,-662,314,-31,-356,-397,121,-120,1694,652,-232,624,243,468,0,0
7,58,519,-663,312,-31,-356,-394,104,-140,1694,652,-232,622,249,470,0,0
7,59,534,-661,313,-31,-354,-396,88,-158,1694,655,-232,623,254,465,0,0
7,60,529,-659,315,-31,-352,-398,90,-153,1694,656,-232,623,252,467,0,0
7,61,526,-657,313,-31,-354,-399,75,-154,1694,655,-232,614,250,473,0,0
7,62,531,-657,311,-31,-355,-397,58,-146,1694,652,-232,618,253,469,0,0
7,63,529,-660,315,-31,-352,-398,64,-130,1694,652,-232,623,253,466,0,0
7,64,532,-660,316,-31,-358,-397,67,-142,1694,653,-232,614,245,471,0,0
7,65,534,-655,316,-31,-358,-397,61,-161,1694,652,-232,612,237,473,0,0
7,66,526,-655,319,-31,-346,-397,61,-158,1694,652,-232,624,240,472,0,0
7,67,523,-659,316,-31,-345,-394,63,-150,1694,653,-232,626,242,470,0,0
7,68,529,-655,307,-31,-358,-395,63,-145,1694,653,-232,619,240,470,0,0
7,69,524,-654,308,-31,-360,-396,69,-146,1694,653,-232,621,239,469,0,0
7,70,517,-658,314,-31,-353,-395,58,-157,1694,653,-232,622,239,469,0,0
7,71,524,-658,314,-31,-354,-395,32,-163,1694,653,-232,625,240,468,0,0
7,72,535,-656,313,-31,-353,-395,42,-157,1694,653,-232,624,241,466,0,0
7,73,529,-659,310,-31,-351,-395,67,-149,1694,653,-232,620,239,469,0,0
7,74,512,-661,306,-31,-353,-395,52,-150,1694,653,-232,622,240,473,0,0
7,75,513,-659,308,-31,-354,-397,26,-162,1694,653,-232,625,248,471,0,0
7,76,529,-658,308,-31,-354,-399,42,-167,1694,653,-232,620,249,469,0,0
7,77,536,-658,309,-31,-351,-398,68,-149,1694,653,-232,614,247,469,0,0
7,78,528,-656,313,-30,-355,-397,59,-133,1694,653,-232,619,252,470,0,0
7,79,529,-658,315,-29,-359,-398,39,-143,1694,653,-232,624,252,470,0,0
7,80,532,-664,313,-30,-353,-398,30,-169,1694,653,-232,621,242,472,0,0
7,81,529,-662,311,-31,-349,-397,13,-194,1694,653,-232,619,236,472,0,0
7,82,530,-656,313,-31,-354,-397,-4,-200,1694,653,-232,621,242,470,0,0
7,83,529,-657,313,-31,-355,-397,9,-189,1694,653,-232,623,251,468,0,0
7,84,530,-658,311,-31,-354,-397,30,-180,1694,653,-232,623,256,470,0,0
7,85,532,-657,312,-31,-357,-396,33,-173,1694,653,-232,622,260,474,0,0
7,86,530,-659,317,-31,-354,-398,29,-161,1694,653,-232,622,257,471,0,0
7,87,529,-661,315,-31,-351,-400,32,-154,1694,653,-232,622,249,468,0,0
7,88,534,-657,309,-31,-354,-396,28,-161,1693,653,-232,621,252,472,0,0
7,89,528,-652,311,-31,-356,-398,13,-178,1692,653,-232,621,255,472,0,0
7,90,515,-656,312,-31,-355,-405,-1,-206,1692,653,-232,622,254,468,0,0
7,91,523,-661,308,-31,-353,-402,1,-224,1692,653,-232,624,255,469,0,0
7,92,531,-657,310,-31,-352,-397,-6,-222,1692,653,-232,622,256,474,0,0
7,93,524,-657,318,-31,-354,-393,-20,-216,1692,653,-232,621,255,473,0,0
7,94,522,-660,318,-31,-355,-397,-4,-196,1692,653,-232,622,255,471,0,0
7,95,531,-660,313,-31,-354,-408,28,-162,1692,653,-232,624,251,473,0,0
7,96,531,-658,315,-31,-353,-407,37,-141,1692,653,-232,622,242,474,0,0
7,97,526,-660,318,-31,-354,-396,32,-149,1692,653,-232,616,247,468,0,0
7,98,528,-661,313,-31,-356,-395,33,-171,1692,653,-232,619,258,467,0,0
7,99,526,-659,311,-31,-356,-400,28,-185,1692,652,-232,623,255,471,0,0
7,100,518,-656,316,-31,-355,-398,12,-184,1692,652,-232,624,247,470,0,0
7,101,522,-655,314,-31,-354,-394,3,-180,1692,653,-232,619,243,467,0,0
7,102,530,-660,308,-31,-356,-398,-2,-187,1692,652,-232,612,247,470,0,0
7,103,529,-663,311,-31,-356,-408,3,-181,1692,652,-232,613,254,472,0,0
7,104,526,-658,314,-31,-354,-409,25,-161,1692,657,-232,623,252,471,0,0
7,105,520,-657,312,-31,-352,-397,29,-165,1692,661,-232,626,242,472,0,0
7,106,517,-658,312,-31,-352,-393,10,-178,1692,657,-232,620,244,471,0,0
7,107,527,-657,316,-31,-353,-401,13,-176,1692,654,-232,621,248,471,0,0
7,108,534,-658,316,-31,-355,-403,17,-169,1692,655,-232,624,246,472,0,0
7,109,527,-660,313,-31,-354,-397,4,-163,1692,655,-232,621,254,468,0,0
7,110,528,-660,311,-31,-352,-402,13,-152,1692,655,-232,622,255,467,0,0
7,111,531,-658,313,-31,-354,-407,33,-149,1692,655,-232,623,245,471,0,0
7,112,520,-658,312,-31,-354,-397,35,-146,1692,655,-232,621,245,472,0,0
7,113,516,-661,312,-31,-353,-391,22,-155,1692,655,-232,623,242,470,0,0
7,114,525,-659,314,-31,-354,-399,-10,-201,1692,656,-232,623,243,470,0,0
7,115,531,-655,313,-32,-354,-396,-34,-229,1692,652,-232,617,259,470,0,0
7,116,529,-658,313,-31,-354,-393,-30,-215,1693,651,-232,618,261,466,0,0
7,117,529,-661,314,-31,-353,-399,-30,-209,1692,654,-232,624,242,465,0,0
7,118,531,-657,315,-33,-354,-396,-25,-209,1690,652,-232,625,245,471,0,0
7,119,529,-656,313,-30,-354,-394,-5,-197,1692,648,-232,621,258,474,0,0
7,120,529,-658,310,-27,-352,-395,1,-184,1693,650,-232,618,252,471,0,0
7,121,529,-659,312,-31,-353,-395,2,-164,1690,652,-232,620,247,471,0,0
7,122,524,-659,313,-32,-355,-394,7,-148,1692,651,-232,622,256,472,0,0
7,123,527,-658,309,-29,-353,-395,4,-168,1697,651,-232,623,261,471,0,0
8,124,534,-661,312,-29,-353,-395,-8,-191,1694,652,-232,621,260,470,0,0
8,125,522,-662,315,-32,-355,-395,-20,-193,1690,651,-232,617,255,473,0,0
8,126,512,-658,310,-31,-354,-397,-28,-198,1695,650,-232,618,244,474,0,0
8,127,528,-659,310,-28,-352,-399,-28,-202,1694,653,-232,620,248,469,0,0
8,128,537,-660,314,-30,-353,-399,-21,-194,1685,656,-232,620,261,466,0,0
8,0,528,-657,314,-32,-354,-398,-7,-183,1679,655,-232,620,251,468,0,0
8,1,526,-657,317,-29,-353,-397,6,-178,1683,652,-232,616,237,468,0,0
8,2,532,-658,313,-27,-351,-397,0,-185,1691,653,-232,616,246,467,0,0
8,3,528,-659,304,-30,-352,-398,-7,-191,1696,656,-232,621,254,470,0,0
8,4,523,-661,309,-29,-355,-397,4,-188,1698,655,-232,620,246,473,0,0
8,5,525,-657,316,-29,-355,-395,-2,-200,1697,655,-232,619,249,469,0,0
8,6,523,-655,313,-32,-353,-395,-27,-214,1697,656,-232,623,255,468,0,0
8,7,518,-658,312,-32,-352,-397,-29,-201,1699,658,-232,620,250,473,0,0
8,8,523,-658,315,-30,-353,-398,-2,-179,1692,655,-232,616,244,471,0,0
8,9,534,-661,316,-31,-355,-396,-4,-182,1678,652,-232,621,246,465,0,0
8,10,532,-662,316,-31,-355,-396,-28,-196,1675,651,-232,623,249,466,0,0
8,11,523,-659,315,-31,-353,-396,-23,-198,1679,652,-232,620,255,471,0,0
8,12,530,-655,313,-31,-353,-396,-1,-180,1686,654,-232,618,264,470,0,0
8,13,534,-654,315,-30,-354,-397,7,-163,1694,655,-232,619,255,466,0,0
8,14,519,-658,314,-32,-354,-397,-13,-182,1690,655,-232,623,247,467,0,0
8,15,513,-660,312,-31,-353,-397,-32,-208,1681,655,-232,623,258,469,0,0
8,16,527,-658,311,-28,-353,-397,-21,-200,1680,655,-232,623,258,467,0,0
8,17,534,-658,314,-28,-354,-399,1,-189,1680,655,-232,624,247,469,0,0
8,18,527,-658,316,-31,-354,-399,-4,-206,1683,655,-232,622,250,475,0,0
8,19,522,-657,312,-28,-353,-398,-30,-219,1692,655,-232,621,262,473,0,0
8,20,522,-660,311,-27,-353,-398,-27,-206,1696,655,-232,626,262,467,0,0
8,21,525,-664,312,-32,-354,-397,-4,-191,1693,655,-232,618,251,467,0,0
8,22,530,-663,313,-32,-355,-393,5,-186,1685,655,-232,608,245,468,0,0
8,23,528,-661,315,-27,-355,-391,2,-181,1684,655,-232,613,252,468,0,0
8,24,529,-661,315,-29,-353,-396,5,-177,1690,655,-232,616,253,468,0,0
8,25,532,-657,315,-32,-352,-397,7,-183,1698,655,-232,618,246,470,0,0
8,26,530,-656,314,-30,-352,-396,-12,-199,1692,655,-232,619,253,470,0,0
8,27,530,-660,315,-30,-353,-396,-21,-205,1680,655,-232,617,266,467,0,0
8,28,532,-660,314,-31,-354,-394,-7,-195,1686,655,-232,617,255,467,0,0
8,29,521,-658,312,-29,-354,-393,4,-184,1694,655,-232,616,245,472,0,0
8,30,516,-659,312,-28,-353,-402,-2,-185,1685,655,-232,617,255,472,0,0
8,31,525,-659,309,-31,-354,-407,-8,-200,1678,655,-232,620,261,466,0,0
8,32,518,-658,310,-32,-354,-397,-6,-214,1684,655,-232,618,254,468,0,0
8,33,509,-656,317,-32,-353,-392,-7,-215,1682,655,-232,616,246,473,0,0
8,34,525,-655,316,-32,-354,-398,2,-211,1677,655,-232,618,245,470,0,0
8,35,536,-657,312,-31,-353,-398,-5,-216,1681,655,-232,619,251,466,0,0
8,36,531,-657,313,-31,-353,-396,-27,-219,1680,655,-232,616,257,468,-1,0
8,37,522,-656,317,-31,-355,-397,-21,-218,1679,655,-232,615,249,470,0,0
8,38,525,-657,313,-31,-355,-394,1,-221,1683,655,-232,614,241,468,0,0
8,39,524,-656,313,-31,-354,-394,4,-210,1679,655,-232,616,247,467,0,0
8,40,515,-655,317,-31,-352,-397,1,-198,1670,655,-232,623,247,472,0,0
8,41,518,-657,317,-30,-351,-397,1,-211,1681,654,-232,623,244,471,0,0
8,42,529,-658,313,-31,-354,-397,-2,-214,1690,656,-232,614,248,465,0,0
8,43,527,-657,312,-32,-356,-399,11,-191,1684,654,-232,610,248,470,0,0
8,44,521,-657,315,-27,-353,-399,34,-175,1687,652,-232,619,244,472,0,0
8,45,529,-657,316,-26,-352,-397,39,-169,1690,655,-232,627,247,465,0,0
8,46,535,-656,317,-28,-355,-396,37,-155,1680,657,-232,621,250,465,0,0
8,47,524,-657,319,-30,-354,-396,38,-153,1678,653,-232,615,245,470,0,0
8,48,513,-660,311,-31,-353,-396,37,-171,1684,652,-232,616,243,470,0,0
8,49,520,-657,307,-31,-354,-397,32,-187,1679,655,-232,616,247,467,0,0
8,50,534,-656,317,-28,-355,-396,16,-197,1679,655,-232,616,245,467,0,0
8,51,528,-662,321,-30,-353,-398,0,-213,1682,654,-232,619,244,469,0,0
8,52,521,-663,310,-34,-347,-401,0,-230,1681,655,-232,622,247,470,0,0
8,53,530,-656,307,-31,-346,-400,9,-230,1681,655,-232,622,244,465,0,0
8,54,530,-655,317,-29,-353,-396,22,-209,1681,653,-232,616,246,461,0,0
8,55,525,-658,316,-31,-356,-396,33,-190,1679,652,-232,612,251,468,0,0
8,56,528,-659,308,-31,-353,-398,38,-192,1683,654,-232,619,243,476,0,0
8,57,529,-660,310,-28,-352,-396,35,-206,1687,657,-233,620,234,473,0,0
8,58,530,-658,317,-29,-354,-394,30,-219,1683,658,-231,613,243,468,0,0
8,59,532,-654,311,-31,-354,-395,29,-222,1678,657,-228,614,243,469,0,0
8,60,522,-656,304,-29,-354,-399,33,-210,1674,656,-229,619,238,469,0,0
8,61,519,-662,310,-28,-352,-397,34,-196,1670,657,-231,617,253,466,0,0
8,62,525,-662,316,-31,-353,-396,32,-197,1679,657,-230,623,258,464,0,0
8,63,519,-657,317,-32,-354,-407,29,-216,1682,656,-231,627,249,463,0,0
8,64,517,-656,317,-31,-353,-410,27,-225,1668,657,-231,621,256,465,0,0
8,65,518,-659,314,-30,-354,-398,43,-210,1673,657,-229,622,258,469,0,0
8,66,516,-658,311,-29,-355,-393,64,-195,1694,657,-230,627,248,470,0,0
8,67,521,-655,314,-29,-354,-398,66,-202,1694,657,-233,619,253,472,0,0
8,68,534,-658,317,-30,-353,-395,50,-218,1685,657,-232,611,258,471,0,0
8,69,531,-662,313,-28,-353,-393,45,-212,1691,657,-232,615,241,464,0,0
8,70,520,-663,311,-28,-354,-396,61,-188,1690,657,-232,620,237,465,0,0
8,71,521,-661,312,-30,-354,-397,65,-179,1673,657,-232,620,243,472,0,0
8,72,525,-660,309,-31,-353,-398,58,-193,1668,657,-232,619,239,470,0,0
8,73,530,-658,308,-31,-355,-399,55,-206,1675,657,-232,616,237,467,0,0
8,74,529,-657,314,-32,-358,-396,44,-204,1673,657,-232,617,246,473,0,0
8,75,527,-659,316,-31,-353,-395,35,-207,1667,657,-232,626,249,472,0,0
8,76,525,-658,314,-28,-350,-399,53,-209,1669,656,-232,626,245,466,0,0
8,77,525,-656,314,-30,-352,-399,72,-187,1671,657,-232,618,250,470,0,0
8,78,530,-660,315,-32,-353,-395,69,-181,1669,656,-232,622,256,469,0,0
8,79,529,-659,314,-32,-352,-396,61,-211,1669,653,-232,623,249,461,0,0
8,80,526,-656,311,-32,-354,-399,59,-225,1670,652,-232,619,245,466,0,0
8,81,529,-657,310,-31,-354,-397,61,-211,1670,655,-232,622,248,474,0,0
8,82,529,-657,317,-31,-352,-399,58,-208,1668,655,-232,624,245,466,0,0
8,83,526,-655,318,-32,-353,-401,55,-211,1670,654,-232,609,244,463,0,0
8,84,529,-658,308,-30,-354,-398,64,-212,1675,655,-232,611,251,475,0,0
8,85,531,-667,309,-29,-356,-398,67,-206,1675,655,-232,622,250,472,0,0
8,86,532,-668,319,-30,-355,-399,65,-196,1672,653,-232,616,252,465,0,0
8,87,531,-660,318,-30,-354,-398,69,-196,1672,650,-232,613,258,465,0,0
8,88,529,-658,310,-29,-353,-398,66,-199,1674,651,-232,615,251,467,0,0
8,89,522,-660,311,-29,-352,-400,61,-194,1670,653,-232,611,244,469,0,0
8,90,516,-656,312,-30,-352,-398,65,-204,1666,655,-232,615,244,467,0,0
8,91,519,-658,309,-30,-353,-396,67,-227,1670,655,-232,627,245,464,0,0
8,92,519,-663,311,-29,-354,-397,66,-234,1675,653,-232,623,249,464,0,0
8,93,513,-658,318,-31,-354,-397,83,-210,1674,651,-232,614,251,467,0,0
8,94,520,-655,320,-33,-354,-396,105,-177,1673,649,-232,614,248,469,0,0
8,95,533,-659,314,-30,-355,-396,99,-175,1675,650,-232,618,252,466,0,0
8,96,524,-661,311,-30,-355,-398,86,-192,1675,653,-232,624,264,462,0,0
8,97,519,-659,311,-31,-353,-398,93,-190,1673,655,-232,624,263,463,0,0
8,98,524,-660,311,-30,-353,-398,100,-176,1674,654,-232,618,249,473,0,0
8,99,516,-658,314,-30,-354,-397,93,-179,1674,652,-232,616,245,475,0,-1
8,100,514,-655,318,-30,-354,-396,89,-198,1668,651,-232,613,258,468,0,-1
8,101,533,-658,314,-29,-354,-399,90,-208,1662,651,-232,613,259,468,0,-1
8,102,537,-659,311,-30,-353,-398,88,-213,1667,651,-232,622,245,471,0,-1
8,103,525,-656,315,-31,-353,-395,84,-220,1679,651,-232,620,245,471,0,-1
8,104,530,-657,319,-30,-355,-404,88,-205,1686,652,-232,610,251,465,0,-1
8,105,537,-664,313,-31,-354,-410,114,-178,1684,654,-232,615,246,462,0,-1
8,106,518,-666,308,-32,-352,-401,137,-174,1675,655,-232,623,246,463,0,-1
8,107,511,-660,311,-31,-353,-396,132,-184,1670,655,-232,620,248,465,0,-1
8,108,523,-656,314,-31,-354,-402,135,-176,1672,654,-232,615,245,465,0,-1
8,109,518,-660,316,-31,-354,-400,148,-169,1675,652,-232,612,241,465,0,-1
8,110,517,-661,315,-31,-355,-395,139,-190,1674,654,-232,615,239,465,0,-1
8,111,526,-661,313,-31,-353,-398,114,-224,1674,658,-232,626,237,466,0,-1
8,112,518,-663,312,-31,-353,-398,101,-238,1674,657,-232,627,242,469,0,-1
8,113,517,-660,313,-31,-353,-395,107,-226,1669,652,-232,614,255,468,0,-1
8,114,525,-656,313,-31,-352,-402,122,-213,1666,651,-232,614,255,468,0,-1
8,115,519,-661,314,-31,-353,-407,121,-207,1667,655,-232,623,247,467,0,-1
8,116,523,-662,314,-31,-352,-402,103,-216,1667,658,-232,619,245,466,0,-1
8,117,536,-656,312,-31,-350,-397,93,-231,1665,657,-232,613,250,467,0,-1
8,118,527,-655,312,-31,-353,-396,94,-225,1665,658,-232,618,247,468,0,0
8,119,526,-656,311,-31,-353,-402,103,-211,1666,657,-232,617,244,471,0,-1
8,120,534,-659,310,-31,-349,-408,108,-206,1665,652,-232,613,253,476,0,0
8,121,522,-662,312,-31,-349,-402,95,-215,1665,653,-232,622,257,474,0,0
8,122,522,-659,313,-32,-353,-396,85,-234,1665,657,-232,626,245,464,0,0
8,123,533,-657,313,-29,-355,-397,86,-240,1665,654,-232,616,242,463,0,0
9,124,521,-661,315,-28,-353,-401,91,-222,1665,651,-232,614,259,472,0,0
9,125,511,-663,312,-28,-351,-405,96,-206,1665,654,-232,619,262,470,0,0
9,126,520,-660,309,-24,-352,-404,98,-208,1665,656,-232,623,253,462,-1,0
9,127,517,-657,312,-25,-354,-400,90,-211,1665,655,-232,621,261,466,0,0
9,128,512,-658,317,-30,-354,-399,87,-208,1665,655,-232,619,261,473,0,0
9,0,524,-660,318,-31,-354,-399,107,-202,1665,655,-232,625,248,467,-1,0
9,1,527,-662,313,-31,-354,-396,128,-195,1665,652,-232,624,251,463,-1,0
9,2,524,-659,312,-29,-353,-398,114,-205,1665,651,-232,619,261,464,-1,0
9,3,531,-657,314,-27,-354,-397,90,-229,1665,651,-232,623,253,463,-1,0
9,4,532,-657,313,-27,-354,-396,91,-228,1665,651,-232,624,243,463,-1,0
9,5,525,-658,316,-30,-352,-396,96,-218,1665,652,-232,620,245,466,-1,0
9,6,522,-659,318,-31,-352,-394,94,-227,1665,654,-232,622,247,469,-1,0
9,7,525,-660,310,-31,-352,-396,97,-229,1665,655,-232,622,244,468,-1,0
9,8,528,-658,307,-30,-350,-396,95,-216,1665,655,-232,616,247,469,-1,0
9,9,524,-658,318,-30,-351,-396,104,-222,1665,654,-232,619,249,468,-1,0
9,10,523,-660,318,-31,-355,-399,129,-232,1665,652,-232,620,244,468,-1,0
9,11,530,-659,310,-33,-353,-399,129,-212,1665,654,-232,621,250,469,-1,0
9,12,528,-656,312,-32,-351,-396,125,-188,1665,655,-232,621,262,469,-1,0
9,13,522,-658,317,-28,-353,-400,146,-180,1665,655,-232,613,255,470,0,0
9,14,525,-660,318,-27,-355,-402,147,-191,1665,655,-232,616,243,471,0,0
9,15,526,-658,313,-30,-354,-398,118,-214,1665,655,-232,618,246,470,0,0
9,16,525,-656,309,-30,-352,-396,123,-222,1665,655,-232,616,246,468,0,0
9,17,527,-659,312,-29,-354,-397,148,-213,1665,654,-232,618,242,466,0,0
9,18,528,-661,315,-32,-357,-397,141,-217,1665,652,-232,615,248,465,0,0
9,19,526,-658,314,-32,-355,-396,124,-235,1665,651,-232,609,251,463,0,0
9,20,525,-658,313,-28,-350,-398,128,-227,1665,652,-232,610,244,466,0,0
9,21,528,-661,317,-28,-353,-398,135,-209,1665,654,-232,615,248,470,0,0
9,22,527,-658,314,-31,-355,-397,132,-210,1665,655,-232,618,254,471,0,0
9,23,531,-656,311,-30,-353,-397,128,-215,1665,655,-232,618,251,469,0,0
9,24,534,-657,312,-28,-352,-396,128,-216,1665,653,-232,614,251,467,0,0
9,25,529,-657,311,-29,-353,-395,127,-218,1665,651,-232,612,254,466,0,0
9,26,527,-660,306,-30,-353,-395,129,-217,1665,651,-232,617,247,465,0,0
9,27,533,-660,311,-31,-352,-396,130,-213,1665,654,-232,618,236,468,0,0
9,28,527,-659,319,-33,-353,-396,127,-211,1665,654,-232,616,238,474,0,0
9,29,509,-659,313,-32,-352,-398,125,-214,1665,652,-232,615,246,470,-1,0
9,30,513,-661,308,-31,-349,-399,125,-226,1665,651,-232,616,246,461,-1,0
9,31,532,-662,316,-30,-350,-397,123,-229,1665,652,-232,618,242,464,-1,0
9,32,533,-661,317,-29,-352,-397,139,-206,1665,652,-232,616,244,472,-1,0
9,33,528,-660,312,-29,-353,-399,159,-180,1665,651,-232,619,248,470,-1,0
9,34,532,-658,314,-29,-352,-398,145,-181,1665,651,-232,621,250,466,-1,0
9,35,532,-658,319,-28,-353,-398,121,-203,1665,652,-232,618,252,469,-1,0
9,36,529,-657,317,-28,-354,-398,120,-216,1665,651,-232,625,250,469,-1,0
9,37,529,-658,309,-29,-354,-398,126,-215,1665,652,-232,626,254,464,-1,0
9,38,529,-660,307,-30,-353,-398,126,-212,1665,656,-232,615,255,463,-1,0
9,39,530,-657,315,-31,-353,-398,128,-212,1665,657,-232,611,244,465,-1,0
9,40,530,-656,319,-30,-354,-398,123,-218,1665,653,-232,619,246,464,-1,0
9,41,530,-657,314,-30,-353,-398,119,-230,1665,652,-232,619,256,467,-1,0
9,42,530,-659,310,-31,-352,-398,126,-232,1665,656,-232,616,250,469,0,0
9,43,530,-659,312,-32,-353,-398,129,-224,1665,655,-232,620,243,469,-1,0
9,44,530,-660,317,-32,-353,-398,126,-224,1665,650,-232,617,249,469,0,0
9,45,530,-658,316,-30,-353,-398,127,-233,1665,649,-232,616,250,471,0,0
9,46,530,-655,311,-28,-354,-398,126,-239,1665,652,-232,617,240,471,0,0
9,47,530,-657,310,-30,-354,-398,111,-242,1665,655,-232,616,242,468,0,0
9,48,530,-659,312,-32,-352,-398,101,-248,1665,655,-232,615,258,468,0,0
9,49,530,-660,312,-29,-352,-398,112,-248,1665,655,-232,618,261,464,0,0
9,50,530,-660,314,-28,-355,-397,131,-230,1665,655,-232,622,248,461,0,0
9,51,530,-660,315,-30,-354,-398,131,-215,1665,655,-232,619,239,464,0,0
9,52,530,-660,311,-30,-352,-400,128,-215,1665,655,-232,614,242,469,0,0
9,53,530,-659,308,-31,-352,-397,141,-212,1665,655,-232,613,250,470,0,0
9,54,531,-659,310,-32,-353,-396,154,-193,1665,655,-232,615,248,465,0,0
9,55,532,-657,312,-32,-353,-399,155,-185,1665,655,-232,615,247,462,0,0
9,56,528,-659,314,-31,-354,-401,154,-203,1665,655,-232,621,249,463,0,-1
9,57,532,-663,315,-31,-354,-402,151,-216,1665,655,-232,625,249,465,0,0
9,58,533,-662,318,-31,-355,-396,145,-212,1665,655,-232,620,253,465,0,-1
9,59,516,-658,315,-31,-355,-394,149,-207,1665,655,-232,618,256,468,0,-1
9,60,516,-659,307,-31,-353,-398,152,-207,1665,655,-232,621,248,467,0,-1
9,61,528,-660,311,-31,-352,-397,139,-218,1665,655,-232,616,245,465,0,-1
9,62,524,-657,319,-31,-354,-395,122,-244,1665,655,-232,613,260,470,0,-1
9,63,526,-656,316,-31,-355,-398,121,-248,1665,655,-232,617,262,470,0,-1
9,64,523,-660,311,-31,-354,-400,141,-221,1665,655,-232,614,251,461,0,-1
9,65,510,-660,311,-32,-352,-397,152,-202,1665,655,-232,612,248,459,0,-1
9,66,520,-657,313,-28,-354,-396,138,-217,1665,655,-232,615,246,465,0,-1
9,67,536,-659,316,-24,-354,-397,124,-243,1665,654,-232,618,247,472,0,-1
9,68,528,-662,312,-27,-354,-398,122,-252,1665,651,-232,617,252,472,0,-1
9,69,520,-659,309,-32,-353,-399,120,-245,1665,652,-232,616,248,463,0,0
9,70,524,-655,313,-33,-351,-398,122,-235,1665,654,-232,617,247,462,0,-1
9,71,526,-657,312,-31,-352,-398,138,-219,1665,655,-232,616,255,466,0,0
9,72,530,-661,311,-32,-353,-399,146,-213,1665,654,-232,613,250,464,0,-1
9,73,536,-663,316,-33,-353,-400,142,-227,1665,655,-232,612,243,463,0,-1
9,74,522,-660,318,-30,-354,-400,146,-228,1665,655,-232,616,254,465,0,-1
9,75,512,-658,316,-27,-352,-401,156,-210,1665,655,-232,619,254,464,0,-1
9,76,525,-663,314,-30,-350,-400,159,-206,1665,655,-232,616,249,468,0,-1
9,77,526,-665,314,-33,-354,-397,158,-211,1665,655,-232,614,262,468,0,-1
9,78,513,-662,313,-30,-359,-398,151,-213,1665,655,-232,616,263,464,0,-1
9,79,519,-660,313,-28,-355,-399,138,-219,1665,655,-232,621,245,467,0,-1
9,80,529,-658,311,-30,-351,-398,140,-219,1665,655,-232,621,246,468,0,-1
9,81,525,-659,311,-30,-354,-396,156,-200,1665,655,-232,617,260,463,0,-1
9,82,527,-660,312,-28,-356,-400,155,-194,1665,655,-232,617,254,467,0,-1
9,83,536,-659,311,-32,-352,-398,144,-208,1665,655,-232,617,239,473,0,-1
9,84,533,-656,311,-35,-352,-395,148,-214,1665,655,-232,619,239,471,0,-1
9,85,518,-656,313,-32,-355,-405,146,-210,1665,653,-232,621,255,470,0,0
9,86,512,-659,317,-27,-355,-409,129,-221,1665,650,-232,619,258,469,0,-1
9,87,527,-660,314,-30,-353,-399,122,-236,1665,652,-232,618,243,469,0,0
9,88,535,-659,308,-34,-354,-394,124,-243,1665,654,-232,617,242,467,0,-1
9,89,526,-658,312,-30,-354,-398,121,-258,1665,653,-232,615,254,466,0,0
9,90,529,-657,318,-24,-355,-399,117,-263,1665,653,-232,613,253,471,0,0
9,91,533,-661,317,-28,-353,-395,121,-248,1665,655,-232,617,250,472,0,0
9,92,524,-669,317,-34,-346,-396,132,-233,1665,656,-232,620,259,465,0,-1
9,93,521,-665,316,-32,-347,-406,137,-235,1665,654,-232,615,255,466,0,0
9,94,527,-654,310,-29,-355,-408,127,-247,1665,656,-232,618,240,470,0,0
9,95,533,-658,308,-31,-356,-397,116,-242,1665,655,-232,625,239,466,0,0
9,96,532,-664,313,-31,-354,-395,132,-220,1665,651,-232,622,243,470,0,0
9,97,526,-660,318,-30,-354,-400,153,-203,1665,651,-232,621,243,473,0,0
9,98,527,-658,315,-29,-353,-396,144,-213,1665,653,-232,624,250,465,0,0
9,99,530,-660,311,-29,-354,-395,123,-240,1665,653,-232,618,256,462,0,0
9,100,520,-660,314,-30,-355,-399,120,-251,1664,654,-232,618,247,466,0,0
9,101,512,-661,318,-30,-353,-399,129,-231,1663,655,-232,621,245,470,0,0
9,102,524,-661,319,-28,-353,-396,144,-211,1663,655,-232,621,259,470,0,0
9,103,534,-658,319,-28,-354,-396,152,-211,1663,655,-232,618,257,466,0,0
9,104,533,-657,316,-31,-354,-400,142,-210,1663,653,-232,618,239,469,0,0
9,105,525,-660,313,-31,-353,-399,134,-207,1663,652,-232,622,240,472,0,0
9,106,520,-663,314,-29,-353,-396,131,-214,1663,654,-232,622,244,469,0,0
9,107,523,-661,316,-31,-354,-400,130,-212,1663,655,-232,621,235,468,0,0
9,108,530,-655,314,-32,-354,-402,143,-197,1663,654,-232,623,244,468,0,0
9,109,530,-659,314,-31,-354,-399,139,-203,1663,654,-232,622,260,467,0,0
9,110,521,-661,314,-31,-354,-396,120,-237,1663,655,-232,614,252,469,0,0
9,111,516,-655,314,-31,-351,-397,111,-259,1663,654,-232,617,236,472,0,0
9,112,522,-655,312,-31,-351,-397,103,-254,1663,652,-232,621,238,473,0,0
9,113,530,-662,313,-31,-353,-395,100,-248,1663,654,-232,613,244,469,0,0
9,114,528,-663,313,-31,-354,-394,120,-241,1663,655,-232,615,240,463,0,0
9,115,526,-657,314,-32,-353,-395,130,-233,1663,655,-232,618,238,465,0,0
9,116,529,-656,318,-32,-351,-395,131,-230,1663,654,-232,611,240,471,0,0
9,117,528,-661,318,-30,-351,-395,143,-229,1663,655,-232,613,240,470,-1,0
9,118,530,-658,311,-32,-353,-395,141,-229,1663,655,-232,627,240,469,-1,0
9,119,531,-655,310,-32,-355,-395,125,-234,1663,652,-232,624,241,472,-1,0
9,120,522,-657,316,-25,-353,-395,122,-244,1663,650,-232,616,240,472,-1,0
9,121,521,-657,315,-23,-350,-395,116,-254,1663,654,-232,623,241,473,-1,0
9,122,532,-656,312,-28,-354,-394,98,-269,1663,658,-232,624,246,473,-1,0
9,123,524,-657,316,-31,-356,-396,100,-278,1663,654,-232,614,246,469,-1,0
